filename,output,inference_time_sec
regenerated_new/1/H/case-100114_JAY_ANNOTATION.png,"[1, 11]",2.13
regenerated_new/11/H/case-100114_JAY_ANNOTATION.png,"[11,12]",1.55
regenerated_new/12/H/case-100114_JAY_ANNOTATION.png,"[11,12]",1.55
regenerated_new/1/H/case-100129_JAY_ANNOTATION.png,"[1, 11]",1.56
regenerated_new/3/H/case-100129_JAY_ANNOTATION.png,"[2,3]",1.21
regenerated_new/11/H/case-100129_JAY_ANNOTATION.png,"[11,12]",1.55
regenerated_new/12/H/case-100129_JAY_ANNOTATION.png,"[11,12]",1.55
regenerated_new/1/H/case-100164_JAY_ANNOTATION.png,"[1, 11]",1.56
regenerated_new/11/H/case-100164_JAY_ANNOTATION.png,"[11,12]",1.55
regenerated_new/12/H/case-100164_JAY_ANNOTATION.png,"[11,12]",1.56
regenerated_new/1/H/case-100229_JAY_ANNOTATION.png,"[1, 11]",1.55
regenerated_new/11/H/case-100229_JAY_ANNOTATION.png,"[11,12]",1.55
regenerated_new/12/H/case-100229_JAY_ANNOTATION.png,"[11,12]",1.55
regenerated_new/1/H/case-100245_JAY_ANNOTATION.png,"[1, 11]",1.56
regenerated_new/11/H/case-100245_JAY_ANNOTATION.png,"[11,12]",1.56
regenerated_new/12/H/case-100245_JAY_ANNOTATION.png,"[11,12]",1.56
regenerated_new/1/H/case-100247_JAY_ANNOTATION.png,"[1, 11]",1.56
regenerated_new/2/H/case-100247_JAY_ANNOTATION.png,"[2,3]",1.21
regenerated_new/11/H/case-100247_JAY_ANNOTATION.png,"[11,12]",1.56
regenerated_new/12/H/case-100247_JAY_ANNOTATION.png,"[11,12]",1.55
regenerated_new/1/H/case-100254_JAY_ANNOTATION.png,"[1, 11]",1.56
regenerated_new/2/H/case-100254_JAY_ANNOTATION.png,"[2,3]",1.22
regenerated_new/11/H/case-100254_JAY_ANNOTATION.png,"[11,12]",1.56
regenerated_new/12/H/case-100254_JAY_ANNOTATION.png,"[11,12]",1.55
regenerated_new/1/H/case-100265_JAY_ANNOTATION.png,"[1, 11]",1.55
regenerated_new/2/H/case-100265_JAY_ANNOTATION.png,"[2,3]",1.21
regenerated_new/11/H/case-100265_JAY_ANNOTATION.png,"[11,12]",1.56
regenerated_new/12/H/case-100265_JAY_ANNOTATION.png,"[11,12]",1.56
regenerated_new/1/H/case-100304_JAY_ANNOTATION.png,"[1, 11]",1.55
regenerated_new/11/H/case-100304_JAY_ANNOTATION.png,"[11,12]",1.55
regenerated_new/12/H/case-100304_JAY_ANNOTATION.png,"[11,12]",1.55
regenerated_new/1/H/case-100308_JAY_ANNOTATION.png,"[1, 11]",1.56
regenerated_new/2/H/case-100308_JAY_ANNOTATION.png,"[2,3]",1.22
regenerated_new/11/H/case-100308_JAY_ANNOTATION.png,"[11,12]",1.55
regenerated_new/12/H/case-100308_JAY_ANNOTATION.png,"[11,12]",1.55
regenerated_new/1/H/case-100359_JAY_ANNOTATION.png,"[1, 11]",1.55
regenerated_new/11/H/case-100359_JAY_ANNOTATION.png,"[11,12]",1.56
regenerated_new/12/H/case-100359_JAY_ANNOTATION.png,"[11,12]",1.56
regenerated_new/1/H/case-100366_JAY_ANNOTATION.png,"[1, 11]",1.55
regenerated_new/11/H/case-100366_JAY_ANNOTATION.png,"[11,12]",1.56
regenerated_new/12/H/case-100366_JAY_ANNOTATION.png,"[11,12]",1.55
regenerated_new/1/H/case-100369_JAY_ANNOTATION.png,"[1, 11]",1.56
regenerated_new/11/H/case-100369_JAY_ANNOTATION.png,"[11,12]",1.55
regenerated_new/12/H/case-100369_JAY_ANNOTATION.png,"[11,12]",1.55
regenerated_new/1/H/case-100371_JAY_ANNOTATION.png,"[1, 11]",1.55
regenerated_new/11/H/case-100371_JAY_ANNOTATION.png,"[11,12]",1.55
regenerated_new/12/H/case-100371_JAY_ANNOTATION.png,"[11,12]",1.56
regenerated_new/1/H/case-100515_JAY_ANNOTATION.png,"[1, 11]",1.56
regenerated_new/11/H/case-100515_JAY_ANNOTATION.png,"[11,12]",1.56
regenerated_new/12/H/case-100515_JAY_ANNOTATION.png,"[11,12]",1.56
regenerated_new/1/H/case-100518_JAY_ANNOTATION.png,"[1, 11]",1.55
regenerated_new/11/H/case-100518_JAY_ANNOTATION.png,"[11,12]",1.56
regenerated_new/12/H/case-100518_JAY_ANNOTATION.png,"[11,12]",1.55
regenerated_new/1/H/case-100541_JAY_ANNOTATION.png,"[1, 11]",1.55
regenerated_new/2/H/case-100541_JAY_ANNOTATION.png,"[2,3]",1.21
regenerated_new/11/H/case-100541_JAY_ANNOTATION.png,"[11,12]",1.55
regenerated_new/12/H/case-100541_JAY_ANNOTATION.png,"[11,12]",1.55
regenerated_new/1/H/case-100585_JAY_ANNOTATION.png,"[1, 11]",1.55
regenerated_new/11/H/case-100585_JAY_ANNOTATION.png,"[11,12]",1.55
regenerated_new/12/H/case-100585_JAY_ANNOTATION.png,"[11,12]",1.55
regenerated_new/1/H/case-100591_JAY_ANNOTATION.png,"[1, 11]",1.55
regenerated_new/11/H/case-100591_JAY_ANNOTATION.png,"[11,12]",1.56
regenerated_new/12/H/case-100591_JAY_ANNOTATION.png,"[11,12]",1.55
regenerated_new/1/H/case-100702_JAY_ANNOTATION.png,"[1, 11]",1.55
regenerated_new/2/H/case-100702_JAY_ANNOTATION.png,"[2,3]",1.21
regenerated_new/11/H/case-100702_JAY_ANNOTATION.png,"[11,12]",1.56
regenerated_new/12/H/case-100702_JAY_ANNOTATION.png,"[11,12]",1.55
regenerated_new/1/H/case-100770_JAY_ANNOTATION.png,"[1, 11]",1.55
regenerated_new/2/H/case-100770_JAY_ANNOTATION.png,"[2,3]",1.21
regenerated_new/3/H/case-100770_JAY_ANNOTATION.png,"[2,3]",1.21
regenerated_new/11/H/case-100770_JAY_ANNOTATION.png,"[11,12]",1.55
regenerated_new/12/H/case-100770_JAY_ANNOTATION.png,"[11,12]",1.55
regenerated_new/1/H/case-100779_JAY_ANNOTATION.png,"[1, 11]",1.55
regenerated_new/2/H/case-100779_JAY_ANNOTATION.png,"[2,3]",1.21
regenerated_new/11/H/case-100779_JAY_ANNOTATION.png,"[11,12]",1.55
regenerated_new/12/H/case-100779_JAY_ANNOTATION.png,"[11,12]",1.55
regenerated_new/1/H/case-100863_JAY_ANNOTATION.png,"[1, 11]",1.55
regenerated_new/2/H/case-100863_JAY_ANNOTATION.png,"[2,3]",1.21
regenerated_new/11/H/case-100863_JAY_ANNOTATION.png,"[11,12]",1.56
regenerated_new/12/H/case-100863_JAY_ANNOTATION.png,"[11,12]",1.56
regenerated_new/1/H/case-100915_JAY_ANNOTATION.png,"[1, 11]",1.55
regenerated_new/2/H/case-100915_JAY_ANNOTATION.png,"[2,3]",1.21
regenerated_new/3/H/case-100915_JAY_ANNOTATION.png,"[2,3]",1.21
regenerated_new/11/H/case-100915_JAY_ANNOTATION.png,"[11,12]",1.56
regenerated_new/12/H/case-100915_JAY_ANNOTATION.png,"[11,12]",1.56
regenerated_new/1/H/case-100917_JAY_ANNOTATION.png,"[1, 11]",1.56
regenerated_new/11/H/case-100917_JAY_ANNOTATION.png,"[11,12]",1.55
regenerated_new/12/H/case-100917_JAY_ANNOTATION.png,"[11,12]",1.56
regenerated_new/1/H/case-101045_JAY_ANNOTATION.png,"[1, 11]",1.56
regenerated_new/2/H/case-101045_JAY_ANNOTATION.png,"[2,3]",1.22
regenerated_new/11/H/case-101045_JAY_ANNOTATION.png,"[11,12]",1.55
regenerated_new/12/H/case-101045_JAY_ANNOTATION.png,"[11,12]",1.55
regenerated_new/1/H/case-101074_JAY_ANNOTATION.png,"[1, 11]",1.54
regenerated_new/11/H/case-101074_JAY_ANNOTATION.png,"[11,12]",1.54
regenerated_new/12/H/case-101074_JAY_ANNOTATION.png,"[11,12]",1.54
regenerated_new/1/H/case-101133_JAY_ANNOTATION.png,"[1, 11]",1.55
regenerated_new/11/H/case-101133_JAY_ANNOTATION.png,"[11,12]",1.54
regenerated_new/12/H/case-101133_JAY_ANNOTATION.png,"[11,12]",1.55
regenerated_new/1/H/case-101195_JAY_ANNOTATION.png,"[1, 11]",1.54
regenerated_new/11/H/case-101195_JAY_ANNOTATION.png,"[11,12]",1.54
regenerated_new/12/H/case-101195_JAY_ANNOTATION.png,"[11,12]",1.54
regenerated_new/1/H/case-101206_JAY_ANNOTATION.png,"[1, 11]",1.54
regenerated_new/11/H/case-101206_JAY_ANNOTATION.png,"[11,12]",1.55
regenerated_new/12/H/case-101206_JAY_ANNOTATION.png,"[11,12]",1.56
regenerated_new/1/H/case-101362_JAY_ANNOTATION.png,"[1, 11]",1.55
regenerated_new/2/H/case-101362_JAY_ANNOTATION.png,"[2,3]",1.22
regenerated_new/3/H/case-101362_JAY_ANNOTATION.png,"[2,3]",1.23
regenerated_new/11/H/case-101362_JAY_ANNOTATION.png,"[11,12]",1.55
regenerated_new/12/H/case-101362_JAY_ANNOTATION.png,"[11,12]",1.55
regenerated_new/1/H/case-101367_JAY_ANNOTATION.png,"[1, 11]",1.56
regenerated_new/11/H/case-101367_JAY_ANNOTATION.png,"[11,12]",1.55
regenerated_new/12/H/case-101367_JAY_ANNOTATION.png,"[11,12]",1.56
regenerated_new/1/H/case-101409_JAY_ANNOTATION.png,"[1, 11]",1.55
regenerated_new/2/H/case-101409_JAY_ANNOTATION.png,"[2,3]",1.21
regenerated_new/3/H/case-101409_JAY_ANNOTATION.png,"[2,3]",1.21
regenerated_new/11/H/case-101409_JAY_ANNOTATION.png,"[11,12]",1.55
regenerated_new/12/H/case-101409_JAY_ANNOTATION.png,"[11,12]",1.55
regenerated_new/1/H/case-101413_JAY_ANNOTATION.png,"[1, 11]",1.55
regenerated_new/3/H/case-101413_JAY_ANNOTATION.png,"[2,3]",1.22
regenerated_new/11/H/case-101413_JAY_ANNOTATION.png,"[11,12]",1.56
regenerated_new/12/H/case-101413_JAY_ANNOTATION.png,"[11,12]",1.55
regenerated_new/1/H/case-101447_JAY_ANNOTATION.png,"[1, 11]",1.55
regenerated_new/2/H/case-101447_JAY_ANNOTATION.png,"[2,3]",1.21
regenerated_new/3/H/case-101447_JAY_ANNOTATION.png,"[2,3]",1.21
regenerated_new/11/H/case-101447_JAY_ANNOTATION.png,"[11,12]",1.55
regenerated_new/12/H/case-101447_JAY_ANNOTATION.png,"[11,12]",1.55
regenerated_new/1/H/case-101510_JAY_ANNOTATION.png,"[1, 11]",1.55
regenerated_new/11/H/case-101510_JAY_ANNOTATION.png,"[11,12]",1.55
regenerated_new/12/H/case-101510_JAY_ANNOTATION.png,"[11,12]",1.55
regenerated_new/1/H/case-101540_JAY_ANNOTATION.png,"[1, 11]",1.55
regenerated_new/11/H/case-101540_JAY_ANNOTATION.png,"[11,12]",1.56
regenerated_new/12/H/case-101540_JAY_ANNOTATION.png,"[11,12]",1.55
regenerated_new/11/H/case-101581_JAY_ANNOTATION.png,"[11,12]",1.55
regenerated_new/12/H/case-101581_JAY_ANNOTATION.png,"[11,12]",1.56
regenerated_new/1/H/case-101599_JAY_ANNOTATION.png,"[1, 11]",1.55
regenerated_new/2/H/case-101599_JAY_ANNOTATION.png,"[2,3]",1.21
regenerated_new/3/H/case-101599_JAY_ANNOTATION.png,"[2,3]",1.21
regenerated_new/11/H/case-101599_JAY_ANNOTATION.png,"[11,12]",1.55
regenerated_new/12/H/case-101599_JAY_ANNOTATION.png,"[11,12]",1.56
regenerated_new/1/H/case-101625_JAY_ANNOTATION.png,"[1, 11]",1.55
regenerated_new/11/H/case-101625_JAY_ANNOTATION.png,"[11,12]",1.56
regenerated_new/12/H/case-101625_JAY_ANNOTATION.png,"[11,12]",1.56
regenerated_new/11/H/case-101641_JAY_ANNOTATION.png,"[11,12]",1.55
regenerated_new/12/H/case-101641_JAY_ANNOTATION.png,"[11,12]",1.55
regenerated_new/1/H/case-101857_JAY_ANNOTATION.png,"[1, 11]",1.55
regenerated_new/11/H/case-101857_JAY_ANNOTATION.png,"[11,12]",1.55
regenerated_new/12/H/case-101857_JAY_ANNOTATION.png,"[11,12]",1.55
regenerated_new/1/H/case-101860_JAY_ANNOTATION.png,"[1, 11]",1.56
regenerated_new/11/H/case-101860_JAY_ANNOTATION.png,"[11,12]",1.56
regenerated_new/12/H/case-101860_JAY_ANNOTATION.png,"[11,12]",1.55
regenerated_new/1/H/case-101885_JAY_ANNOTATION.png,"[1, 11]",1.55
regenerated_new/11/H/case-101885_JAY_ANNOTATION.png,"[11,12]",1.56
regenerated_new/12/H/case-101885_JAY_ANNOTATION.png,"[11,12]",1.55
regenerated_new/1/H/case-101937_JAY_ANNOTATION.png,"[1, 11]",1.56
regenerated_new/11/H/case-101937_JAY_ANNOTATION.png,"[11,12]",1.55
regenerated_new/12/H/case-101937_JAY_ANNOTATION.png,"[11,12]",1.56
regenerated_new/1/H/case-101940_JAY_ANNOTATION.png,"[1, 11]",1.55
regenerated_new/11/H/case-101940_JAY_ANNOTATION.png,"[11,12]",1.55
regenerated_new/12/H/case-101940_JAY_ANNOTATION.png,"[11,12]",1.56
regenerated_new/1/H/case-101982_JAY_ANNOTATION.png,"[1, 11]",1.55
regenerated_new/11/H/case-101982_JAY_ANNOTATION.png,"[11,12]",1.55
regenerated_new/12/H/case-101982_JAY_ANNOTATION.png,"[11,12]",1.56
regenerated_new/1/H/case-102010_JAY_ANNOTATION.png,"[1, 11]",1.55
regenerated_new/11/H/case-102010_JAY_ANNOTATION.png,"[11,12]",1.56
regenerated_new/12/H/case-102010_JAY_ANNOTATION.png,"[11,12]",1.56
regenerated_new/1/H/case-102041_JAY_ANNOTATION.png,"[1, 11]",1.55
regenerated_new/3/H/case-102041_JAY_ANNOTATION.png,"[2,3]",1.22
regenerated_new/11/H/case-102041_JAY_ANNOTATION.png,"[11,12]",1.56
regenerated_new/12/H/case-102041_JAY_ANNOTATION.png,"[11,12]",1.56
regenerated_new/1/H/case-102093_JAY_ANNOTATION.png,"[1, 11]",1.55
regenerated_new/3/H/case-102093_JAY_ANNOTATION.png,"[2,3]",1.21
regenerated_new/11/H/case-102093_JAY_ANNOTATION.png,"[11,12]",1.55
regenerated_new/12/H/case-102093_JAY_ANNOTATION.png,"[11,12]",1.56
regenerated_new/1/H/case-102157_JAY_ANNOTATION.png,"[1, 11]",1.55
regenerated_new/11/H/case-102157_JAY_ANNOTATION.png,"[11,12]",1.56
regenerated_new/12/H/case-102157_JAY_ANNOTATION.png,"[11,12]",1.56
regenerated_new/1/H/case-102183_JAY_ANNOTATION.png,"[1, 11]",1.55
regenerated_new/11/H/case-102183_JAY_ANNOTATION.png,"[11,12]",1.55
regenerated_new/12/H/case-102183_JAY_ANNOTATION.png,"[11,12]",1.55
regenerated_new/1/H/case-102224_JAY_ANNOTATION.png,"[1, 11]",1.56
regenerated_new/11/H/case-102224_JAY_ANNOTATION.png,"[11,12]",1.56
regenerated_new/12/H/case-102224_JAY_ANNOTATION.png,"[11,12]",1.55
regenerated_new/1/H/case-102308_JAY_ANNOTATION.png,"[1, 11]",1.55
regenerated_new/11/H/case-102308_JAY_ANNOTATION.png,"[11,12]",1.55
regenerated_new/12/H/case-102308_JAY_ANNOTATION.png,"[11,12]",1.56
regenerated_new/1/H/case-102321_JAY_ANNOTATION.png,"[1, 11]",1.56
regenerated_new/3/H/case-102321_JAY_ANNOTATION.png,"[2,3]",1.22
regenerated_new/11/H/case-102321_JAY_ANNOTATION.png,"[11,12]",1.55
regenerated_new/12/H/case-102321_JAY_ANNOTATION.png,"[11,12]",1.56
regenerated_new/1/H/case-102367_JAY_ANNOTATION.png,"[1, 11]",1.55
regenerated_new/11/H/case-102367_JAY_ANNOTATION.png,"[11,12]",1.56
regenerated_new/12/H/case-102367_JAY_ANNOTATION.png,"[11,12]",1.55
regenerated_new/1/H/case-102388_JAY_ANNOTATION.png,"[1, 11]",1.55
regenerated_new/11/H/case-102388_JAY_ANNOTATION.png,"[11,12]",1.55
regenerated_new/12/H/case-102388_JAY_ANNOTATION.png,"[11,12]",1.56
regenerated_new/1/H/case-104754_JAY_ANNOTATION.png,"[1, 11]",1.55
regenerated_new/3/H/case-104754_JAY_ANNOTATION.png,"[2,3]",1.21
regenerated_new/11/H/case-104754_JAY_ANNOTATION.png,"[11,12]",1.55
regenerated_new/12/H/case-104754_JAY_ANNOTATION.png,"[11,12]",1.56
regenerated_new/1/H/case-104780_JAY_ANNOTATION.png,"[1, 11]",1.55
regenerated_new/2/H/case-104780_JAY_ANNOTATION.png,"[2,3]",1.21
regenerated_new/11/H/case-104780_JAY_ANNOTATION.png,"[11,12]",1.55
regenerated_new/12/H/case-104780_JAY_ANNOTATION.png,"[11,12]",1.55
regenerated_new/1/H/case-104842_JAY_ANNOTATION.png,"[1, 11]",1.55
regenerated_new/2/H/case-104842_JAY_ANNOTATION.png,"[2,3]",1.21
regenerated_new/11/H/case-104842_JAY_ANNOTATION.png,"[11,12]",1.56
regenerated_new/12/H/case-104842_JAY_ANNOTATION.png,"[11,12]",1.56
regenerated_new/1/H/case-104941_JAY_ANNOTATION.png,"[1, 11]",1.56
regenerated_new/11/H/case-104941_JAY_ANNOTATION.png,"[11,12]",1.55
regenerated_new/12/H/case-104941_JAY_ANNOTATION.png,"[11,12]",1.56
regenerated_new/1/H/case-104979_JAY_ANNOTATION.png,"[1, 11]",1.56
regenerated_new/11/H/case-104979_JAY_ANNOTATION.png,"[11,12]",1.56
regenerated_new/12/H/case-104979_JAY_ANNOTATION.png,"[11,12]",1.56
regenerated_new/1/H/case-104990_JAY_ANNOTATION.png,"[1, 11]",1.55
regenerated_new/11/H/case-104990_JAY_ANNOTATION.png,"[11,12]",1.55
regenerated_new/12/H/case-104990_JAY_ANNOTATION.png,"[11,12]",1.55
regenerated_new/1/H/case-105035_JAY_ANNOTATION.png,"[1, 11]",1.55
regenerated_new/2/H/case-105035_JAY_ANNOTATION.png,"[2,3]",1.21
regenerated_new/11/H/case-105035_JAY_ANNOTATION.png,"[11,12]",1.57
regenerated_new/12/H/case-105035_JAY_ANNOTATION.png,"[11,12]",1.55
regenerated_new/1/H/case-105051_JAY_ANNOTATION.png,"[1, 11]",1.56
regenerated_new/11/H/case-105051_JAY_ANNOTATION.png,"[11,12]",1.55
regenerated_new/12/H/case-105051_JAY_ANNOTATION.png,"[11,12]",1.55
regenerated_new/1/H/case-105171_JAY_ANNOTATION.png,"[1, 11]",1.56
regenerated_new/2/H/case-105171_JAY_ANNOTATION.png,"[2,3]",1.21
regenerated_new/11/H/case-105171_JAY_ANNOTATION.png,"[11,12]",1.55
regenerated_new/12/H/case-105171_JAY_ANNOTATION.png,"[11,12]",1.55
regenerated_new/1/H/case-105177_JAY_ANNOTATION.png,"[1, 11]",1.55
regenerated_new/11/H/case-105177_JAY_ANNOTATION.png,"[11,12]",1.55
regenerated_new/12/H/case-105177_JAY_ANNOTATION.png,"[11,12]",1.55
regenerated_new/1/H/case-105234_JAY_ANNOTATION.png,"[1, 11]",1.55
regenerated_new/2/H/case-105234_JAY_ANNOTATION.png,"[2,3]",1.21
regenerated_new/11/H/case-105234_JAY_ANNOTATION.png,"[11,12]",1.54
regenerated_new/12/H/case-105234_JAY_ANNOTATION.png,"[11,12]",1.55
regenerated_new/1/H/case-105246_JAY_ANNOTATION.png,"[1, 11]",1.55
regenerated_new/11/H/case-105246_JAY_ANNOTATION.png,"[11,12]",1.55
regenerated_new/12/H/case-105246_JAY_ANNOTATION.png,"[11,12]",1.53
regenerated_new/1/H/case-105257_JAY_ANNOTATION.png,"[1, 11]",1.55
regenerated_new/11/H/case-105257_JAY_ANNOTATION.png,"[11,12]",1.55
regenerated_new/12/H/case-105257_JAY_ANNOTATION.png,"[11,12]",1.55
regenerated_new/1/H/case-105288_JAY_ANNOTATION.png,"[1, 11]",1.55
regenerated_new/11/H/case-105288_JAY_ANNOTATION.png,"[11,12]",1.56
regenerated_new/12/H/case-105288_JAY_ANNOTATION.png,"[11,12]",1.56
regenerated_new/1/H/case-105318_JAY_ANNOTATION.png,"[1, 11]",1.56
regenerated_new/2/H/case-105318_JAY_ANNOTATION.png,"[2,3]",1.21
regenerated_new/3/H/case-105318_JAY_ANNOTATION.png,"[2,3]",1.21
regenerated_new/11/H/case-105318_JAY_ANNOTATION.png,"[11,12]",1.55
regenerated_new/12/H/case-105318_JAY_ANNOTATION.png,"[11,12]",1.55
regenerated_new/1/H/case-105476_JAY_ANNOTATION.png,"[1, 11]",1.55
regenerated_new/3/H/case-105476_JAY_ANNOTATION.png,"[2,3]",1.21
regenerated_new/11/H/case-105476_JAY_ANNOTATION.png,"[11,12]",1.55
regenerated_new/12/H/case-105476_JAY_ANNOTATION.png,"[11,12]",1.56
regenerated_new/1/H/case-105567_JAY_ANNOTATION.png,"[1, 11]",1.55
regenerated_new/11/H/case-105567_JAY_ANNOTATION.png,"[11,12]",1.56
regenerated_new/12/H/case-105567_JAY_ANNOTATION.png,"[11,12]",1.56
regenerated_new/1/H/case-105579_JAY_ANNOTATION.png,"[1, 11]",1.55
regenerated_new/11/H/case-105579_JAY_ANNOTATION.png,"[11,12]",1.55
regenerated_new/12/H/case-105579_JAY_ANNOTATION.png,"[11,12]",1.55
regenerated_new/1/H/case-105586_JAY_ANNOTATION.png,"[1, 11]",1.56
regenerated_new/11/H/case-105586_JAY_ANNOTATION.png,"[11,12]",1.55
regenerated_new/12/H/case-105586_JAY_ANNOTATION.png,"[11,12]",1.56
regenerated_new/1/H/case-105592_JAY_ANNOTATION.png,"[1, 11]",1.55
regenerated_new/11/H/case-105592_JAY_ANNOTATION.png,"[11,12]",1.55
regenerated_new/12/H/case-105592_JAY_ANNOTATION.png,"[11,12]",1.55
regenerated_new/1/H/case-105597_JAY_ANNOTATION.png,"[1, 11]",1.55
regenerated_new/11/H/case-105597_JAY_ANNOTATION.png,"[11,12]",1.55
regenerated_new/12/H/case-105597_JAY_ANNOTATION.png,"[11,12]",1.56
regenerated_new/1/H/case-105602_JAY_ANNOTATION.png,"[1, 11]",1.55
regenerated_new/11/H/case-105602_JAY_ANNOTATION.png,"[11,12]",1.56
regenerated_new/12/H/case-105602_JAY_ANNOTATION.png,"[11,12]",1.55
regenerated_new/1/H/case-105681_JAY_ANNOTATION.png,"[1, 11]",1.56
regenerated_new/11/H/case-105681_JAY_ANNOTATION.png,"[11,12]",1.56
regenerated_new/12/H/case-105681_JAY_ANNOTATION.png,"[11,12]",1.56
regenerated_new/1/H/case-105704_JAY_ANNOTATION.png,"[1, 11]",1.56
regenerated_new/11/H/case-105704_JAY_ANNOTATION.png,"[11,12]",1.55
regenerated_new/12/H/case-105704_JAY_ANNOTATION.png,"[11,12]",1.56
regenerated_new/1/H/case-105817_JAY_ANNOTATION.png,"[1, 11]",1.55
regenerated_new/11/H/case-105817_JAY_ANNOTATION.png,"[11,12]",1.55
regenerated_new/12/H/case-105817_JAY_ANNOTATION.png,"[11,12]",1.55
regenerated_new/1/H/case-105839_JAY_ANNOTATION.png,"[1, 11]",1.55
regenerated_new/11/H/case-105839_JAY_ANNOTATION.png,"[11,12]",1.55
regenerated_new/12/H/case-105839_JAY_ANNOTATION.png,"[11,12]",1.55
regenerated_new/1/H/case-105862_JAY_ANNOTATION.png,"[1, 11]",1.55
regenerated_new/11/H/case-105862_JAY_ANNOTATION.png,"[11,12]",1.55
regenerated_new/12/H/case-105862_JAY_ANNOTATION.png,"[11,12]",1.55
regenerated_new/1/H/case-105915_JAY_ANNOTATION.png,"[1, 11]",1.53
regenerated_new/11/H/case-105915_JAY_ANNOTATION.png,"[11,12]",1.56
regenerated_new/12/H/case-105915_JAY_ANNOTATION.png,"[11,12]",1.56
regenerated_new/1/H/case-106012_JAY_ANNOTATION.png,"[1, 11]",1.56
regenerated_new/3/H/case-106012_JAY_ANNOTATION.png,"[2,3]",1.21
regenerated_new/11/H/case-106012_JAY_ANNOTATION.png,"[11,12]",1.56
regenerated_new/12/H/case-106012_JAY_ANNOTATION.png,"[11,12]",1.56
regenerated_new/1/H/case-106016_JAY_ANNOTATION.png,"[1, 11]",1.55
regenerated_new/2/H/case-106016_JAY_ANNOTATION.png,"[2,3]",1.21
regenerated_new/11/H/case-106016_JAY_ANNOTATION.png,"[11,12]",1.55
regenerated_new/12/H/case-106016_JAY_ANNOTATION.png,"[11,12]",1.55
regenerated_new/1/H/case-106081_JAY_ANNOTATION.png,"[1, 11]",1.55
regenerated_new/2/H/case-106081_JAY_ANNOTATION.png,"[2,3]",1.21
regenerated_new/11/H/case-106081_JAY_ANNOTATION.png,"[11,12]",1.55
regenerated_new/12/H/case-106081_JAY_ANNOTATION.png,"[11,12]",1.55
regenerated_new/1/H/case-106101_JAY_ANNOTATION.png,"[1, 11]",1.56
regenerated_new/11/H/case-106101_JAY_ANNOTATION.png,"[11,12]",1.56
regenerated_new/12/H/case-106101_JAY_ANNOTATION.png,"[11,12]",1.55
regenerated_new/1/H/case-106127_JAY_ANNOTATION.png,"[1, 11]",1.55
regenerated_new/11/H/case-106127_JAY_ANNOTATION.png,"[11,12]",1.55
regenerated_new/12/H/case-106127_JAY_ANNOTATION.png,"[11,12]",1.55
regenerated_new/1/H/case-106139_JAY_ANNOTATION.png,"[1, 11]",1.55
regenerated_new/11/H/case-106139_JAY_ANNOTATION.png,"[11,12]",1.55
regenerated_new/12/H/case-106139_JAY_ANNOTATION.png,"[11,12]",1.56
regenerated_new/1/H/case-106141_JAY_ANNOTATION.png,"[1, 11]",1.55
regenerated_new/11/H/case-106141_JAY_ANNOTATION.png,"[11,12]",1.55
regenerated_new/12/H/case-106141_JAY_ANNOTATION.png,"[11,12]",1.55
regenerated_new/1/H/case-106157_JAY_ANNOTATION.png,"[1, 11]",1.56
regenerated_new/11/H/case-106157_JAY_ANNOTATION.png,"[11,12]",1.56
regenerated_new/12/H/case-106157_JAY_ANNOTATION.png,"[11,12]",1.56
regenerated_new/1/H/case-106172_JAY_ANNOTATION.png,"[1, 11]",1.56
regenerated_new/11/H/case-106172_JAY_ANNOTATION.png,"[11,12]",1.56
regenerated_new/12/H/case-106172_JAY_ANNOTATION.png,"[11,12]",1.56
regenerated_new/1/H/case-106301_JAY_ANNOTATION.png,"[1, 11]",1.56
regenerated_new/11/H/case-106301_JAY_ANNOTATION.png,"[11,12]",1.55
regenerated_new/12/H/case-106301_JAY_ANNOTATION.png,"[11,12]",1.56
regenerated_new/1/H/case-106371_JAY_ANNOTATION.png,"[1, 11]",1.55
regenerated_new/11/H/case-106371_JAY_ANNOTATION.png,"[11,12]",1.56
regenerated_new/12/H/case-106371_JAY_ANNOTATION.png,"[11,12]",1.56
regenerated_new/1/H/case-106374_JAY_ANNOTATION.png,"[1, 11]",1.56
regenerated_new/3/H/case-106374_JAY_ANNOTATION.png,"[2,3]",1.21
regenerated_new/11/H/case-106374_JAY_ANNOTATION.png,"[11,12]",1.56
regenerated_new/12/H/case-106374_JAY_ANNOTATION.png,"[11,12]",1.55
regenerated_new/1/H/case-106456_JAY_ANNOTATION.png,"[1, 11]",1.55
regenerated_new/11/H/case-106456_JAY_ANNOTATION.png,"[11,12]",1.55
regenerated_new/12/H/case-106456_JAY_ANNOTATION.png,"[11,12]",1.55
regenerated_new/1/H/case-106464_JAY_ANNOTATION.png,"[1, 11]",1.55
regenerated_new/3/H/case-106464_JAY_ANNOTATION.png,"[2,3]",1.21
regenerated_new/11/H/case-106464_JAY_ANNOTATION.png,"[11,12]",1.55
regenerated_new/12/H/case-106464_JAY_ANNOTATION.png,"[11,12]",1.56
regenerated_new/1/H/case-106541_JAY_ANNOTATION.png,"[1, 11]",1.55
regenerated_new/7/H/case-106541_JAY_ANNOTATION.png,"[6,7]",1.21
regenerated_new/11/H/case-106541_JAY_ANNOTATION.png,"[11,12]",1.55
regenerated_new/12/H/case-106541_JAY_ANNOTATION.png,"[11,12]",1.56
regenerated_new/1/H/case-106569_JAY_ANNOTATION.png,"[1, 11]",1.55
regenerated_new/11/H/case-106569_JAY_ANNOTATION.png,"[11,12]",1.55
regenerated_new/12/H/case-106569_JAY_ANNOTATION.png,"[11,12]",1.56
regenerated_new/1/H/case-106811_JAY_ANNOTATION.png,"[1, 11]",1.56
regenerated_new/11/H/case-106811_JAY_ANNOTATION.png,"[11,12]",1.55
regenerated_new/12/H/case-106811_JAY_ANNOTATION.png,"[11,12]",1.55
regenerated_new/1/H/case-106835_JAY_ANNOTATION.png,"[1, 11]",2.05
regenerated_new/11/H/case-106835_JAY_ANNOTATION.png,"[11,12]",1.55
regenerated_new/12/H/case-106835_JAY_ANNOTATION.png,"[11,12]",1.55
regenerated_new/11/H/case-106856_JAY_ANNOTATION.png,"[11,12]",1.55
regenerated_new/12/H/case-106856_JAY_ANNOTATION.png,"[11,12]",1.55
regenerated_new/1/H/case-106882_JAY_ANNOTATION.png,"[1, 11]",1.55
regenerated_new/9/H/case-106882_JAY_ANNOTATION.png,"[11,12]",1.55
regenerated_new/10/H/case-106882_JAY_ANNOTATION.png,"[11,12]",1.56
regenerated_new/11/H/case-106882_JAY_ANNOTATION.png,"[11,12]",1.55
regenerated_new/12/H/case-106882_JAY_ANNOTATION.png,"[11,12]",1.55
regenerated_new/13/H/case-106882_JAY_ANNOTATION.png,"[11,12]",1.56
regenerated_new/14/H/case-106882_JAY_ANNOTATION.png,"[11,12]",1.55
regenerated_new/1/H/case-106963_JAY_ANNOTATION.png,"[1, 11]",1.55
regenerated_new/2/H/case-106963_JAY_ANNOTATION.png,"[11,12]",1.56
regenerated_new/3/H/case-106963_JAY_ANNOTATION.png,"[11,12]",1.55
regenerated_new/4/H/case-106963_JAY_ANNOTATION.png,"[11,12]",1.55
regenerated_new/5/H/case-106963_JAY_ANNOTATION.png,"[11,12]",1.56
regenerated_new/6/H/case-106963_JAY_ANNOTATION.png,"[11,12]",1.56
regenerated_new/7/H/case-106963_JAY_ANNOTATION.png,"[11,12]",1.55
regenerated_new/8/H/case-106963_JAY_ANNOTATION.png,"[11,12]",1.55
regenerated_new/9/H/case-106963_JAY_ANNOTATION.png,"[11,12]",1.55
regenerated_new/10/H/case-106963_JAY_ANNOTATION.png,"[11,12]",1.55
regenerated_new/11/H/case-106963_JAY_ANNOTATION.png,"[11,12]",1.56
regenerated_new/12/H/case-106963_JAY_ANNOTATION.png,"[11,12]",1.56
regenerated_new/13/H/case-106963_JAY_ANNOTATION.png,"[11,12]",1.55
regenerated_new/14/H/case-106963_JAY_ANNOTATION.png,"[11,12]",1.55
regenerated_new/1/H/case-106973_JAY_ANNOTATION.png,"[1,11]",1.38
regenerated_new/2/H/case-106973_JAY_ANNOTATION.png,"[11,12]",1.56
regenerated_new/3/H/case-106973_JAY_ANNOTATION.png,"[11,12]",1.55
regenerated_new/4/H/case-106973_JAY_ANNOTATION.png,"[11,12]",1.55
regenerated_new/5/H/case-106973_JAY_ANNOTATION.png,"[11,12]",1.55
regenerated_new/6/H/case-106973_JAY_ANNOTATION.png,"[1, 11]",1.55
regenerated_new/7/H/case-106973_JAY_ANNOTATION.png,"[11,12]",1.55
regenerated_new/8/H/case-106973_JAY_ANNOTATION.png,"[11,12]",1.55
regenerated_new/9/H/case-106973_JAY_ANNOTATION.png,"[11,12]",1.55
regenerated_new/10/H/case-106973_JAY_ANNOTATION.png,"[11,12]",1.55
regenerated_new/11/H/case-106973_JAY_ANNOTATION.png,"[11,12]",1.55
regenerated_new/12/H/case-106973_JAY_ANNOTATION.png,"[11,12]",1.55
regenerated_new/13/H/case-106973_JAY_ANNOTATION.png,"[11,12]",1.55
regenerated_new/14/H/case-106973_JAY_ANNOTATION.png,"[11,12]",1.55
regenerated_new/1/H/case-106991_JAY_ANNOTATION.png,"[1,11]",1.38
regenerated_new/2/H/case-106991_JAY_ANNOTATION.png,"[2,3]",1.21
regenerated_new/3/H/case-106991_JAY_ANNOTATION.png,"[2,3]",1.21
regenerated_new/4/H/case-106991_JAY_ANNOTATION.png,"[11,12]",1.55
regenerated_new/5/H/case-106991_JAY_ANNOTATION.png,"[11,12]",1.55
regenerated_new/6/H/case-106991_JAY_ANNOTATION.png,"[11,12]",1.55
regenerated_new/7/H/case-106991_JAY_ANNOTATION.png,"[11,12]",1.56
regenerated_new/8/H/case-106991_JAY_ANNOTATION.png,"[11,12]",1.56
regenerated_new/9/H/case-106991_JAY_ANNOTATION.png,"[11,12]",1.55
regenerated_new/10/H/case-106991_JAY_ANNOTATION.png,"[11,12]",1.55
regenerated_new/11/H/case-106991_JAY_ANNOTATION.png,"[11,12]",1.55
regenerated_new/12/H/case-106991_JAY_ANNOTATION.png,"[11,12]",1.55
regenerated_new/13/H/case-106991_JAY_ANNOTATION.png,"[11,12]",1.55
regenerated_new/14/H/case-106991_JAY_ANNOTATION.png,"[11,12]",1.55
regenerated_new/1/H/case-107068_JAY_ANNOTATION.png,"[1, 11]",1.55
regenerated_new/2/H/case-107068_JAY_ANNOTATION.png,"[11,12]",1.56
regenerated_new/3/H/case-107068_JAY_ANNOTATION.png,"[11,12]",1.55
regenerated_new/4/H/case-107068_JAY_ANNOTATION.png,"[11,12]",1.56
regenerated_new/5/H/case-107068_JAY_ANNOTATION.png,"[11,12]",1.55
regenerated_new/6/H/case-107068_JAY_ANNOTATION.png,"[11,12]",1.56
regenerated_new/7/H/case-107068_JAY_ANNOTATION.png,"[11,12]",1.56
regenerated_new/8/H/case-107068_JAY_ANNOTATION.png,"[11,12]",1.55
regenerated_new/9/H/case-107068_JAY_ANNOTATION.png,"[11,12]",1.55
regenerated_new/10/H/case-107068_JAY_ANNOTATION.png,"[11,12]",1.56
regenerated_new/11/H/case-107068_JAY_ANNOTATION.png,"[11,12]",1.55
regenerated_new/12/H/case-107068_JAY_ANNOTATION.png,"[11,12]",1.55
regenerated_new/13/H/case-107068_JAY_ANNOTATION.png,"[11,12]",1.55
regenerated_new/14/H/case-107068_JAY_ANNOTATION.png,"[11,12]",1.56
regenerated_new/1/H/case-107184_JAY_ANNOTATION.png,"[1, 11]",1.56
regenerated_new/2/H/case-107184_JAY_ANNOTATION.png,"[11,12]",1.55
regenerated_new/3/H/case-107184_JAY_ANNOTATION.png,"[11,12]",1.56
regenerated_new/4/H/case-107184_JAY_ANNOTATION.png,"[11,12]",1.56
regenerated_new/5/H/case-107184_JAY_ANNOTATION.png,"[11,12]",1.55
regenerated_new/6/H/case-107184_JAY_ANNOTATION.png,"[11,12]",1.55
regenerated_new/7/H/case-107184_JAY_ANNOTATION.png,"[11,12]",1.55
regenerated_new/8/H/case-107184_JAY_ANNOTATION.png,"[11,12]",1.55
regenerated_new/9/H/case-107184_JAY_ANNOTATION.png,"[11,12]",1.55
regenerated_new/10/H/case-107184_JAY_ANNOTATION.png,"[11,12]",1.56
regenerated_new/11/H/case-107184_JAY_ANNOTATION.png,"[11,12]",1.55
regenerated_new/12/H/case-107184_JAY_ANNOTATION.png,"[11,12]",1.55
regenerated_new/13/H/case-107184_JAY_ANNOTATION.png,"[11,12]",1.56
regenerated_new/14/H/case-107184_JAY_ANNOTATION.png,"[11,12]",1.55
regenerated_new/1/H/case-107267_JAY_ANNOTATION.png,"[1, 11]",1.55
regenerated_new/2/H/case-107267_JAY_ANNOTATION.png,"[11,12]",1.55
regenerated_new/3/H/case-107267_JAY_ANNOTATION.png,"[11,12]",1.55
regenerated_new/4/H/case-107267_JAY_ANNOTATION.png,"[11,12]",1.56
regenerated_new/5/H/case-107267_JAY_ANNOTATION.png,"[11,12]",1.55
regenerated_new/6/H/case-107267_JAY_ANNOTATION.png,"[2,3]",1.22
regenerated_new/7/H/case-107267_JAY_ANNOTATION.png,"[11,12]",1.56
regenerated_new/8/H/case-107267_JAY_ANNOTATION.png,"[11,12]",1.56
regenerated_new/9/H/case-107267_JAY_ANNOTATION.png,"[11,12]",1.56
regenerated_new/10/H/case-107267_JAY_ANNOTATION.png,"[11,12]",1.56
regenerated_new/11/H/case-107267_JAY_ANNOTATION.png,"[11,12]",1.56
regenerated_new/12/H/case-107267_JAY_ANNOTATION.png,"[11,12]",1.56
regenerated_new/13/H/case-107267_JAY_ANNOTATION.png,"[11,12]",1.55
regenerated_new/14/H/case-107267_JAY_ANNOTATION.png,"[11,12]",1.55
regenerated_new/1/H/case-107296_JAY_ANNOTATION.png,"[1, 11]",1.55
regenerated_new/2/H/case-107296_JAY_ANNOTATION.png,"[11,12]",1.56
regenerated_new/3/H/case-107296_JAY_ANNOTATION.png,"[2,3]",1.21
regenerated_new/4/H/case-107296_JAY_ANNOTATION.png,"[11,12]",1.55
regenerated_new/5/H/case-107296_JAY_ANNOTATION.png,"[11,12]",1.55
regenerated_new/6/H/case-107296_JAY_ANNOTATION.png,"[11,12]",1.55
regenerated_new/7/H/case-107296_JAY_ANNOTATION.png,"[11,12]",1.55
regenerated_new/8/H/case-107296_JAY_ANNOTATION.png,"[11,12]",1.57
regenerated_new/9/H/case-107296_JAY_ANNOTATION.png,"[11,12]",1.56
regenerated_new/10/H/case-107296_JAY_ANNOTATION.png,"[11,12]",1.55
regenerated_new/11/H/case-107296_JAY_ANNOTATION.png,"[11,12]",1.55
regenerated_new/12/H/case-107296_JAY_ANNOTATION.png,"[11,12]",1.55
regenerated_new/13/H/case-107296_JAY_ANNOTATION.png,"[11,12]",1.56
regenerated_new/14/H/case-107296_JAY_ANNOTATION.png,"[11,12]",1.55
regenerated_new/1/H/case-110146_JAY_ANNOTATION.png,"[1, 11]",1.55
regenerated_new/2/H/case-110146_JAY_ANNOTATION.png,"[11,12]",1.56
regenerated_new/3/H/case-110146_JAY_ANNOTATION.png,"[11,12]",1.56
regenerated_new/4/H/case-110146_JAY_ANNOTATION.png,"[11,12]",1.55
regenerated_new/5/H/case-110146_JAY_ANNOTATION.png,"[11,12]",1.55
regenerated_new/6/H/case-110146_JAY_ANNOTATION.png,"[11,12]",1.55
regenerated_new/7/H/case-110146_JAY_ANNOTATION.png,"[11,12]",1.56
regenerated_new/8/H/case-110146_JAY_ANNOTATION.png,"[11,12]",1.55
regenerated_new/9/H/case-110146_JAY_ANNOTATION.png,"[11,12]",1.56
regenerated_new/10/H/case-110146_JAY_ANNOTATION.png,"[11,12]",1.56
regenerated_new/11/H/case-110146_JAY_ANNOTATION.png,"[11,12]",1.56
regenerated_new/12/H/case-110146_JAY_ANNOTATION.png,"[11,12]",1.56
regenerated_new/13/H/case-110146_JAY_ANNOTATION.png,"[11,12]",1.55
regenerated_new/14/H/case-110146_JAY_ANNOTATION.png,"[11,12]",1.56
regenerated_new/1/H/case-110184_JAY_ANNOTATION.png,"[1, 11]",1.55
regenerated_new/2/H/case-110184_JAY_ANNOTATION.png,"[11,12]",1.55
regenerated_new/3/H/case-110184_JAY_ANNOTATION.png,"[11,12]",1.55
regenerated_new/4/H/case-110184_JAY_ANNOTATION.png,"[11,12]",1.55
regenerated_new/5/H/case-110184_JAY_ANNOTATION.png,"[11,12]",1.55
regenerated_new/6/H/case-110184_JAY_ANNOTATION.png,"[11,12]",1.55
regenerated_new/7/H/case-110184_JAY_ANNOTATION.png,"[11,12]",1.55
regenerated_new/8/H/case-110184_JAY_ANNOTATION.png,"[11,12]",1.55
regenerated_new/9/H/case-110184_JAY_ANNOTATION.png,"[11,12]",1.55
regenerated_new/10/H/case-110184_JAY_ANNOTATION.png,"[11,12]",1.55
regenerated_new/11/H/case-110184_JAY_ANNOTATION.png,"[11,12]",1.55
regenerated_new/12/H/case-110184_JAY_ANNOTATION.png,"[11,12]",1.55
regenerated_new/13/H/case-110184_JAY_ANNOTATION.png,"[11,12]",1.55
regenerated_new/14/H/case-110184_JAY_ANNOTATION.png,"[11,12]",1.55
regenerated_new/1/H/case-110307_JAY_ANNOTATION.png,"[1, 11]",1.55
regenerated_new/2/H/case-110307_JAY_ANNOTATION.png,"[11,12]",1.56
regenerated_new/3/H/case-110307_JAY_ANNOTATION.png,"[11,12]",1.55
regenerated_new/4/H/case-110307_JAY_ANNOTATION.png,"[11,12]",1.55
regenerated_new/5/H/case-110307_JAY_ANNOTATION.png,"[11,12]",1.55
regenerated_new/6/H/case-110307_JAY_ANNOTATION.png,"[11,12]",1.55
regenerated_new/7/H/case-110307_JAY_ANNOTATION.png,"[11,12]",1.55
regenerated_new/8/H/case-110307_JAY_ANNOTATION.png,"[11,12]",1.55
regenerated_new/9/H/case-110307_JAY_ANNOTATION.png,"[11,12]",1.55
regenerated_new/10/H/case-110307_JAY_ANNOTATION.png,"[11,12]",1.55
regenerated_new/11/H/case-110307_JAY_ANNOTATION.png,"[11,12]",1.55
regenerated_new/12/H/case-110307_JAY_ANNOTATION.png,"[11,12]",1.56
regenerated_new/13/H/case-110307_JAY_ANNOTATION.png,"[11,12]",1.56
regenerated_new/14/H/case-110307_JAY_ANNOTATION.png,"[11,12]",1.55
regenerated_new/1/H/case-110324_JAY_ANNOTATION.png,"[1, 11]",1.56
regenerated_new/2/H/case-110324_JAY_ANNOTATION.png,"[11,12]",1.56
regenerated_new/3/H/case-110324_JAY_ANNOTATION.png,"[11,12]",1.55
regenerated_new/4/H/case-110324_JAY_ANNOTATION.png,"[11,12]",1.55
regenerated_new/5/H/case-110324_JAY_ANNOTATION.png,"[11,12]",1.55
regenerated_new/6/H/case-110324_JAY_ANNOTATION.png,"[11,12]",1.55
regenerated_new/7/H/case-110324_JAY_ANNOTATION.png,"[2,3]",1.21
regenerated_new/8/H/case-110324_JAY_ANNOTATION.png,"[11,12]",1.55
regenerated_new/9/H/case-110324_JAY_ANNOTATION.png,"[11,12]",1.55
regenerated_new/10/H/case-110324_JAY_ANNOTATION.png,"[11,12]",1.55
regenerated_new/11/H/case-110324_JAY_ANNOTATION.png,"[11,12]",1.55
regenerated_new/12/H/case-110324_JAY_ANNOTATION.png,"[11,12]",1.55
regenerated_new/13/H/case-110324_JAY_ANNOTATION.png,"[11,12]",1.55
regenerated_new/14/H/case-110324_JAY_ANNOTATION.png,"[11,12]",1.55
regenerated_new/1/H/case-110378_JAY_ANNOTATION.png,"[1, 11]",1.55
regenerated_new/2/H/case-110378_JAY_ANNOTATION.png,"[11,12]",1.55
regenerated_new/3/H/case-110378_JAY_ANNOTATION.png,"[11,12]",1.56
regenerated_new/5/H/case-110378_JAY_ANNOTATION.png,"[11,12]",1.55
regenerated_new/6/H/case-110378_JAY_ANNOTATION.png,"[2,3]",1.21
regenerated_new/7/H/case-110378_JAY_ANNOTATION.png,"[11,12]",1.56
regenerated_new/8/H/case-110378_JAY_ANNOTATION.png,"[11,12]",1.55
regenerated_new/9/H/case-110378_JAY_ANNOTATION.png,"[11,12]",1.55
regenerated_new/10/H/case-110378_JAY_ANNOTATION.png,"[11,12]",1.55
regenerated_new/11/H/case-110378_JAY_ANNOTATION.png,"[11,12]",1.55
regenerated_new/12/H/case-110378_JAY_ANNOTATION.png,"[11,12]",1.55
regenerated_new/13/H/case-110378_JAY_ANNOTATION.png,"[11,12]",1.55
regenerated_new/14/H/case-110378_JAY_ANNOTATION.png,"[11,12]",1.55
regenerated_new/1/H/case-110382_JAY_ANNOTATION.png,"[1, 11]",1.55
regenerated_new/2/H/case-110382_JAY_ANNOTATION.png,"[11,12]",1.55
regenerated_new/3/H/case-110382_JAY_ANNOTATION.png,"[11,12]",1.55
regenerated_new/4/H/case-110382_JAY_ANNOTATION.png,"[11,12]",1.55
regenerated_new/5/H/case-110382_JAY_ANNOTATION.png,"[11,12]",1.55
regenerated_new/6/H/case-110382_JAY_ANNOTATION.png,"[2,3]",1.21
regenerated_new/7/H/case-110382_JAY_ANNOTATION.png,"[10,11]",1.55
regenerated_new/8/H/case-110382_JAY_ANNOTATION.png,"[11,12]",1.55
regenerated_new/9/H/case-110382_JAY_ANNOTATION.png,"[11,12]",1.55
regenerated_new/10/H/case-110382_JAY_ANNOTATION.png,"[11,12]",1.55
regenerated_new/11/H/case-110382_JAY_ANNOTATION.png,"[11,12]",1.55
regenerated_new/12/H/case-110382_JAY_ANNOTATION.png,"[11,12]",1.55
regenerated_new/13/H/case-110382_JAY_ANNOTATION.png,"[11,12]",1.55
regenerated_new/14/H/case-110382_JAY_ANNOTATION.png,"[11,12]",1.55
regenerated_new/1/H/case-110393_JAY_ANNOTATION.png,"[1, 11]",1.55
regenerated_new/2/H/case-110393_JAY_ANNOTATION.png,"[2,3]",1.23
regenerated_new/3/H/case-110393_JAY_ANNOTATION.png,"[11,12]",1.56
regenerated_new/4/H/case-110393_JAY_ANNOTATION.png,"[11,12]",1.56
regenerated_new/5/H/case-110393_JAY_ANNOTATION.png,"[11,12]",1.55
regenerated_new/6/H/case-110393_JAY_ANNOTATION.png,"[11,12]",1.55
regenerated_new/7/H/case-110393_JAY_ANNOTATION.png,"[11,12]",1.55
regenerated_new/8/H/case-110393_JAY_ANNOTATION.png,"[11,12]",1.55
regenerated_new/9/H/case-110393_JAY_ANNOTATION.png,"[11,12]",1.55
regenerated_new/10/H/case-110393_JAY_ANNOTATION.png,"[11,12]",1.55
regenerated_new/11/H/case-110393_JAY_ANNOTATION.png,"[11,12]",1.55
regenerated_new/12/H/case-110393_JAY_ANNOTATION.png,"[11,12]",1.55
regenerated_new/13/H/case-110393_JAY_ANNOTATION.png,"[11,12]",1.55
regenerated_new/14/H/case-110393_JAY_ANNOTATION.png,"[11,12]",1.55
regenerated_new/1/H/case-110447_JAY_ANNOTATION.png,"[1, 11]",1.55
regenerated_new/2/H/case-110447_JAY_ANNOTATION.png,"[11,12]",1.55
regenerated_new/3/H/case-110447_JAY_ANNOTATION.png,"[2,3]",1.21
regenerated_new/4/H/case-110447_JAY_ANNOTATION.png,"[11,12]",1.55
regenerated_new/5/H/case-110447_JAY_ANNOTATION.png,"[11,12]",1.56
regenerated_new/6/H/case-110447_JAY_ANNOTATION.png,"[11,12]",1.55
regenerated_new/7/H/case-110447_JAY_ANNOTATION.png,"[11,12]",1.56
regenerated_new/8/H/case-110447_JAY_ANNOTATION.png,"[11,12]",1.55
regenerated_new/9/H/case-110447_JAY_ANNOTATION.png,"[11,12]",1.55
regenerated_new/10/H/case-110447_JAY_ANNOTATION.png,"[11,12]",1.55
regenerated_new/11/H/case-110447_JAY_ANNOTATION.png,"[11,12]",1.56
regenerated_new/12/H/case-110447_JAY_ANNOTATION.png,"[11,12]",1.55
regenerated_new/13/H/case-110447_JAY_ANNOTATION.png,"[11,12]",1.55
regenerated_new/14/H/case-110447_JAY_ANNOTATION.png,"[11,12]",1.55
regenerated_new/1/H/case-110519_JAY_ANNOTATION.png,"[1, 11]",1.55
regenerated_new/2/H/case-110519_JAY_ANNOTATION.png,"[11,12]",1.55
regenerated_new/3/H/case-110519_JAY_ANNOTATION.png,"[11,12]",1.55
regenerated_new/4/H/case-110519_JAY_ANNOTATION.png,"[11,12]",1.56
regenerated_new/5/H/case-110519_JAY_ANNOTATION.png,"[11,12]",1.55
regenerated_new/6/H/case-110519_JAY_ANNOTATION.png,"[11,12]",1.56
regenerated_new/7/H/case-110519_JAY_ANNOTATION.png,"[11,12]",1.55
regenerated_new/8/H/case-110519_JAY_ANNOTATION.png,"[11,12]",1.55
regenerated_new/9/H/case-110519_JAY_ANNOTATION.png,"[11,12]",1.55
regenerated_new/10/H/case-110519_JAY_ANNOTATION.png,"[11,12]",1.55
regenerated_new/11/H/case-110519_JAY_ANNOTATION.png,"[11,12]",1.55
regenerated_new/12/H/case-110519_JAY_ANNOTATION.png,"[11,12]",1.55
regenerated_new/13/H/case-110519_JAY_ANNOTATION.png,"[11,12]",1.55
regenerated_new/14/H/case-110519_JAY_ANNOTATION.png,"[11,12]",1.54
regenerated_new/1/H/case-110588_JAY_ANNOTATION.png,"[1, 11]",1.55
regenerated_new/2/H/case-110588_JAY_ANNOTATION.png,"[2,3]",1.21
regenerated_new/3/H/case-110588_JAY_ANNOTATION.png,"[2,3]",1.21
regenerated_new/4/H/case-110588_JAY_ANNOTATION.png,"[11,12]",1.55
regenerated_new/5/H/case-110588_JAY_ANNOTATION.png,"[11,12]",1.55
regenerated_new/6/H/case-110588_JAY_ANNOTATION.png,"[11,12]",1.55
regenerated_new/7/H/case-110588_JAY_ANNOTATION.png,"[11,12]",1.55
regenerated_new/8/H/case-110588_JAY_ANNOTATION.png,"[11,12]",1.55
regenerated_new/9/H/case-110588_JAY_ANNOTATION.png,"[11,12]",1.55
regenerated_new/10/H/case-110588_JAY_ANNOTATION.png,"[11,12]",1.55
regenerated_new/11/H/case-110588_JAY_ANNOTATION.png,"[11,12]",1.55
regenerated_new/12/H/case-110588_JAY_ANNOTATION.png,"[11,12]",1.55
regenerated_new/13/H/case-110588_JAY_ANNOTATION.png,"[11,12]",1.55
regenerated_new/14/H/case-110588_JAY_ANNOTATION.png,"[11,12]",1.55
regenerated_new/1/H/case-110636_JAY_ANNOTATION.png,"[1, 11]",1.54
regenerated_new/2/H/case-110636_JAY_ANNOTATION.png,"[11,12]",1.54
regenerated_new/3/H/case-110636_JAY_ANNOTATION.png,"[11,12]",1.54
regenerated_new/4/H/case-110636_JAY_ANNOTATION.png,"[11,12]",1.55
regenerated_new/5/H/case-110636_JAY_ANNOTATION.png,"[11,12]",1.56
regenerated_new/6/H/case-110636_JAY_ANNOTATION.png,"[11,12]",2.05
regenerated_new/7/H/case-110636_JAY_ANNOTATION.png,"[2,3]",1.21
regenerated_new/8/H/case-110636_JAY_ANNOTATION.png,"[11,12]",1.56
regenerated_new/9/H/case-110636_JAY_ANNOTATION.png,"[11,12]",1.56
regenerated_new/10/H/case-110636_JAY_ANNOTATION.png,"[11,12]",1.57
regenerated_new/11/H/case-110636_JAY_ANNOTATION.png,"[11,12]",1.57
regenerated_new/12/H/case-110636_JAY_ANNOTATION.png,"[11,12]",1.57
regenerated_new/13/H/case-110636_JAY_ANNOTATION.png,"[11,12]",1.59
regenerated_new/14/H/case-110636_JAY_ANNOTATION.png,"[11,12]",1.54
regenerated_new/1/H/case-110640_JAY_ANNOTATION.png,"[1, 11]",1.53
regenerated_new/2/H/case-110640_JAY_ANNOTATION.png,"[11,12]",1.53
regenerated_new/3/H/case-110640_JAY_ANNOTATION.png,"[11,12]",1.54
regenerated_new/4/H/case-110640_JAY_ANNOTATION.png,"[11,12]",1.54
regenerated_new/5/H/case-110640_JAY_ANNOTATION.png,"[11,12]",1.55
regenerated_new/6/H/case-110640_JAY_ANNOTATION.png,"[11,12]",1.55
regenerated_new/7/H/case-110640_JAY_ANNOTATION.png,"[11,12]",1.54
regenerated_new/8/H/case-110640_JAY_ANNOTATION.png,"[11,12]",1.53
regenerated_new/9/H/case-110640_JAY_ANNOTATION.png,"[11,12]",1.54
regenerated_new/10/H/case-110640_JAY_ANNOTATION.png,"[11,12]",1.54
regenerated_new/11/H/case-110640_JAY_ANNOTATION.png,"[11,12]",1.53
regenerated_new/12/H/case-110640_JAY_ANNOTATION.png,"[11,12]",1.53
regenerated_new/13/H/case-110640_JAY_ANNOTATION.png,"[11,12]",1.53
regenerated_new/14/H/case-110640_JAY_ANNOTATION.png,"[11,12]",1.54
regenerated_new/1/H/case-110649_JAY_ANNOTATION.png,"[1, 11]",1.54
regenerated_new/2/H/case-110649_JAY_ANNOTATION.png,"[11,12]",1.54
regenerated_new/3/H/case-110649_JAY_ANNOTATION.png,"[11,12]",1.53
regenerated_new/4/H/case-110649_JAY_ANNOTATION.png,"[11,12]",1.55
regenerated_new/5/H/case-110649_JAY_ANNOTATION.png,"[11,12]",1.54
regenerated_new/6/H/case-110649_JAY_ANNOTATION.png,"[11,12]",1.54
regenerated_new/7/H/case-110649_JAY_ANNOTATION.png,"[11,12]",1.53
regenerated_new/8/H/case-110649_JAY_ANNOTATION.png,"[11,12]",1.54
regenerated_new/9/H/case-110649_JAY_ANNOTATION.png,"[11,12]",1.54
regenerated_new/10/H/case-110649_JAY_ANNOTATION.png,"[11,12]",1.54
regenerated_new/11/H/case-110649_JAY_ANNOTATION.png,"[11,12]",1.54
regenerated_new/12/H/case-110649_JAY_ANNOTATION.png,"[11,12]",1.54
regenerated_new/13/H/case-110649_JAY_ANNOTATION.png,"[11,12]",1.53
regenerated_new/14/H/case-110649_JAY_ANNOTATION.png,"[11,12]",1.54
regenerated_new/1/H/case-110664_JAY_ANNOTATION.png,"[1, 11]",1.54
regenerated_new/2/H/case-110664_JAY_ANNOTATION.png,"[11,12]",1.54
regenerated_new/3/H/case-110664_JAY_ANNOTATION.png,"[11,12]",1.53
regenerated_new/4/H/case-110664_JAY_ANNOTATION.png,"[11,12]",1.54
regenerated_new/5/H/case-110664_JAY_ANNOTATION.png,"[11,12]",1.54
regenerated_new/6/H/case-110664_JAY_ANNOTATION.png,"[11,12]",1.54
regenerated_new/7/H/case-110664_JAY_ANNOTATION.png,"[11,12]",1.53
regenerated_new/8/H/case-110664_JAY_ANNOTATION.png,"[11,12]",1.53
regenerated_new/9/H/case-110664_JAY_ANNOTATION.png,"[11,12]",1.54
regenerated_new/10/H/case-110664_JAY_ANNOTATION.png,"[11,12]",1.54
regenerated_new/11/H/case-110664_JAY_ANNOTATION.png,"[11,12]",1.54
regenerated_new/12/H/case-110664_JAY_ANNOTATION.png,"[11,12]",1.53
regenerated_new/13/H/case-110664_JAY_ANNOTATION.png,"[11,12]",1.54
regenerated_new/14/H/case-110664_JAY_ANNOTATION.png,"[11,12]",1.54
regenerated_new/1/H/case-110831_JAY_ANNOTATION.png,"[1, 11]",1.54
regenerated_new/2/H/case-110831_JAY_ANNOTATION.png,"[11,12]",1.54
regenerated_new/3/H/case-110831_JAY_ANNOTATION.png,"[11,12]",1.54
regenerated_new/4/H/case-110831_JAY_ANNOTATION.png,"[11,12]",1.55
regenerated_new/5/H/case-110831_JAY_ANNOTATION.png,"[11,12]",1.54
regenerated_new/6/H/case-110831_JAY_ANNOTATION.png,"[11,12]",1.54
regenerated_new/7/H/case-110831_JAY_ANNOTATION.png,"[11,12]",1.55
regenerated_new/8/H/case-110831_JAY_ANNOTATION.png,"[11,12]",1.55
regenerated_new/9/H/case-110831_JAY_ANNOTATION.png,"[11,12]",1.55
regenerated_new/10/H/case-110831_JAY_ANNOTATION.png,"[11,12]",1.55
regenerated_new/11/H/case-110831_JAY_ANNOTATION.png,"[11,12]",1.6
regenerated_new/12/H/case-110831_JAY_ANNOTATION.png,"[11,12]",1.57
regenerated_new/13/H/case-110831_JAY_ANNOTATION.png,"[11,12]",1.56
regenerated_new/14/H/case-110831_JAY_ANNOTATION.png,"[11,12]",1.56
regenerated_new/1/H/case-110870_JAY_ANNOTATION.png,"[1, 11]",1.54
regenerated_new/2/H/case-110870_JAY_ANNOTATION.png,"[11,12]",1.55
regenerated_new/3/H/case-110870_JAY_ANNOTATION.png,"[11,12]",1.55
regenerated_new/4/H/case-110870_JAY_ANNOTATION.png,"[11,12]",1.55
regenerated_new/5/H/case-110870_JAY_ANNOTATION.png,"[11,12]",1.54
regenerated_new/6/H/case-110870_JAY_ANNOTATION.png,"[11,12]",1.55
regenerated_new/7/H/case-110870_JAY_ANNOTATION.png,"[11,12]",1.56
regenerated_new/8/H/case-110870_JAY_ANNOTATION.png,"[11,12]",1.56
regenerated_new/9/H/case-110870_JAY_ANNOTATION.png,"[11,12]",1.56
regenerated_new/10/H/case-110870_JAY_ANNOTATION.png,"[11,12]",1.56
regenerated_new/11/H/case-110870_JAY_ANNOTATION.png,"[11,12]",1.55
regenerated_new/12/H/case-110870_JAY_ANNOTATION.png,"[11,12]",1.56
regenerated_new/13/H/case-110870_JAY_ANNOTATION.png,"[11,12]",1.56
regenerated_new/14/H/case-110870_JAY_ANNOTATION.png,"[11,12]",1.55
regenerated_new/1/H/case-111040_JAY_ANNOTATION.png,"[1, 11]",1.55
regenerated_new/2/H/case-111040_JAY_ANNOTATION.png,"[2,3]",1.21
regenerated_new/3/H/case-111040_JAY_ANNOTATION.png,"[2,3]",1.21
regenerated_new/4/H/case-111040_JAY_ANNOTATION.png,"[11,12]",1.55
regenerated_new/5/H/case-111040_JAY_ANNOTATION.png,"[11,12]",1.56
regenerated_new/6/H/case-111040_JAY_ANNOTATION.png,"[11,12]",1.57
regenerated_new/7/H/case-111040_JAY_ANNOTATION.png,"[2,3]",1.22
regenerated_new/8/H/case-111040_JAY_ANNOTATION.png,"[11,12]",1.55
regenerated_new/9/H/case-111040_JAY_ANNOTATION.png,"[11,12]",1.56
regenerated_new/10/H/case-111040_JAY_ANNOTATION.png,"[11,12]",1.56
regenerated_new/11/H/case-111040_JAY_ANNOTATION.png,"[11,12]",1.56
regenerated_new/12/H/case-111040_JAY_ANNOTATION.png,"[11,12]",1.56
regenerated_new/13/H/case-111040_JAY_ANNOTATION.png,"[11,12]",1.56
regenerated_new/14/H/case-111040_JAY_ANNOTATION.png,"[11,12]",1.56
regenerated_new/1/H/case-111057_JAY_ANNOTATION.png,"[1, 11]",1.54
regenerated_new/2/H/case-111057_JAY_ANNOTATION.png,"[11,12]",1.55
regenerated_new/3/H/case-111057_JAY_ANNOTATION.png,"[2,3]",1.22
regenerated_new/4/H/case-111057_JAY_ANNOTATION.png,"[11,12]",1.56
regenerated_new/5/H/case-111057_JAY_ANNOTATION.png,"[11,12]",1.56
regenerated_new/6/H/case-111057_JAY_ANNOTATION.png,"[11,12]",1.55
regenerated_new/7/H/case-111057_JAY_ANNOTATION.png,"[11,12]",1.55
regenerated_new/8/H/case-111057_JAY_ANNOTATION.png,"[2,3]",1.21
regenerated_new/9/H/case-111057_JAY_ANNOTATION.png,"[11,12]",1.56
regenerated_new/10/H/case-111057_JAY_ANNOTATION.png,"[11,12]",1.55
regenerated_new/11/H/case-111057_JAY_ANNOTATION.png,"[11,12]",1.55
regenerated_new/12/H/case-111057_JAY_ANNOTATION.png,"[11,12]",1.56
regenerated_new/13/H/case-111057_JAY_ANNOTATION.png,"[11,12]",1.56
regenerated_new/14/H/case-111057_JAY_ANNOTATION.png,"[11,12]",1.56
regenerated_new/1/H/case-111159_JAY_ANNOTATION.png,"[1, 11]",1.56
regenerated_new/2/H/case-111159_JAY_ANNOTATION.png,"[10,11]",1.56
regenerated_new/3/H/case-111159_JAY_ANNOTATION.png,"[11,12]",1.55
regenerated_new/4/H/case-111159_JAY_ANNOTATION.png,"[11,12]",1.56
regenerated_new/5/H/case-111159_JAY_ANNOTATION.png,"[11,12]",1.55
regenerated_new/6/H/case-111159_JAY_ANNOTATION.png,"[6,7]",1.21
regenerated_new/7/H/case-111159_JAY_ANNOTATION.png,"[11,12]",1.54
regenerated_new/8/H/case-111159_JAY_ANNOTATION.png,"[11,12]",1.55
regenerated_new/9/H/case-111159_JAY_ANNOTATION.png,"[2,3]",1.21
regenerated_new/10/H/case-111159_JAY_ANNOTATION.png,"[11,12]",1.53
regenerated_new/11/H/case-111159_JAY_ANNOTATION.png,"[11,12]",1.55
regenerated_new/12/H/case-111159_JAY_ANNOTATION.png,"[11,12]",1.56
regenerated_new/13/H/case-111159_JAY_ANNOTATION.png,"[11,12]",1.56
regenerated_new/14/H/case-111159_JAY_ANNOTATION.png,"[11,12]",1.57
regenerated_new/1/H/case-111162_JAY_ANNOTATION.png,"[1, 11]",1.58
regenerated_new/2/H/case-111162_JAY_ANNOTATION.png,"[11,12]",1.57
regenerated_new/3/H/case-111162_JAY_ANNOTATION.png,"[2,3]",1.22
regenerated_new/4/H/case-111162_JAY_ANNOTATION.png,"[11,12]",1.56
regenerated_new/5/H/case-111162_JAY_ANNOTATION.png,"[11,12]",1.56
regenerated_new/6/H/case-111162_JAY_ANNOTATION.png,"[11,12]",1.56
regenerated_new/7/H/case-111162_JAY_ANNOTATION.png,"[11,12]",1.56
regenerated_new/8/H/case-111162_JAY_ANNOTATION.png,"[11,12]",1.55
regenerated_new/9/H/case-111162_JAY_ANNOTATION.png,"[11,12]",1.56
regenerated_new/10/H/case-111162_JAY_ANNOTATION.png,"[11,12]",1.56
regenerated_new/11/H/case-111162_JAY_ANNOTATION.png,"[11,12]",1.55
regenerated_new/12/H/case-111162_JAY_ANNOTATION.png,"[11,12]",1.56
regenerated_new/13/H/case-111162_JAY_ANNOTATION.png,"[11,12]",1.56
regenerated_new/14/H/case-111162_JAY_ANNOTATION.png,"[11,12]",1.56
regenerated_new/1/H/case-111165_JAY_ANNOTATION.png,"[1, 11]",1.56
regenerated_new/2/H/case-111165_JAY_ANNOTATION.png,"[11,12]",1.56
regenerated_new/3/H/case-111165_JAY_ANNOTATION.png,"[11,12]",1.55
regenerated_new/4/H/case-111165_JAY_ANNOTATION.png,"[11,12]",1.55
regenerated_new/5/H/case-111165_JAY_ANNOTATION.png,"[11,12]",1.54
regenerated_new/6/H/case-111165_JAY_ANNOTATION.png,"[11,12]",1.56
regenerated_new/7/H/case-111165_JAY_ANNOTATION.png,"[2,3]",1.22
regenerated_new/8/H/case-111165_JAY_ANNOTATION.png,"[11,12]",1.56
regenerated_new/9/H/case-111165_JAY_ANNOTATION.png,"[11,12]",1.56
regenerated_new/10/H/case-111165_JAY_ANNOTATION.png,"[11,12]",1.56
regenerated_new/11/H/case-111165_JAY_ANNOTATION.png,"[11,12]",1.56
regenerated_new/12/H/case-111165_JAY_ANNOTATION.png,"[11,12]",1.55
regenerated_new/13/H/case-111165_JAY_ANNOTATION.png,"[11,12]",1.56
regenerated_new/14/H/case-111165_JAY_ANNOTATION.png,"[11,12]",1.56
regenerated_new/1/H/case-111178_JAY_ANNOTATION.png,"[1, 11]",1.56
regenerated_new/2/H/case-111178_JAY_ANNOTATION.png,"[11,12]",1.56
regenerated_new/3/H/case-111178_JAY_ANNOTATION.png,"[11,12]",1.56
regenerated_new/4/H/case-111178_JAY_ANNOTATION.png,"[11,12]",1.56
regenerated_new/5/H/case-111178_JAY_ANNOTATION.png,"[11,12]",1.56
regenerated_new/6/H/case-111178_JAY_ANNOTATION.png,"[11,12]",1.56
regenerated_new/7/H/case-111178_JAY_ANNOTATION.png,"[11,12]",1.56
regenerated_new/8/H/case-111178_JAY_ANNOTATION.png,"[11,12]",1.55
regenerated_new/9/H/case-111178_JAY_ANNOTATION.png,"[11,12]",1.55
regenerated_new/10/H/case-111178_JAY_ANNOTATION.png,"[11,12]",1.56
regenerated_new/11/H/case-111178_JAY_ANNOTATION.png,"[11,12]",1.56
regenerated_new/12/H/case-111178_JAY_ANNOTATION.png,"[11,12]",1.56
regenerated_new/13/H/case-111178_JAY_ANNOTATION.png,"[11,12]",1.56
regenerated_new/14/H/case-111178_JAY_ANNOTATION.png,"[11,12]",1.56
regenerated_new/1/H/case-111246_JAY_ANNOTATION.png,"[1, 11]",1.55
regenerated_new/2/H/case-111246_JAY_ANNOTATION.png,"[2,3]",1.22
regenerated_new/3/H/case-111246_JAY_ANNOTATION.png,"[11,12]",1.55
regenerated_new/4/H/case-111246_JAY_ANNOTATION.png,"[11,12]",1.56
regenerated_new/5/H/case-111246_JAY_ANNOTATION.png,"[11,12]",1.56
regenerated_new/6/H/case-111246_JAY_ANNOTATION.png,"[2,3]",1.22
regenerated_new/7/H/case-111246_JAY_ANNOTATION.png,"[11,12]",1.55
regenerated_new/8/H/case-111246_JAY_ANNOTATION.png,"[11,12]",1.56
regenerated_new/9/H/case-111246_JAY_ANNOTATION.png,"[11,12]",1.55
regenerated_new/10/H/case-111246_JAY_ANNOTATION.png,"[11,12]",1.56
regenerated_new/11/H/case-111246_JAY_ANNOTATION.png,"[11,12]",1.56
regenerated_new/12/H/case-111246_JAY_ANNOTATION.png,"[11,12]",1.56
regenerated_new/13/H/case-111246_JAY_ANNOTATION.png,"[11,12]",1.55
regenerated_new/14/H/case-111246_JAY_ANNOTATION.png,"[11,12]",1.56
regenerated_new/1/H/case-111273_JAY_ANNOTATION.png,"[1, 11]",1.56
regenerated_new/2/H/case-111273_JAY_ANNOTATION.png,"[2,3]",1.21
regenerated_new/3/H/case-111273_JAY_ANNOTATION.png,"[11,12]",1.56
regenerated_new/4/H/case-111273_JAY_ANNOTATION.png,"[11,12]",1.55
regenerated_new/5/H/case-111273_JAY_ANNOTATION.png,"[11,12]",1.55
regenerated_new/6/H/case-111273_JAY_ANNOTATION.png,"[11,12]",1.55
regenerated_new/7/H/case-111273_JAY_ANNOTATION.png,"[11,12]",1.55
regenerated_new/8/H/case-111273_JAY_ANNOTATION.png,"[11,12]",1.56
regenerated_new/9/H/case-111273_JAY_ANNOTATION.png,"[11,12]",1.56
regenerated_new/10/H/case-111273_JAY_ANNOTATION.png,"[11,12]",1.56
regenerated_new/11/H/case-111273_JAY_ANNOTATION.png,"[11,12]",1.56
regenerated_new/12/H/case-111273_JAY_ANNOTATION.png,"[11,12]",1.56
regenerated_new/13/H/case-111273_JAY_ANNOTATION.png,"[11,12]",1.55
regenerated_new/14/H/case-111273_JAY_ANNOTATION.png,"[11,12]",1.55
regenerated_new/1/H/case-111359_JAY_ANNOTATION.png,"[1, 11]",1.56
regenerated_new/2/H/case-111359_JAY_ANNOTATION.png,"[11,12]",1.55
regenerated_new/3/H/case-111359_JAY_ANNOTATION.png,"[11,12]",1.56
regenerated_new/4/H/case-111359_JAY_ANNOTATION.png,"[11,12]",1.55
regenerated_new/5/H/case-111359_JAY_ANNOTATION.png,"[11,12]",1.56
regenerated_new/6/H/case-111359_JAY_ANNOTATION.png,"[11,12]",1.54
regenerated_new/7/H/case-111359_JAY_ANNOTATION.png,"[11,12]",1.56
regenerated_new/8/H/case-111359_JAY_ANNOTATION.png,"[11,12]",1.55
regenerated_new/9/H/case-111359_JAY_ANNOTATION.png,"[11,12]",1.56
regenerated_new/10/H/case-111359_JAY_ANNOTATION.png,"[11,12]",1.56
regenerated_new/11/H/case-111359_JAY_ANNOTATION.png,"[11,12]",1.56
regenerated_new/12/H/case-111359_JAY_ANNOTATION.png,"[11,12]",1.56
regenerated_new/13/H/case-111359_JAY_ANNOTATION.png,"[11,12]",1.55
regenerated_new/14/H/case-111359_JAY_ANNOTATION.png,"[11,12]",1.55
regenerated_new/1/H/case-111405_JAY_ANNOTATION.png,"[1, 11]",1.56
regenerated_new/2/H/case-111405_JAY_ANNOTATION.png,"[11,12]",1.55
regenerated_new/3/H/case-111405_JAY_ANNOTATION.png,"[11,12]",1.55
regenerated_new/4/H/case-111405_JAY_ANNOTATION.png,"[11,12]",1.56
regenerated_new/5/H/case-111405_JAY_ANNOTATION.png,"[11,12]",1.56
regenerated_new/6/H/case-111405_JAY_ANNOTATION.png,"[11,12]",1.56
regenerated_new/7/H/case-111405_JAY_ANNOTATION.png,"[2,3]",1.21
regenerated_new/8/H/case-111405_JAY_ANNOTATION.png,"[11,12]",1.55
regenerated_new/9/H/case-111405_JAY_ANNOTATION.png,"[11,12]",1.55
regenerated_new/10/H/case-111405_JAY_ANNOTATION.png,"[11,12]",1.55
regenerated_new/11/H/case-111405_JAY_ANNOTATION.png,"[11,12]",1.55
regenerated_new/12/H/case-111405_JAY_ANNOTATION.png,"[11,12]",1.55
regenerated_new/13/H/case-111405_JAY_ANNOTATION.png,"[11,12]",1.55
regenerated_new/14/H/case-111405_JAY_ANNOTATION.png,"[11,12]",1.54
regenerated_new/1/H/case-111446_JAY_ANNOTATION.png,"[1, 11]",1.55
regenerated_new/2/H/case-111446_JAY_ANNOTATION.png,"[11,12]",1.56
regenerated_new/3/H/case-111446_JAY_ANNOTATION.png,"[11,12]",1.55
regenerated_new/4/H/case-111446_JAY_ANNOTATION.png,"[11,12]",1.55
regenerated_new/5/H/case-111446_JAY_ANNOTATION.png,"[11,12]",1.55
regenerated_new/6/H/case-111446_JAY_ANNOTATION.png,"[1, 11]",1.55
regenerated_new/7/H/case-111446_JAY_ANNOTATION.png,"[11,12]",1.55
regenerated_new/8/H/case-111446_JAY_ANNOTATION.png,"[11,12]",1.56
regenerated_new/9/H/case-111446_JAY_ANNOTATION.png,"[11,12]",1.56
regenerated_new/10/H/case-111446_JAY_ANNOTATION.png,"[11,12]",1.56
regenerated_new/11/H/case-111446_JAY_ANNOTATION.png,"[11,12]",1.56
regenerated_new/12/H/case-111446_JAY_ANNOTATION.png,"[11,12]",1.56
regenerated_new/13/H/case-111446_JAY_ANNOTATION.png,"[11,12]",1.55
regenerated_new/14/H/case-111446_JAY_ANNOTATION.png,"[11,12]",1.56
regenerated_new/1/H/case-111546_JAY_ANNOTATION.png,"[1, 11]",1.55
regenerated_new/2/H/case-111546_JAY_ANNOTATION.png,"[11,12]",1.56
regenerated_new/3/H/case-111546_JAY_ANNOTATION.png,"[11,12]",1.55
regenerated_new/4/H/case-111546_JAY_ANNOTATION.png,"[11,12]",1.56
regenerated_new/5/H/case-111546_JAY_ANNOTATION.png,"[11,12]",1.55
regenerated_new/6/H/case-111546_JAY_ANNOTATION.png,"[6,7]",1.21
regenerated_new/7/H/case-111546_JAY_ANNOTATION.png,"[11,12]",1.54
regenerated_new/8/H/case-111546_JAY_ANNOTATION.png,"[11,12]",1.55
regenerated_new/9/H/case-111546_JAY_ANNOTATION.png,"[11,12]",1.55
regenerated_new/10/H/case-111546_JAY_ANNOTATION.png,"[11,12]",1.55
regenerated_new/11/H/case-111546_JAY_ANNOTATION.png,"[11,12]",1.56
regenerated_new/12/H/case-111546_JAY_ANNOTATION.png,"[11,12]",1.55
regenerated_new/13/H/case-111546_JAY_ANNOTATION.png,"[11,12]",1.56
regenerated_new/14/H/case-111546_JAY_ANNOTATION.png,"[11,12]",1.55
regenerated_new/1/H/case-111573_JAY_ANNOTATION.png,"[1, 11]",1.55
regenerated_new/2/H/case-111573_JAY_ANNOTATION.png,"[11,12]",1.55
regenerated_new/3/H/case-111573_JAY_ANNOTATION.png,"[11,12]",1.55
regenerated_new/4/H/case-111573_JAY_ANNOTATION.png,"[11,12]",1.55
regenerated_new/5/H/case-111573_JAY_ANNOTATION.png,"[11,12]",1.55
regenerated_new/6/H/case-111573_JAY_ANNOTATION.png,"[11,12]",1.55
regenerated_new/7/H/case-111573_JAY_ANNOTATION.png,"[11,12]",1.54
regenerated_new/8/H/case-111573_JAY_ANNOTATION.png,"[11,12]",1.56
regenerated_new/9/H/case-111573_JAY_ANNOTATION.png,"[11,12]",1.55
regenerated_new/10/H/case-111573_JAY_ANNOTATION.png,"[11,12]",1.54
regenerated_new/11/H/case-111573_JAY_ANNOTATION.png,"[11,12]",1.55
regenerated_new/12/H/case-111573_JAY_ANNOTATION.png,"[11,12]",1.56
regenerated_new/13/H/case-111573_JAY_ANNOTATION.png,"[11,12]",1.55
regenerated_new/14/H/case-111573_JAY_ANNOTATION.png,"[11,12]",1.55
regenerated_new/1/H/case-111685_JAY_ANNOTATION.png,"[1, 11]",1.54
regenerated_new/2/H/case-111685_JAY_ANNOTATION.png,"[11,12]",1.55
regenerated_new/3/H/case-111685_JAY_ANNOTATION.png,"[11,12]",1.55
regenerated_new/4/H/case-111685_JAY_ANNOTATION.png,"[11,12]",1.55
regenerated_new/5/H/case-111685_JAY_ANNOTATION.png,"[11,12]",1.55
regenerated_new/6/H/case-111685_JAY_ANNOTATION.png,"[11,12]",1.57
regenerated_new/7/H/case-111685_JAY_ANNOTATION.png,"[11,12]",1.57
regenerated_new/8/H/case-111685_JAY_ANNOTATION.png,"[11,12]",1.57
regenerated_new/9/H/case-111685_JAY_ANNOTATION.png,"[11,12]",1.57
regenerated_new/10/H/case-111685_JAY_ANNOTATION.png,"[11,12]",1.56
regenerated_new/11/H/case-111685_JAY_ANNOTATION.png,"[11,12]",1.56
regenerated_new/12/H/case-111685_JAY_ANNOTATION.png,"[11,12]",1.56
regenerated_new/13/H/case-111685_JAY_ANNOTATION.png,"[11,12]",1.55
regenerated_new/14/H/case-111685_JAY_ANNOTATION.png,"[11,12]",1.55
regenerated_new/1/H/case-111755_JAY_ANNOTATION.png,"[1, 11]",1.55
regenerated_new/2/H/case-111755_JAY_ANNOTATION.png,"[11,12]",1.56
regenerated_new/3/H/case-111755_JAY_ANNOTATION.png,"[11,12]",1.55
regenerated_new/4/H/case-111755_JAY_ANNOTATION.png,"[11,12]",1.56
regenerated_new/5/H/case-111755_JAY_ANNOTATION.png,"[11,12]",1.55
regenerated_new/6/H/case-111755_JAY_ANNOTATION.png,"[10,11]",1.55
regenerated_new/7/H/case-111755_JAY_ANNOTATION.png,"[11,12]",1.55
regenerated_new/8/H/case-111755_JAY_ANNOTATION.png,"[11,12]",1.54
regenerated_new/9/H/case-111755_JAY_ANNOTATION.png,"[11,12]",1.55
regenerated_new/10/H/case-111755_JAY_ANNOTATION.png,"[11,12]",1.56
regenerated_new/11/H/case-111755_JAY_ANNOTATION.png,"[11,12]",1.56
regenerated_new/12/H/case-111755_JAY_ANNOTATION.png,"[11,12]",1.55
regenerated_new/13/H/case-111755_JAY_ANNOTATION.png,"[11,12]",1.55
regenerated_new/14/H/case-111755_JAY_ANNOTATION.png,"[11,12]",2.01
regenerated_new/1/H/case-111791_JAY_ANNOTATION.png,"[1, 11]",1.55
regenerated_new/2/H/case-111791_JAY_ANNOTATION.png,"[11,12]",1.55
regenerated_new/3/H/case-111791_JAY_ANNOTATION.png,"[2,3]",1.21
regenerated_new/4/H/case-111791_JAY_ANNOTATION.png,"[11,12]",1.55
regenerated_new/5/H/case-111791_JAY_ANNOTATION.png,"[11,12]",1.55
regenerated_new/6/H/case-111791_JAY_ANNOTATION.png,"[11,12]",1.55
regenerated_new/7/H/case-111791_JAY_ANNOTATION.png,"[11,12]",1.55
regenerated_new/8/H/case-111791_JAY_ANNOTATION.png,"[11,12]",1.55
regenerated_new/9/H/case-111791_JAY_ANNOTATION.png,"[11,12]",1.55
regenerated_new/10/H/case-111791_JAY_ANNOTATION.png,"[11,12]",1.55
regenerated_new/11/H/case-111791_JAY_ANNOTATION.png,"[11,12]",1.55
regenerated_new/12/H/case-111791_JAY_ANNOTATION.png,"[11,12]",1.55
regenerated_new/13/H/case-111791_JAY_ANNOTATION.png,"[11,12]",1.54
regenerated_new/14/H/case-111791_JAY_ANNOTATION.png,"[11,12]",1.55
regenerated_new/1/H/case-111819_JAY_ANNOTATION.png,"[1, 11]",1.56
regenerated_new/2/H/case-111819_JAY_ANNOTATION.png,"[11,12]",1.55
regenerated_new/3/H/case-111819_JAY_ANNOTATION.png,"[2,3]",1.22
regenerated_new/4/H/case-111819_JAY_ANNOTATION.png,"[11,12]",1.56
regenerated_new/5/H/case-111819_JAY_ANNOTATION.png,"[11,12]",1.55
regenerated_new/6/H/case-111819_JAY_ANNOTATION.png,"[11,12]",1.55
regenerated_new/7/H/case-111819_JAY_ANNOTATION.png,"[11,12]",1.55
regenerated_new/8/H/case-111819_JAY_ANNOTATION.png,"[11,12]",1.56
regenerated_new/9/H/case-111819_JAY_ANNOTATION.png,"[11,12]",1.55
regenerated_new/10/H/case-111819_JAY_ANNOTATION.png,"[11,12]",1.55
regenerated_new/11/H/case-111819_JAY_ANNOTATION.png,"[11,12]",1.55
regenerated_new/12/H/case-111819_JAY_ANNOTATION.png,"[11,12]",1.55
regenerated_new/13/H/case-111819_JAY_ANNOTATION.png,"[11,12]",1.55
regenerated_new/14/H/case-111819_JAY_ANNOTATION.png,"[11,12]",1.55
regenerated_new/1/H/case-111830_JAY_ANNOTATION.png,"[1, 11]",1.56
regenerated_new/2/H/case-111830_JAY_ANNOTATION.png,"[11,12]",1.55
regenerated_new/3/H/case-111830_JAY_ANNOTATION.png,"[11,12]",1.55
regenerated_new/4/H/case-111830_JAY_ANNOTATION.png,"[11,12]",1.55
regenerated_new/5/H/case-111830_JAY_ANNOTATION.png,"[11,12]",1.55
regenerated_new/6/H/case-111830_JAY_ANNOTATION.png,"[11,12]",1.55
regenerated_new/7/H/case-111830_JAY_ANNOTATION.png,"[11,12]",1.56
regenerated_new/8/H/case-111830_JAY_ANNOTATION.png,"[11,12]",1.55
regenerated_new/9/H/case-111830_JAY_ANNOTATION.png,"[11,12]",1.55
regenerated_new/10/H/case-111830_JAY_ANNOTATION.png,"[11,12]",1.55
regenerated_new/11/H/case-111830_JAY_ANNOTATION.png,"[11,12]",1.55
regenerated_new/12/H/case-111830_JAY_ANNOTATION.png,"[11,12]",1.56
regenerated_new/13/H/case-111830_JAY_ANNOTATION.png,"[11,12]",1.55
regenerated_new/14/H/case-111830_JAY_ANNOTATION.png,"[11,12]",1.55
regenerated_new/1/H/case-111863_JAY_ANNOTATION.png,"[1, 11]",1.55
regenerated_new/2/H/case-111863_JAY_ANNOTATION.png,"[11,12]",1.55
regenerated_new/3/H/case-111863_JAY_ANNOTATION.png,"[2,3]",1.21
regenerated_new/4/H/case-111863_JAY_ANNOTATION.png,"[11,12]",1.55
regenerated_new/5/H/case-111863_JAY_ANNOTATION.png,"[11,12]",1.55
regenerated_new/6/H/case-111863_JAY_ANNOTATION.png,"[11,12]",1.55
regenerated_new/7/H/case-111863_JAY_ANNOTATION.png,"[11,12]",1.55
regenerated_new/8/H/case-111863_JAY_ANNOTATION.png,"[11,12]",1.55
regenerated_new/9/H/case-111863_JAY_ANNOTATION.png,"[11,12]",1.54
regenerated_new/10/H/case-111863_JAY_ANNOTATION.png,"[11,12]",1.56
regenerated_new/11/H/case-111863_JAY_ANNOTATION.png,"[11,12]",1.57
regenerated_new/12/H/case-111863_JAY_ANNOTATION.png,"[11,12]",1.56
regenerated_new/13/H/case-111863_JAY_ANNOTATION.png,"[11,12]",1.55
regenerated_new/14/H/case-111863_JAY_ANNOTATION.png,"[11,12]",1.56
regenerated_new/1/H/case-111923_JAY_ANNOTATION.png,"[11,12]",1.56
regenerated_new/2/H/case-111923_JAY_ANNOTATION.png,"[11,12]",1.55
regenerated_new/3/H/case-111923_JAY_ANNOTATION.png,"[11,12]",1.55
regenerated_new/4/H/case-111923_JAY_ANNOTATION.png,"[11,12]",1.55
regenerated_new/5/H/case-111923_JAY_ANNOTATION.png,"[11,12]",1.55
regenerated_new/6/H/case-111923_JAY_ANNOTATION.png,"[11,12]",1.55
regenerated_new/7/H/case-111923_JAY_ANNOTATION.png,"[11,12]",1.55
regenerated_new/8/H/case-111923_JAY_ANNOTATION.png,"[11,12]",1.55
regenerated_new/9/H/case-111923_JAY_ANNOTATION.png,"[11,12]",1.55
regenerated_new/10/H/case-111923_JAY_ANNOTATION.png,"[11,12]",1.55
regenerated_new/11/H/case-111923_JAY_ANNOTATION.png,"[11,12]",1.55
regenerated_new/12/H/case-111923_JAY_ANNOTATION.png,"[11,12]",1.55
regenerated_new/13/H/case-111923_JAY_ANNOTATION.png,"[11,12]",1.55
regenerated_new/14/H/case-111923_JAY_ANNOTATION.png,"[11,12]",1.55
regenerated_new/1/H/case-112038_JAY_ANNOTATION.png,"[1, 11]",1.55
regenerated_new/2/H/case-112038_JAY_ANNOTATION.png,"[2,3]",1.21
regenerated_new/3/H/case-112038_JAY_ANNOTATION.png,"[11,12]",1.55
regenerated_new/4/H/case-112038_JAY_ANNOTATION.png,"[11,12]",1.56
regenerated_new/5/H/case-112038_JAY_ANNOTATION.png,"[11,12]",1.55
regenerated_new/6/H/case-112038_JAY_ANNOTATION.png,"[11,12]",1.55
regenerated_new/7/H/case-112038_JAY_ANNOTATION.png,"[11,12]",1.55
regenerated_new/8/H/case-112038_JAY_ANNOTATION.png,"[11,12]",1.56
regenerated_new/9/H/case-112038_JAY_ANNOTATION.png,"[11,12]",1.55
regenerated_new/10/H/case-112038_JAY_ANNOTATION.png,"[11,12]",1.55
regenerated_new/11/H/case-112038_JAY_ANNOTATION.png,"[11,12]",1.56
regenerated_new/12/H/case-112038_JAY_ANNOTATION.png,"[11,12]",1.56
regenerated_new/13/H/case-112038_JAY_ANNOTATION.png,"[11,12]",1.56
regenerated_new/14/H/case-112038_JAY_ANNOTATION.png,"[11,12]",1.56
regenerated_new/1/H/case-112071_JAY_ANNOTATION.png,"[1, 11]",1.55
regenerated_new/2/H/case-112071_JAY_ANNOTATION.png,"[11,12]",1.56
regenerated_new/3/H/case-112071_JAY_ANNOTATION.png,"[11,12]",1.55
regenerated_new/4/H/case-112071_JAY_ANNOTATION.png,"[11,12]",1.55
regenerated_new/5/H/case-112071_JAY_ANNOTATION.png,"[11,12]",1.55
regenerated_new/6/H/case-112071_JAY_ANNOTATION.png,"[11,12]",1.56
regenerated_new/7/H/case-112071_JAY_ANNOTATION.png,"[11,12]",1.56
regenerated_new/8/H/case-112071_JAY_ANNOTATION.png,"[10,11]",1.54
regenerated_new/9/H/case-112071_JAY_ANNOTATION.png,"[11,12]",1.55
regenerated_new/10/H/case-112071_JAY_ANNOTATION.png,"[11,12]",1.56
regenerated_new/11/H/case-112071_JAY_ANNOTATION.png,"[11,12]",1.55
regenerated_new/12/H/case-112071_JAY_ANNOTATION.png,"[11,12]",1.55
regenerated_new/13/H/case-112071_JAY_ANNOTATION.png,"[11,12]",1.56
regenerated_new/14/H/case-112071_JAY_ANNOTATION.png,"[11,12]",1.55
regenerated_new/1/H/case-112086_JAY_ANNOTATION.png,"[1, 11]",1.55
regenerated_new/2/H/case-112086_JAY_ANNOTATION.png,"[11,12]",1.55
regenerated_new/3/H/case-112086_JAY_ANNOTATION.png,"[11,12]",1.56
regenerated_new/4/H/case-112086_JAY_ANNOTATION.png,"[11,12]",1.56
regenerated_new/5/H/case-112086_JAY_ANNOTATION.png,"[11,12]",1.56
regenerated_new/6/H/case-112086_JAY_ANNOTATION.png,"[11,12]",1.56
regenerated_new/7/H/case-112086_JAY_ANNOTATION.png,"[11,12]",1.55
regenerated_new/8/H/case-112086_JAY_ANNOTATION.png,"[11,12]",1.55
regenerated_new/9/H/case-112086_JAY_ANNOTATION.png,"[11,12]",1.56
regenerated_new/10/H/case-112086_JAY_ANNOTATION.png,"[11,12]",1.56
regenerated_new/11/H/case-112086_JAY_ANNOTATION.png,"[11,12]",1.55
regenerated_new/12/H/case-112086_JAY_ANNOTATION.png,"[11,12]",1.54
regenerated_new/13/H/case-112086_JAY_ANNOTATION.png,"[11,12]",1.56
regenerated_new/14/H/case-112086_JAY_ANNOTATION.png,"[11,12]",1.56
regenerated_new/1/H/case-112092_JAY_ANNOTATION.png,"[1, 11]",1.55
regenerated_new/2/H/case-112092_JAY_ANNOTATION.png,"[11,12]",1.56
regenerated_new/3/H/case-112092_JAY_ANNOTATION.png,"[11,12]",1.55
regenerated_new/4/H/case-112092_JAY_ANNOTATION.png,"[11,12]",1.56
regenerated_new/5/H/case-112092_JAY_ANNOTATION.png,"[11,12]",1.56
regenerated_new/6/H/case-112092_JAY_ANNOTATION.png,"[2,3]",1.22
regenerated_new/7/H/case-112092_JAY_ANNOTATION.png,"[11,12]",1.55
regenerated_new/9/H/case-112092_JAY_ANNOTATION.png,"[11,12]",1.55
regenerated_new/10/H/case-112092_JAY_ANNOTATION.png,"[11,12]",1.55
regenerated_new/11/H/case-112092_JAY_ANNOTATION.png,"[11,12]",1.56
regenerated_new/12/H/case-112092_JAY_ANNOTATION.png,"[11,12]",1.56
regenerated_new/13/H/case-112092_JAY_ANNOTATION.png,"[11,12]",1.55
regenerated_new/14/H/case-112092_JAY_ANNOTATION.png,"[11,12]",1.56
regenerated_new/1/H/case-112132_JAY_ANNOTATION.png,"[1, 11]",1.55
regenerated_new/2/H/case-112132_JAY_ANNOTATION.png,"[2,3]",1.21
regenerated_new/3/H/case-112132_JAY_ANNOTATION.png,"[2,3]",1.21
regenerated_new/4/H/case-112132_JAY_ANNOTATION.png,"[11,12]",1.55
regenerated_new/5/H/case-112132_JAY_ANNOTATION.png,"[11,12]",1.54
regenerated_new/6/H/case-112132_JAY_ANNOTATION.png,"[11,12]",1.55
regenerated_new/7/H/case-112132_JAY_ANNOTATION.png,"[11,12]",1.55
regenerated_new/8/H/case-112132_JAY_ANNOTATION.png,"[11,12]",1.56
regenerated_new/9/H/case-112132_JAY_ANNOTATION.png,"[11,12]",1.56
regenerated_new/10/H/case-112132_JAY_ANNOTATION.png,"[11,12]",1.56
regenerated_new/11/H/case-112132_JAY_ANNOTATION.png,"[11,12]",1.55
regenerated_new/12/H/case-112132_JAY_ANNOTATION.png,"[11,12]",1.55
regenerated_new/13/H/case-112132_JAY_ANNOTATION.png,"[11,12]",1.55
regenerated_new/14/H/case-112132_JAY_ANNOTATION.png,"[11,12]",1.56
regenerated_new/1/H/case-112180_JAY_ANNOTATION.png,"[1, 11]",1.55
regenerated_new/2/H/case-112180_JAY_ANNOTATION.png,"[2,3]",1.21
regenerated_new/3/H/case-112180_JAY_ANNOTATION.png,"[11,12]",1.55
regenerated_new/4/H/case-112180_JAY_ANNOTATION.png,"[11,12]",1.55
regenerated_new/5/H/case-112180_JAY_ANNOTATION.png,"[11,12]",1.55
regenerated_new/6/H/case-112180_JAY_ANNOTATION.png,"[11,12]",1.55
regenerated_new/7/H/case-112180_JAY_ANNOTATION.png,"[11,12]",1.55
regenerated_new/8/H/case-112180_JAY_ANNOTATION.png,"[11,12]",1.54
regenerated_new/9/H/case-112180_JAY_ANNOTATION.png,"[11,12]",1.53
regenerated_new/10/H/case-112180_JAY_ANNOTATION.png,"[11,12]",1.55
regenerated_new/11/H/case-112180_JAY_ANNOTATION.png,"[11,12]",1.56
regenerated_new/12/H/case-112180_JAY_ANNOTATION.png,"[11,12]",1.55
regenerated_new/13/H/case-112180_JAY_ANNOTATION.png,"[11,12]",1.55
regenerated_new/14/H/case-112180_JAY_ANNOTATION.png,"[11,12]",1.55
regenerated_new/1/H/case-112208_JAY_ANNOTATION.png,"[1, 11]",1.55
regenerated_new/2/H/case-112208_JAY_ANNOTATION.png,"[11,12]",1.55
regenerated_new/3/H/case-112208_JAY_ANNOTATION.png,"[11,12]",1.56
regenerated_new/4/H/case-112208_JAY_ANNOTATION.png,"[11,12]",1.55
regenerated_new/5/H/case-112208_JAY_ANNOTATION.png,"[11,12]",1.55
regenerated_new/6/H/case-112208_JAY_ANNOTATION.png,"[11,12]",1.54
regenerated_new/7/H/case-112208_JAY_ANNOTATION.png,"[11,12]",1.55
regenerated_new/8/H/case-112208_JAY_ANNOTATION.png,"[11,12]",1.55
regenerated_new/9/H/case-112208_JAY_ANNOTATION.png,"[11,12]",1.55
regenerated_new/10/H/case-112208_JAY_ANNOTATION.png,"[11,12]",1.54
regenerated_new/11/H/case-112208_JAY_ANNOTATION.png,"[11,12]",1.55
regenerated_new/12/H/case-112208_JAY_ANNOTATION.png,"[11,12]",1.55
regenerated_new/13/H/case-112208_JAY_ANNOTATION.png,"[11,12]",1.55
regenerated_new/14/H/case-112208_JAY_ANNOTATION.png,"[11,12]",1.55
regenerated_new/1/H/case-112234_JAY_ANNOTATION.png,"[1, 11]",1.55
regenerated_new/2/H/case-112234_JAY_ANNOTATION.png,"[11,12]",1.55
regenerated_new/3/H/case-112234_JAY_ANNOTATION.png,"[11,12]",1.54
regenerated_new/4/H/case-112234_JAY_ANNOTATION.png,"[11,12]",1.55
regenerated_new/5/H/case-112234_JAY_ANNOTATION.png,"[11,12]",1.55
regenerated_new/6/H/case-112234_JAY_ANNOTATION.png,"[11,12]",1.55
regenerated_new/7/H/case-112234_JAY_ANNOTATION.png,"[11,12]",1.55
regenerated_new/8/H/case-112234_JAY_ANNOTATION.png,"[11,12]",1.56
regenerated_new/9/H/case-112234_JAY_ANNOTATION.png,"[11,12]",1.56
regenerated_new/10/H/case-112234_JAY_ANNOTATION.png,"[11,12]",1.55
regenerated_new/11/H/case-112234_JAY_ANNOTATION.png,"[11,12]",1.55
regenerated_new/12/H/case-112234_JAY_ANNOTATION.png,"[11,12]",1.56
regenerated_new/13/H/case-112234_JAY_ANNOTATION.png,"[11,12]",1.55
regenerated_new/14/H/case-112234_JAY_ANNOTATION.png,"[11,12]",1.55
regenerated_new/1/H/case-112249_JAY_ANNOTATION.png,"[11,12]",1.55
regenerated_new/2/H/case-112249_JAY_ANNOTATION.png,"[10,11]",1.56
regenerated_new/3/H/case-112249_JAY_ANNOTATION.png,"[2,3]",1.21
regenerated_new/4/H/case-112249_JAY_ANNOTATION.png,"[11,12]",1.55
regenerated_new/5/H/case-112249_JAY_ANNOTATION.png,"[11,12]",1.55
regenerated_new/6/H/case-112249_JAY_ANNOTATION.png,"[11,12]",1.55
regenerated_new/7/H/case-112249_JAY_ANNOTATION.png,"[11,12]",1.55
regenerated_new/8/H/case-112249_JAY_ANNOTATION.png,"[11,12]",1.55
regenerated_new/9/H/case-112249_JAY_ANNOTATION.png,"[11,12]",1.56
regenerated_new/10/H/case-112249_JAY_ANNOTATION.png,"[11,12]",1.55
regenerated_new/11/H/case-112249_JAY_ANNOTATION.png,"[11,12]",1.55
regenerated_new/12/H/case-112249_JAY_ANNOTATION.png,"[11,12]",1.55
regenerated_new/13/H/case-112249_JAY_ANNOTATION.png,"[11,12]",1.56
regenerated_new/14/H/case-112249_JAY_ANNOTATION.png,"[11,12]",1.56
regenerated_new/1/H/case-112292_JAY_ANNOTATION.png,"[1, 11]",1.55
regenerated_new/2/H/case-112292_JAY_ANNOTATION.png,"[11,12]",1.55
regenerated_new/3/H/case-112292_JAY_ANNOTATION.png,"[11,12]",1.56
regenerated_new/4/H/case-112292_JAY_ANNOTATION.png,"[11,12]",1.56
regenerated_new/5/H/case-112292_JAY_ANNOTATION.png,"[11,12]",1.56
regenerated_new/6/H/case-112292_JAY_ANNOTATION.png,"[11,12]",1.57
regenerated_new/7/H/case-112292_JAY_ANNOTATION.png,"[11,12]",1.58
regenerated_new/8/H/case-112292_JAY_ANNOTATION.png,"[11,12]",1.57
regenerated_new/9/H/case-112292_JAY_ANNOTATION.png,"[11,12]",1.56
regenerated_new/10/H/case-112292_JAY_ANNOTATION.png,"[11,12]",1.56
regenerated_new/11/H/case-112292_JAY_ANNOTATION.png,"[11,12]",1.56
regenerated_new/12/H/case-112292_JAY_ANNOTATION.png,"[11,12]",1.55
regenerated_new/13/H/case-112292_JAY_ANNOTATION.png,"[11,12]",1.55
regenerated_new/14/H/case-112292_JAY_ANNOTATION.png,"[11,12]",1.56
regenerated_new/1/H/case-112297_JAY_ANNOTATION.png,"[1, 11]",1.55
regenerated_new/2/H/case-112297_JAY_ANNOTATION.png,"[11,12]",1.56
regenerated_new/3/H/case-112297_JAY_ANNOTATION.png,"[11,12]",1.56
regenerated_new/4/H/case-112297_JAY_ANNOTATION.png,"[11,12]",1.55
regenerated_new/5/H/case-112297_JAY_ANNOTATION.png,"[11,12]",1.55
regenerated_new/6/H/case-112297_JAY_ANNOTATION.png,"[2,3]",1.22
regenerated_new/7/H/case-112297_JAY_ANNOTATION.png,"[11,12]",1.56
regenerated_new/8/H/case-112297_JAY_ANNOTATION.png,"[11,12]",1.56
regenerated_new/9/H/case-112297_JAY_ANNOTATION.png,"[11,12]",1.56
regenerated_new/10/H/case-112297_JAY_ANNOTATION.png,"[11,12]",1.55
regenerated_new/11/H/case-112297_JAY_ANNOTATION.png,"[11,12]",1.56
regenerated_new/12/H/case-112297_JAY_ANNOTATION.png,"[11,12]",1.56
regenerated_new/13/H/case-112297_JAY_ANNOTATION.png,"[11,12]",1.56
regenerated_new/14/H/case-112297_JAY_ANNOTATION.png,"[11,12]",1.56
regenerated_new/1/H/case-112348_JAY_ANNOTATION.png,"[1, 11]",1.56
regenerated_new/2/H/case-112348_JAY_ANNOTATION.png,"[11,12]",1.56
regenerated_new/3/H/case-112348_JAY_ANNOTATION.png,"[11,12]",1.55
regenerated_new/4/H/case-112348_JAY_ANNOTATION.png,"[11,12]",1.55
regenerated_new/5/H/case-112348_JAY_ANNOTATION.png,"[11,12]",1.55
regenerated_new/6/H/case-112348_JAY_ANNOTATION.png,"[11,12]",1.55
regenerated_new/7/H/case-112348_JAY_ANNOTATION.png,"[11,12]",1.55
regenerated_new/8/H/case-112348_JAY_ANNOTATION.png,"[11,12]",1.55
regenerated_new/9/H/case-112348_JAY_ANNOTATION.png,"[11,12]",1.55
regenerated_new/10/H/case-112348_JAY_ANNOTATION.png,"[11,12]",1.55
regenerated_new/11/H/case-112348_JAY_ANNOTATION.png,"[11,12]",1.56
regenerated_new/12/H/case-112348_JAY_ANNOTATION.png,"[11,12]",1.57
regenerated_new/13/H/case-112348_JAY_ANNOTATION.png,"[11,12]",1.57
regenerated_new/14/H/case-112348_JAY_ANNOTATION.png,"[11,12]",1.55
regenerated_new/1/H/case-112364_JAY_ANNOTATION.png,"[1, 11]",1.54
regenerated_new/2/H/case-112364_JAY_ANNOTATION.png,"[11,12]",1.56
regenerated_new/3/H/case-112364_JAY_ANNOTATION.png,"[11,12]",1.56
regenerated_new/4/H/case-112364_JAY_ANNOTATION.png,"[11,12]",1.55
regenerated_new/5/H/case-112364_JAY_ANNOTATION.png,"[11,12]",1.56
regenerated_new/6/H/case-112364_JAY_ANNOTATION.png,"[11,12]",1.56
regenerated_new/7/H/case-112364_JAY_ANNOTATION.png,"[11,12]",1.55
regenerated_new/8/H/case-112364_JAY_ANNOTATION.png,"[11,12]",1.56
regenerated_new/9/H/case-112364_JAY_ANNOTATION.png,"[11,12]",1.56
regenerated_new/10/H/case-112364_JAY_ANNOTATION.png,"[11,12]",1.56
regenerated_new/11/H/case-112364_JAY_ANNOTATION.png,"[11,12]",1.56
regenerated_new/12/H/case-112364_JAY_ANNOTATION.png,"[11,12]",1.55
regenerated_new/13/H/case-112364_JAY_ANNOTATION.png,"[11,12]",1.56
regenerated_new/14/H/case-112364_JAY_ANNOTATION.png,"[11,12]",1.56
regenerated_new/1/H/case-112387_JAY_ANNOTATION.png,"[1, 11]",1.56
regenerated_new/2/H/case-112387_JAY_ANNOTATION.png,"[11,12]",1.56
regenerated_new/3/H/case-112387_JAY_ANNOTATION.png,"[11,12]",1.56
regenerated_new/4/H/case-112387_JAY_ANNOTATION.png,"[11,12]",1.56
regenerated_new/5/H/case-112387_JAY_ANNOTATION.png,"[11,12]",1.56
regenerated_new/6/H/case-112387_JAY_ANNOTATION.png,"[11,12]",1.56
regenerated_new/7/H/case-112387_JAY_ANNOTATION.png,"[11,12]",1.56
regenerated_new/8/H/case-112387_JAY_ANNOTATION.png,"[11,12]",1.56
regenerated_new/9/H/case-112387_JAY_ANNOTATION.png,"[11,12]",1.56
regenerated_new/10/H/case-112387_JAY_ANNOTATION.png,"[11,12]",1.55
regenerated_new/11/H/case-112387_JAY_ANNOTATION.png,"[11,12]",1.55
regenerated_new/12/H/case-112387_JAY_ANNOTATION.png,"[11,12]",1.56
regenerated_new/13/H/case-112387_JAY_ANNOTATION.png,"[11,12]",1.56
regenerated_new/14/H/case-112387_JAY_ANNOTATION.png,"[11,12]",1.56
regenerated_new/1/H/case-112425_JAY_ANNOTATION.png,"[1, 11]",1.56
regenerated_new/2/H/case-112425_JAY_ANNOTATION.png,"[2,3]",1.22
regenerated_new/3/H/case-112425_JAY_ANNOTATION.png,"[11,12]",1.56
regenerated_new/4/H/case-112425_JAY_ANNOTATION.png,"[11,12]",1.56
regenerated_new/5/H/case-112425_JAY_ANNOTATION.png,"[11,12]",1.56
regenerated_new/6/H/case-112425_JAY_ANNOTATION.png,"[11,12]",1.55
regenerated_new/7/H/case-112425_JAY_ANNOTATION.png,"[2,3]",1.21
regenerated_new/8/H/case-112425_JAY_ANNOTATION.png,"[11,12]",1.56
regenerated_new/9/H/case-112425_JAY_ANNOTATION.png,"[11,12]",1.55
regenerated_new/10/H/case-112425_JAY_ANNOTATION.png,"[11,12]",1.55
regenerated_new/11/H/case-112425_JAY_ANNOTATION.png,"[11,12]",1.55
regenerated_new/12/H/case-112425_JAY_ANNOTATION.png,"[11,12]",1.55
regenerated_new/13/H/case-112425_JAY_ANNOTATION.png,"[11,12]",1.56
regenerated_new/14/H/case-112425_JAY_ANNOTATION.png,"[11,12]",1.56
regenerated_new/1/H/case-112437_JAY_ANNOTATION.png,"[1, 11]",1.56
regenerated_new/2/H/case-112437_JAY_ANNOTATION.png,"[11,12]",1.56
regenerated_new/3/H/case-112437_JAY_ANNOTATION.png,"[11,12]",1.56
regenerated_new/4/H/case-112437_JAY_ANNOTATION.png,"[11,12]",1.56
regenerated_new/5/H/case-112437_JAY_ANNOTATION.png,"[11,12]",1.54
regenerated_new/6/H/case-112437_JAY_ANNOTATION.png,"[11,12]",2.01
regenerated_new/7/H/case-112437_JAY_ANNOTATION.png,"[11,12]",1.55
regenerated_new/8/H/case-112437_JAY_ANNOTATION.png,"[11,12]",1.55
regenerated_new/9/H/case-112437_JAY_ANNOTATION.png,"[11,12]",1.54
regenerated_new/10/H/case-112437_JAY_ANNOTATION.png,"[11,12]",1.55
regenerated_new/11/H/case-112437_JAY_ANNOTATION.png,"[11,12]",1.55
regenerated_new/12/H/case-112437_JAY_ANNOTATION.png,"[11,12]",1.54
regenerated_new/13/H/case-112437_JAY_ANNOTATION.png,"[11,12]",1.54
regenerated_new/14/H/case-112437_JAY_ANNOTATION.png,"[11,12]",1.55
regenerated_new/1/H/case-112453_JAY_ANNOTATION.png,"[1, 11]",1.55
regenerated_new/2/H/case-112453_JAY_ANNOTATION.png,"[11,12]",1.56
regenerated_new/3/H/case-112453_JAY_ANNOTATION.png,"[11,12]",1.57
regenerated_new/4/H/case-112453_JAY_ANNOTATION.png,"[11,12]",1.56
regenerated_new/5/H/case-112453_JAY_ANNOTATION.png,"[11,12]",1.56
regenerated_new/6/H/case-112453_JAY_ANNOTATION.png,"[11,12]",1.56
regenerated_new/7/H/case-112453_JAY_ANNOTATION.png,"[11,12]",1.55
regenerated_new/8/H/case-112453_JAY_ANNOTATION.png,"[11,12]",1.55
regenerated_new/9/H/case-112453_JAY_ANNOTATION.png,"[11,12]",1.56
regenerated_new/10/H/case-112453_JAY_ANNOTATION.png,"[11,12]",1.55
regenerated_new/11/H/case-112453_JAY_ANNOTATION.png,"[11,12]",1.56
regenerated_new/12/H/case-112453_JAY_ANNOTATION.png,"[11,12]",1.55
regenerated_new/13/H/case-112453_JAY_ANNOTATION.png,"[11,12]",1.56
regenerated_new/14/H/case-112453_JAY_ANNOTATION.png,"[11,12]",1.55
regenerated_new/1/H/case-112536_JAY_ANNOTATION.png,"[1, 11]",1.55
regenerated_new/2/H/case-112536_JAY_ANNOTATION.png,"[11,12]",1.55
regenerated_new/3/H/case-112536_JAY_ANNOTATION.png,"[11,12]",1.56
regenerated_new/4/H/case-112536_JAY_ANNOTATION.png,"[11,12]",1.55
regenerated_new/5/H/case-112536_JAY_ANNOTATION.png,"[11,12]",1.55
regenerated_new/6/H/case-112536_JAY_ANNOTATION.png,"[11,12]",1.55
regenerated_new/7/H/case-112536_JAY_ANNOTATION.png,"[11,12]",1.55
regenerated_new/8/H/case-112536_JAY_ANNOTATION.png,"[11,12]",1.56
regenerated_new/9/H/case-112536_JAY_ANNOTATION.png,"[11,12]",1.56
regenerated_new/10/H/case-112536_JAY_ANNOTATION.png,"[11,12]",1.55
regenerated_new/11/H/case-112536_JAY_ANNOTATION.png,"[11,12]",1.54
regenerated_new/12/H/case-112536_JAY_ANNOTATION.png,"[11,12]",1.55
regenerated_new/13/H/case-112536_JAY_ANNOTATION.png,"[11,12]",1.56
regenerated_new/14/H/case-112536_JAY_ANNOTATION.png,"[11,12]",1.56
regenerated_new/1/H/case-112545_JAY_ANNOTATION.png,"[1, 11]",1.55
regenerated_new/2/H/case-112545_JAY_ANNOTATION.png,"[11,12]",1.55
regenerated_new/3/H/case-112545_JAY_ANNOTATION.png,"[11,12]",1.55
regenerated_new/4/H/case-112545_JAY_ANNOTATION.png,"[11,12]",1.55
regenerated_new/5/H/case-112545_JAY_ANNOTATION.png,"[11,12]",1.56
regenerated_new/6/H/case-112545_JAY_ANNOTATION.png,"[11,12]",1.55
regenerated_new/7/H/case-112545_JAY_ANNOTATION.png,"[11,12]",1.55
regenerated_new/8/H/case-112545_JAY_ANNOTATION.png,"[11,12]",1.56
regenerated_new/9/H/case-112545_JAY_ANNOTATION.png,"[11,12]",1.55
regenerated_new/10/H/case-112545_JAY_ANNOTATION.png,"[11,12]",1.55
regenerated_new/11/H/case-112545_JAY_ANNOTATION.png,"[11,12]",1.55
regenerated_new/12/H/case-112545_JAY_ANNOTATION.png,"[11,12]",1.55
regenerated_new/13/H/case-112545_JAY_ANNOTATION.png,"[11,12]",1.56
regenerated_new/14/H/case-112545_JAY_ANNOTATION.png,"[11,12]",1.56
regenerated_new/1/H/case-112559_JAY_ANNOTATION.png,"[1, 11]",1.56
regenerated_new/2/H/case-112559_JAY_ANNOTATION.png,"[11,12]",1.55
regenerated_new/3/H/case-112559_JAY_ANNOTATION.png,"[11,12]",1.55
regenerated_new/4/H/case-112559_JAY_ANNOTATION.png,"[11,12]",1.55
regenerated_new/5/H/case-112559_JAY_ANNOTATION.png,"[11,12]",1.54
regenerated_new/6/H/case-112559_JAY_ANNOTATION.png,"[11,12]",1.55
regenerated_new/7/H/case-112559_JAY_ANNOTATION.png,"[11,12]",1.55
regenerated_new/8/H/case-112559_JAY_ANNOTATION.png,"[11,12]",1.55
regenerated_new/9/H/case-112559_JAY_ANNOTATION.png,"[11,12]",1.55
regenerated_new/10/H/case-112559_JAY_ANNOTATION.png,"[11,12]",1.55
regenerated_new/11/H/case-112559_JAY_ANNOTATION.png,"[11,12]",1.55
regenerated_new/12/H/case-112559_JAY_ANNOTATION.png,"[11,12]",1.55
regenerated_new/13/H/case-112559_JAY_ANNOTATION.png,"[11,12]",1.56
regenerated_new/14/H/case-112559_JAY_ANNOTATION.png,"[11,12]",1.56
regenerated_new/2/H/case-100114_JAY_ANNOTATION.png,"[15,15]",88.63
regenerated_new/3/H/case-100114_JAY_ANNOTATION.png,"[15,15]",88.34
regenerated_new/4/H/case-100114_JAY_ANNOTATION.png,"[15,15]",88.31
regenerated_new/5/H/case-100114_JAY_ANNOTATION.png,"[15,15]",88.37
regenerated_new/6/H/case-100114_JAY_ANNOTATION.png,"[13,14]",75.78
regenerated_new/7/H/case-100114_JAY_ANNOTATION.png,"[15,15]",88.15
regenerated_new/8/H/case-100114_JAY_ANNOTATION.png,"[15,15]",88.1
regenerated_new/9/H/case-100114_JAY_ANNOTATION.png,"[10,11]",76.33
regenerated_new/10/H/case-100114_JAY_ANNOTATION.png,"[10,14]",63.42
regenerated_new/13/H/case-100114_JAY_ANNOTATION.png,"[10,11]",83.95
regenerated_new/14/H/case-100114_JAY_ANNOTATION.png,"[10,14]",78.81
regenerated_new/2/H/case-100129_JAY_ANNOTATION.png,"[15,15]",88.18
regenerated_new/4/H/case-100129_JAY_ANNOTATION.png,"[15,15]",88.14
regenerated_new/5/H/case-100129_JAY_ANNOTATION.png,"[15,15]",88.33
regenerated_new/6/H/case-100129_JAY_ANNOTATION.png,"[15,15]",88.18
regenerated_new/7/H/case-100129_JAY_ANNOTATION.png,"[15,15]",88.18
regenerated_new/8/H/case-100129_JAY_ANNOTATION.png,"[10,14]",73.44
regenerated_new/9/H/case-100129_JAY_ANNOTATION.png,"[10,11]",84.97
regenerated_new/10/H/case-100129_JAY_ANNOTATION.png,"[15,15]",88.74
regenerated_new/13/H/case-100129_JAY_ANNOTATION.png,"[15,15]",88.33
regenerated_new/14/H/case-100129_JAY_ANNOTATION.png,"[15,15]",88.32
regenerated_new/2/H/case-100164_JAY_ANNOTATION.png,"[15,15]",88.39
regenerated_new/3/H/case-100164_JAY_ANNOTATION.png,"[15,15]",88.12
regenerated_new/4/H/case-100164_JAY_ANNOTATION.png,"[15,15]",88.3
regenerated_new/5/H/case-100164_JAY_ANNOTATION.png,"[15,15]",88.25
regenerated_new/6/H/case-100164_JAY_ANNOTATION.png,"[10,11]",65.49
regenerated_new/7/H/case-100164_JAY_ANNOTATION.png,"[15,15]",88.19
regenerated_new/8/H/case-100164_JAY_ANNOTATION.png,"[15,15]",88.69
regenerated_new/9/H/case-100164_JAY_ANNOTATION.png,"[10,11]",70.34
regenerated_new/10/H/case-100164_JAY_ANNOTATION.png,"[15,15]",88.31
regenerated_new/13/H/case-100164_JAY_ANNOTATION.png,"[15,15]",88.32
regenerated_new/14/H/case-100164_JAY_ANNOTATION.png,"[10,11]",80.6
regenerated_new/2/H/case-100229_JAY_ANNOTATION.png,"[15,15]",88.25
regenerated_new/3/H/case-100229_JAY_ANNOTATION.png,"[15,15]",88.37
regenerated_new/4/H/case-100229_JAY_ANNOTATION.png,"[10,14]",83.42
regenerated_new/5/H/case-100229_JAY_ANNOTATION.png,"[15,15]",88.34
regenerated_new/6/H/case-100229_JAY_ANNOTATION.png,"[15,15]",88.35
regenerated_new/7/H/case-100229_JAY_ANNOTATION.png,"[15,15]",88.74
regenerated_new/8/H/case-100229_JAY_ANNOTATION.png,"[10,11]",75.4
regenerated_new/9/H/case-100229_JAY_ANNOTATION.png,"[15,15]",88.24
regenerated_new/10/H/case-100229_JAY_ANNOTATION.png,"[15,15]",88.25
regenerated_new/13/H/case-100229_JAY_ANNOTATION.png,"[15,15]",88.31
regenerated_new/14/H/case-100229_JAY_ANNOTATION.png,"[15,15]",88.29
regenerated_new/2/H/case-100245_JAY_ANNOTATION.png,"[15,15]",88.12
regenerated_new/3/H/case-100245_JAY_ANNOTATION.png,"[15,15]",88.1
regenerated_new/4/H/case-100245_JAY_ANNOTATION.png,"[15,15]",88.13
regenerated_new/5/H/case-100245_JAY_ANNOTATION.png,"[15,15]",88.69
regenerated_new/6/H/case-100245_JAY_ANNOTATION.png,"[10,11]",87.14
regenerated_new/7/H/case-100245_JAY_ANNOTATION.png,"[15,15]",88.12
regenerated_new/8/H/case-100245_JAY_ANNOTATION.png,"[15,15]",87.91
regenerated_new/9/H/case-100245_JAY_ANNOTATION.png,"[15,15]",87.87
regenerated_new/10/H/case-100245_JAY_ANNOTATION.png,"[11,14]",60.05
regenerated_new/13/H/case-100245_JAY_ANNOTATION.png,"[15,15]",87.97
regenerated_new/14/H/case-100245_JAY_ANNOTATION.png,"[10,11]",84.02
regenerated_new/3/H/case-100247_JAY_ANNOTATION.png,"[10,11]",70.35
regenerated_new/4/H/case-100247_JAY_ANNOTATION.png,"[10,14]",67.95
regenerated_new/5/H/case-100247_JAY_ANNOTATION.png,"[15,15]",87.82
regenerated_new/6/H/case-100247_JAY_ANNOTATION.png,"[15,15]",87.88
regenerated_new/7/H/case-100247_JAY_ANNOTATION.png,"[10,11]",82.34
regenerated_new/8/H/case-100247_JAY_ANNOTATION.png,"[10,11]",82.62
regenerated_new/9/H/case-100247_JAY_ANNOTATION.png,"[15,15]",87.98
regenerated_new/10/H/case-100247_JAY_ANNOTATION.png,"[15,15]",87.97
regenerated_new/13/H/case-100247_JAY_ANNOTATION.png,"[10,14]",76.1
regenerated_new/14/H/case-100247_JAY_ANNOTATION.png,"[15,15]",87.75
regenerated_new/3/H/case-100254_JAY_ANNOTATION.png,"[15,15]",87.76
regenerated_new/4/H/case-100254_JAY_ANNOTATION.png,"[15,15]",88.15
regenerated_new/5/H/case-100254_JAY_ANNOTATION.png,"[15,15]",87.73
regenerated_new/6/H/case-100254_JAY_ANNOTATION.png,"[10,11]",52.66
regenerated_new/7/H/case-100254_JAY_ANNOTATION.png,"[13,14]",78.46
regenerated_new/8/H/case-100254_JAY_ANNOTATION.png,"[15,15]",87.88
regenerated_new/9/H/case-100254_JAY_ANNOTATION.png,"[15,15]",87.96
regenerated_new/10/H/case-100254_JAY_ANNOTATION.png,"[15,15]",87.98
regenerated_new/13/H/case-100254_JAY_ANNOTATION.png,"[15,15]",87.93
regenerated_new/14/H/case-100254_JAY_ANNOTATION.png,"[10,11]",67.43
regenerated_new/3/H/case-100265_JAY_ANNOTATION.png,"[15,15]",88.39
regenerated_new/4/H/case-100265_JAY_ANNOTATION.png,"[15,15]",87.85
regenerated_new/5/H/case-100265_JAY_ANNOTATION.png,"[15,15]",87.95
regenerated_new/6/H/case-100265_JAY_ANNOTATION.png,"[10,14]",71.76
regenerated_new/7/H/case-100265_JAY_ANNOTATION.png,"[15,15]",87.74
regenerated_new/8/H/case-100265_JAY_ANNOTATION.png,"[10,11]",86.33
regenerated_new/9/H/case-100265_JAY_ANNOTATION.png,"[15,15]",87.89
regenerated_new/10/H/case-100265_JAY_ANNOTATION.png,"[10,14]",87.6
regenerated_new/13/H/case-100265_JAY_ANNOTATION.png,"[15,15]",87.95
regenerated_new/14/H/case-100265_JAY_ANNOTATION.png,"[15,15]",88.45
regenerated_new/2/H/case-100304_JAY_ANNOTATION.png,"[15,15]",87.82
regenerated_new/3/H/case-100304_JAY_ANNOTATION.png,"[15,15]",87.71
regenerated_new/4/H/case-100304_JAY_ANNOTATION.png,"[15,15]",87.73
regenerated_new/5/H/case-100304_JAY_ANNOTATION.png,"[10,11]",87.59
regenerated_new/6/H/case-100304_JAY_ANNOTATION.png,"[15,15]",87.91
regenerated_new/7/H/case-100304_JAY_ANNOTATION.png,"[15,15]",87.95
regenerated_new/8/H/case-100304_JAY_ANNOTATION.png,"[10,11]",87.9
regenerated_new/9/H/case-100304_JAY_ANNOTATION.png,"[15,15]",87.77
regenerated_new/10/H/case-100304_JAY_ANNOTATION.png,"[10,11]",59.69
regenerated_new/13/H/case-100304_JAY_ANNOTATION.png,"[15,15]",88.22
regenerated_new/14/H/case-100304_JAY_ANNOTATION.png,"[10,14]",77.32
regenerated_new/3/H/case-100308_JAY_ANNOTATION.png,"[15,15]",87.92
regenerated_new/4/H/case-100308_JAY_ANNOTATION.png,"[15,15]",88.0
regenerated_new/5/H/case-100308_JAY_ANNOTATION.png,"[15,15]",87.76
regenerated_new/6/H/case-100308_JAY_ANNOTATION.png,"[15,15]",87.88
regenerated_new/7/H/case-100308_JAY_ANNOTATION.png,"[15,15]",87.94
regenerated_new/8/H/case-100308_JAY_ANNOTATION.png,"[15,15]",87.82
regenerated_new/9/H/case-100308_JAY_ANNOTATION.png,"[10,11]",68.34
regenerated_new/10/H/case-100308_JAY_ANNOTATION.png,"[10,11]",68.59
regenerated_new/13/H/case-100308_JAY_ANNOTATION.png,"[10,14]",87.85
regenerated_new/14/H/case-100308_JAY_ANNOTATION.png,"[10,14]",77.47
regenerated_new/2/H/case-100359_JAY_ANNOTATION.png,"[15,15]",87.76
regenerated_new/3/H/case-100359_JAY_ANNOTATION.png,"[15,15]",87.89
regenerated_new/4/H/case-100359_JAY_ANNOTATION.png,"[15,15]",87.97
regenerated_new/5/H/case-100359_JAY_ANNOTATION.png,"[15,15]",87.91
regenerated_new/6/H/case-100359_JAY_ANNOTATION.png,"[15,15]",87.78
regenerated_new/7/H/case-100359_JAY_ANNOTATION.png,"[15,15]",87.77
regenerated_new/8/H/case-100359_JAY_ANNOTATION.png,"[15,15]",88.37
regenerated_new/9/H/case-100359_JAY_ANNOTATION.png,"[15,15]",87.8
regenerated_new/10/H/case-100359_JAY_ANNOTATION.png,"[15,15]",87.72
regenerated_new/13/H/case-100359_JAY_ANNOTATION.png,"[15,15]",87.86
regenerated_new/14/H/case-100359_JAY_ANNOTATION.png,"[15,15]",87.85
regenerated_new/2/H/case-100366_JAY_ANNOTATION.png,"[15,15]",87.71
regenerated_new/3/H/case-100366_JAY_ANNOTATION.png,"[10,11]",67.72
regenerated_new/4/H/case-100366_JAY_ANNOTATION.png,"[15,15]",87.92
regenerated_new/5/H/case-100366_JAY_ANNOTATION.png,"[15,15]",87.85
regenerated_new/6/H/case-100366_JAY_ANNOTATION.png,"[15,15]",87.82
regenerated_new/7/H/case-100366_JAY_ANNOTATION.png,"[15,15]",88.14
regenerated_new/8/H/case-100366_JAY_ANNOTATION.png,"[15,15]",87.84
regenerated_new/9/H/case-100366_JAY_ANNOTATION.png,"[15,15]",87.86
regenerated_new/10/H/case-100366_JAY_ANNOTATION.png,"[10,11]",83.12
regenerated_new/13/H/case-100366_JAY_ANNOTATION.png,"[10,11]",87.74
regenerated_new/14/H/case-100366_JAY_ANNOTATION.png,"[10,11]",74.3
regenerated_new/2/H/case-100369_JAY_ANNOTATION.png,"[15,15]",87.73
regenerated_new/3/H/case-100369_JAY_ANNOTATION.png,"[15,15]",87.85
regenerated_new/4/H/case-100369_JAY_ANNOTATION.png,"[15,15]",87.96
regenerated_new/5/H/case-100369_JAY_ANNOTATION.png,"[15,15]",88.3
regenerated_new/6/H/case-100369_JAY_ANNOTATION.png,"[15,15]",87.66
regenerated_new/7/H/case-100369_JAY_ANNOTATION.png,"[10,11]",73.57
regenerated_new/8/H/case-100369_JAY_ANNOTATION.png,"[15,15]",88.01
regenerated_new/9/H/case-100369_JAY_ANNOTATION.png,"[15,15]",87.92
regenerated_new/10/H/case-100369_JAY_ANNOTATION.png,"[15,15]",87.75
regenerated_new/13/H/case-100369_JAY_ANNOTATION.png,"[15,15]",87.94
regenerated_new/14/H/case-100369_JAY_ANNOTATION.png,"[15,15]",87.97
regenerated_new/2/H/case-100371_JAY_ANNOTATION.png,"[15,15]",87.97
regenerated_new/3/H/case-100371_JAY_ANNOTATION.png,"[10,14]",88.27
regenerated_new/4/H/case-100371_JAY_ANNOTATION.png,"[15,15]",87.88
regenerated_new/5/H/case-100371_JAY_ANNOTATION.png,"[10,11]",70.13
regenerated_new/6/H/case-100371_JAY_ANNOTATION.png,"[10,11]",57.03
regenerated_new/7/H/case-100371_JAY_ANNOTATION.png,"[15,15]",87.75
regenerated_new/8/H/case-100371_JAY_ANNOTATION.png,"[10,11]",77.15
regenerated_new/9/H/case-100371_JAY_ANNOTATION.png,"[15,15]",87.77
regenerated_new/10/H/case-100371_JAY_ANNOTATION.png,"[15,15]",87.75
regenerated_new/13/H/case-100371_JAY_ANNOTATION.png,"[15,15]",87.82
regenerated_new/14/H/case-100371_JAY_ANNOTATION.png,"[15,15]",88.39
regenerated_new/2/H/case-100515_JAY_ANNOTATION.png,"[15,15]",87.8
regenerated_new/3/H/case-100515_JAY_ANNOTATION.png,"[10,11]",64.73
regenerated_new/4/H/case-100515_JAY_ANNOTATION.png,"[15,15]",87.74
regenerated_new/5/H/case-100515_JAY_ANNOTATION.png,"[10,11]",87.72
regenerated_new/6/H/case-100515_JAY_ANNOTATION.png,"[15,15]",87.76
regenerated_new/7/H/case-100515_JAY_ANNOTATION.png,"[10,11]",67.83
regenerated_new/8/H/case-100515_JAY_ANNOTATION.png,"[10,11]",71.38
regenerated_new/9/H/case-100515_JAY_ANNOTATION.png,"[15,15]",87.73
regenerated_new/10/H/case-100515_JAY_ANNOTATION.png,"[10,11]",68.0
regenerated_new/13/H/case-100515_JAY_ANNOTATION.png,"[15,15]",88.2
regenerated_new/14/H/case-100515_JAY_ANNOTATION.png,"[15,15]",87.64
regenerated_new/2/H/case-100518_JAY_ANNOTATION.png,"[10,11]",76.94
regenerated_new/3/H/case-100518_JAY_ANNOTATION.png,"[15,15]",87.74
regenerated_new/4/H/case-100518_JAY_ANNOTATION.png,"[15,15]",87.91
regenerated_new/5/H/case-100518_JAY_ANNOTATION.png,"[15,15]",88.01
regenerated_new/6/H/case-100518_JAY_ANNOTATION.png,"[15,15]",87.9
regenerated_new/7/H/case-100518_JAY_ANNOTATION.png,"[10,11]",78.58
regenerated_new/8/H/case-100518_JAY_ANNOTATION.png,"[15,15]",87.95
regenerated_new/9/H/case-100518_JAY_ANNOTATION.png,"[15,15]",88.43
regenerated_new/10/H/case-100518_JAY_ANNOTATION.png,"[15,15]",87.81
regenerated_new/13/H/case-100518_JAY_ANNOTATION.png,"[15,15]",87.93
regenerated_new/14/H/case-100518_JAY_ANNOTATION.png,"[15,15]",87.74
regenerated_new/3/H/case-100541_JAY_ANNOTATION.png,"[15,15]",87.72
regenerated_new/4/H/case-100541_JAY_ANNOTATION.png,"[10,14]",83.2
regenerated_new/5/H/case-100541_JAY_ANNOTATION.png,"[10,14]",84.92
regenerated_new/6/H/case-100541_JAY_ANNOTATION.png,"[15,15]",87.74
regenerated_new/7/H/case-100541_JAY_ANNOTATION.png,"[15,15]",87.96
regenerated_new/8/H/case-100541_JAY_ANNOTATION.png,"[15,15]",88.45
regenerated_new/9/H/case-100541_JAY_ANNOTATION.png,"[10,14]",75.21
regenerated_new/10/H/case-100541_JAY_ANNOTATION.png,"[15,15]",87.67
regenerated_new/13/H/case-100541_JAY_ANNOTATION.png,"[15,15]",87.75
regenerated_new/14/H/case-100541_JAY_ANNOTATION.png,"[10,14]",82.72
regenerated_new/2/H/case-100585_JAY_ANNOTATION.png,"[15,15]",87.79
regenerated_new/3/H/case-100585_JAY_ANNOTATION.png,"[10,11]",68.71
regenerated_new/4/H/case-100585_JAY_ANNOTATION.png,"[15,15]",87.95
regenerated_new/5/H/case-100585_JAY_ANNOTATION.png,"[15,15]",87.93
regenerated_new/6/H/case-100585_JAY_ANNOTATION.png,"[10,14]",79.22
regenerated_new/7/H/case-100585_JAY_ANNOTATION.png,"[15,15]",88.21
regenerated_new/8/H/case-100585_JAY_ANNOTATION.png,"[15,15]",87.88
regenerated_new/9/H/case-100585_JAY_ANNOTATION.png,"[15,15]",87.9
regenerated_new/10/H/case-100585_JAY_ANNOTATION.png,"[15,15]",87.92
regenerated_new/13/H/case-100585_JAY_ANNOTATION.png,"[15,15]",87.97
regenerated_new/14/H/case-100585_JAY_ANNOTATION.png,"[15,15]",87.97
regenerated_new/2/H/case-100591_JAY_ANNOTATION.png,"[10,11]",83.46
regenerated_new/3/H/case-100591_JAY_ANNOTATION.png,"[15,15]",87.84
regenerated_new/4/H/case-100591_JAY_ANNOTATION.png,"[15,15]",87.89
regenerated_new/5/H/case-100591_JAY_ANNOTATION.png,"[15,15]",88.22
regenerated_new/6/H/case-100591_JAY_ANNOTATION.png,"[15,15]",87.88
regenerated_new/7/H/case-100591_JAY_ANNOTATION.png,"[15,15]",87.79
regenerated_new/8/H/case-100591_JAY_ANNOTATION.png,"[15,15]",87.9
regenerated_new/9/H/case-100591_JAY_ANNOTATION.png,"[15,15]",87.82
regenerated_new/10/H/case-100591_JAY_ANNOTATION.png,"[15,15]",87.73
regenerated_new/13/H/case-100591_JAY_ANNOTATION.png,"[10,11]",65.0
regenerated_new/14/H/case-100591_JAY_ANNOTATION.png,"[15,15]",87.77
regenerated_new/3/H/case-100702_JAY_ANNOTATION.png,"[15,15]",87.95
regenerated_new/4/H/case-100702_JAY_ANNOTATION.png,"[10,14]",71.3
regenerated_new/5/H/case-100702_JAY_ANNOTATION.png,"[10,11]",87.64
regenerated_new/6/H/case-100702_JAY_ANNOTATION.png,"[15,15]",87.92
regenerated_new/7/H/case-100702_JAY_ANNOTATION.png,"[10,11]",74.3
regenerated_new/8/H/case-100702_JAY_ANNOTATION.png,"[10,11]",84.05
regenerated_new/9/H/case-100702_JAY_ANNOTATION.png,"[15,15]",87.97
regenerated_new/10/H/case-100702_JAY_ANNOTATION.png,"[15,15]",87.74
regenerated_new/13/H/case-100702_JAY_ANNOTATION.png,"[15,15]",87.88
regenerated_new/14/H/case-100702_JAY_ANNOTATION.png,"[10,14]",70.83
regenerated_new/4/H/case-100770_JAY_ANNOTATION.png,"[15,15]",87.95
regenerated_new/5/H/case-100770_JAY_ANNOTATION.png,"[15,15]",88.3
regenerated_new/6/H/case-100770_JAY_ANNOTATION.png,"[15,15]",87.89
regenerated_new/7/H/case-100770_JAY_ANNOTATION.png,"[15,15]",87.94
regenerated_new/8/H/case-100770_JAY_ANNOTATION.png,"[15,15]",87.95
regenerated_new/9/H/case-100770_JAY_ANNOTATION.png,"[15,15]",87.94
regenerated_new/10/H/case-100770_JAY_ANNOTATION.png,"[15,15]",88.01
regenerated_new/13/H/case-100770_JAY_ANNOTATION.png,"[10,11]",77.33
regenerated_new/14/H/case-100770_JAY_ANNOTATION.png,"[15,15]",87.97
regenerated_new/3/H/case-100779_JAY_ANNOTATION.png,"[10,11]",75.53
regenerated_new/4/H/case-100779_JAY_ANNOTATION.png,"[10,11]",78.54
regenerated_new/5/H/case-100779_JAY_ANNOTATION.png,"[15,15]",87.85
regenerated_new/6/H/case-100779_JAY_ANNOTATION.png,"[10,11]",68.69
regenerated_new/7/H/case-100779_JAY_ANNOTATION.png,"[10,11]",69.27
regenerated_new/8/H/case-100779_JAY_ANNOTATION.png,"[15,15]",87.89
regenerated_new/9/H/case-100779_JAY_ANNOTATION.png,"[10,11]",63.69
regenerated_new/10/H/case-100779_JAY_ANNOTATION.png,"[15,15]",87.75
regenerated_new/13/H/case-100779_JAY_ANNOTATION.png,"[15,15]",87.78
regenerated_new/14/H/case-100779_JAY_ANNOTATION.png,"[15,15]",87.79
regenerated_new/3/H/case-100863_JAY_ANNOTATION.png,"[15,15]",87.88
regenerated_new/4/H/case-100863_JAY_ANNOTATION.png,"[15,15]",88.08
regenerated_new/5/H/case-100863_JAY_ANNOTATION.png,"[15,15]",87.74
regenerated_new/6/H/case-100863_JAY_ANNOTATION.png,"[15,15]",87.74
regenerated_new/7/H/case-100863_JAY_ANNOTATION.png,"[15,15]",87.95
regenerated_new/8/H/case-100863_JAY_ANNOTATION.png,"[11,14]",84.54
regenerated_new/9/H/case-100863_JAY_ANNOTATION.png,"[15,15]",87.75
regenerated_new/10/H/case-100863_JAY_ANNOTATION.png,"[15,15]",87.92
regenerated_new/13/H/case-100863_JAY_ANNOTATION.png,"[15,15]",87.95
regenerated_new/14/H/case-100863_JAY_ANNOTATION.png,"[15,15]",87.99
regenerated_new/4/H/case-100915_JAY_ANNOTATION.png,"[15,15]",88.25
regenerated_new/5/H/case-100915_JAY_ANNOTATION.png,"[15,15]",87.79
regenerated_new/6/H/case-100915_JAY_ANNOTATION.png,"[13,14]",86.27
regenerated_new/7/H/case-100915_JAY_ANNOTATION.png,"[10,11]",81.05
regenerated_new/8/H/case-100915_JAY_ANNOTATION.png,"[15,15]",87.75
regenerated_new/9/H/case-100915_JAY_ANNOTATION.png,"[15,15]",87.93
regenerated_new/10/H/case-100915_JAY_ANNOTATION.png,"[15,15]",87.92
regenerated_new/13/H/case-100915_JAY_ANNOTATION.png,"[15,15]",87.76
regenerated_new/14/H/case-100915_JAY_ANNOTATION.png,"[15,15]",87.86
regenerated_new/2/H/case-100917_JAY_ANNOTATION.png,"[15,15]",88.37
regenerated_new/3/H/case-100917_JAY_ANNOTATION.png,"[10,11]",63.77
regenerated_new/4/H/case-100917_JAY_ANNOTATION.png,"[10,11]",58.67
regenerated_new/5/H/case-100917_JAY_ANNOTATION.png,"[15,15]",87.75
regenerated_new/6/H/case-100917_JAY_ANNOTATION.png,"[11,14]",84.16
regenerated_new/7/H/case-100917_JAY_ANNOTATION.png,"[10,11]",67.98
regenerated_new/8/H/case-100917_JAY_ANNOTATION.png,"[10,11]",64.41
regenerated_new/9/H/case-100917_JAY_ANNOTATION.png,"[10,11]",63.69
regenerated_new/10/H/case-100917_JAY_ANNOTATION.png,"[15,15]",87.85
regenerated_new/13/H/case-100917_JAY_ANNOTATION.png,"[15,15]",87.77
regenerated_new/14/H/case-100917_JAY_ANNOTATION.png,"[10,11]",88.12
regenerated_new/3/H/case-101045_JAY_ANNOTATION.png,"[10,11]",72.28
regenerated_new/4/H/case-101045_JAY_ANNOTATION.png,"[15,15]",87.72
regenerated_new/5/H/case-101045_JAY_ANNOTATION.png,"[15,15]",87.72
regenerated_new/6/H/case-101045_JAY_ANNOTATION.png,"[11,12]",65.01
regenerated_new/7/H/case-101045_JAY_ANNOTATION.png,"[15,15]",87.91
regenerated_new/8/H/case-101045_JAY_ANNOTATION.png,"[10,11]",64.62
regenerated_new/9/H/case-101045_JAY_ANNOTATION.png,"[15,15]",87.88
regenerated_new/10/H/case-101045_JAY_ANNOTATION.png,"[15,15]",87.74
regenerated_new/13/H/case-101045_JAY_ANNOTATION.png,"[15,15]",87.79
regenerated_new/14/H/case-101045_JAY_ANNOTATION.png,"[15,15]",88.08
regenerated_new/2/H/case-101074_JAY_ANNOTATION.png,"[15,15]",87.64
regenerated_new/3/H/case-101074_JAY_ANNOTATION.png,"[15,15]",87.81
regenerated_new/4/H/case-101074_JAY_ANNOTATION.png,"[15,15]",87.81
regenerated_new/5/H/case-101074_JAY_ANNOTATION.png,"[10,11]",87.87
regenerated_new/6/H/case-101074_JAY_ANNOTATION.png,"[15,15]",87.68
regenerated_new/7/H/case-101074_JAY_ANNOTATION.png,"[15,15]",87.77
regenerated_new/8/H/case-101074_JAY_ANNOTATION.png,"[15,15]",87.73
regenerated_new/9/H/case-101074_JAY_ANNOTATION.png,"[10,11]",54.34
regenerated_new/10/H/case-101074_JAY_ANNOTATION.png,"[15,15]",88.21
regenerated_new/13/H/case-101074_JAY_ANNOTATION.png,"[15,15]",87.84
regenerated_new/14/H/case-101074_JAY_ANNOTATION.png,"[15,15]",87.85
regenerated_new/2/H/case-101133_JAY_ANNOTATION.png,"[15,15]",87.81
regenerated_new/3/H/case-101133_JAY_ANNOTATION.png,"[10,14]",84.06
regenerated_new/4/H/case-101133_JAY_ANNOTATION.png,"[10,11]",60.87
regenerated_new/5/H/case-101133_JAY_ANNOTATION.png,"[15,15]",87.51
regenerated_new/6/H/case-101133_JAY_ANNOTATION.png,"[15,15]",87.29
regenerated_new/7/H/case-101133_JAY_ANNOTATION.png,"[15,15]",87.21
regenerated_new/8/H/case-101133_JAY_ANNOTATION.png,"[12,14]",85.31
regenerated_new/9/H/case-101133_JAY_ANNOTATION.png,"[10,14]",80.73
regenerated_new/10/H/case-101133_JAY_ANNOTATION.png,"[15,15]",87.04
regenerated_new/13/H/case-101133_JAY_ANNOTATION.png,"[15,15]",87.06
regenerated_new/14/H/case-101133_JAY_ANNOTATION.png,"[10,11]",78.89
regenerated_new/2/H/case-101195_JAY_ANNOTATION.png,"[15,15]",86.93
regenerated_new/3/H/case-101195_JAY_ANNOTATION.png,"[15,15]",87.06
regenerated_new/4/H/case-101195_JAY_ANNOTATION.png,"[11,14]",85.33
regenerated_new/5/H/case-101195_JAY_ANNOTATION.png,"[15,15]",87.07
regenerated_new/6/H/case-101195_JAY_ANNOTATION.png,"[15,15]",87.38
regenerated_new/7/H/case-101195_JAY_ANNOTATION.png,"[15,15]",86.95
regenerated_new/8/H/case-101195_JAY_ANNOTATION.png,"[15,15]",87.02
regenerated_new/9/H/case-101195_JAY_ANNOTATION.png,"[15,15]",87.03
regenerated_new/10/H/case-101195_JAY_ANNOTATION.png,"[15,15]",87.17
regenerated_new/13/H/case-101195_JAY_ANNOTATION.png,"[10,11]",81.24
regenerated_new/14/H/case-101195_JAY_ANNOTATION.png,"[10,11]",78.18
regenerated_new/2/H/case-101206_JAY_ANNOTATION.png,"[15,15]",87.13
regenerated_new/3/H/case-101206_JAY_ANNOTATION.png,"[10,11]",78.1
regenerated_new/4/H/case-101206_JAY_ANNOTATION.png,"[11,14]",62.53
regenerated_new/5/H/case-101206_JAY_ANNOTATION.png,"[15,15]",87.5
regenerated_new/6/H/case-101206_JAY_ANNOTATION.png,"[10,11]",82.43
regenerated_new/7/H/case-101206_JAY_ANNOTATION.png,"[10,11]",66.99
regenerated_new/8/H/case-101206_JAY_ANNOTATION.png,"[15,15]",87.08
regenerated_new/9/H/case-101206_JAY_ANNOTATION.png,"[15,15]",86.94
regenerated_new/10/H/case-101206_JAY_ANNOTATION.png,"[10,11]",74.83
regenerated_new/13/H/case-101206_JAY_ANNOTATION.png,"[15,15]",86.95
regenerated_new/14/H/case-101206_JAY_ANNOTATION.png,"[10,14]",86.27
regenerated_new/4/H/case-101362_JAY_ANNOTATION.png,"[15,15]",86.94
regenerated_new/5/H/case-101362_JAY_ANNOTATION.png,"[15,15]",87.29
regenerated_new/6/H/case-101362_JAY_ANNOTATION.png,"[15,15]",86.81
regenerated_new/7/H/case-101362_JAY_ANNOTATION.png,"[10,11]",72.3
regenerated_new/8/H/case-101362_JAY_ANNOTATION.png,"[15,15]",86.94
regenerated_new/9/H/case-101362_JAY_ANNOTATION.png,"[15,15]",86.89
regenerated_new/10/H/case-101362_JAY_ANNOTATION.png,"[15,15]",87.06
regenerated_new/13/H/case-101362_JAY_ANNOTATION.png,"[15,15]",87.14
regenerated_new/14/H/case-101362_JAY_ANNOTATION.png,"[10,11]",78.38
regenerated_new/2/H/case-101367_JAY_ANNOTATION.png,"[10,11]",60.63
regenerated_new/3/H/case-101367_JAY_ANNOTATION.png,"[15,15]",86.92
regenerated_new/4/H/case-101367_JAY_ANNOTATION.png,"[15,15]",87.37
regenerated_new/5/H/case-101367_JAY_ANNOTATION.png,"[15,15]",87.04
regenerated_new/6/H/case-101367_JAY_ANNOTATION.png,"[15,15]",86.94
regenerated_new/7/H/case-101367_JAY_ANNOTATION.png,"[15,15]",86.91
regenerated_new/8/H/case-101367_JAY_ANNOTATION.png,"[15,15]",87.01
regenerated_new/9/H/case-101367_JAY_ANNOTATION.png,"[15,15]",87.13
regenerated_new/10/H/case-101367_JAY_ANNOTATION.png,"[15,15]",87.09
regenerated_new/13/H/case-101367_JAY_ANNOTATION.png,"[15,15]",87.1
regenerated_new/14/H/case-101367_JAY_ANNOTATION.png,"[15,15]",87.16
regenerated_new/4/H/case-101409_JAY_ANNOTATION.png,"[15,15]",87.39
regenerated_new/5/H/case-101409_JAY_ANNOTATION.png,"[15,15]",87.03
regenerated_new/6/H/case-101409_JAY_ANNOTATION.png,"[15,15]",87.08
regenerated_new/7/H/case-101409_JAY_ANNOTATION.png,"[15,15]",87.06
regenerated_new/8/H/case-101409_JAY_ANNOTATION.png,"[15,15]",87.06
regenerated_new/9/H/case-101409_JAY_ANNOTATION.png,"[15,15]",87.13
regenerated_new/10/H/case-101409_JAY_ANNOTATION.png,"[10,11]",61.11
regenerated_new/13/H/case-101409_JAY_ANNOTATION.png,"[15,15]",86.97
regenerated_new/14/H/case-101409_JAY_ANNOTATION.png,"[15,15]",86.94
regenerated_new/2/H/case-101413_JAY_ANNOTATION.png,"[15,15]",87.3
regenerated_new/4/H/case-101413_JAY_ANNOTATION.png,"[15,15]",86.86
regenerated_new/5/H/case-101413_JAY_ANNOTATION.png,"[10,11]",79.85
regenerated_new/6/H/case-101413_JAY_ANNOTATION.png,"[15,15]",87.06
regenerated_new/7/H/case-101413_JAY_ANNOTATION.png,"[15,15]",87.14
regenerated_new/8/H/case-101413_JAY_ANNOTATION.png,"[15,15]",87.1
regenerated_new/9/H/case-101413_JAY_ANNOTATION.png,"[15,15]",86.95
regenerated_new/10/H/case-101413_JAY_ANNOTATION.png,"[15,15]",86.9
regenerated_new/13/H/case-101413_JAY_ANNOTATION.png,"[15,15]",87.01
regenerated_new/14/H/case-101413_JAY_ANNOTATION.png,"[15,15]",87.31
regenerated_new/4/H/case-101447_JAY_ANNOTATION.png,"[15,15]",86.81
regenerated_new/5/H/case-101447_JAY_ANNOTATION.png,"[10,11]",77.98
regenerated_new/6/H/case-101447_JAY_ANNOTATION.png,"[10,11]",65.92
regenerated_new/7/H/case-101447_JAY_ANNOTATION.png,"[11,14]",82.65
regenerated_new/8/H/case-101447_JAY_ANNOTATION.png,"[15,15]",87.11
regenerated_new/9/H/case-101447_JAY_ANNOTATION.png,"[15,15]",87.02
regenerated_new/10/H/case-101447_JAY_ANNOTATION.png,"[15,15]",86.92
regenerated_new/13/H/case-101447_JAY_ANNOTATION.png,"[15,15]",86.99
regenerated_new/14/H/case-101447_JAY_ANNOTATION.png,"[15,15]",87.41
regenerated_new/2/H/case-101510_JAY_ANNOTATION.png,"[15,15]",87.01
regenerated_new/3/H/case-101510_JAY_ANNOTATION.png,"[10,14]",63.7
regenerated_new/4/H/case-101510_JAY_ANNOTATION.png,"[10,11]",69.73
regenerated_new/5/H/case-101510_JAY_ANNOTATION.png,"[15,15]",87.08
regenerated_new/6/H/case-101510_JAY_ANNOTATION.png,"[13,14]",77.27
regenerated_new/7/H/case-101510_JAY_ANNOTATION.png,"[10,11]",51.63
regenerated_new/8/H/case-101510_JAY_ANNOTATION.png,"[15,15]",87.13
regenerated_new/9/H/case-101510_JAY_ANNOTATION.png,"[10,14]",56.79
regenerated_new/10/H/case-101510_JAY_ANNOTATION.png,"[10,11]",55.74
regenerated_new/13/H/case-101510_JAY_ANNOTATION.png,"[15,15]",87.15
regenerated_new/14/H/case-101510_JAY_ANNOTATION.png,"[15,15]",87.28
regenerated_new/2/H/case-101540_JAY_ANNOTATION.png,"[15,15]",87.02
regenerated_new/3/H/case-101540_JAY_ANNOTATION.png,"[15,15]",87.13
regenerated_new/4/H/case-101540_JAY_ANNOTATION.png,"[15,15]",87.13
regenerated_new/5/H/case-101540_JAY_ANNOTATION.png,"[15,15]",87.11
regenerated_new/6/H/case-101540_JAY_ANNOTATION.png,"[15,15]",86.9
regenerated_new/7/H/case-101540_JAY_ANNOTATION.png,"[15,15]",86.96
regenerated_new/8/H/case-101540_JAY_ANNOTATION.png,"[15,15]",86.97
regenerated_new/9/H/case-101540_JAY_ANNOTATION.png,"[15,15]",86.97
regenerated_new/10/H/case-101540_JAY_ANNOTATION.png,"[15,15]",87.29
regenerated_new/13/H/case-101540_JAY_ANNOTATION.png,"[15,15]",87.05
regenerated_new/14/H/case-101540_JAY_ANNOTATION.png,"[10,14]",78.34
regenerated_new/1/H/case-101581_JAY_ANNOTATION.png,"[15,15]",87.12
regenerated_new/2/H/case-101581_JAY_ANNOTATION.png,"[15,15]",87.2
regenerated_new/3/H/case-101581_JAY_ANNOTATION.png,"[2,11]",71.19
regenerated_new/4/H/case-101581_JAY_ANNOTATION.png,"[15,15]",87.14
regenerated_new/5/H/case-101581_JAY_ANNOTATION.png,"[15,15]",87.0
regenerated_new/6/H/case-101581_JAY_ANNOTATION.png,"[15,15]",87.1
regenerated_new/7/H/case-101581_JAY_ANNOTATION.png,"[15,15]",87.5
regenerated_new/8/H/case-101581_JAY_ANNOTATION.png,"[15,15]",87.0
regenerated_new/9/H/case-101581_JAY_ANNOTATION.png,"[15,15]",87.03
regenerated_new/10/H/case-101581_JAY_ANNOTATION.png,"[15,15]",87.09
regenerated_new/13/H/case-101581_JAY_ANNOTATION.png,"[15,15]",87.11
regenerated_new/14/H/case-101581_JAY_ANNOTATION.png,"[15,15]",87.13
regenerated_new/4/H/case-101599_JAY_ANNOTATION.png,"[15,15]",87.11
regenerated_new/5/H/case-101599_JAY_ANNOTATION.png,"[15,15]",87.16
regenerated_new/6/H/case-101599_JAY_ANNOTATION.png,"[15,15]",87.18
regenerated_new/7/H/case-101599_JAY_ANNOTATION.png,"[15,15]",87.51
regenerated_new/8/H/case-101599_JAY_ANNOTATION.png,"[10,11]",74.91
regenerated_new/9/H/case-101599_JAY_ANNOTATION.png,"[10,11]",78.19
regenerated_new/10/H/case-101599_JAY_ANNOTATION.png,"[15,15]",86.91
regenerated_new/13/H/case-101599_JAY_ANNOTATION.png,"[15,15]",86.96
regenerated_new/14/H/case-101599_JAY_ANNOTATION.png,"[15,15]",87.09
regenerated_new/2/H/case-101625_JAY_ANNOTATION.png,"[15,15]",87.12
regenerated_new/3/H/case-101625_JAY_ANNOTATION.png,"[15,15]",86.94
regenerated_new/4/H/case-101625_JAY_ANNOTATION.png,"[15,15]",86.91
regenerated_new/5/H/case-101625_JAY_ANNOTATION.png,"[15,15]",87.41
regenerated_new/6/H/case-101625_JAY_ANNOTATION.png,"[15,15]",87.01
regenerated_new/7/H/case-101625_JAY_ANNOTATION.png,"[15,15]",86.88
regenerated_new/8/H/case-101625_JAY_ANNOTATION.png,"[15,15]",86.91
regenerated_new/9/H/case-101625_JAY_ANNOTATION.png,"[15,15]",86.9
regenerated_new/10/H/case-101625_JAY_ANNOTATION.png,"[15,15]",87.02
regenerated_new/13/H/case-101625_JAY_ANNOTATION.png,"[15,15]",87.09
regenerated_new/14/H/case-101625_JAY_ANNOTATION.png,"[15,15]",87.09
regenerated_new/1/H/case-101641_JAY_ANNOTATION.png,"[15,15]",87.13
regenerated_new/2/H/case-101641_JAY_ANNOTATION.png,"[15,15]",87.33
regenerated_new/3/H/case-101641_JAY_ANNOTATION.png,"[10,11]",66.25
regenerated_new/4/H/case-101641_JAY_ANNOTATION.png,"[15,15]",86.95
regenerated_new/5/H/case-101641_JAY_ANNOTATION.png,"[15,15]",87.09
regenerated_new/6/H/case-101641_JAY_ANNOTATION.png,"[15,15]",86.99
regenerated_new/7/H/case-101641_JAY_ANNOTATION.png,"[15,15]",86.93
regenerated_new/8/H/case-101641_JAY_ANNOTATION.png,"[15,15]",87.16
regenerated_new/9/H/case-101641_JAY_ANNOTATION.png,"[15,15]",87.12
regenerated_new/10/H/case-101641_JAY_ANNOTATION.png,"[15,15]",87.21
regenerated_new/13/H/case-101641_JAY_ANNOTATION.png,"[15,15]",87.53
regenerated_new/14/H/case-101641_JAY_ANNOTATION.png,"[15,15]",86.84
regenerated_new/2/H/case-101857_JAY_ANNOTATION.png,"[15,15]",86.83
regenerated_new/3/H/case-101857_JAY_ANNOTATION.png,"[15,15]",86.91
regenerated_new/4/H/case-101857_JAY_ANNOTATION.png,"[10,14]",77.12
regenerated_new/5/H/case-101857_JAY_ANNOTATION.png,"[15,15]",86.97
regenerated_new/6/H/case-101857_JAY_ANNOTATION.png,"[10,11]",65.03
regenerated_new/7/H/case-101857_JAY_ANNOTATION.png,"[15,15]",87.05
regenerated_new/8/H/case-101857_JAY_ANNOTATION.png,"[15,15]",87.12
regenerated_new/9/H/case-101857_JAY_ANNOTATION.png,"[15,15]",87.09
regenerated_new/10/H/case-101857_JAY_ANNOTATION.png,"[15,15]",87.27
regenerated_new/13/H/case-101857_JAY_ANNOTATION.png,"[15,15]",87.01
regenerated_new/14/H/case-101857_JAY_ANNOTATION.png,"[15,15]",87.08
regenerated_new/2/H/case-101860_JAY_ANNOTATION.png,"[15,15]",87.14
regenerated_new/3/H/case-101860_JAY_ANNOTATION.png,"[15,15]",87.02
regenerated_new/4/H/case-101860_JAY_ANNOTATION.png,"[15,15]",87.14
regenerated_new/5/H/case-101860_JAY_ANNOTATION.png,"[10,11]",81.35
regenerated_new/6/H/case-101860_JAY_ANNOTATION.png,"[15,15]",87.3
regenerated_new/7/H/case-101860_JAY_ANNOTATION.png,"[15,15]",87.11
regenerated_new/8/H/case-101860_JAY_ANNOTATION.png,"[15,15]",87.4
regenerated_new/9/H/case-101860_JAY_ANNOTATION.png,"[10,14]",85.51
regenerated_new/10/H/case-101860_JAY_ANNOTATION.png,"[10,11]",73.05
regenerated_new/13/H/case-101860_JAY_ANNOTATION.png,"[15,15]",86.93
regenerated_new/14/H/case-101860_JAY_ANNOTATION.png,"[15,15]",87.03
regenerated_new/2/H/case-101885_JAY_ANNOTATION.png,"[15,15]",87.06
regenerated_new/3/H/case-101885_JAY_ANNOTATION.png,"[15,15]",87.04
regenerated_new/4/H/case-101885_JAY_ANNOTATION.png,"[15,15]",87.11
regenerated_new/5/H/case-101885_JAY_ANNOTATION.png,"[10,11]",76.27
regenerated_new/6/H/case-101885_JAY_ANNOTATION.png,"[15,15]",87.51
regenerated_new/7/H/case-101885_JAY_ANNOTATION.png,"[15,15]",86.83
regenerated_new/8/H/case-101885_JAY_ANNOTATION.png,"[15,15]",86.85
regenerated_new/9/H/case-101885_JAY_ANNOTATION.png,"[15,15]",87.09
regenerated_new/10/H/case-101885_JAY_ANNOTATION.png,"[15,15]",86.9
regenerated_new/13/H/case-101885_JAY_ANNOTATION.png,"[15,15]",86.96
regenerated_new/14/H/case-101885_JAY_ANNOTATION.png,"[15,15]",87.16
regenerated_new/2/H/case-101937_JAY_ANNOTATION.png,"[15,15]",87.12
regenerated_new/3/H/case-101937_JAY_ANNOTATION.png,"[15,15]",87.11
regenerated_new/4/H/case-101937_JAY_ANNOTATION.png,"[15,15]",87.68
regenerated_new/5/H/case-101937_JAY_ANNOTATION.png,"[15,15]",87.15
regenerated_new/6/H/case-101937_JAY_ANNOTATION.png,"[10,14]",74.95
regenerated_new/7/H/case-101937_JAY_ANNOTATION.png,"[15,15]",86.89
regenerated_new/8/H/case-101937_JAY_ANNOTATION.png,"[15,15]",86.92
regenerated_new/9/H/case-101937_JAY_ANNOTATION.png,"[15,15]",86.85
regenerated_new/10/H/case-101937_JAY_ANNOTATION.png,"[15,15]",86.89
regenerated_new/13/H/case-101937_JAY_ANNOTATION.png,"[10,14]",70.94
regenerated_new/14/H/case-101937_JAY_ANNOTATION.png,"[15,15]",87.14
regenerated_new/2/H/case-101940_JAY_ANNOTATION.png,"[15,15]",87.54
regenerated_new/3/H/case-101940_JAY_ANNOTATION.png,"[15,15]",87.05
regenerated_new/4/H/case-101940_JAY_ANNOTATION.png,"[15,15]",87.08
regenerated_new/5/H/case-101940_JAY_ANNOTATION.png,"[15,15]",87.1
regenerated_new/6/H/case-101940_JAY_ANNOTATION.png,"[15,15]",87.09
regenerated_new/7/H/case-101940_JAY_ANNOTATION.png,"[10,11]",55.27
regenerated_new/8/H/case-101940_JAY_ANNOTATION.png,"[15,15]",86.94
regenerated_new/9/H/case-101940_JAY_ANNOTATION.png,"[15,15]",86.98
regenerated_new/10/H/case-101940_JAY_ANNOTATION.png,"[15,15]",86.95
regenerated_new/13/H/case-101940_JAY_ANNOTATION.png,"[15,15]",86.96
regenerated_new/14/H/case-101940_JAY_ANNOTATION.png,"[15,15]",87.23
regenerated_new/2/H/case-101982_JAY_ANNOTATION.png,"[15,15]",86.85
regenerated_new/3/H/case-101982_JAY_ANNOTATION.png,"[10,2]",81.53
regenerated_new/4/H/case-101982_JAY_ANNOTATION.png,"[15,15]",86.88
regenerated_new/5/H/case-101982_JAY_ANNOTATION.png,"[15,15]",87.15
regenerated_new/6/H/case-101982_JAY_ANNOTATION.png,"[15,15]",87.22
regenerated_new/7/H/case-101982_JAY_ANNOTATION.png,"[10,11]",67.2
regenerated_new/8/H/case-101982_JAY_ANNOTATION.png,"[15,15]",87.08
regenerated_new/9/H/case-101982_JAY_ANNOTATION.png,"[10,11]",67.69
regenerated_new/10/H/case-101982_JAY_ANNOTATION.png,"[10,11]",73.08
regenerated_new/13/H/case-101982_JAY_ANNOTATION.png,"[15,15]",87.0
regenerated_new/14/H/case-101982_JAY_ANNOTATION.png,"[15,15]",87.12
regenerated_new/2/H/case-102010_JAY_ANNOTATION.png,"[10,11]",84.03
regenerated_new/3/H/case-102010_JAY_ANNOTATION.png,"[2,3]",65.36
regenerated_new/4/H/case-102010_JAY_ANNOTATION.png,"[15,15]",87.17
regenerated_new/5/H/case-102010_JAY_ANNOTATION.png,"[15,15]",87.12
regenerated_new/6/H/case-102010_JAY_ANNOTATION.png,"[15,15]",87.17
regenerated_new/7/H/case-102010_JAY_ANNOTATION.png,"[15,15]",86.97
regenerated_new/8/H/case-102010_JAY_ANNOTATION.png,"[10,14]",71.53
regenerated_new/9/H/case-102010_JAY_ANNOTATION.png,"[15,15]",87.32
regenerated_new/10/H/case-102010_JAY_ANNOTATION.png,"[15,15]",86.87
regenerated_new/13/H/case-102010_JAY_ANNOTATION.png,"[15,15]",86.92
regenerated_new/14/H/case-102010_JAY_ANNOTATION.png,"[15,15]",87.03
regenerated_new/2/H/case-102041_JAY_ANNOTATION.png,"[15,15]",86.95
regenerated_new/4/H/case-102041_JAY_ANNOTATION.png,"[15,15]",87.08
regenerated_new/5/H/case-102041_JAY_ANNOTATION.png,"[10,14]",81.23
regenerated_new/6/H/case-102041_JAY_ANNOTATION.png,"[15,15]",87.17
regenerated_new/7/H/case-102041_JAY_ANNOTATION.png,"[15,15]",87.13
regenerated_new/8/H/case-102041_JAY_ANNOTATION.png,"[15,15]",87.42
regenerated_new/9/H/case-102041_JAY_ANNOTATION.png,"[15,15]",87.03
regenerated_new/10/H/case-102041_JAY_ANNOTATION.png,"[10,11]",71.45
regenerated_new/13/H/case-102041_JAY_ANNOTATION.png,"[15,15]",87.04
regenerated_new/14/H/case-102041_JAY_ANNOTATION.png,"[15,15]",87.05
regenerated_new/2/H/case-102093_JAY_ANNOTATION.png,"[15,15]",87.1
regenerated_new/4/H/case-102093_JAY_ANNOTATION.png,"[15,15]",87.31
regenerated_new/5/H/case-102093_JAY_ANNOTATION.png,"[15,15]",87.34
regenerated_new/6/H/case-102093_JAY_ANNOTATION.png,"[15,15]",87.14
regenerated_new/7/H/case-102093_JAY_ANNOTATION.png,"[15,15]",87.41
regenerated_new/8/H/case-102093_JAY_ANNOTATION.png,"[15,15]",86.82
regenerated_new/9/H/case-102093_JAY_ANNOTATION.png,"[10,14]",76.61
regenerated_new/10/H/case-102093_JAY_ANNOTATION.png,"[10,11]",81.39
regenerated_new/13/H/case-102093_JAY_ANNOTATION.png,"[15,15]",86.87
regenerated_new/14/H/case-102093_JAY_ANNOTATION.png,"[15,15]",86.88
regenerated_new/2/H/case-102157_JAY_ANNOTATION.png,"[15,15]",86.91
regenerated_new/3/H/case-102157_JAY_ANNOTATION.png,"[15,15]",86.92
regenerated_new/4/H/case-102157_JAY_ANNOTATION.png,"[15,15]",86.94
regenerated_new/5/H/case-102157_JAY_ANNOTATION.png,"[15,15]",87.28
regenerated_new/6/H/case-102157_JAY_ANNOTATION.png,"[15,15]",86.96
regenerated_new/7/H/case-102157_JAY_ANNOTATION.png,"[10,14]",80.27
regenerated_new/8/H/case-102157_JAY_ANNOTATION.png,"[15,15]",87.09
regenerated_new/9/H/case-102157_JAY_ANNOTATION.png,"[15,15]",87.06
regenerated_new/10/H/case-102157_JAY_ANNOTATION.png,"[10,11]",75.87
regenerated_new/13/H/case-102157_JAY_ANNOTATION.png,"[15,15]",87.08
regenerated_new/14/H/case-102157_JAY_ANNOTATION.png,"[10,14]",81.8
regenerated_new/2/H/case-102183_JAY_ANNOTATION.png,"[15,15]",87.13
regenerated_new/3/H/case-102183_JAY_ANNOTATION.png,"[2,3]",68.42
regenerated_new/4/H/case-102183_JAY_ANNOTATION.png,"[15,15]",86.97
regenerated_new/5/H/case-102183_JAY_ANNOTATION.png,"[15,15]",87.02
regenerated_new/6/H/case-102183_JAY_ANNOTATION.png,"[15,15]",87.02
regenerated_new/7/H/case-102183_JAY_ANNOTATION.png,"[10,11]",82.62
regenerated_new/8/H/case-102183_JAY_ANNOTATION.png,"[15,15]",87.09
regenerated_new/9/H/case-102183_JAY_ANNOTATION.png,"[11,14]",75.86
regenerated_new/10/H/case-102183_JAY_ANNOTATION.png,"[10,11]",67.36
regenerated_new/13/H/case-102183_JAY_ANNOTATION.png,"[15,15]",87.1
regenerated_new/14/H/case-102183_JAY_ANNOTATION.png,"[15,15]",87.13
regenerated_new/2/H/case-102224_JAY_ANNOTATION.png,"[15,15]",87.5
regenerated_new/3/H/case-102224_JAY_ANNOTATION.png,"[10,11]",68.7
regenerated_new/4/H/case-102224_JAY_ANNOTATION.png,"[10,11]",54.32
regenerated_new/5/H/case-102224_JAY_ANNOTATION.png,"[15,15]",87.07
regenerated_new/6/H/case-102224_JAY_ANNOTATION.png,"[15,15]",87.06
regenerated_new/7/H/case-102224_JAY_ANNOTATION.png,"[15,15]",87.07
regenerated_new/8/H/case-102224_JAY_ANNOTATION.png,"[15,15]",87.08
regenerated_new/9/H/case-102224_JAY_ANNOTATION.png,"[15,15]",87.14
regenerated_new/10/H/case-102224_JAY_ANNOTATION.png,"[15,15]",87.12
regenerated_new/13/H/case-102224_JAY_ANNOTATION.png,"[15,15]",87.45
regenerated_new/14/H/case-102224_JAY_ANNOTATION.png,"[10,11]",60.65
regenerated_new/2/H/case-102308_JAY_ANNOTATION.png,"[15,15]",87.08
regenerated_new/3/H/case-102308_JAY_ANNOTATION.png,"[10,11]",70.87
regenerated_new/4/H/case-102308_JAY_ANNOTATION.png,"[15,15]",86.97
regenerated_new/5/H/case-102308_JAY_ANNOTATION.png,"[15,15]",86.95
regenerated_new/6/H/case-102308_JAY_ANNOTATION.png,"[15,15]",86.93
regenerated_new/7/H/case-102308_JAY_ANNOTATION.png,"[10,11]",63.36
regenerated_new/8/H/case-102308_JAY_ANNOTATION.png,"[15,15]",87.08
regenerated_new/9/H/case-102308_JAY_ANNOTATION.png,"[15,15]",87.11
regenerated_new/10/H/case-102308_JAY_ANNOTATION.png,"[15,15]",87.3
regenerated_new/13/H/case-102308_JAY_ANNOTATION.png,"[15,15]",86.82
regenerated_new/14/H/case-102308_JAY_ANNOTATION.png,"[15,15]",87.01
regenerated_new/2/H/case-102321_JAY_ANNOTATION.png,"[15,15]",86.88
regenerated_new/4/H/case-102321_JAY_ANNOTATION.png,"[15,15]",87.01
regenerated_new/5/H/case-102321_JAY_ANNOTATION.png,"[15,15]",87.13
regenerated_new/6/H/case-102321_JAY_ANNOTATION.png,"[15,15]",87.14
regenerated_new/7/H/case-102321_JAY_ANNOTATION.png,"[15,15]",87.15
regenerated_new/8/H/case-102321_JAY_ANNOTATION.png,"[15,15]",87.14
regenerated_new/9/H/case-102321_JAY_ANNOTATION.png,"[15,15]",87.47
regenerated_new/10/H/case-102321_JAY_ANNOTATION.png,"[15,15]",87.07
regenerated_new/13/H/case-102321_JAY_ANNOTATION.png,"[15,15]",87.07
regenerated_new/14/H/case-102321_JAY_ANNOTATION.png,"[15,15]",87.14
regenerated_new/2/H/case-102367_JAY_ANNOTATION.png,"[15,15]",87.12
regenerated_new/3/H/case-102367_JAY_ANNOTATION.png,"[15,15]",87.15
regenerated_new/4/H/case-102367_JAY_ANNOTATION.png,"[10,11]",84.6
regenerated_new/5/H/case-102367_JAY_ANNOTATION.png,"[15,15]",87.09
regenerated_new/6/H/case-102367_JAY_ANNOTATION.png,"[15,15]",87.15
regenerated_new/7/H/case-102367_JAY_ANNOTATION.png,"[15,15]",87.41
regenerated_new/8/H/case-102367_JAY_ANNOTATION.png,"[15,15]",87.02
regenerated_new/9/H/case-102367_JAY_ANNOTATION.png,"[15,15]",87.03
regenerated_new/10/H/case-102367_JAY_ANNOTATION.png,"[10,14]",72.48
regenerated_new/13/H/case-102367_JAY_ANNOTATION.png,"[15,15]",87.1
regenerated_new/14/H/case-102367_JAY_ANNOTATION.png,"[15,15]",87.13
regenerated_new/2/H/case-102388_JAY_ANNOTATION.png,"[15,15]",87.11
regenerated_new/3/H/case-102388_JAY_ANNOTATION.png,"[2,3]",71.61
regenerated_new/4/H/case-102388_JAY_ANNOTATION.png,"[15,15]",87.12
regenerated_new/5/H/case-102388_JAY_ANNOTATION.png,"[15,15]",87.49
regenerated_new/6/H/case-102388_JAY_ANNOTATION.png,"[15,15]",87.04
regenerated_new/7/H/case-102388_JAY_ANNOTATION.png,"[15,15]",87.04
regenerated_new/8/H/case-102388_JAY_ANNOTATION.png,"[15,15]",87.15
regenerated_new/9/H/case-102388_JAY_ANNOTATION.png,"[15,15]",87.1
regenerated_new/10/H/case-102388_JAY_ANNOTATION.png,"[15,15]",87.11
regenerated_new/13/H/case-102388_JAY_ANNOTATION.png,"[10,11]",62.67
regenerated_new/14/H/case-102388_JAY_ANNOTATION.png,"[10,14]",82.47
regenerated_new/2/H/case-104754_JAY_ANNOTATION.png,"[2,3]",64.49
regenerated_new/4/H/case-104754_JAY_ANNOTATION.png,"[10,11]",73.88
regenerated_new/5/H/case-104754_JAY_ANNOTATION.png,"[15,15]",87.46
regenerated_new/6/H/case-104754_JAY_ANNOTATION.png,"[15,15]",86.98
regenerated_new/7/H/case-104754_JAY_ANNOTATION.png,"[15,15]",87.09
regenerated_new/8/H/case-104754_JAY_ANNOTATION.png,"[15,15]",87.12
regenerated_new/9/H/case-104754_JAY_ANNOTATION.png,"[10,11]",78.36
regenerated_new/10/H/case-104754_JAY_ANNOTATION.png,"[15,15]",87.1
regenerated_new/13/H/case-104754_JAY_ANNOTATION.png,"[15,15]",86.98
regenerated_new/14/H/case-104754_JAY_ANNOTATION.png,"[10,14]",85.37
regenerated_new/3/H/case-104780_JAY_ANNOTATION.png,"[15,15]",87.03
regenerated_new/4/H/case-104780_JAY_ANNOTATION.png,"[15,15]",87.27
regenerated_new/5/H/case-104780_JAY_ANNOTATION.png,"[10,11]",82.56
regenerated_new/6/H/case-104780_JAY_ANNOTATION.png,"[15,15]",86.9
regenerated_new/7/H/case-104780_JAY_ANNOTATION.png,"[15,15]",86.85
regenerated_new/8/H/case-104780_JAY_ANNOTATION.png,"[15,15]",86.94
regenerated_new/9/H/case-104780_JAY_ANNOTATION.png,"[15,15]",86.96
regenerated_new/10/H/case-104780_JAY_ANNOTATION.png,"[15,15]",86.93
regenerated_new/13/H/case-104780_JAY_ANNOTATION.png,"[15,15]",87.05
regenerated_new/14/H/case-104780_JAY_ANNOTATION.png,"[10,14]",64.69
regenerated_new/3/H/case-104842_JAY_ANNOTATION.png,"[10,11]",77.89
regenerated_new/4/H/case-104842_JAY_ANNOTATION.png,"[15,15]",87.04
regenerated_new/5/H/case-104842_JAY_ANNOTATION.png,"[15,15]",87.05
regenerated_new/6/H/case-104842_JAY_ANNOTATION.png,"[15,15]",87.1
regenerated_new/7/H/case-104842_JAY_ANNOTATION.png,"[15,15]",87.15
regenerated_new/8/H/case-104842_JAY_ANNOTATION.png,"[15,15]",87.08
regenerated_new/9/H/case-104842_JAY_ANNOTATION.png,"[15,15]",87.11
regenerated_new/10/H/case-104842_JAY_ANNOTATION.png,"[15,15]",87.14
regenerated_new/13/H/case-104842_JAY_ANNOTATION.png,"[15,15]",87.12
regenerated_new/14/H/case-104842_JAY_ANNOTATION.png,"[15,15]",87.47
regenerated_new/2/H/case-104941_JAY_ANNOTATION.png,"[15,15]",87.05
regenerated_new/3/H/case-104941_JAY_ANNOTATION.png,"[15,15]",87.14
regenerated_new/4/H/case-104941_JAY_ANNOTATION.png,"[15,15]",87.09
regenerated_new/5/H/case-104941_JAY_ANNOTATION.png,"[15,15]",87.11
regenerated_new/6/H/case-104941_JAY_ANNOTATION.png,"[15,15]",87.12
regenerated_new/7/H/case-104941_JAY_ANNOTATION.png,"[15,15]",87.15
regenerated_new/8/H/case-104941_JAY_ANNOTATION.png,"[10,11]",84.44
regenerated_new/9/H/case-104941_JAY_ANNOTATION.png,"[10,11]",67.53
regenerated_new/10/H/case-104941_JAY_ANNOTATION.png,"[10,11]",70.07
regenerated_new/13/H/case-104941_JAY_ANNOTATION.png,"[15,15]",87.43
regenerated_new/14/H/case-104941_JAY_ANNOTATION.png,"[15,15]",87.06
regenerated_new/2/H/case-104979_JAY_ANNOTATION.png,"[13,14]",72.92
regenerated_new/3/H/case-104979_JAY_ANNOTATION.png,"[15,15]",86.89
regenerated_new/4/H/case-104979_JAY_ANNOTATION.png,"[10,11]",85.42
regenerated_new/5/H/case-104979_JAY_ANNOTATION.png,"[15,15]",87.08
regenerated_new/6/H/case-104979_JAY_ANNOTATION.png,"[10,11]",69.12
regenerated_new/7/H/case-104979_JAY_ANNOTATION.png,"[15,15]",87.05
regenerated_new/8/H/case-104979_JAY_ANNOTATION.png,"[15,15]",87.13
regenerated_new/9/H/case-104979_JAY_ANNOTATION.png,"[15,15]",87.33
regenerated_new/10/H/case-104979_JAY_ANNOTATION.png,"[10,11]",70.61
regenerated_new/13/H/case-104979_JAY_ANNOTATION.png,"[15,15]",87.05
regenerated_new/14/H/case-104979_JAY_ANNOTATION.png,"[15,15]",87.07
regenerated_new/2/H/case-104990_JAY_ANNOTATION.png,"[15,15]",87.12
regenerated_new/3/H/case-104990_JAY_ANNOTATION.png,"[10,14]",81.38
regenerated_new/4/H/case-104990_JAY_ANNOTATION.png,"[15,15]",87.14
regenerated_new/5/H/case-104990_JAY_ANNOTATION.png,"[15,15]",87.13
regenerated_new/6/H/case-104990_JAY_ANNOTATION.png,"[15,15]",87.17
regenerated_new/7/H/case-104990_JAY_ANNOTATION.png,"[15,15]",87.48
regenerated_new/8/H/case-104990_JAY_ANNOTATION.png,"[15,15]",87.11
regenerated_new/9/H/case-104990_JAY_ANNOTATION.png,"[15,15]",86.95
regenerated_new/10/H/case-104990_JAY_ANNOTATION.png,"[10,11]",59.56
regenerated_new/13/H/case-104990_JAY_ANNOTATION.png,"[15,15]",86.89
regenerated_new/14/H/case-104990_JAY_ANNOTATION.png,"[10,14]",76.81
regenerated_new/3/H/case-105035_JAY_ANNOTATION.png,"[15,15]",86.93
regenerated_new/4/H/case-105035_JAY_ANNOTATION.png,"[15,15]",87.13
regenerated_new/5/H/case-105035_JAY_ANNOTATION.png,"[15,15]",87.12
regenerated_new/6/H/case-105035_JAY_ANNOTATION.png,"[10,11]",78.78
regenerated_new/7/H/case-105035_JAY_ANNOTATION.png,"[15,15]",87.41
regenerated_new/8/H/case-105035_JAY_ANNOTATION.png,"[15,15]",87.01
regenerated_new/9/H/case-105035_JAY_ANNOTATION.png,"[15,15]",87.06
regenerated_new/10/H/case-105035_JAY_ANNOTATION.png,"[10,11]",74.66
regenerated_new/13/H/case-105035_JAY_ANNOTATION.png,"[15,15]",86.91
regenerated_new/14/H/case-105035_JAY_ANNOTATION.png,"[15,15]",86.95
regenerated_new/2/H/case-105051_JAY_ANNOTATION.png,"[10,11]",85.13
regenerated_new/3/H/case-105051_JAY_ANNOTATION.png,"[15,15]",86.96
regenerated_new/4/H/case-105051_JAY_ANNOTATION.png,"[15,15]",87.0
regenerated_new/5/H/case-105051_JAY_ANNOTATION.png,"[15,15]",87.28
regenerated_new/6/H/case-105051_JAY_ANNOTATION.png,"[15,15]",87.01
regenerated_new/7/H/case-105051_JAY_ANNOTATION.png,"[15,15]",87.06
regenerated_new/8/H/case-105051_JAY_ANNOTATION.png,"[15,15]",87.07
regenerated_new/9/H/case-105051_JAY_ANNOTATION.png,"[15,15]",87.12
regenerated_new/10/H/case-105051_JAY_ANNOTATION.png,"[15,15]",86.97
regenerated_new/13/H/case-105051_JAY_ANNOTATION.png,"[15,15]",87.11
regenerated_new/14/H/case-105051_JAY_ANNOTATION.png,"[10,14]",76.61
regenerated_new/3/H/case-105171_JAY_ANNOTATION.png,"[15,15]",87.09
regenerated_new/4/H/case-105171_JAY_ANNOTATION.png,"[15,15]",87.44
regenerated_new/5/H/case-105171_JAY_ANNOTATION.png,"[15,15]",87.04
regenerated_new/6/H/case-105171_JAY_ANNOTATION.png,"[15,15]",87.15
regenerated_new/7/H/case-105171_JAY_ANNOTATION.png,"[15,15]",87.09
regenerated_new/8/H/case-105171_JAY_ANNOTATION.png,"[15,15]",86.92
regenerated_new/9/H/case-105171_JAY_ANNOTATION.png,"[10,14]",82.71
regenerated_new/10/H/case-105171_JAY_ANNOTATION.png,"[15,15]",87.07
regenerated_new/13/H/case-105171_JAY_ANNOTATION.png,"[15,15]",87.14
regenerated_new/14/H/case-105171_JAY_ANNOTATION.png,"[15,15]",87.08
regenerated_new/2/H/case-105177_JAY_ANNOTATION.png,"[15,15]",87.47
regenerated_new/3/H/case-105177_JAY_ANNOTATION.png,"[15,15]",87.08
regenerated_new/4/H/case-105177_JAY_ANNOTATION.png,"[15,15]",87.14
regenerated_new/5/H/case-105177_JAY_ANNOTATION.png,"[15,15]",87.07
regenerated_new/6/H/case-105177_JAY_ANNOTATION.png,"[13,14]",86.0
regenerated_new/7/H/case-105177_JAY_ANNOTATION.png,"[10,11]",83.18
regenerated_new/8/H/case-105177_JAY_ANNOTATION.png,"[13,14]",83.72
regenerated_new/9/H/case-105177_JAY_ANNOTATION.png,"[15,15]",87.13
regenerated_new/10/H/case-105177_JAY_ANNOTATION.png,"[15,15]",87.16
regenerated_new/13/H/case-105177_JAY_ANNOTATION.png,"[15,15]",87.44
regenerated_new/14/H/case-105177_JAY_ANNOTATION.png,"[15,15]",87.05
regenerated_new/3/H/case-105234_JAY_ANNOTATION.png,"[11,14]",84.2
regenerated_new/4/H/case-105234_JAY_ANNOTATION.png,"[15,15]",87.11
regenerated_new/5/H/case-105234_JAY_ANNOTATION.png,"[15,15]",86.97
regenerated_new/6/H/case-105234_JAY_ANNOTATION.png,"[15,15]",86.86
regenerated_new/7/H/case-105234_JAY_ANNOTATION.png,"[15,15]",86.94
regenerated_new/8/H/case-105234_JAY_ANNOTATION.png,"[15,15]",87.05
regenerated_new/9/H/case-105234_JAY_ANNOTATION.png,"[15,15]",87.08
regenerated_new/10/H/case-105234_JAY_ANNOTATION.png,"[15,15]",87.48
regenerated_new/13/H/case-105234_JAY_ANNOTATION.png,"[15,15]",87.06
regenerated_new/14/H/case-105234_JAY_ANNOTATION.png,"[15,15]",87.1
regenerated_new/2/H/case-105246_JAY_ANNOTATION.png,"[10,11]",71.06
regenerated_new/3/H/case-105246_JAY_ANNOTATION.png,"[15,15]",87.06
regenerated_new/4/H/case-105246_JAY_ANNOTATION.png,"[15,15]",87.05
regenerated_new/5/H/case-105246_JAY_ANNOTATION.png,"[15,15]",87.04
regenerated_new/6/H/case-105246_JAY_ANNOTATION.png,"[15,15]",86.99
regenerated_new/7/H/case-105246_JAY_ANNOTATION.png,"[10,11]",63.47
regenerated_new/8/H/case-105246_JAY_ANNOTATION.png,"[10,11]",63.62
regenerated_new/9/H/case-105246_JAY_ANNOTATION.png,"[15,15]",87.41
regenerated_new/10/H/case-105246_JAY_ANNOTATION.png,"[10,11]",64.4
regenerated_new/13/H/case-105246_JAY_ANNOTATION.png,"[12,14]",84.6
regenerated_new/14/H/case-105246_JAY_ANNOTATION.png,"[15,15]",87.05
regenerated_new/2/H/case-105257_JAY_ANNOTATION.png,"[15,15]",87.14
regenerated_new/3/H/case-105257_JAY_ANNOTATION.png,"[15,15]",87.08
regenerated_new/4/H/case-105257_JAY_ANNOTATION.png,"[15,15]",87.09
regenerated_new/5/H/case-105257_JAY_ANNOTATION.png,"[15,15]",87.09
regenerated_new/6/H/case-105257_JAY_ANNOTATION.png,"[15,15]",87.15
regenerated_new/7/H/case-105257_JAY_ANNOTATION.png,"[10,11]",64.68
regenerated_new/8/H/case-105257_JAY_ANNOTATION.png,"[15,15]",86.8
regenerated_new/9/H/case-105257_JAY_ANNOTATION.png,"[15,15]",86.88
regenerated_new/10/H/case-105257_JAY_ANNOTATION.png,"[10,11]",70.23
regenerated_new/13/H/case-105257_JAY_ANNOTATION.png,"[15,15]",86.92
regenerated_new/14/H/case-105257_JAY_ANNOTATION.png,"[10,11]",67.95
regenerated_new/2/H/case-105288_JAY_ANNOTATION.png,"[15,15]",86.91
regenerated_new/3/H/case-105288_JAY_ANNOTATION.png,"[15,15]",87.06
regenerated_new/4/H/case-105288_JAY_ANNOTATION.png,"[15,15]",86.86
regenerated_new/5/H/case-105288_JAY_ANNOTATION.png,"[11,14]",86.74
regenerated_new/6/H/case-105288_JAY_ANNOTATION.png,"[15,15]",87.04
regenerated_new/7/H/case-105288_JAY_ANNOTATION.png,"[15,15]",87.02
regenerated_new/8/H/case-105288_JAY_ANNOTATION.png,"[15,15]",87.09
regenerated_new/9/H/case-105288_JAY_ANNOTATION.png,"[15,15]",87.14
regenerated_new/10/H/case-105288_JAY_ANNOTATION.png,"[15,15]",87.2
regenerated_new/13/H/case-105288_JAY_ANNOTATION.png,"[15,15]",87.1
regenerated_new/14/H/case-105288_JAY_ANNOTATION.png,"[10,11]",80.68
regenerated_new/4/H/case-105318_JAY_ANNOTATION.png,"[15,15]",87.12
regenerated_new/5/H/case-105318_JAY_ANNOTATION.png,"[15,15]",87.49
regenerated_new/6/H/case-105318_JAY_ANNOTATION.png,"[15,15]",86.81
regenerated_new/7/H/case-105318_JAY_ANNOTATION.png,"[15,15]",86.88
regenerated_new/8/H/case-105318_JAY_ANNOTATION.png,"[10,11]",46.71
regenerated_new/9/H/case-105318_JAY_ANNOTATION.png,"[10,11]",74.07
regenerated_new/10/H/case-105318_JAY_ANNOTATION.png,"[10,11]",67.15
regenerated_new/13/H/case-105318_JAY_ANNOTATION.png,"[15,15]",86.92
regenerated_new/14/H/case-105318_JAY_ANNOTATION.png,"[15,15]",86.94
regenerated_new/2/H/case-105476_JAY_ANNOTATION.png,"[15,15]",86.94
regenerated_new/4/H/case-105476_JAY_ANNOTATION.png,"[15,15]",86.93
regenerated_new/5/H/case-105476_JAY_ANNOTATION.png,"[15,15]",87.31
regenerated_new/6/H/case-105476_JAY_ANNOTATION.png,"[15,15]",86.81
regenerated_new/7/H/case-105476_JAY_ANNOTATION.png,"[15,15]",86.86
regenerated_new/8/H/case-105476_JAY_ANNOTATION.png,"[15,15]",86.95
regenerated_new/9/H/case-105476_JAY_ANNOTATION.png,"[12,14]",87.01
regenerated_new/10/H/case-105476_JAY_ANNOTATION.png,"[15,15]",87.4
regenerated_new/13/H/case-105476_JAY_ANNOTATION.png,"[15,15]",87.49
regenerated_new/14/H/case-105476_JAY_ANNOTATION.png,"[15,15]",87.56
regenerated_new/2/H/case-105567_JAY_ANNOTATION.png,"[10,11]",69.85
regenerated_new/3/H/case-105567_JAY_ANNOTATION.png,"[15,15]",88.02
regenerated_new/4/H/case-105567_JAY_ANNOTATION.png,"[15,15]",87.46
regenerated_new/5/H/case-105567_JAY_ANNOTATION.png,"[11,14]",84.61
regenerated_new/6/H/case-105567_JAY_ANNOTATION.png,"[15,15]",87.55
regenerated_new/7/H/case-105567_JAY_ANNOTATION.png,"[15,15]",87.53
regenerated_new/8/H/case-105567_JAY_ANNOTATION.png,"[15,15]",87.55
regenerated_new/9/H/case-105567_JAY_ANNOTATION.png,"[15,15]",87.32
regenerated_new/10/H/case-105567_JAY_ANNOTATION.png,"[15,15]",87.45
regenerated_new/13/H/case-105567_JAY_ANNOTATION.png,"[15,15]",87.57
regenerated_new/14/H/case-105567_JAY_ANNOTATION.png,"[15,15]",87.94
regenerated_new/2/H/case-105579_JAY_ANNOTATION.png,"[15,15]",87.45
regenerated_new/3/H/case-105579_JAY_ANNOTATION.png,"[15,15]",87.56
regenerated_new/4/H/case-105579_JAY_ANNOTATION.png,"[15,15]",87.57
regenerated_new/5/H/case-105579_JAY_ANNOTATION.png,"[15,15]",87.52
regenerated_new/6/H/case-105579_JAY_ANNOTATION.png,"[15,15]",87.52
regenerated_new/7/H/case-105579_JAY_ANNOTATION.png,"[10,11]",70.54
regenerated_new/8/H/case-105579_JAY_ANNOTATION.png,"[15,15]",87.62
regenerated_new/9/H/case-105579_JAY_ANNOTATION.png,"[15,15]",87.42
regenerated_new/10/H/case-105579_JAY_ANNOTATION.png,"[15,15]",87.87
regenerated_new/13/H/case-105579_JAY_ANNOTATION.png,"[15,15]",87.27
regenerated_new/14/H/case-105579_JAY_ANNOTATION.png,"[15,15]",87.36
regenerated_new/2/H/case-105586_JAY_ANNOTATION.png,"[15,15]",87.38
regenerated_new/3/H/case-105586_JAY_ANNOTATION.png,"[15,15]",87.39
regenerated_new/4/H/case-105586_JAY_ANNOTATION.png,"[15,15]",87.45
regenerated_new/5/H/case-105586_JAY_ANNOTATION.png,"[15,15]",87.56
regenerated_new/6/H/case-105586_JAY_ANNOTATION.png,"[15,15]",87.52
regenerated_new/7/H/case-105586_JAY_ANNOTATION.png,"[10,11]",82.72
regenerated_new/8/H/case-105586_JAY_ANNOTATION.png,"[15,15]",88.01
regenerated_new/9/H/case-105586_JAY_ANNOTATION.png,"[15,15]",87.49
regenerated_new/10/H/case-105586_JAY_ANNOTATION.png,"[10,11]",81.99
regenerated_new/13/H/case-105586_JAY_ANNOTATION.png,"[15,15]",87.55
regenerated_new/14/H/case-105586_JAY_ANNOTATION.png,"[15,15]",87.55
regenerated_new/2/H/case-105592_JAY_ANNOTATION.png,"[15,15]",87.43
regenerated_new/3/H/case-105592_JAY_ANNOTATION.png,"[15,15]",87.42
regenerated_new/4/H/case-105592_JAY_ANNOTATION.png,"[15,15]",87.46
regenerated_new/5/H/case-105592_JAY_ANNOTATION.png,"[15,15]",87.41
regenerated_new/6/H/case-105592_JAY_ANNOTATION.png,"[15,15]",87.56
regenerated_new/7/H/case-105592_JAY_ANNOTATION.png,"[3,5]",62.96
regenerated_new/8/H/case-105592_JAY_ANNOTATION.png,"[15,15]",87.51
regenerated_new/9/H/case-105592_JAY_ANNOTATION.png,"[15,15]",87.4
regenerated_new/10/H/case-105592_JAY_ANNOTATION.png,"[15,15]",87.42
regenerated_new/13/H/case-105592_JAY_ANNOTATION.png,"[10,11]",71.19
regenerated_new/14/H/case-105592_JAY_ANNOTATION.png,"[15,15]",87.57
regenerated_new/2/H/case-105597_JAY_ANNOTATION.png,"[13,14]",75.22
regenerated_new/3/H/case-105597_JAY_ANNOTATION.png,"[10,11]",75.99
regenerated_new/4/H/case-105597_JAY_ANNOTATION.png,"[15,15]",87.58
regenerated_new/5/H/case-105597_JAY_ANNOTATION.png,"[11,14]",66.72
regenerated_new/6/H/case-105597_JAY_ANNOTATION.png,"[15,15]",87.53
regenerated_new/7/H/case-105597_JAY_ANNOTATION.png,"[10,11]",68.34
regenerated_new/8/H/case-105597_JAY_ANNOTATION.png,"[15,15]",87.53
regenerated_new/9/H/case-105597_JAY_ANNOTATION.png,"[15,15]",87.51
regenerated_new/10/H/case-105597_JAY_ANNOTATION.png,"[15,15]",87.55
regenerated_new/13/H/case-105597_JAY_ANNOTATION.png,"[15,15]",87.58
regenerated_new/14/H/case-105597_JAY_ANNOTATION.png,"[15,15]",87.58
regenerated_new/2/H/case-105602_JAY_ANNOTATION.png,"[15,15]",87.64
regenerated_new/3/H/case-105602_JAY_ANNOTATION.png,"[2,3]",51.89
regenerated_new/4/H/case-105602_JAY_ANNOTATION.png,"[11,14]",79.21
regenerated_new/5/H/case-105602_JAY_ANNOTATION.png,"[15,15]",87.5
regenerated_new/6/H/case-105602_JAY_ANNOTATION.png,"[10,14]",84.66
regenerated_new/7/H/case-105602_JAY_ANNOTATION.png,"[10,11]",83.58
regenerated_new/8/H/case-105602_JAY_ANNOTATION.png,"[15,15]",87.55
regenerated_new/9/H/case-105602_JAY_ANNOTATION.png,"[10,11]",67.15
regenerated_new/10/H/case-105602_JAY_ANNOTATION.png,"[15,15]",87.56
regenerated_new/13/H/case-105602_JAY_ANNOTATION.png,"[15,15]",87.55
regenerated_new/14/H/case-105602_JAY_ANNOTATION.png,"[15,15]",87.63
regenerated_new/2/H/case-105681_JAY_ANNOTATION.png,"[15,15]",87.97
regenerated_new/3/H/case-105681_JAY_ANNOTATION.png,"[10,11]",67.99
regenerated_new/4/H/case-105681_JAY_ANNOTATION.png,"[15,15]",87.48
regenerated_new/5/H/case-105681_JAY_ANNOTATION.png,"[15,15]",87.57
regenerated_new/6/H/case-105681_JAY_ANNOTATION.png,"[15,15]",87.58
regenerated_new/7/H/case-105681_JAY_ANNOTATION.png,"[15,15]",87.53
regenerated_new/8/H/case-105681_JAY_ANNOTATION.png,"[15,15]",87.53
regenerated_new/9/H/case-105681_JAY_ANNOTATION.png,"[15,15]",87.52
regenerated_new/10/H/case-105681_JAY_ANNOTATION.png,"[15,15]",87.61
regenerated_new/13/H/case-105681_JAY_ANNOTATION.png,"[15,15]",87.64
regenerated_new/14/H/case-105681_JAY_ANNOTATION.png,"[10,14]",80.91
regenerated_new/2/H/case-105704_JAY_ANNOTATION.png,"[15,15]",87.51
regenerated_new/3/H/case-105704_JAY_ANNOTATION.png,"[15,15]",87.52
regenerated_new/4/H/case-105704_JAY_ANNOTATION.png,"[15,15]",87.56
regenerated_new/5/H/case-105704_JAY_ANNOTATION.png,"[15,15]",87.58
regenerated_new/6/H/case-105704_JAY_ANNOTATION.png,"[11,14]",84.72
regenerated_new/7/H/case-105704_JAY_ANNOTATION.png,"[15,15]",87.61
regenerated_new/8/H/case-105704_JAY_ANNOTATION.png,"[15,15]",87.47
regenerated_new/9/H/case-105704_JAY_ANNOTATION.png,"[15,15]",87.38
regenerated_new/10/H/case-105704_JAY_ANNOTATION.png,"[10,11]",77.16
regenerated_new/13/H/case-105704_JAY_ANNOTATION.png,"[15,15]",87.34
regenerated_new/14/H/case-105704_JAY_ANNOTATION.png,"[10,14]",85.83
regenerated_new/2/H/case-105817_JAY_ANNOTATION.png,"[15,15]",87.53
regenerated_new/3/H/case-105817_JAY_ANNOTATION.png,"[15,15]",87.52
regenerated_new/5/H/case-105817_JAY_ANNOTATION.png,"[10,11]",78.54
regenerated_new/6/H/case-105817_JAY_ANNOTATION.png,"[15,15]",87.51
regenerated_new/7/H/case-105817_JAY_ANNOTATION.png,"[10,14]",74.14
regenerated_new/8/H/case-105817_JAY_ANNOTATION.png,"[15,15]",88.0
regenerated_new/9/H/case-105817_JAY_ANNOTATION.png,"[10,11]",78.91
regenerated_new/10/H/case-105817_JAY_ANNOTATION.png,"[10,11]",63.78
regenerated_new/13/H/case-105817_JAY_ANNOTATION.png,"[15,15]",87.77
regenerated_new/14/H/case-105817_JAY_ANNOTATION.png,"[15,15]",87.77
regenerated_new/2/H/case-105839_JAY_ANNOTATION.png,"[10,11]",78.65
regenerated_new/3/H/case-105839_JAY_ANNOTATION.png,"[15,15]",87.58
regenerated_new/4/H/case-105839_JAY_ANNOTATION.png,"[15,15]",87.62
regenerated_new/5/H/case-105839_JAY_ANNOTATION.png,"[15,15]",87.63
regenerated_new/6/H/case-105839_JAY_ANNOTATION.png,"[15,15]",88.18
regenerated_new/7/H/case-105839_JAY_ANNOTATION.png,"[10,11]",75.07
regenerated_new/8/H/case-105839_JAY_ANNOTATION.png,"[15,15]",87.74
regenerated_new/9/H/case-105839_JAY_ANNOTATION.png,"[15,15]",87.77
regenerated_new/10/H/case-105839_JAY_ANNOTATION.png,"[15,15]",87.74
regenerated_new/13/H/case-105839_JAY_ANNOTATION.png,"[15,15]",87.76
regenerated_new/14/H/case-105839_JAY_ANNOTATION.png,"[10,11]",61.99
regenerated_new/2/H/case-105862_JAY_ANNOTATION.png,"[10,11]",71.0
regenerated_new/3/H/case-105862_JAY_ANNOTATION.png,"[15,15]",87.59
regenerated_new/4/H/case-105862_JAY_ANNOTATION.png,"[15,15]",87.48
regenerated_new/5/H/case-105862_JAY_ANNOTATION.png,"[15,15]",87.84
regenerated_new/6/H/case-105862_JAY_ANNOTATION.png,"[15,15]",87.11
regenerated_new/7/H/case-105862_JAY_ANNOTATION.png,"[10,11]",85.62
regenerated_new/8/H/case-105862_JAY_ANNOTATION.png,"[15,15]",87.29
regenerated_new/9/H/case-105862_JAY_ANNOTATION.png,"[10,14]",76.69
regenerated_new/10/H/case-105862_JAY_ANNOTATION.png,"[10,11]",87.26
regenerated_new/13/H/case-105862_JAY_ANNOTATION.png,"[15,15]",87.35
regenerated_new/14/H/case-105862_JAY_ANNOTATION.png,"[10,11]",78.56
regenerated_new/2/H/case-105915_JAY_ANNOTATION.png,"[15,15]",87.25
regenerated_new/3/H/case-105915_JAY_ANNOTATION.png,"[13,14]",82.09
regenerated_new/4/H/case-105915_JAY_ANNOTATION.png,"[15,15]",87.18
regenerated_new/5/H/case-105915_JAY_ANNOTATION.png,"[15,15]",87.21
regenerated_new/6/H/case-105915_JAY_ANNOTATION.png,"[15,15]",87.19
regenerated_new/7/H/case-105915_JAY_ANNOTATION.png,"[15,15]",87.23
regenerated_new/8/H/case-105915_JAY_ANNOTATION.png,"[15,15]",87.31
regenerated_new/9/H/case-105915_JAY_ANNOTATION.png,"[15,15]",87.24
regenerated_new/10/H/case-105915_JAY_ANNOTATION.png,"[15,15]",87.21
regenerated_new/13/H/case-105915_JAY_ANNOTATION.png,"[15,15]",87.25
regenerated_new/14/H/case-105915_JAY_ANNOTATION.png,"[15,15]",87.72
regenerated_new/2/H/case-106012_JAY_ANNOTATION.png,"[15,15]",87.2
regenerated_new/4/H/case-106012_JAY_ANNOTATION.png,"[15,15]",87.16
regenerated_new/5/H/case-106012_JAY_ANNOTATION.png,"[15,15]",87.27
regenerated_new/6/H/case-106012_JAY_ANNOTATION.png,"[15,15]",87.28
regenerated_new/7/H/case-106012_JAY_ANNOTATION.png,"[15,15]",87.26
regenerated_new/8/H/case-106012_JAY_ANNOTATION.png,"[15,15]",87.31
regenerated_new/9/H/case-106012_JAY_ANNOTATION.png,"[15,15]",87.27
regenerated_new/10/H/case-106012_JAY_ANNOTATION.png,"[15,15]",87.23
regenerated_new/13/H/case-106012_JAY_ANNOTATION.png,"[15,15]",87.59
regenerated_new/14/H/case-106012_JAY_ANNOTATION.png,"[15,15]",87.24
regenerated_new/3/H/case-106016_JAY_ANNOTATION.png,"[15,15]",87.25
regenerated_new/4/H/case-106016_JAY_ANNOTATION.png,"[10,11]",63.26
regenerated_new/5/H/case-106016_JAY_ANNOTATION.png,"[15,15]",87.22
regenerated_new/6/H/case-106016_JAY_ANNOTATION.png,"[15,15]",87.23
regenerated_new/7/H/case-106016_JAY_ANNOTATION.png,"[15,15]",87.26
regenerated_new/8/H/case-106016_JAY_ANNOTATION.png,"[10,11]",81.86
regenerated_new/9/H/case-106016_JAY_ANNOTATION.png,"[15,15]",87.27
regenerated_new/10/H/case-106016_JAY_ANNOTATION.png,"[15,15]",87.75
regenerated_new/13/H/case-106016_JAY_ANNOTATION.png,"[15,15]",87.14
regenerated_new/14/H/case-106016_JAY_ANNOTATION.png,"[15,15]",87.19
regenerated_new/3/H/case-106081_JAY_ANNOTATION.png,"[15,15]",87.21
regenerated_new/4/H/case-106081_JAY_ANNOTATION.png,"[10,11]",73.49
regenerated_new/5/H/case-106081_JAY_ANNOTATION.png,"[15,15]",87.19
regenerated_new/6/H/case-106081_JAY_ANNOTATION.png,"[15,15]",87.31
regenerated_new/7/H/case-106081_JAY_ANNOTATION.png,"[15,15]",87.3
regenerated_new/8/H/case-106081_JAY_ANNOTATION.png,"[15,15]",87.25
regenerated_new/9/H/case-106081_JAY_ANNOTATION.png,"[10,14]",84.06
regenerated_new/10/H/case-106081_JAY_ANNOTATION.png,"[15,15]",87.53
regenerated_new/13/H/case-106081_JAY_ANNOTATION.png,"[15,15]",87.21
regenerated_new/14/H/case-106081_JAY_ANNOTATION.png,"[15,15]",87.22
regenerated_new/2/H/case-106101_JAY_ANNOTATION.png,"[10,11]",76.78
regenerated_new/3/H/case-106101_JAY_ANNOTATION.png,"[15,15]",87.22
regenerated_new/4/H/case-106101_JAY_ANNOTATION.png,"[10,11]",77.96
regenerated_new/5/H/case-106101_JAY_ANNOTATION.png,"[15,15]",87.29
regenerated_new/6/H/case-106101_JAY_ANNOTATION.png,"[15,15]",87.28
regenerated_new/7/H/case-106101_JAY_ANNOTATION.png,"[10,11]",80.65
regenerated_new/8/H/case-106101_JAY_ANNOTATION.png,"[15,15]",87.6
regenerated_new/9/H/case-106101_JAY_ANNOTATION.png,"[15,15]",87.35
regenerated_new/10/H/case-106101_JAY_ANNOTATION.png,"[10,11]",60.62
regenerated_new/13/H/case-106101_JAY_ANNOTATION.png,"[15,15]",87.22
regenerated_new/14/H/case-106101_JAY_ANNOTATION.png,"[15,15]",87.26
regenerated_new/2/H/case-106127_JAY_ANNOTATION.png,"[15,15]",87.35
regenerated_new/3/H/case-106127_JAY_ANNOTATION.png,"[15,15]",87.26
regenerated_new/4/H/case-106127_JAY_ANNOTATION.png,"[15,15]",87.29
regenerated_new/5/H/case-106127_JAY_ANNOTATION.png,"[15,15]",87.29
regenerated_new/6/H/case-106127_JAY_ANNOTATION.png,"[15,15]",87.66
regenerated_new/7/H/case-106127_JAY_ANNOTATION.png,"[15,15]",87.21
regenerated_new/8/H/case-106127_JAY_ANNOTATION.png,"[15,15]",87.22
regenerated_new/9/H/case-106127_JAY_ANNOTATION.png,"[15,15]",87.23
regenerated_new/10/H/case-106127_JAY_ANNOTATION.png,"[10,14]",78.15
regenerated_new/13/H/case-106127_JAY_ANNOTATION.png,"[15,15]",87.26
regenerated_new/14/H/case-106127_JAY_ANNOTATION.png,"[15,15]",87.25
regenerated_new/2/H/case-106139_JAY_ANNOTATION.png,"[15,15]",87.23
regenerated_new/3/H/case-106139_JAY_ANNOTATION.png,"[15,15]",87.34
regenerated_new/4/H/case-106139_JAY_ANNOTATION.png,"[15,15]",87.65
regenerated_new/5/H/case-106139_JAY_ANNOTATION.png,"[15,15]",87.19
regenerated_new/6/H/case-106139_JAY_ANNOTATION.png,"[15,15]",87.21
regenerated_new/7/H/case-106139_JAY_ANNOTATION.png,"[15,15]",87.25
regenerated_new/8/H/case-106139_JAY_ANNOTATION.png,"[15,15]",87.26
regenerated_new/9/H/case-106139_JAY_ANNOTATION.png,"[15,15]",87.28
regenerated_new/10/H/case-106139_JAY_ANNOTATION.png,"[10,11]",77.83
regenerated_new/13/H/case-106139_JAY_ANNOTATION.png,"[15,15]",87.33
regenerated_new/14/H/case-106139_JAY_ANNOTATION.png,"[10,11]",64.96
regenerated_new/2/H/case-106141_JAY_ANNOTATION.png,"[15,15]",87.26
regenerated_new/3/H/case-106141_JAY_ANNOTATION.png,"[15,15]",87.55
regenerated_new/4/H/case-106141_JAY_ANNOTATION.png,"[15,15]",87.2
regenerated_new/5/H/case-106141_JAY_ANNOTATION.png,"[10,11]",57.11
regenerated_new/6/H/case-106141_JAY_ANNOTATION.png,"[15,15]",87.24
regenerated_new/7/H/case-106141_JAY_ANNOTATION.png,"[15,15]",87.3
regenerated_new/8/H/case-106141_JAY_ANNOTATION.png,"[15,15]",87.23
regenerated_new/9/H/case-106141_JAY_ANNOTATION.png,"[15,15]",87.18
regenerated_new/10/H/case-106141_JAY_ANNOTATION.png,"[10,14]",83.87
regenerated_new/13/H/case-106141_JAY_ANNOTATION.png,"[15,15]",87.26
regenerated_new/14/H/case-106141_JAY_ANNOTATION.png,"[15,15]",87.64
regenerated_new/2/H/case-106157_JAY_ANNOTATION.png,"[15,15]",87.22
regenerated_new/3/H/case-106157_JAY_ANNOTATION.png,"[10,14]",83.29
regenerated_new/4/H/case-106157_JAY_ANNOTATION.png,"[10,11]",64.61
regenerated_new/5/H/case-106157_JAY_ANNOTATION.png,"[15,15]",87.26
regenerated_new/6/H/case-106157_JAY_ANNOTATION.png,"[15,15]",87.28
regenerated_new/7/H/case-106157_JAY_ANNOTATION.png,"[15,15]",87.25
regenerated_new/8/H/case-106157_JAY_ANNOTATION.png,"[15,15]",87.27
regenerated_new/9/H/case-106157_JAY_ANNOTATION.png,"[15,15]",87.32
regenerated_new/10/H/case-106157_JAY_ANNOTATION.png,"[15,15]",87.59
regenerated_new/13/H/case-106157_JAY_ANNOTATION.png,"[15,15]",87.15
regenerated_new/14/H/case-106157_JAY_ANNOTATION.png,"[15,15]",87.17
regenerated_new/2/H/case-106172_JAY_ANNOTATION.png,"[10,14]",68.49
regenerated_new/3/H/case-106172_JAY_ANNOTATION.png,"[15,15]",87.27
regenerated_new/4/H/case-106172_JAY_ANNOTATION.png,"[15,15]",87.25
regenerated_new/5/H/case-106172_JAY_ANNOTATION.png,"[10,11]",68.68
regenerated_new/6/H/case-106172_JAY_ANNOTATION.png,"[15,15]",87.25
regenerated_new/7/H/case-106172_JAY_ANNOTATION.png,"[10,11]",79.8
regenerated_new/8/H/case-106172_JAY_ANNOTATION.png,"[15,15]",87.28
regenerated_new/9/H/case-106172_JAY_ANNOTATION.png,"[10,11]",68.63
regenerated_new/10/H/case-106172_JAY_ANNOTATION.png,"[15,15]",87.21
regenerated_new/13/H/case-106172_JAY_ANNOTATION.png,"[15,15]",87.27
regenerated_new/14/H/case-106172_JAY_ANNOTATION.png,"[15,15]",87.22
regenerated_new/2/H/case-106301_JAY_ANNOTATION.png,"[15,15]",87.23
regenerated_new/3/H/case-106301_JAY_ANNOTATION.png,"[10,11]",75.12
regenerated_new/4/H/case-106301_JAY_ANNOTATION.png,"[15,15]",87.27
regenerated_new/5/H/case-106301_JAY_ANNOTATION.png,"[15,15]",87.27
regenerated_new/6/H/case-106301_JAY_ANNOTATION.png,"[15,15]",87.24
regenerated_new/7/H/case-106301_JAY_ANNOTATION.png,"[10,11]",54.58
regenerated_new/8/H/case-106301_JAY_ANNOTATION.png,"[15,15]",87.17
regenerated_new/9/H/case-106301_JAY_ANNOTATION.png,"[15,15]",87.23
regenerated_new/10/H/case-106301_JAY_ANNOTATION.png,"[11,14]",85.07
regenerated_new/13/H/case-106301_JAY_ANNOTATION.png,"[15,15]",87.25
regenerated_new/14/H/case-106301_JAY_ANNOTATION.png,"[10,14]",81.22
regenerated_new/2/H/case-106371_JAY_ANNOTATION.png,"[15,15]",87.26
regenerated_new/3/H/case-106371_JAY_ANNOTATION.png,"[15,15]",87.29
regenerated_new/4/H/case-106371_JAY_ANNOTATION.png,"[10,11]",64.45
regenerated_new/5/H/case-106371_JAY_ANNOTATION.png,"[15,15]",87.67
regenerated_new/6/H/case-106371_JAY_ANNOTATION.png,"[15,15]",87.15
regenerated_new/7/H/case-106371_JAY_ANNOTATION.png,"[15,15]",87.26
regenerated_new/8/H/case-106371_JAY_ANNOTATION.png,"[15,15]",87.19
regenerated_new/9/H/case-106371_JAY_ANNOTATION.png,"[15,15]",87.24
regenerated_new/10/H/case-106371_JAY_ANNOTATION.png,"[15,15]",87.25
regenerated_new/13/H/case-106371_JAY_ANNOTATION.png,"[15,15]",87.26
regenerated_new/14/H/case-106371_JAY_ANNOTATION.png,"[15,15]",87.32
regenerated_new/2/H/case-106374_JAY_ANNOTATION.png,"[15,15]",87.31
regenerated_new/4/H/case-106374_JAY_ANNOTATION.png,"[15,15]",87.72
regenerated_new/5/H/case-106374_JAY_ANNOTATION.png,"[10,14]",73.46
regenerated_new/6/H/case-106374_JAY_ANNOTATION.png,"[15,15]",87.22
regenerated_new/7/H/case-106374_JAY_ANNOTATION.png,"[15,15]",87.24
regenerated_new/8/H/case-106374_JAY_ANNOTATION.png,"[15,15]",87.29
regenerated_new/9/H/case-106374_JAY_ANNOTATION.png,"[15,15]",87.26
regenerated_new/10/H/case-106374_JAY_ANNOTATION.png,"[10,11]",71.93
regenerated_new/13/H/case-106374_JAY_ANNOTATION.png,"[15,15]",87.37
regenerated_new/14/H/case-106374_JAY_ANNOTATION.png,"[15,15]",87.3
regenerated_new/2/H/case-106456_JAY_ANNOTATION.png,"[15,15]",87.26
regenerated_new/3/H/case-106456_JAY_ANNOTATION.png,"[15,15]",87.58
regenerated_new/4/H/case-106456_JAY_ANNOTATION.png,"[2,14]",82.04
regenerated_new/5/H/case-106456_JAY_ANNOTATION.png,"[15,15]",87.27
regenerated_new/6/H/case-106456_JAY_ANNOTATION.png,"[15,15]",87.25
regenerated_new/7/H/case-106456_JAY_ANNOTATION.png,"[15,15]",87.3
regenerated_new/8/H/case-106456_JAY_ANNOTATION.png,"[10,14]",76.96
regenerated_new/9/H/case-106456_JAY_ANNOTATION.png,"[15,15]",87.25
regenerated_new/10/H/case-106456_JAY_ANNOTATION.png,"[10,14]",83.15
regenerated_new/13/H/case-106456_JAY_ANNOTATION.png,"[15,15]",87.34
regenerated_new/14/H/case-106456_JAY_ANNOTATION.png,"[10,14]",77.62
regenerated_new/2/H/case-106464_JAY_ANNOTATION.png,"[15,15]",87.24
regenerated_new/4/H/case-106464_JAY_ANNOTATION.png,"[15,15]",87.28
regenerated_new/5/H/case-106464_JAY_ANNOTATION.png,"[15,15]",87.24
regenerated_new/6/H/case-106464_JAY_ANNOTATION.png,"[15,15]",87.27
regenerated_new/7/H/case-106464_JAY_ANNOTATION.png,"[10,11]",74.19
regenerated_new/8/H/case-106464_JAY_ANNOTATION.png,"[15,15]",87.31
regenerated_new/9/H/case-106464_JAY_ANNOTATION.png,"[15,15]",87.33
regenerated_new/10/H/case-106464_JAY_ANNOTATION.png,"[15,15]",87.32
regenerated_new/13/H/case-106464_JAY_ANNOTATION.png,"[15,15]",87.67
regenerated_new/14/H/case-106464_JAY_ANNOTATION.png,"[10,11]",66.3
regenerated_new/2/H/case-106541_JAY_ANNOTATION.png,"[15,15]",87.21
regenerated_new/3/H/case-106541_JAY_ANNOTATION.png,"[15,15]",87.25
regenerated_new/4/H/case-106541_JAY_ANNOTATION.png,"[15,15]",87.26
regenerated_new/5/H/case-106541_JAY_ANNOTATION.png,"[15,15]",87.24
regenerated_new/6/H/case-106541_JAY_ANNOTATION.png,"[15,15]",87.27
regenerated_new/8/H/case-106541_JAY_ANNOTATION.png,"[15,15]",87.31
regenerated_new/9/H/case-106541_JAY_ANNOTATION.png,"[15,15]",87.35
regenerated_new/10/H/case-106541_JAY_ANNOTATION.png,"[15,15]",87.72
regenerated_new/13/H/case-106541_JAY_ANNOTATION.png,"[15,15]",87.14
regenerated_new/14/H/case-106541_JAY_ANNOTATION.png,"[15,15]",87.22
regenerated_new/2/H/case-106569_JAY_ANNOTATION.png,"[15,15]",87.25
regenerated_new/3/H/case-106569_JAY_ANNOTATION.png,"[10,14]",79.94
regenerated_new/4/H/case-106569_JAY_ANNOTATION.png,"[10,11]",67.25
regenerated_new/5/H/case-106569_JAY_ANNOTATION.png,"[15,15]",87.26
regenerated_new/6/H/case-106569_JAY_ANNOTATION.png,"[15,15]",87.26
regenerated_new/7/H/case-106569_JAY_ANNOTATION.png,"[10,11]",61.17
regenerated_new/8/H/case-106569_JAY_ANNOTATION.png,"[15,15]",87.24
regenerated_new/9/H/case-106569_JAY_ANNOTATION.png,"[15,15]",87.61
regenerated_new/10/H/case-106569_JAY_ANNOTATION.png,"[15,15]",87.21
regenerated_new/13/H/case-106569_JAY_ANNOTATION.png,"[15,15]",87.24
regenerated_new/14/H/case-106569_JAY_ANNOTATION.png,"[15,15]",87.3
regenerated_new/2/H/case-106811_JAY_ANNOTATION.png,"[10,11]",69.89
regenerated_new/3/H/case-106811_JAY_ANNOTATION.png,"[15,15]",87.24
regenerated_new/4/H/case-106811_JAY_ANNOTATION.png,"[10,11]",71.94
regenerated_new/5/H/case-106811_JAY_ANNOTATION.png,"[15,15]",87.34
regenerated_new/6/H/case-106811_JAY_ANNOTATION.png,"[15,15]",87.29
regenerated_new/7/H/case-106811_JAY_ANNOTATION.png,"[15,15]",87.69
regenerated_new/8/H/case-106811_JAY_ANNOTATION.png,"[15,15]",87.18
regenerated_new/9/H/case-106811_JAY_ANNOTATION.png,"[15,15]",87.22
regenerated_new/10/H/case-106811_JAY_ANNOTATION.png,"[15,15]",87.22
regenerated_new/13/H/case-106811_JAY_ANNOTATION.png,"[15,15]",87.28
regenerated_new/14/H/case-106811_JAY_ANNOTATION.png,"[15,15]",87.28
regenerated_new/2/H/case-106835_JAY_ANNOTATION.png,"[15,15]",87.19
regenerated_new/3/H/case-106835_JAY_ANNOTATION.png,"[10,11]",77.01
regenerated_new/4/H/case-106835_JAY_ANNOTATION.png,"[15,15]",87.36
regenerated_new/5/H/case-106835_JAY_ANNOTATION.png,"[15,15]",87.62
regenerated_new/6/H/case-106835_JAY_ANNOTATION.png,"[15,15]",87.16
regenerated_new/7/H/case-106835_JAY_ANNOTATION.png,"[10,11]",59.54
regenerated_new/8/H/case-106835_JAY_ANNOTATION.png,"[15,15]",87.32
regenerated_new/9/H/case-106835_JAY_ANNOTATION.png,"[15,15]",87.22
regenerated_new/10/H/case-106835_JAY_ANNOTATION.png,"[15,15]",87.24
regenerated_new/13/H/case-106835_JAY_ANNOTATION.png,"[15,15]",87.33
regenerated_new/14/H/case-106835_JAY_ANNOTATION.png,"[10,14]",77.07
regenerated_new/1/H/case-106856_JAY_ANNOTATION.png,"[1,10]",66.16
regenerated_new/2/H/case-106856_JAY_ANNOTATION.png,"[15,15]",87.28
regenerated_new/3/H/case-106856_JAY_ANNOTATION.png,"[15,15]",87.67
regenerated_new/4/H/case-106856_JAY_ANNOTATION.png,"[15,15]",87.13
regenerated_new/5/H/case-106856_JAY_ANNOTATION.png,"[15,15]",87.21
regenerated_new/6/H/case-106856_JAY_ANNOTATION.png,"[15,15]",87.26
regenerated_new/7/H/case-106856_JAY_ANNOTATION.png,"[15,15]",87.26
regenerated_new/8/H/case-106856_JAY_ANNOTATION.png,"[15,15]",87.23
regenerated_new/9/H/case-106856_JAY_ANNOTATION.png,"[15,15]",87.21
regenerated_new/10/H/case-106856_JAY_ANNOTATION.png,"[10,11]",79.76
regenerated_new/13/H/case-106856_JAY_ANNOTATION.png,"[15,15]",87.22
regenerated_new/14/H/case-106856_JAY_ANNOTATION.png,"[10,14]",87.62
regenerated_new/2/H/case-106882_JAY_ANNOTATION.png,"[15,15]",87.29
regenerated_new/3/H/case-106882_JAY_ANNOTATION.png,"[10,11]",78.14
regenerated_new/4/H/case-106882_JAY_ANNOTATION.png,"[10,11]",80.24
regenerated_new/5/H/case-106882_JAY_ANNOTATION.png,"[15,15]",87.24
regenerated_new/6/H/case-106882_JAY_ANNOTATION.png,"[15,15]",87.22
regenerated_new/7/H/case-106882_JAY_ANNOTATION.png,"[15,15]",87.23
regenerated_new/8/H/case-106882_JAY_ANNOTATION.png,"[15,15]",87.25
