filename,output,inference_time_sec
regenerated_new/1/H/case-100114_JAY_ANNOTATION.png,"[1,10]
",1.39
regenerated_new/6/H/case-100114_JAY_ANNOTATION.png,"[2, 6]
",0.85
regenerated_new/10/H/case-100114_JAY_ANNOTATION.png,"[10,11]
",0.94
regenerated_new/11/H/case-100114_JAY_ANNOTATION.png,"[10,11]
",0.95
regenerated_new/1/H/case-100129_JAY_ANNOTATION.png,"[1,11]
",0.85
regenerated_new/6/H/case-100129_JAY_ANNOTATION.png,"[2, 6]
",0.85
regenerated_new/10/H/case-100129_JAY_ANNOTATION.png,"[10,11]
",0.94
regenerated_new/11/H/case-100129_JAY_ANNOTATION.png,"[10,11]
",0.94
regenerated_new/1/H/case-100164_JAY_ANNOTATION.png,"[1,10]
",0.85
regenerated_new/10/H/case-100164_JAY_ANNOTATION.png,"[10,11]
",0.94
regenerated_new/11/H/case-100164_JAY_ANNOTATION.png,"[10,11]
",0.94
regenerated_new/1/H/case-100229_JAY_ANNOTATION.png,"[1,11]
",0.85
regenerated_new/10/H/case-100229_JAY_ANNOTATION.png,"[10,11]
",0.94
regenerated_new/11/H/case-100229_JAY_ANNOTATION.png,"[10,11]
",0.94
regenerated_new/1/H/case-100245_JAY_ANNOTATION.png,"[1,2]
",0.75
regenerated_new/2/H/case-100245_JAY_ANNOTATION.png,"[2,10]
",0.85
regenerated_new/10/H/case-100245_JAY_ANNOTATION.png,"[10,11]
",0.95
regenerated_new/11/H/case-100245_JAY_ANNOTATION.png,"[10,11]
",0.94
regenerated_new/1/H/case-100247_JAY_ANNOTATION.png,"[1,10]
",0.85
regenerated_new/6/H/case-100247_JAY_ANNOTATION.png,"[2, 6]
",0.85
regenerated_new/10/H/case-100247_JAY_ANNOTATION.png,"[10,11]
",0.94
regenerated_new/11/H/case-100247_JAY_ANNOTATION.png,"[10,11]
",0.94
regenerated_new/1/H/case-100254_JAY_ANNOTATION.png,"[1,10]
",0.85
regenerated_new/10/H/case-100254_JAY_ANNOTATION.png,"[10,11]
",0.94
regenerated_new/11/H/case-100254_JAY_ANNOTATION.png,"[10,11]
",0.94
regenerated_new/1/H/case-100265_JAY_ANNOTATION.png,"[1,10]
",0.85
regenerated_new/10/H/case-100265_JAY_ANNOTATION.png,"[10,11]
",0.94
regenerated_new/11/H/case-100265_JAY_ANNOTATION.png,"[10,11]
",0.94
regenerated_new/1/H/case-100304_JAY_ANNOTATION.png,"[1, 11]
",0.94
regenerated_new/10/H/case-100304_JAY_ANNOTATION.png,"[10,11]
",0.94
regenerated_new/11/H/case-100304_JAY_ANNOTATION.png,"[10,11]
",0.94
regenerated_new/1/H/case-100308_JAY_ANNOTATION.png,"[1,11]
",0.85
regenerated_new/10/H/case-100308_JAY_ANNOTATION.png,"[10,11]
",0.94
regenerated_new/11/H/case-100308_JAY_ANNOTATION.png,"[10,11]
",0.94
regenerated_new/1/H/case-100359_JAY_ANNOTATION.png,"[1,10]
",0.85
regenerated_new/2/H/case-100359_JAY_ANNOTATION.png,"[1,2]
",0.75
regenerated_new/10/H/case-100359_JAY_ANNOTATION.png,"[10,11]
",0.94
regenerated_new/11/H/case-100359_JAY_ANNOTATION.png,"[10,11]
",0.94
regenerated_new/1/H/case-100366_JAY_ANNOTATION.png,"[1, 11]
",0.94
regenerated_new/10/H/case-100366_JAY_ANNOTATION.png,"[10,11]
",0.94
regenerated_new/11/H/case-100366_JAY_ANNOTATION.png,"[10,11]
",0.94
regenerated_new/1/H/case-100369_JAY_ANNOTATION.png,"[1,2]
",0.75
regenerated_new/6/H/case-100369_JAY_ANNOTATION.png,"[2, 6]
",0.85
regenerated_new/10/H/case-100369_JAY_ANNOTATION.png,"[10,11]
",0.94
regenerated_new/11/H/case-100369_JAY_ANNOTATION.png,"[10,11]
",0.94
regenerated_new/1/H/case-100371_JAY_ANNOTATION.png,"[1,11]
",0.85
regenerated_new/10/H/case-100371_JAY_ANNOTATION.png,"[10,11]
",0.94
regenerated_new/11/H/case-100371_JAY_ANNOTATION.png,"[10,11]
",0.94
regenerated_new/1/H/case-100515_JAY_ANNOTATION.png,"[1,11]
",0.85
regenerated_new/10/H/case-100515_JAY_ANNOTATION.png,"[10,11]
",0.94
regenerated_new/11/H/case-100515_JAY_ANNOTATION.png,"[10,11]
",0.94
regenerated_new/1/H/case-100518_JAY_ANNOTATION.png,"[1,11]
",0.85
regenerated_new/6/H/case-100518_JAY_ANNOTATION.png,"[2, 6]
",0.85
regenerated_new/10/H/case-100518_JAY_ANNOTATION.png,"[10,11]
",0.94
regenerated_new/11/H/case-100518_JAY_ANNOTATION.png,"[10,11]
",0.94
regenerated_new/1/H/case-100541_JAY_ANNOTATION.png,"[1, 11]
",0.94
regenerated_new/10/H/case-100541_JAY_ANNOTATION.png,"[10,11]
",0.94
regenerated_new/11/H/case-100541_JAY_ANNOTATION.png,"[10,11]
",0.94
regenerated_new/1/H/case-100585_JAY_ANNOTATION.png,"[1,2]
",0.75
regenerated_new/10/H/case-100585_JAY_ANNOTATION.png,"[10,11]
",0.94
regenerated_new/11/H/case-100585_JAY_ANNOTATION.png,"[10,11]
",0.94
regenerated_new/1/H/case-100591_JAY_ANNOTATION.png,"[1,10]
",0.85
regenerated_new/10/H/case-100591_JAY_ANNOTATION.png,"[10,11]
",0.94
regenerated_new/11/H/case-100591_JAY_ANNOTATION.png,"[10,11]
",0.94
regenerated_new/1/H/case-100702_JAY_ANNOTATION.png,"[1, 11]
",0.94
regenerated_new/10/H/case-100702_JAY_ANNOTATION.png,"[10,11]
",0.94
regenerated_new/11/H/case-100702_JAY_ANNOTATION.png,"[10,11]
",0.94
regenerated_new/1/H/case-100770_JAY_ANNOTATION.png,"[1,11]
",0.85
regenerated_new/2/H/case-100770_JAY_ANNOTATION.png,"[2, 10]
",0.94
regenerated_new/10/H/case-100770_JAY_ANNOTATION.png,"[10,11]
",0.94
regenerated_new/11/H/case-100770_JAY_ANNOTATION.png,"[10,11]
",0.94
regenerated_new/1/H/case-100779_JAY_ANNOTATION.png,"[1,11]
",0.85
regenerated_new/10/H/case-100779_JAY_ANNOTATION.png,"[10,11]
",0.94
regenerated_new/11/H/case-100779_JAY_ANNOTATION.png,"[10,11]
",0.94
regenerated_new/1/H/case-100863_JAY_ANNOTATION.png,"[1,10]
",0.85
regenerated_new/2/H/case-100863_JAY_ANNOTATION.png,"[2, 10]
",0.94
regenerated_new/10/H/case-100863_JAY_ANNOTATION.png,"[10,11]
",0.95
regenerated_new/11/H/case-100863_JAY_ANNOTATION.png,"[10,11]
",0.94
regenerated_new/1/H/case-100915_JAY_ANNOTATION.png,"[1,2]
",0.75
regenerated_new/10/H/case-100915_JAY_ANNOTATION.png,"[10,11]
",0.94
regenerated_new/11/H/case-100915_JAY_ANNOTATION.png,"[10,11]
",0.94
regenerated_new/1/H/case-100917_JAY_ANNOTATION.png,"[1,11]
",0.85
regenerated_new/10/H/case-100917_JAY_ANNOTATION.png,"[10,11]
",0.94
regenerated_new/11/H/case-100917_JAY_ANNOTATION.png,"[10,11]
",0.94
regenerated_new/1/H/case-101045_JAY_ANNOTATION.png,"[1,11]
",0.85
regenerated_new/10/H/case-101045_JAY_ANNOTATION.png,"[10,11]
",0.94
regenerated_new/11/H/case-101045_JAY_ANNOTATION.png,"[10,11]
",0.95
regenerated_new/1/H/case-101074_JAY_ANNOTATION.png,"[1,10]
",0.85
regenerated_new/10/H/case-101074_JAY_ANNOTATION.png,"[10,11]
",0.94
regenerated_new/11/H/case-101074_JAY_ANNOTATION.png,"[10,11]
",0.94
regenerated_new/1/H/case-101133_JAY_ANNOTATION.png,"[1,2]
",0.76
regenerated_new/10/H/case-101133_JAY_ANNOTATION.png,"[10,11]
",0.94
regenerated_new/11/H/case-101133_JAY_ANNOTATION.png,"[10,11]
",0.94
regenerated_new/1/H/case-101195_JAY_ANNOTATION.png,"[1,2]
",0.76
regenerated_new/6/H/case-101195_JAY_ANNOTATION.png,"[2, 6]
",0.85
regenerated_new/10/H/case-101195_JAY_ANNOTATION.png,"[10,11]
",0.94
regenerated_new/11/H/case-101195_JAY_ANNOTATION.png,"[10,11]
",0.94
regenerated_new/1/H/case-101206_JAY_ANNOTATION.png,"[1,2]
",0.75
regenerated_new/10/H/case-101206_JAY_ANNOTATION.png,"[10,11]
",0.94
regenerated_new/11/H/case-101206_JAY_ANNOTATION.png,"[10,11]
",0.94
regenerated_new/1/H/case-101362_JAY_ANNOTATION.png,"[1,11]
",0.85
regenerated_new/10/H/case-101362_JAY_ANNOTATION.png,"[10,11]
",0.94
regenerated_new/11/H/case-101362_JAY_ANNOTATION.png,"[10,11]
",0.94
regenerated_new/1/H/case-101367_JAY_ANNOTATION.png,"[1,10]
",0.85
regenerated_new/10/H/case-101367_JAY_ANNOTATION.png,"[10,11]
",0.94
regenerated_new/11/H/case-101367_JAY_ANNOTATION.png,"[10,11]
",0.94
regenerated_new/1/H/case-101409_JAY_ANNOTATION.png,"[1,10]
",0.85
regenerated_new/10/H/case-101409_JAY_ANNOTATION.png,"[10,11]
",0.95
regenerated_new/11/H/case-101409_JAY_ANNOTATION.png,"[10,11]
",0.94
regenerated_new/1/H/case-101413_JAY_ANNOTATION.png,"[1,2]
",0.75
regenerated_new/2/H/case-101413_JAY_ANNOTATION.png,"[2, 10]
",0.94
regenerated_new/10/H/case-101413_JAY_ANNOTATION.png,"[10,11]
",0.94
regenerated_new/11/H/case-101413_JAY_ANNOTATION.png,"[10,11]
",0.94
regenerated_new/1/H/case-101447_JAY_ANNOTATION.png,"[1,11]
",0.85
regenerated_new/10/H/case-101447_JAY_ANNOTATION.png,"[10,11]
",0.94
regenerated_new/11/H/case-101447_JAY_ANNOTATION.png,"[10,11]
",0.94
regenerated_new/1/H/case-101510_JAY_ANNOTATION.png,"[1, 11]
",0.94
regenerated_new/10/H/case-101510_JAY_ANNOTATION.png,"[10,11]
",0.94
regenerated_new/11/H/case-101510_JAY_ANNOTATION.png,"[10,11]
",0.94
regenerated_new/1/H/case-101540_JAY_ANNOTATION.png,"[1,11]
",0.85
regenerated_new/2/H/case-101540_JAY_ANNOTATION.png,"[1,2]
",0.76
regenerated_new/10/H/case-101540_JAY_ANNOTATION.png,"[10,11]
",0.94
regenerated_new/11/H/case-101540_JAY_ANNOTATION.png,"[10,11]
",0.94
regenerated_new/1/H/case-101581_JAY_ANNOTATION.png,"[1,11]
",0.85
regenerated_new/2/H/case-101581_JAY_ANNOTATION.png,"[1, 2]
",0.85
regenerated_new/10/H/case-101581_JAY_ANNOTATION.png,"[10,11]
",0.94
regenerated_new/11/H/case-101581_JAY_ANNOTATION.png,"[10,11]
",0.94
regenerated_new/1/H/case-101599_JAY_ANNOTATION.png,"[1, 11]
",0.94
regenerated_new/2/H/case-101599_JAY_ANNOTATION.png,"[2,10]
",0.85
regenerated_new/10/H/case-101599_JAY_ANNOTATION.png,"[10,11]
",0.94
regenerated_new/11/H/case-101599_JAY_ANNOTATION.png,"[10,11]
",0.94
regenerated_new/1/H/case-101625_JAY_ANNOTATION.png,"[1, 11]
",0.94
regenerated_new/10/H/case-101625_JAY_ANNOTATION.png,"[10,11]
",0.94
regenerated_new/11/H/case-101625_JAY_ANNOTATION.png,"[10,11]
",0.94
regenerated_new/1/H/case-101641_JAY_ANNOTATION.png,"[1,11]
",0.85
regenerated_new/10/H/case-101641_JAY_ANNOTATION.png,"[10,11]
",0.94
regenerated_new/11/H/case-101641_JAY_ANNOTATION.png,"[10,11]
",0.94
regenerated_new/1/H/case-101857_JAY_ANNOTATION.png,"[1,10]
",0.85
regenerated_new/10/H/case-101857_JAY_ANNOTATION.png,"[10,11]
",0.94
regenerated_new/11/H/case-101857_JAY_ANNOTATION.png,"[10,11]
",0.94
regenerated_new/1/H/case-101860_JAY_ANNOTATION.png,"[1,10]
",0.85
regenerated_new/10/H/case-101860_JAY_ANNOTATION.png,"[10,11]
",0.94
regenerated_new/11/H/case-101860_JAY_ANNOTATION.png,"[10,11]
",0.94
regenerated_new/1/H/case-101885_JAY_ANNOTATION.png,"[1,2]
",0.76
regenerated_new/10/H/case-101885_JAY_ANNOTATION.png,"[10,11]
",0.94
regenerated_new/11/H/case-101885_JAY_ANNOTATION.png,"[10,11]
",0.94
regenerated_new/1/H/case-101937_JAY_ANNOTATION.png,"[1,11]
",0.85
regenerated_new/10/H/case-101937_JAY_ANNOTATION.png,"[10,11]
",0.95
regenerated_new/11/H/case-101937_JAY_ANNOTATION.png,"[10,11]
",0.94
regenerated_new/1/H/case-101940_JAY_ANNOTATION.png,"[1,10]
",0.85
regenerated_new/10/H/case-101940_JAY_ANNOTATION.png,"[10,11]
",0.95
regenerated_new/11/H/case-101940_JAY_ANNOTATION.png,"[10,11]
",0.94
regenerated_new/1/H/case-101982_JAY_ANNOTATION.png,"[1,10]
",0.85
regenerated_new/10/H/case-101982_JAY_ANNOTATION.png,"[10,11]
",0.94
regenerated_new/11/H/case-101982_JAY_ANNOTATION.png,"[10,11]
",0.94
regenerated_new/1/H/case-102010_JAY_ANNOTATION.png,"[1,10]
",0.85
regenerated_new/2/H/case-102010_JAY_ANNOTATION.png,"[2, 4]
",0.85
regenerated_new/10/H/case-102010_JAY_ANNOTATION.png,"[10,11]
",0.94
regenerated_new/11/H/case-102010_JAY_ANNOTATION.png,"[10,11]
",0.94
regenerated_new/1/H/case-102041_JAY_ANNOTATION.png,"[1,11]
",0.85
regenerated_new/6/H/case-102041_JAY_ANNOTATION.png,"[2, 6]
",0.85
regenerated_new/10/H/case-102041_JAY_ANNOTATION.png,"[10,11]
",0.94
regenerated_new/11/H/case-102041_JAY_ANNOTATION.png,"[10,11]
",0.94
regenerated_new/1/H/case-102093_JAY_ANNOTATION.png,"[1, 10]
",0.94
regenerated_new/2/H/case-102093_JAY_ANNOTATION.png,"[1,2]
",0.75
regenerated_new/10/H/case-102093_JAY_ANNOTATION.png,"[10,11]
",0.94
regenerated_new/11/H/case-102093_JAY_ANNOTATION.png,"[10,11]
",0.94
regenerated_new/1/H/case-102157_JAY_ANNOTATION.png,"[1,10]
",0.85
regenerated_new/10/H/case-102157_JAY_ANNOTATION.png,"[10,11]
",0.94
regenerated_new/11/H/case-102157_JAY_ANNOTATION.png,"[10,11]
",0.94
regenerated_new/1/H/case-102183_JAY_ANNOTATION.png,"[1, 10]
",0.94
regenerated_new/6/H/case-102183_JAY_ANNOTATION.png,"[2, 6]
",0.85
regenerated_new/10/H/case-102183_JAY_ANNOTATION.png,"[10,11]
",0.94
regenerated_new/11/H/case-102183_JAY_ANNOTATION.png,"[10,11]
",0.94
regenerated_new/1/H/case-102224_JAY_ANNOTATION.png,"[1, 10]
",0.94
regenerated_new/10/H/case-102224_JAY_ANNOTATION.png,"[10,11]
",0.94
regenerated_new/11/H/case-102224_JAY_ANNOTATION.png,"[10,11]
",0.94
regenerated_new/1/H/case-102308_JAY_ANNOTATION.png,"[1, 10]
",0.94
regenerated_new/10/H/case-102308_JAY_ANNOTATION.png,"[10,11]
",0.94
regenerated_new/11/H/case-102308_JAY_ANNOTATION.png,"[10,11]
",0.94
regenerated_new/1/H/case-102321_JAY_ANNOTATION.png,"[1, 11]
",0.94
regenerated_new/10/H/case-102321_JAY_ANNOTATION.png,"[10,11]
",0.94
regenerated_new/11/H/case-102321_JAY_ANNOTATION.png,"[10,11]
",0.94
regenerated_new/1/H/case-102367_JAY_ANNOTATION.png,"[1,11]
",0.85
regenerated_new/10/H/case-102367_JAY_ANNOTATION.png,"[10,11]
",0.94
regenerated_new/11/H/case-102367_JAY_ANNOTATION.png,"[10,11]
",0.94
regenerated_new/1/H/case-102388_JAY_ANNOTATION.png,"[1,10]
",0.85
regenerated_new/6/H/case-102388_JAY_ANNOTATION.png,"[2, 6]
",0.85
regenerated_new/10/H/case-102388_JAY_ANNOTATION.png,"[10,11]
",0.94
regenerated_new/11/H/case-102388_JAY_ANNOTATION.png,"[10,11]
",0.94
regenerated_new/1/H/case-104754_JAY_ANNOTATION.png,"[1,11]
",0.85
regenerated_new/2/H/case-104754_JAY_ANNOTATION.png,"[2, 6]
",0.85
regenerated_new/10/H/case-104754_JAY_ANNOTATION.png,"[10,11]
",0.94
regenerated_new/11/H/case-104754_JAY_ANNOTATION.png,"[10,11]
",0.94
regenerated_new/1/H/case-104780_JAY_ANNOTATION.png,"[1,10]
",0.85
regenerated_new/10/H/case-104780_JAY_ANNOTATION.png,"[10,11]
",0.94
regenerated_new/11/H/case-104780_JAY_ANNOTATION.png,"[10,11]
",0.94
regenerated_new/1/H/case-104842_JAY_ANNOTATION.png,"[1,10]
",0.85
regenerated_new/10/H/case-104842_JAY_ANNOTATION.png,"[10,11]
",0.94
regenerated_new/11/H/case-104842_JAY_ANNOTATION.png,"[10,11]
",0.94
regenerated_new/1/H/case-104941_JAY_ANNOTATION.png,"[1, 2]
",0.85
regenerated_new/10/H/case-104941_JAY_ANNOTATION.png,"[10,11]
",0.94
regenerated_new/11/H/case-104941_JAY_ANNOTATION.png,"[10,11]
",0.94
regenerated_new/1/H/case-104979_JAY_ANNOTATION.png,"[1,11]
",0.85
regenerated_new/10/H/case-104979_JAY_ANNOTATION.png,"[10,11]
",0.94
regenerated_new/11/H/case-104979_JAY_ANNOTATION.png,"[10,11]
",0.94
regenerated_new/1/H/case-104990_JAY_ANNOTATION.png,"[1,2]
",0.76
regenerated_new/10/H/case-104990_JAY_ANNOTATION.png,"[10,11]
",0.94
regenerated_new/11/H/case-104990_JAY_ANNOTATION.png,"[10,11]
",0.94
regenerated_new/1/H/case-105035_JAY_ANNOTATION.png,"[1,11]
",0.85
regenerated_new/2/H/case-105035_JAY_ANNOTATION.png,"[2, 10]
",0.94
regenerated_new/10/H/case-105035_JAY_ANNOTATION.png,"[10,11]
",0.94
regenerated_new/11/H/case-105035_JAY_ANNOTATION.png,"[10,11]
",0.95
regenerated_new/1/H/case-105051_JAY_ANNOTATION.png,"[1,11]
",0.85
regenerated_new/6/H/case-105051_JAY_ANNOTATION.png,"[6, 12]
",0.94
regenerated_new/10/H/case-105051_JAY_ANNOTATION.png,"[10,11]
",0.95
regenerated_new/11/H/case-105051_JAY_ANNOTATION.png,"[10,11]
",0.94
regenerated_new/1/H/case-105171_JAY_ANNOTATION.png,"[1,2]
",0.75
regenerated_new/10/H/case-105171_JAY_ANNOTATION.png,"[10,11]
",0.94
regenerated_new/11/H/case-105171_JAY_ANNOTATION.png,"[10,11]
",0.94
regenerated_new/1/H/case-105177_JAY_ANNOTATION.png,"[1,10]
",0.85
regenerated_new/10/H/case-105177_JAY_ANNOTATION.png,"[10,11]
",0.94
regenerated_new/11/H/case-105177_JAY_ANNOTATION.png,"[10,11]
",0.94
regenerated_new/1/H/case-105234_JAY_ANNOTATION.png,"[1, 10]
",0.94
regenerated_new/10/H/case-105234_JAY_ANNOTATION.png,"[10,11]
",0.95
regenerated_new/11/H/case-105234_JAY_ANNOTATION.png,"[10,11]
",0.94
regenerated_new/1/H/case-105246_JAY_ANNOTATION.png,"[1,2]
",0.75
regenerated_new/2/H/case-105246_JAY_ANNOTATION.png,"[2, 10]
",0.94
regenerated_new/10/H/case-105246_JAY_ANNOTATION.png,"[10,11]
",0.94
regenerated_new/11/H/case-105246_JAY_ANNOTATION.png,"[10,11]
",0.94
regenerated_new/1/H/case-105257_JAY_ANNOTATION.png,"[1,2]
",0.75
regenerated_new/2/H/case-105257_JAY_ANNOTATION.png,"[2, 10]
",0.94
regenerated_new/10/H/case-105257_JAY_ANNOTATION.png,"[10,11]
",0.94
regenerated_new/11/H/case-105257_JAY_ANNOTATION.png,"[10,11]
",0.94
regenerated_new/1/H/case-105288_JAY_ANNOTATION.png,"[1,10]
",0.85
regenerated_new/10/H/case-105288_JAY_ANNOTATION.png,"[10,11]
",0.94
regenerated_new/11/H/case-105288_JAY_ANNOTATION.png,"[10,11]
",0.95
regenerated_new/1/H/case-105318_JAY_ANNOTATION.png,"[1,10]
",0.85
regenerated_new/2/H/case-105318_JAY_ANNOTATION.png,"[2,10]
",0.85
regenerated_new/10/H/case-105318_JAY_ANNOTATION.png,"[10,11]
",0.94
regenerated_new/11/H/case-105318_JAY_ANNOTATION.png,"[10,11]
",0.94
regenerated_new/1/H/case-105476_JAY_ANNOTATION.png,"[1,2]
",0.76
regenerated_new/10/H/case-105476_JAY_ANNOTATION.png,"[10,11]
",0.94
regenerated_new/11/H/case-105476_JAY_ANNOTATION.png,"[10,11]
",0.94
regenerated_new/1/H/case-105567_JAY_ANNOTATION.png,"[1,10]
",0.85
regenerated_new/10/H/case-105567_JAY_ANNOTATION.png,"[10,11]
",0.94
regenerated_new/11/H/case-105567_JAY_ANNOTATION.png,"[10,11]
",0.94
regenerated_new/1/H/case-105579_JAY_ANNOTATION.png,"[1,11]
",0.85
regenerated_new/10/H/case-105579_JAY_ANNOTATION.png,"[10,11]
",0.94
regenerated_new/11/H/case-105579_JAY_ANNOTATION.png,"[10,11]
",0.94
regenerated_new/1/H/case-105586_JAY_ANNOTATION.png,"[1, 11]
",0.94
regenerated_new/6/H/case-105586_JAY_ANNOTATION.png,"[2, 6]
",0.85
regenerated_new/10/H/case-105586_JAY_ANNOTATION.png,"[10,11]
",0.94
regenerated_new/11/H/case-105586_JAY_ANNOTATION.png,"[10,11]
",0.95
regenerated_new/1/H/case-105592_JAY_ANNOTATION.png,"[1,10]
",0.85
regenerated_new/10/H/case-105592_JAY_ANNOTATION.png,"[10,11]
",0.94
regenerated_new/11/H/case-105592_JAY_ANNOTATION.png,"[10,11]
",0.94
regenerated_new/1/H/case-105597_JAY_ANNOTATION.png,"[1,11]
",0.85
regenerated_new/10/H/case-105597_JAY_ANNOTATION.png,"[10,11]
",0.95
regenerated_new/11/H/case-105597_JAY_ANNOTATION.png,"[10,11]
",0.94
regenerated_new/1/H/case-105602_JAY_ANNOTATION.png,"[1,2]
",0.76
regenerated_new/10/H/case-105602_JAY_ANNOTATION.png,"[10,11]
",0.94
regenerated_new/11/H/case-105602_JAY_ANNOTATION.png,"[10,11]
",0.94
regenerated_new/1/H/case-105681_JAY_ANNOTATION.png,"[1,2]
",0.75
regenerated_new/10/H/case-105681_JAY_ANNOTATION.png,"[10,11]
",0.94
regenerated_new/11/H/case-105681_JAY_ANNOTATION.png,"[10,11]
",0.94
regenerated_new/1/H/case-105704_JAY_ANNOTATION.png,"[1,11]
",0.85
regenerated_new/10/H/case-105704_JAY_ANNOTATION.png,"[10,11]
",0.94
regenerated_new/11/H/case-105704_JAY_ANNOTATION.png,"[10,11]
",0.94
regenerated_new/1/H/case-105817_JAY_ANNOTATION.png,"[1, 11]
",0.94
regenerated_new/2/H/case-105817_JAY_ANNOTATION.png,"[2, 10]
",0.95
regenerated_new/10/H/case-105817_JAY_ANNOTATION.png,"[10,11]
",0.94
regenerated_new/11/H/case-105817_JAY_ANNOTATION.png,"[10,11]
",0.94
regenerated_new/1/H/case-105839_JAY_ANNOTATION.png,"[1,11]
",0.85
regenerated_new/10/H/case-105839_JAY_ANNOTATION.png,"[10,11]
",0.94
regenerated_new/11/H/case-105839_JAY_ANNOTATION.png,"[10,11]
",0.94
regenerated_new/1/H/case-105862_JAY_ANNOTATION.png,"[1, 10]
",0.95
regenerated_new/6/H/case-105862_JAY_ANNOTATION.png,"[2, 6]
",0.85
regenerated_new/10/H/case-105862_JAY_ANNOTATION.png,"[10,11]
",0.95
regenerated_new/11/H/case-105862_JAY_ANNOTATION.png,"[10,11]
",0.95
regenerated_new/1/H/case-105915_JAY_ANNOTATION.png,"[1,10]
",0.85
regenerated_new/10/H/case-105915_JAY_ANNOTATION.png,"[10,11]
",0.94
regenerated_new/11/H/case-105915_JAY_ANNOTATION.png,"[10,11]
",0.94
regenerated_new/1/H/case-106012_JAY_ANNOTATION.png,"[1, 10]
",0.94
regenerated_new/10/H/case-106012_JAY_ANNOTATION.png,"[10,11]
",0.94
regenerated_new/11/H/case-106012_JAY_ANNOTATION.png,"[10,11]
",0.94
regenerated_new/1/H/case-106016_JAY_ANNOTATION.png,"[1, 11]
",0.94
regenerated_new/10/H/case-106016_JAY_ANNOTATION.png,"[10,11]
",0.94
regenerated_new/11/H/case-106016_JAY_ANNOTATION.png,"[10,11]
",0.94
regenerated_new/1/H/case-106081_JAY_ANNOTATION.png,"[1,2]
",0.75
regenerated_new/2/H/case-106081_JAY_ANNOTATION.png,"[2, 10]
",0.94
regenerated_new/10/H/case-106081_JAY_ANNOTATION.png,"[10,11]
",0.94
regenerated_new/11/H/case-106081_JAY_ANNOTATION.png,"[10,11]
",0.94
regenerated_new/1/H/case-106101_JAY_ANNOTATION.png,"[1,2]
",0.76
regenerated_new/6/H/case-106101_JAY_ANNOTATION.png,"[2, 6]
",0.85
regenerated_new/10/H/case-106101_JAY_ANNOTATION.png,"[10,11]
",0.94
regenerated_new/11/H/case-106101_JAY_ANNOTATION.png,"[10,11]
",0.94
regenerated_new/1/H/case-106127_JAY_ANNOTATION.png,"[1, 10]
",0.94
regenerated_new/10/H/case-106127_JAY_ANNOTATION.png,"[10,11]
",0.94
regenerated_new/11/H/case-106127_JAY_ANNOTATION.png,"[10,11]
",0.94
regenerated_new/1/H/case-106139_JAY_ANNOTATION.png,"[1,2]
",0.75
regenerated_new/10/H/case-106139_JAY_ANNOTATION.png,"[10,11]
",0.94
regenerated_new/11/H/case-106139_JAY_ANNOTATION.png,"[10,11]
",0.94
regenerated_new/1/H/case-106141_JAY_ANNOTATION.png,"[1, 10]
",0.94
regenerated_new/10/H/case-106141_JAY_ANNOTATION.png,"[10,11]
",0.94
regenerated_new/11/H/case-106141_JAY_ANNOTATION.png,"[10,11]
",0.94
regenerated_new/1/H/case-106157_JAY_ANNOTATION.png,"[1,10]
",0.85
regenerated_new/10/H/case-106157_JAY_ANNOTATION.png,"[10,11]
",0.94
regenerated_new/11/H/case-106157_JAY_ANNOTATION.png,"[10,11]
",0.94
regenerated_new/1/H/case-106172_JAY_ANNOTATION.png,"[1,10]
",0.85
regenerated_new/10/H/case-106172_JAY_ANNOTATION.png,"[10,11]
",0.94
regenerated_new/11/H/case-106172_JAY_ANNOTATION.png,"[10,11]
",0.94
regenerated_new/1/H/case-106301_JAY_ANNOTATION.png,"[1,10]
",0.85
regenerated_new/10/H/case-106301_JAY_ANNOTATION.png,"[10,11]
",0.94
regenerated_new/11/H/case-106301_JAY_ANNOTATION.png,"[10,11]
",0.94
regenerated_new/1/H/case-106371_JAY_ANNOTATION.png,"[1,10]
",0.85
regenerated_new/10/H/case-106371_JAY_ANNOTATION.png,"[10,11]
",0.94
regenerated_new/11/H/case-106371_JAY_ANNOTATION.png,"[10,11]
",0.94
regenerated_new/1/H/case-106374_JAY_ANNOTATION.png,"[1,2]
",0.75
regenerated_new/10/H/case-106374_JAY_ANNOTATION.png,"[10,11]
",0.94
regenerated_new/11/H/case-106374_JAY_ANNOTATION.png,"[10,11]
",0.94
regenerated_new/1/H/case-106456_JAY_ANNOTATION.png,"[1,2]
",0.76
regenerated_new/2/H/case-106456_JAY_ANNOTATION.png,"[2, 10]
",0.94
regenerated_new/10/H/case-106456_JAY_ANNOTATION.png,"[10,11]
",0.94
regenerated_new/11/H/case-106456_JAY_ANNOTATION.png,"[10,11]
",0.94
regenerated_new/1/H/case-106464_JAY_ANNOTATION.png,"[1, 11]
",0.94
regenerated_new/10/H/case-106464_JAY_ANNOTATION.png,"[10,11]
",0.94
regenerated_new/11/H/case-106464_JAY_ANNOTATION.png,"[10,11]
",0.94
regenerated_new/1/H/case-106541_JAY_ANNOTATION.png,"[1, 10]
",0.94
regenerated_new/10/H/case-106541_JAY_ANNOTATION.png,"[10,11]
",0.94
regenerated_new/11/H/case-106541_JAY_ANNOTATION.png,"[10,11]
",0.94
regenerated_new/1/H/case-106569_JAY_ANNOTATION.png,"[1,10]
",0.85
regenerated_new/10/H/case-106569_JAY_ANNOTATION.png,"[10,11]
",0.94
regenerated_new/11/H/case-106569_JAY_ANNOTATION.png,"[10,11]
",0.94
regenerated_new/1/H/case-106811_JAY_ANNOTATION.png,"[1, 10]
",0.94
regenerated_new/10/H/case-106811_JAY_ANNOTATION.png,"[10,11]
",0.94
regenerated_new/11/H/case-106811_JAY_ANNOTATION.png,"[10,11]
",0.94
regenerated_new/1/H/case-106835_JAY_ANNOTATION.png,"[1,10]
",0.85
regenerated_new/10/H/case-106835_JAY_ANNOTATION.png,"[10,11]
",0.94
regenerated_new/11/H/case-106835_JAY_ANNOTATION.png,"[10,11]
",0.94
regenerated_new/1/H/case-106856_JAY_ANNOTATION.png,"[1,10]
",0.85
regenerated_new/2/H/case-106856_JAY_ANNOTATION.png,"[1,2]
",0.75
regenerated_new/10/H/case-106856_JAY_ANNOTATION.png,"[10,11]
",0.94
regenerated_new/11/H/case-106856_JAY_ANNOTATION.png,"[10,11]
",0.94
regenerated_new/1/H/case-106882_JAY_ANNOTATION.png,"[1,2]
",0.76
regenerated_new/10/H/case-106882_JAY_ANNOTATION.png,"[10,11]
",1.43
regenerated_new/11/H/case-106882_JAY_ANNOTATION.png,"[10,11]
",0.94
regenerated_new/1/H/case-106963_JAY_ANNOTATION.png,"[1,2]
",0.75
regenerated_new/10/H/case-106963_JAY_ANNOTATION.png,"[10,11]
",0.94
regenerated_new/11/H/case-106963_JAY_ANNOTATION.png,"[10,11]
",0.95
regenerated_new/1/H/case-106973_JAY_ANNOTATION.png,"[1,11]
",0.85
regenerated_new/10/H/case-106973_JAY_ANNOTATION.png,"[10,11]
",0.94
regenerated_new/11/H/case-106973_JAY_ANNOTATION.png,"[10,11]
",0.94
regenerated_new/1/H/case-106991_JAY_ANNOTATION.png,"[1,10]
",0.85
regenerated_new/10/H/case-106991_JAY_ANNOTATION.png,"[10,11]
",0.94
regenerated_new/11/H/case-106991_JAY_ANNOTATION.png,"[10,11]
",0.94
regenerated_new/1/H/case-107068_JAY_ANNOTATION.png,"[1,10]
",0.85
regenerated_new/10/H/case-107068_JAY_ANNOTATION.png,"[10,11]
",0.94
regenerated_new/11/H/case-107068_JAY_ANNOTATION.png,"[10,11]
",0.95
regenerated_new/1/H/case-107184_JAY_ANNOTATION.png,"[1,11]
",0.85
regenerated_new/2/H/case-107184_JAY_ANNOTATION.png,"[1,2]
",0.76
regenerated_new/10/H/case-107184_JAY_ANNOTATION.png,"[10,11]
",0.94
regenerated_new/11/H/case-107184_JAY_ANNOTATION.png,"[10,11]
",0.94
regenerated_new/1/H/case-107267_JAY_ANNOTATION.png,"[1,2]
",0.75
regenerated_new/2/H/case-107267_JAY_ANNOTATION.png,"[2,10]
",0.85
regenerated_new/10/H/case-107267_JAY_ANNOTATION.png,"[10,11]
",0.94
regenerated_new/11/H/case-107267_JAY_ANNOTATION.png,"[10,11]
",0.94
regenerated_new/1/H/case-107296_JAY_ANNOTATION.png,"[1,11]
",0.85
regenerated_new/10/H/case-107296_JAY_ANNOTATION.png,"[10,11]
",0.94
regenerated_new/11/H/case-107296_JAY_ANNOTATION.png,"[10,11]
",0.94
regenerated_new/1/H/case-110146_JAY_ANNOTATION.png,"[1,10]
",0.85
regenerated_new/10/H/case-110146_JAY_ANNOTATION.png,"[10,11]
",0.95
regenerated_new/11/H/case-110146_JAY_ANNOTATION.png,"[10,11]
",0.94
regenerated_new/1/H/case-110184_JAY_ANNOTATION.png,"[1, 10]
",0.94
regenerated_new/6/H/case-110184_JAY_ANNOTATION.png,"[2, 6]
",0.85
regenerated_new/10/H/case-110184_JAY_ANNOTATION.png,"[10,11]
",0.94
regenerated_new/11/H/case-110184_JAY_ANNOTATION.png,"[10,11]
",0.94
regenerated_new/1/H/case-110307_JAY_ANNOTATION.png,"[1,2]
",0.75
regenerated_new/10/H/case-110307_JAY_ANNOTATION.png,"[10,11]
",0.94
regenerated_new/11/H/case-110307_JAY_ANNOTATION.png,"[10,11]
",0.94
regenerated_new/1/H/case-110324_JAY_ANNOTATION.png,"[1,2]
",0.75
regenerated_new/10/H/case-110324_JAY_ANNOTATION.png,"[10,11]
",0.94
regenerated_new/11/H/case-110324_JAY_ANNOTATION.png,"[10,11]
",0.95
regenerated_new/1/H/case-110378_JAY_ANNOTATION.png,"[1,2]
",0.75
regenerated_new/10/H/case-110378_JAY_ANNOTATION.png,"[10,11]
",0.94
regenerated_new/11/H/case-110378_JAY_ANNOTATION.png,"[10,11]
",0.94
regenerated_new/1/H/case-110382_JAY_ANNOTATION.png,"[1,2]
",0.76
regenerated_new/2/H/case-110382_JAY_ANNOTATION.png,"[2,10]
",0.85
regenerated_new/10/H/case-110382_JAY_ANNOTATION.png,"[10,11]
",0.94
regenerated_new/11/H/case-110382_JAY_ANNOTATION.png,"[10,11]
",0.94
regenerated_new/1/H/case-110393_JAY_ANNOTATION.png,"[1,11]
",0.85
regenerated_new/2/H/case-110393_JAY_ANNOTATION.png,"[2, 10]
",0.94
regenerated_new/10/H/case-110393_JAY_ANNOTATION.png,"[10,11]
",0.94
regenerated_new/11/H/case-110393_JAY_ANNOTATION.png,"[10,11]
",0.94
regenerated_new/1/H/case-110447_JAY_ANNOTATION.png,"[1,11]
",0.85
regenerated_new/2/H/case-110447_JAY_ANNOTATION.png,"[2, 10]
",0.94
regenerated_new/10/H/case-110447_JAY_ANNOTATION.png,"[10,11]
",0.95
regenerated_new/11/H/case-110447_JAY_ANNOTATION.png,"[10,11]
",0.94
regenerated_new/1/H/case-110519_JAY_ANNOTATION.png,"[1,11]
",0.85
regenerated_new/2/H/case-110519_JAY_ANNOTATION.png,"[2,10]
",0.85
regenerated_new/10/H/case-110519_JAY_ANNOTATION.png,"[10,11]
",0.94
regenerated_new/11/H/case-110519_JAY_ANNOTATION.png,"[10,11]
",0.94
regenerated_new/1/H/case-110588_JAY_ANNOTATION.png,"[1,2]
",0.75
regenerated_new/2/H/case-110588_JAY_ANNOTATION.png,"[2, 10]
",0.94
regenerated_new/10/H/case-110588_JAY_ANNOTATION.png,"[10,11]
",0.94
regenerated_new/11/H/case-110588_JAY_ANNOTATION.png,"[10,11]
",0.94
regenerated_new/1/H/case-110636_JAY_ANNOTATION.png,"[1,10]
",0.85
regenerated_new/2/H/case-110636_JAY_ANNOTATION.png,"[2, 11]
",0.94
regenerated_new/10/H/case-110636_JAY_ANNOTATION.png,"[10,11]
",0.95
regenerated_new/11/H/case-110636_JAY_ANNOTATION.png,"[10,11]
",0.94
regenerated_new/1/H/case-110640_JAY_ANNOTATION.png,"[1,11]
",0.85
regenerated_new/10/H/case-110640_JAY_ANNOTATION.png,"[10,11]
",0.95
regenerated_new/11/H/case-110640_JAY_ANNOTATION.png,"[10,11]
",0.94
regenerated_new/1/H/case-110649_JAY_ANNOTATION.png,"[1,11]
",0.85
regenerated_new/10/H/case-110649_JAY_ANNOTATION.png,"[10,11]
",0.95
regenerated_new/11/H/case-110649_JAY_ANNOTATION.png,"[10,11]
",0.94
regenerated_new/1/H/case-110664_JAY_ANNOTATION.png,"[1, 11]
",0.95
regenerated_new/10/H/case-110664_JAY_ANNOTATION.png,"[10,11]
",0.95
regenerated_new/11/H/case-110664_JAY_ANNOTATION.png,"[10,11]
",0.94
regenerated_new/1/H/case-110831_JAY_ANNOTATION.png,"[1,2]
",0.76
regenerated_new/10/H/case-110831_JAY_ANNOTATION.png,"[10,11]
",0.94
regenerated_new/11/H/case-110831_JAY_ANNOTATION.png,"[10,11]
",0.94
regenerated_new/1/H/case-110870_JAY_ANNOTATION.png,"[1, 10]
",0.94
regenerated_new/10/H/case-110870_JAY_ANNOTATION.png,"[10,11]
",0.95
regenerated_new/11/H/case-110870_JAY_ANNOTATION.png,"[10,11]
",0.95
regenerated_new/1/H/case-111040_JAY_ANNOTATION.png,"[1,11]
",0.85
regenerated_new/10/H/case-111040_JAY_ANNOTATION.png,"[10,11]
",0.95
regenerated_new/11/H/case-111040_JAY_ANNOTATION.png,"[10,11]
",0.94
regenerated_new/1/H/case-111057_JAY_ANNOTATION.png,"[1,10]
",0.85
regenerated_new/10/H/case-111057_JAY_ANNOTATION.png,"[10,11]
",0.95
regenerated_new/11/H/case-111057_JAY_ANNOTATION.png,"[10,11]
",0.95
regenerated_new/1/H/case-111159_JAY_ANNOTATION.png,"[1,11]
",0.85
regenerated_new/6/H/case-111159_JAY_ANNOTATION.png,"[2, 6]
",0.85
regenerated_new/10/H/case-111159_JAY_ANNOTATION.png,"[10,11]
",0.94
regenerated_new/11/H/case-111159_JAY_ANNOTATION.png,"[10,11]
",0.94
regenerated_new/1/H/case-111162_JAY_ANNOTATION.png,"[1, 10]
",0.95
regenerated_new/2/H/case-111162_JAY_ANNOTATION.png,"[2, 4]
",0.85
regenerated_new/10/H/case-111162_JAY_ANNOTATION.png,"[10,11]
",0.94
regenerated_new/11/H/case-111162_JAY_ANNOTATION.png,"[10,11]
",0.94
regenerated_new/1/H/case-111165_JAY_ANNOTATION.png,"[1,10]
",0.85
regenerated_new/10/H/case-111165_JAY_ANNOTATION.png,"[10,11]
",0.94
regenerated_new/11/H/case-111165_JAY_ANNOTATION.png,"[10,11]
",0.94
regenerated_new/1/H/case-111178_JAY_ANNOTATION.png,"[1,10]
",0.85
regenerated_new/10/H/case-111178_JAY_ANNOTATION.png,"[10,11]
",0.94
regenerated_new/11/H/case-111178_JAY_ANNOTATION.png,"[10,11]
",0.95
regenerated_new/1/H/case-111246_JAY_ANNOTATION.png,"[1, 11]
",0.92
regenerated_new/2/H/case-111246_JAY_ANNOTATION.png,"[2,10]
",0.82
regenerated_new/10/H/case-111246_JAY_ANNOTATION.png,"[10,11]
",0.94
regenerated_new/11/H/case-111246_JAY_ANNOTATION.png,"[10,11]
",0.94
regenerated_new/1/H/case-111273_JAY_ANNOTATION.png,"[1,2]
",0.74
regenerated_new/10/H/case-111273_JAY_ANNOTATION.png,"[10,11]
",0.9
regenerated_new/11/H/case-111273_JAY_ANNOTATION.png,"[10,11]
",0.9
regenerated_new/1/H/case-111359_JAY_ANNOTATION.png,"[1,2]
",0.73
regenerated_new/10/H/case-111359_JAY_ANNOTATION.png,"[10,11]
",0.92
regenerated_new/11/H/case-111359_JAY_ANNOTATION.png,"[10,11]
",0.94
regenerated_new/1/H/case-111405_JAY_ANNOTATION.png,"[1,10]
",0.81
regenerated_new/10/H/case-111405_JAY_ANNOTATION.png,"[10,11]
",0.91
regenerated_new/11/H/case-111405_JAY_ANNOTATION.png,"[10,11]
",0.9
regenerated_new/1/H/case-111446_JAY_ANNOTATION.png,"[1,2]
",0.76
regenerated_new/10/H/case-111446_JAY_ANNOTATION.png,"[10,11]
",0.95
regenerated_new/11/H/case-111446_JAY_ANNOTATION.png,"[10,11]
",0.95
regenerated_new/1/H/case-111546_JAY_ANNOTATION.png,"[1,11]
",0.86
regenerated_new/10/H/case-111546_JAY_ANNOTATION.png,"[10,11]
",0.94
regenerated_new/11/H/case-111546_JAY_ANNOTATION.png,"[10,11]
",0.94
regenerated_new/1/H/case-111573_JAY_ANNOTATION.png,"[1, 11]
",0.94
regenerated_new/10/H/case-111573_JAY_ANNOTATION.png,"[10,11]
",0.94
regenerated_new/11/H/case-111573_JAY_ANNOTATION.png,"[10,11]
",0.94
regenerated_new/1/H/case-111685_JAY_ANNOTATION.png,"[1,2]
",0.75
regenerated_new/10/H/case-111685_JAY_ANNOTATION.png,"[10,11]
",0.95
regenerated_new/11/H/case-111685_JAY_ANNOTATION.png,"[10,11]
",0.94
regenerated_new/1/H/case-111755_JAY_ANNOTATION.png,"[1,2]
",0.75
regenerated_new/10/H/case-111755_JAY_ANNOTATION.png,"[10,11]
",0.94
regenerated_new/11/H/case-111755_JAY_ANNOTATION.png,"[10,11]
",0.94
regenerated_new/1/H/case-111791_JAY_ANNOTATION.png,"[1,10]
",0.85
regenerated_new/10/H/case-111791_JAY_ANNOTATION.png,"[10,11]
",0.94
regenerated_new/11/H/case-111791_JAY_ANNOTATION.png,"[10,11]
",0.94
regenerated_new/1/H/case-111819_JAY_ANNOTATION.png,"[1,2]
",0.76
regenerated_new/10/H/case-111819_JAY_ANNOTATION.png,"[10,11]
",0.94
regenerated_new/11/H/case-111819_JAY_ANNOTATION.png,"[10,11]
",0.94
regenerated_new/1/H/case-111830_JAY_ANNOTATION.png,"[1,11]
",0.85
regenerated_new/10/H/case-111830_JAY_ANNOTATION.png,"[10,11]
",0.94
regenerated_new/11/H/case-111830_JAY_ANNOTATION.png,"[10,11]
",0.94
regenerated_new/1/H/case-111863_JAY_ANNOTATION.png,"[1, 10]
",0.94
regenerated_new/10/H/case-111863_JAY_ANNOTATION.png,"[10,11]
",0.94
regenerated_new/11/H/case-111863_JAY_ANNOTATION.png,"[10,11]
",0.94
regenerated_new/1/H/case-111923_JAY_ANNOTATION.png,"[1,10]
",0.85
regenerated_new/10/H/case-111923_JAY_ANNOTATION.png,"[10,11]
",0.94
regenerated_new/11/H/case-111923_JAY_ANNOTATION.png,"[10,11]
",0.95
regenerated_new/1/H/case-112038_JAY_ANNOTATION.png,"[1,2]
",0.75
regenerated_new/10/H/case-112038_JAY_ANNOTATION.png,"[10,11]
",0.94
regenerated_new/11/H/case-112038_JAY_ANNOTATION.png,"[10,11]
",0.94
regenerated_new/1/H/case-112071_JAY_ANNOTATION.png,"[1,10]
",0.85
regenerated_new/10/H/case-112071_JAY_ANNOTATION.png,"[10,11]
",0.94
regenerated_new/11/H/case-112071_JAY_ANNOTATION.png,"[10,11]
",0.94
regenerated_new/1/H/case-112086_JAY_ANNOTATION.png,"[1, 11]
",0.94
regenerated_new/2/H/case-112086_JAY_ANNOTATION.png,"[2, 10]
",0.94
regenerated_new/10/H/case-112086_JAY_ANNOTATION.png,"[10,11]
",0.94
regenerated_new/11/H/case-112086_JAY_ANNOTATION.png,"[10,11]
",0.95
regenerated_new/1/H/case-112092_JAY_ANNOTATION.png,"[1,10]
",0.85
regenerated_new/6/H/case-112092_JAY_ANNOTATION.png,"[2, 6]
",0.85
regenerated_new/10/H/case-112092_JAY_ANNOTATION.png,"[10,11]
",0.95
regenerated_new/11/H/case-112092_JAY_ANNOTATION.png,"[10,11]
",0.95
regenerated_new/1/H/case-112132_JAY_ANNOTATION.png,"[1, 11]
",0.94
regenerated_new/10/H/case-112132_JAY_ANNOTATION.png,"[10,11]
",0.94
regenerated_new/11/H/case-112132_JAY_ANNOTATION.png,"[10,11]
",0.94
regenerated_new/1/H/case-112180_JAY_ANNOTATION.png,"[1,11]
",0.85
regenerated_new/10/H/case-112180_JAY_ANNOTATION.png,"[10,11]
",0.94
regenerated_new/11/H/case-112180_JAY_ANNOTATION.png,"[10,11]
",0.95
regenerated_new/1/H/case-112208_JAY_ANNOTATION.png,"[1, 10]
",0.94
regenerated_new/10/H/case-112208_JAY_ANNOTATION.png,"[10,11]
",0.95
regenerated_new/11/H/case-112208_JAY_ANNOTATION.png,"[10,11]
",0.94
regenerated_new/1/H/case-112234_JAY_ANNOTATION.png,"[1, 10]
",0.94
regenerated_new/10/H/case-112234_JAY_ANNOTATION.png,"[10,11]
",0.94
regenerated_new/11/H/case-112234_JAY_ANNOTATION.png,"[10,11]
",0.94
regenerated_new/1/H/case-112249_JAY_ANNOTATION.png,"[1,10]
",0.85
regenerated_new/2/H/case-112249_JAY_ANNOTATION.png,"[2, 10]
",0.94
regenerated_new/10/H/case-112249_JAY_ANNOTATION.png,"[10,11]
",0.94
regenerated_new/11/H/case-112249_JAY_ANNOTATION.png,"[10,11]
",0.95
regenerated_new/1/H/case-112292_JAY_ANNOTATION.png,"[1,10]
",0.85
regenerated_new/10/H/case-112292_JAY_ANNOTATION.png,"[10,11]
",0.94
regenerated_new/11/H/case-112292_JAY_ANNOTATION.png,"[10,11]
",0.94
regenerated_new/1/H/case-112297_JAY_ANNOTATION.png,"[1,11]
",0.85
regenerated_new/6/H/case-112297_JAY_ANNOTATION.png,"[2, 6]
",0.85
regenerated_new/10/H/case-112297_JAY_ANNOTATION.png,"[10,11]
",0.94
regenerated_new/11/H/case-112297_JAY_ANNOTATION.png,"[10,11]
",0.94
regenerated_new/1/H/case-112348_JAY_ANNOTATION.png,"[1, 10]
",0.94
regenerated_new/10/H/case-112348_JAY_ANNOTATION.png,"[10,11]
",0.94
regenerated_new/11/H/case-112348_JAY_ANNOTATION.png,"[10,11]
",0.94
regenerated_new/1/H/case-112364_JAY_ANNOTATION.png,"[1,10]
",0.85
regenerated_new/10/H/case-112364_JAY_ANNOTATION.png,"[10,11]
",0.94
regenerated_new/11/H/case-112364_JAY_ANNOTATION.png,"[10,11]
",0.94
regenerated_new/1/H/case-112387_JAY_ANNOTATION.png,"[1,10]
",0.85
regenerated_new/10/H/case-112387_JAY_ANNOTATION.png,"[10,11]
",0.94
regenerated_new/11/H/case-112387_JAY_ANNOTATION.png,"[10,11]
",0.94
regenerated_new/1/H/case-112425_JAY_ANNOTATION.png,"[1,10]
",0.85
regenerated_new/10/H/case-112425_JAY_ANNOTATION.png,"[10,11]
",0.94
regenerated_new/11/H/case-112425_JAY_ANNOTATION.png,"[10,11]
",0.94
regenerated_new/1/H/case-112437_JAY_ANNOTATION.png,"[1, 11]
",0.94
regenerated_new/10/H/case-112437_JAY_ANNOTATION.png,"[10,11]
",0.94
regenerated_new/11/H/case-112437_JAY_ANNOTATION.png,"[10,11]
",0.94
regenerated_new/1/H/case-112453_JAY_ANNOTATION.png,"[1,2]
",0.75
regenerated_new/10/H/case-112453_JAY_ANNOTATION.png,"[1,10]
",0.85
regenerated_new/11/H/case-112453_JAY_ANNOTATION.png,"[10,11]
",0.94
regenerated_new/1/H/case-112536_JAY_ANNOTATION.png,"[1,10]
",0.85
regenerated_new/10/H/case-112536_JAY_ANNOTATION.png,"[10,11]
",0.94
regenerated_new/11/H/case-112536_JAY_ANNOTATION.png,"[10,11]
",0.94
regenerated_new/1/H/case-112545_JAY_ANNOTATION.png,"[1,10]
",0.85
regenerated_new/10/H/case-112545_JAY_ANNOTATION.png,"[10,11]
",0.95
regenerated_new/11/H/case-112545_JAY_ANNOTATION.png,"[10,11]
",0.95
regenerated_new/1/H/case-112559_JAY_ANNOTATION.png,"[1, 10]
",0.94
regenerated_new/10/H/case-112559_JAY_ANNOTATION.png,"[10,11]
",0.94
regenerated_new/11/H/case-112559_JAY_ANNOTATION.png,"[10,11]
",0.94
regenerated_new/2/H/case-100114_JAY_ANNOTATION.png,"[10,12]",18.28
regenerated_new/3/H/case-100114_JAY_ANNOTATION.png,"[10,12]",13.63
regenerated_new/4/H/case-100114_JAY_ANNOTATION.png,"[10,12]",17.82
regenerated_new/5/H/case-100114_JAY_ANNOTATION.png,"[10,12]",20.07
regenerated_new/7/H/case-100114_JAY_ANNOTATION.png,"[2,4]",9.16
regenerated_new/8/H/case-100114_JAY_ANNOTATION.png,"[10,12]",16.21
regenerated_new/9/H/case-100114_JAY_ANNOTATION.png,"[10,12]",17.24
regenerated_new/12/H/case-100114_JAY_ANNOTATION.png,"[10,12]",15.45
regenerated_new/13/H/case-100114_JAY_ANNOTATION.png,"[10,12]",15.36
regenerated_new/14/H/case-100114_JAY_ANNOTATION.png,"[14,12]",16.97
regenerated_new/2/H/case-100129_JAY_ANNOTATION.png,"[14,4]",15.95
regenerated_new/3/H/case-100129_JAY_ANNOTATION.png,"[4,2]",12.65
regenerated_new/4/H/case-100129_JAY_ANNOTATION.png,"[10,12]",20.08
regenerated_new/5/H/case-100129_JAY_ANNOTATION.png,"[10,12]",19.71
regenerated_new/7/H/case-100129_JAY_ANNOTATION.png,"[14,12]",16.32
regenerated_new/8/H/case-100129_JAY_ANNOTATION.png,"[10,12]",17.02
regenerated_new/9/H/case-100129_JAY_ANNOTATION.png,"[14,12]",11.19
regenerated_new/12/H/case-100129_JAY_ANNOTATION.png,"[10,12]",15.46
regenerated_new/13/H/case-100129_JAY_ANNOTATION.png,"[10,12]",20.06
regenerated_new/14/H/case-100129_JAY_ANNOTATION.png,"[14,12]",25.5
regenerated_new/2/H/case-100164_JAY_ANNOTATION.png,"[14,12]",12.01
regenerated_new/3/H/case-100164_JAY_ANNOTATION.png,"[14,12]",18.81
regenerated_new/4/H/case-100164_JAY_ANNOTATION.png,"[14,12]",12.92
regenerated_new/5/H/case-100164_JAY_ANNOTATION.png,"[10,12]",10.49
regenerated_new/6/H/case-100164_JAY_ANNOTATION.png,"[14,4]",10.65
regenerated_new/7/H/case-100164_JAY_ANNOTATION.png,"[10,12]",19.98
regenerated_new/8/H/case-100164_JAY_ANNOTATION.png,"[14,12]",13.07
regenerated_new/9/H/case-100164_JAY_ANNOTATION.png,"[10,12]",12.9
regenerated_new/12/H/case-100164_JAY_ANNOTATION.png,"[10,12]",14.97
regenerated_new/13/H/case-100164_JAY_ANNOTATION.png,"[10,12]",16.12
regenerated_new/14/H/case-100164_JAY_ANNOTATION.png,"[10,12]",13.01
regenerated_new/2/H/case-100229_JAY_ANNOTATION.png,"[10,12]",18.38
regenerated_new/3/H/case-100229_JAY_ANNOTATION.png,"[14,4]",17.65
regenerated_new/4/H/case-100229_JAY_ANNOTATION.png,"[14,12]",15.69
regenerated_new/5/H/case-100229_JAY_ANNOTATION.png,"[14,12]",16.82
regenerated_new/6/H/case-100229_JAY_ANNOTATION.png,"[14,12]",17.95
regenerated_new/7/H/case-100229_JAY_ANNOTATION.png,"[10,12]",10.95
regenerated_new/8/H/case-100229_JAY_ANNOTATION.png,"[10,12]",10.25
regenerated_new/9/H/case-100229_JAY_ANNOTATION.png,"[14,12]",11.24
regenerated_new/12/H/case-100229_JAY_ANNOTATION.png,"[14,12]",11.23
regenerated_new/13/H/case-100229_JAY_ANNOTATION.png,"[14,12]",14.3
regenerated_new/14/H/case-100229_JAY_ANNOTATION.png,"[14,12]",19.63
regenerated_new/3/H/case-100245_JAY_ANNOTATION.png,"[10,12]",20.33
regenerated_new/4/H/case-100245_JAY_ANNOTATION.png,"[10,12]",13.37
regenerated_new/5/H/case-100245_JAY_ANNOTATION.png,"[10,12]",11.99
regenerated_new/6/H/case-100245_JAY_ANNOTATION.png,"[10,12]",20.03
regenerated_new/7/H/case-100245_JAY_ANNOTATION.png,"[14,12]",20.2
regenerated_new/8/H/case-100245_JAY_ANNOTATION.png,"[14,12]",16.32
regenerated_new/9/H/case-100245_JAY_ANNOTATION.png,"[10,11]",14.25
regenerated_new/12/H/case-100245_JAY_ANNOTATION.png,"[14,12]",10.41
regenerated_new/13/H/case-100245_JAY_ANNOTATION.png,"[14,11]",14.81
regenerated_new/14/H/case-100245_JAY_ANNOTATION.png,"[14,12]",17.38
regenerated_new/2/H/case-100247_JAY_ANNOTATION.png,"[14,4]",14.34
regenerated_new/3/H/case-100247_JAY_ANNOTATION.png,"[10,12]",15.32
regenerated_new/4/H/case-100247_JAY_ANNOTATION.png,"[14,12]",20.18
regenerated_new/5/H/case-100247_JAY_ANNOTATION.png,"[14,12]",15.56
regenerated_new/7/H/case-100247_JAY_ANNOTATION.png,"[10,12]",19.55
regenerated_new/8/H/case-100247_JAY_ANNOTATION.png,"[10,12]",12.77
regenerated_new/9/H/case-100247_JAY_ANNOTATION.png,"[10,12]",20.14
regenerated_new/12/H/case-100247_JAY_ANNOTATION.png,"[14,12]",14.11
regenerated_new/13/H/case-100247_JAY_ANNOTATION.png,"[10,12]",15.07
regenerated_new/14/H/case-100247_JAY_ANNOTATION.png,"[10,12]",12.69
regenerated_new/2/H/case-100254_JAY_ANNOTATION.png,"[14,4]",16.25
regenerated_new/3/H/case-100254_JAY_ANNOTATION.png,"[10,12]",20.23
regenerated_new/4/H/case-100254_JAY_ANNOTATION.png,"[14,12]",20.47
regenerated_new/5/H/case-100254_JAY_ANNOTATION.png,"[10,12]",19.96
regenerated_new/6/H/case-100254_JAY_ANNOTATION.png,"[10,12]",20.27
regenerated_new/7/H/case-100254_JAY_ANNOTATION.png,"[14,12]",20.45
regenerated_new/8/H/case-100254_JAY_ANNOTATION.png,"[10,12]",19.54
regenerated_new/9/H/case-100254_JAY_ANNOTATION.png,"[14,12]",10.66
regenerated_new/12/H/case-100254_JAY_ANNOTATION.png,"[14,12]",11.19
regenerated_new/13/H/case-100254_JAY_ANNOTATION.png,"[14,11]",14.9
regenerated_new/14/H/case-100254_JAY_ANNOTATION.png,"[10,12]",20.26
regenerated_new/2/H/case-100265_JAY_ANNOTATION.png,"[14,4]",17.33
regenerated_new/3/H/case-100265_JAY_ANNOTATION.png,"[14,12]",21.02
regenerated_new/4/H/case-100265_JAY_ANNOTATION.png,"[10,12]",19.47
regenerated_new/5/H/case-100265_JAY_ANNOTATION.png,"[10,12]",12.73
regenerated_new/6/H/case-100265_JAY_ANNOTATION.png,"[10,12]",14.71
regenerated_new/7/H/case-100265_JAY_ANNOTATION.png,"[14,4]",18.54
regenerated_new/8/H/case-100265_JAY_ANNOTATION.png,"[14,12]",10.06
regenerated_new/9/H/case-100265_JAY_ANNOTATION.png,"[14,12]",15.36
regenerated_new/12/H/case-100265_JAY_ANNOTATION.png,"[10,12]",17.16
regenerated_new/13/H/case-100265_JAY_ANNOTATION.png,"[14,12]",14.56
regenerated_new/14/H/case-100265_JAY_ANNOTATION.png,"[14,11]",14.38
regenerated_new/2/H/case-100304_JAY_ANNOTATION.png,"[10,12]",20.39
regenerated_new/3/H/case-100304_JAY_ANNOTATION.png,"[14,4]",21.0
regenerated_new/4/H/case-100304_JAY_ANNOTATION.png,"[10,12]",11.22
regenerated_new/5/H/case-100304_JAY_ANNOTATION.png,"[10,12]",19.57
regenerated_new/6/H/case-100304_JAY_ANNOTATION.png,"[14,12]",20.17
regenerated_new/7/H/case-100304_JAY_ANNOTATION.png,"[10,12]",20.37
regenerated_new/8/H/case-100304_JAY_ANNOTATION.png,"[14,12]",22.8
regenerated_new/9/H/case-100304_JAY_ANNOTATION.png,"[14,12]",10.85
regenerated_new/12/H/case-100304_JAY_ANNOTATION.png,"[14,12]",13.16
regenerated_new/13/H/case-100304_JAY_ANNOTATION.png,"[10,12]",16.15
regenerated_new/14/H/case-100304_JAY_ANNOTATION.png,"[10,12]",16.11
regenerated_new/2/H/case-100308_JAY_ANNOTATION.png,"[10,12]",16.12
regenerated_new/3/H/case-100308_JAY_ANNOTATION.png,"[14,4]",10.39
regenerated_new/4/H/case-100308_JAY_ANNOTATION.png,"[10,12]",20.34
regenerated_new/5/H/case-100308_JAY_ANNOTATION.png,"[10,12]",20.88
regenerated_new/6/H/case-100308_JAY_ANNOTATION.png,"[14,12]",12.62
regenerated_new/7/H/case-100308_JAY_ANNOTATION.png,"[10,12]",15.37
regenerated_new/8/H/case-100308_JAY_ANNOTATION.png,"[14,11]",15.67
regenerated_new/9/H/case-100308_JAY_ANNOTATION.png,"[14,12]",16.57
regenerated_new/12/H/case-100308_JAY_ANNOTATION.png,"[10,12]",20.35
regenerated_new/13/H/case-100308_JAY_ANNOTATION.png,"[10,12]",11.13
regenerated_new/14/H/case-100308_JAY_ANNOTATION.png,"[14,12]",15.23
regenerated_new/3/H/case-100359_JAY_ANNOTATION.png,"[14,12]",14.25
regenerated_new/4/H/case-100359_JAY_ANNOTATION.png,"[14,12]",10.22
regenerated_new/5/H/case-100359_JAY_ANNOTATION.png,"[10,12]",16.69
regenerated_new/6/H/case-100359_JAY_ANNOTATION.png,"[14,12]",21.16
regenerated_new/7/H/case-100359_JAY_ANNOTATION.png,"[10,12]",11.77
regenerated_new/8/H/case-100359_JAY_ANNOTATION.png,"[14,12]",17.24
regenerated_new/9/H/case-100359_JAY_ANNOTATION.png,"[14,12]",17.42
regenerated_new/12/H/case-100359_JAY_ANNOTATION.png,"[14,12]",21.45
regenerated_new/13/H/case-100359_JAY_ANNOTATION.png,"[14,12]",16.2
regenerated_new/14/H/case-100359_JAY_ANNOTATION.png,"[14,12]",16.27
regenerated_new/2/H/case-100366_JAY_ANNOTATION.png,"[14,12]",14.83
regenerated_new/3/H/case-100366_JAY_ANNOTATION.png,"[10,12]",20.34
regenerated_new/4/H/case-100366_JAY_ANNOTATION.png,"[14,12]",23.56
regenerated_new/5/H/case-100366_JAY_ANNOTATION.png,"[10,12]",17.43
regenerated_new/6/H/case-100366_JAY_ANNOTATION.png,"[10,12]",20.83
regenerated_new/7/H/case-100366_JAY_ANNOTATION.png,"[10,12]",10.42
regenerated_new/8/H/case-100366_JAY_ANNOTATION.png,"[10,12]",18.89
regenerated_new/9/H/case-100366_JAY_ANNOTATION.png,"[10,12]",15.15
regenerated_new/12/H/case-100366_JAY_ANNOTATION.png,"[14,12]",11.68
regenerated_new/13/H/case-100366_JAY_ANNOTATION.png,"[10,11]",12.86
regenerated_new/14/H/case-100366_JAY_ANNOTATION.png,"[14,12]",16.03
regenerated_new/2/H/case-100369_JAY_ANNOTATION.png,"[14,4]",16.21
regenerated_new/3/H/case-100369_JAY_ANNOTATION.png,"[10,12]",11.11
regenerated_new/4/H/case-100369_JAY_ANNOTATION.png,"[14,12]",12.38
regenerated_new/5/H/case-100369_JAY_ANNOTATION.png,"[14,4]",19.46
regenerated_new/7/H/case-100369_JAY_ANNOTATION.png,"[14,12]",10.31
regenerated_new/8/H/case-100369_JAY_ANNOTATION.png,"[10,12]",10.51
regenerated_new/9/H/case-100369_JAY_ANNOTATION.png,"[14,12]",14.25
regenerated_new/12/H/case-100369_JAY_ANNOTATION.png,"[10,12]",10.51
regenerated_new/13/H/case-100369_JAY_ANNOTATION.png,"[14,12]",14.38
regenerated_new/14/H/case-100369_JAY_ANNOTATION.png,"[10,12]",16.63
regenerated_new/2/H/case-100371_JAY_ANNOTATION.png,"[14,12]",12.99
regenerated_new/3/H/case-100371_JAY_ANNOTATION.png,"[14,12]",19.38
regenerated_new/4/H/case-100371_JAY_ANNOTATION.png,"[10,12]",15.78
regenerated_new/5/H/case-100371_JAY_ANNOTATION.png,"[10,12]",11.86
regenerated_new/6/H/case-100371_JAY_ANNOTATION.png,"[10,12]",16.87
regenerated_new/7/H/case-100371_JAY_ANNOTATION.png,"[10,12]",20.42
regenerated_new/8/H/case-100371_JAY_ANNOTATION.png,"[14,12]",16.61
regenerated_new/9/H/case-100371_JAY_ANNOTATION.png,"[10,12]",18.87
regenerated_new/12/H/case-100371_JAY_ANNOTATION.png,"[10,12]",15.36
regenerated_new/13/H/case-100371_JAY_ANNOTATION.png,"[10,12]",11.32
regenerated_new/14/H/case-100371_JAY_ANNOTATION.png,"[10,12]",16.14
regenerated_new/2/H/case-100515_JAY_ANNOTATION.png,"[14,12]",12.64
regenerated_new/3/H/case-100515_JAY_ANNOTATION.png,"[14,4]",12.71
regenerated_new/4/H/case-100515_JAY_ANNOTATION.png,"[10,12]",10.45
regenerated_new/5/H/case-100515_JAY_ANNOTATION.png,"[10,12]",10.38
regenerated_new/6/H/case-100515_JAY_ANNOTATION.png,"[14,12]",10.76
regenerated_new/7/H/case-100515_JAY_ANNOTATION.png,"[10,12]",16.38
regenerated_new/8/H/case-100515_JAY_ANNOTATION.png,"[10,12]",17.55
regenerated_new/9/H/case-100515_JAY_ANNOTATION.png,"[10,12]",16.21
regenerated_new/12/H/case-100515_JAY_ANNOTATION.png,"[10,12]",19.64
regenerated_new/13/H/case-100515_JAY_ANNOTATION.png,"[10,12]",10.84
regenerated_new/14/H/case-100515_JAY_ANNOTATION.png,"[14,12]",14.44
regenerated_new/2/H/case-100518_JAY_ANNOTATION.png,"[14,4]",19.63
regenerated_new/3/H/case-100518_JAY_ANNOTATION.png,"[14,4]",20.06
regenerated_new/4/H/case-100518_JAY_ANNOTATION.png,"[10,12]",11.39
regenerated_new/5/H/case-100518_JAY_ANNOTATION.png,"[10,12]",21.16
regenerated_new/7/H/case-100518_JAY_ANNOTATION.png,"[15,15]",8.82
regenerated_new/8/H/case-100518_JAY_ANNOTATION.png,"[10,12]",14.4
regenerated_new/9/H/case-100518_JAY_ANNOTATION.png,"[14,12]",17.16
regenerated_new/12/H/case-100518_JAY_ANNOTATION.png,"[10,12]",15.82
regenerated_new/13/H/case-100518_JAY_ANNOTATION.png,"[14,12]",18.67
regenerated_new/14/H/case-100518_JAY_ANNOTATION.png,"[14,12]",17.53
regenerated_new/2/H/case-100541_JAY_ANNOTATION.png,"[10,12]",12.38
regenerated_new/3/H/case-100541_JAY_ANNOTATION.png,"[14,12]",20.47
regenerated_new/4/H/case-100541_JAY_ANNOTATION.png,"[14,12]",15.69
regenerated_new/5/H/case-100541_JAY_ANNOTATION.png,"[10,12]",20.36
regenerated_new/6/H/case-100541_JAY_ANNOTATION.png,"[10,12]",17.3
regenerated_new/7/H/case-100541_JAY_ANNOTATION.png,"[10,12]",15.52
regenerated_new/8/H/case-100541_JAY_ANNOTATION.png,"[14,12]",29.82
regenerated_new/9/H/case-100541_JAY_ANNOTATION.png,"[10,12]",21.92
regenerated_new/12/H/case-100541_JAY_ANNOTATION.png,"[14,12]",14.2
regenerated_new/13/H/case-100541_JAY_ANNOTATION.png,"[10,11]",14.95
regenerated_new/14/H/case-100541_JAY_ANNOTATION.png,"[14,12]",14.16
regenerated_new/2/H/case-100585_JAY_ANNOTATION.png,"[14,12]",20.05
regenerated_new/3/H/case-100585_JAY_ANNOTATION.png,"[10,12]",18.56
regenerated_new/4/H/case-100585_JAY_ANNOTATION.png,"[14,12]",10.66
regenerated_new/5/H/case-100585_JAY_ANNOTATION.png,"[14,12]",11.91
regenerated_new/6/H/case-100585_JAY_ANNOTATION.png,"[14,12]",10.84
regenerated_new/7/H/case-100585_JAY_ANNOTATION.png,"[10,12]",15.92
regenerated_new/8/H/case-100585_JAY_ANNOTATION.png,"[14,12]",10.66
regenerated_new/9/H/case-100585_JAY_ANNOTATION.png,"[10,11]",11.49
regenerated_new/12/H/case-100585_JAY_ANNOTATION.png,"[14,12]",15.56
regenerated_new/13/H/case-100585_JAY_ANNOTATION.png,"[14,12]",10.88
regenerated_new/14/H/case-100585_JAY_ANNOTATION.png,"[10,12]",20.8
regenerated_new/2/H/case-100591_JAY_ANNOTATION.png,"[10,12]",12.46
regenerated_new/3/H/case-100591_JAY_ANNOTATION.png,"[14,4]",21.77
regenerated_new/4/H/case-100591_JAY_ANNOTATION.png,"[10,4]",19.98
regenerated_new/5/H/case-100591_JAY_ANNOTATION.png,"[10,12]",17.81
regenerated_new/6/H/case-100591_JAY_ANNOTATION.png,"[14,12]",16.67
regenerated_new/7/H/case-100591_JAY_ANNOTATION.png,"[14,12]",10.67
regenerated_new/8/H/case-100591_JAY_ANNOTATION.png,"[10,12]",20.8
regenerated_new/9/H/case-100591_JAY_ANNOTATION.png,"[14,12]",11.78
regenerated_new/12/H/case-100591_JAY_ANNOTATION.png,"[10,12]",11.45
regenerated_new/13/H/case-100591_JAY_ANNOTATION.png,"[14,12]",13.17
regenerated_new/14/H/case-100591_JAY_ANNOTATION.png,"[14,12]",22.57
regenerated_new/2/H/case-100702_JAY_ANNOTATION.png,"[14,4]",20.07
regenerated_new/3/H/case-100702_JAY_ANNOTATION.png,"[10,12]",11.4
regenerated_new/4/H/case-100702_JAY_ANNOTATION.png,"[10,12]",19.1
regenerated_new/5/H/case-100702_JAY_ANNOTATION.png,"[14,12]",10.52
regenerated_new/6/H/case-100702_JAY_ANNOTATION.png,"[14,12]",20.1
regenerated_new/7/H/case-100702_JAY_ANNOTATION.png,"[2,6]",15.51
regenerated_new/8/H/case-100702_JAY_ANNOTATION.png,"[14,12]",15.79
regenerated_new/9/H/case-100702_JAY_ANNOTATION.png,"[10,12]",11.21
regenerated_new/12/H/case-100702_JAY_ANNOTATION.png,"[14,12]",10.7
regenerated_new/13/H/case-100702_JAY_ANNOTATION.png,"[10,12]",14.89
regenerated_new/14/H/case-100702_JAY_ANNOTATION.png,"[14,12]",17.66
regenerated_new/3/H/case-100770_JAY_ANNOTATION.png,"[10,12]",12.28
regenerated_new/4/H/case-100770_JAY_ANNOTATION.png,"[10,12]",20.08
regenerated_new/5/H/case-100770_JAY_ANNOTATION.png,"[14,12]",16.31
regenerated_new/6/H/case-100770_JAY_ANNOTATION.png,"[14,12]",12.37
regenerated_new/7/H/case-100770_JAY_ANNOTATION.png,"[10,12]",15.42
regenerated_new/8/H/case-100770_JAY_ANNOTATION.png,"[14,12]",18.31
regenerated_new/9/H/case-100770_JAY_ANNOTATION.png,"[14,12]",12.74
regenerated_new/12/H/case-100770_JAY_ANNOTATION.png,"[14,12]",13.83
regenerated_new/13/H/case-100770_JAY_ANNOTATION.png,"[10,12]",10.85
regenerated_new/14/H/case-100770_JAY_ANNOTATION.png,"[14,12]",13.76
regenerated_new/2/H/case-100779_JAY_ANNOTATION.png,"[10,12]",15.19
regenerated_new/3/H/case-100779_JAY_ANNOTATION.png,"[14,12]",20.45
regenerated_new/4/H/case-100779_JAY_ANNOTATION.png,"[10,12]",15.67
regenerated_new/5/H/case-100779_JAY_ANNOTATION.png,"[10,12]",14.95
regenerated_new/6/H/case-100779_JAY_ANNOTATION.png,"[14,12]",16.2
regenerated_new/7/H/case-100779_JAY_ANNOTATION.png,"[10,12]",16.84
regenerated_new/8/H/case-100779_JAY_ANNOTATION.png,"[14,12]",23.5
regenerated_new/9/H/case-100779_JAY_ANNOTATION.png,"[14,12]",15.41
regenerated_new/12/H/case-100779_JAY_ANNOTATION.png,"[10,12]",19.78
regenerated_new/13/H/case-100779_JAY_ANNOTATION.png,"[10,12]",19.1
regenerated_new/14/H/case-100779_JAY_ANNOTATION.png,"[14,11]",25.11
regenerated_new/3/H/case-100863_JAY_ANNOTATION.png,"[10,12]",12.5
regenerated_new/4/H/case-100863_JAY_ANNOTATION.png,"[10,12]",12.13
regenerated_new/5/H/case-100863_JAY_ANNOTATION.png,"[10,12]",19.54
regenerated_new/6/H/case-100863_JAY_ANNOTATION.png,"[14,12]",16.4
regenerated_new/7/H/case-100863_JAY_ANNOTATION.png,"[14,12]",20.34
regenerated_new/8/H/case-100863_JAY_ANNOTATION.png,"[10,12]",19.51
regenerated_new/9/H/case-100863_JAY_ANNOTATION.png,"[10,12]",15.43
regenerated_new/12/H/case-100863_JAY_ANNOTATION.png,"[10,12]",13.0
regenerated_new/13/H/case-100863_JAY_ANNOTATION.png,"[14,12]",14.34
regenerated_new/14/H/case-100863_JAY_ANNOTATION.png,"[14,12]",17.83
regenerated_new/2/H/case-100915_JAY_ANNOTATION.png,"[14,4]",20.45
regenerated_new/3/H/case-100915_JAY_ANNOTATION.png,"[14,12]",12.47
regenerated_new/4/H/case-100915_JAY_ANNOTATION.png,"[10,12]",20.0
regenerated_new/5/H/case-100915_JAY_ANNOTATION.png,"[14,12]",12.75
regenerated_new/6/H/case-100915_JAY_ANNOTATION.png,"[14,4]",14.17
regenerated_new/7/H/case-100915_JAY_ANNOTATION.png,"[10,12]",18.76
regenerated_new/8/H/case-100915_JAY_ANNOTATION.png,"[14,12]",13.96
regenerated_new/9/H/case-100915_JAY_ANNOTATION.png,"[10,12]",18.71
regenerated_new/12/H/case-100915_JAY_ANNOTATION.png,"[14,12]",13.87
regenerated_new/13/H/case-100915_JAY_ANNOTATION.png,"[10,12]",10.84
regenerated_new/14/H/case-100915_JAY_ANNOTATION.png,"[10,12]",18.54
regenerated_new/2/H/case-100917_JAY_ANNOTATION.png,"[14,4]",18.36
regenerated_new/3/H/case-100917_JAY_ANNOTATION.png,"[14,4]",17.09
regenerated_new/4/H/case-100917_JAY_ANNOTATION.png,"[10,12]",21.27
regenerated_new/5/H/case-100917_JAY_ANNOTATION.png,"[14,12]",11.87
regenerated_new/6/H/case-100917_JAY_ANNOTATION.png,"[10,12]",18.86
regenerated_new/7/H/case-100917_JAY_ANNOTATION.png,"[10,12]",18.33
regenerated_new/8/H/case-100917_JAY_ANNOTATION.png,"[10,12]",14.92
regenerated_new/9/H/case-100917_JAY_ANNOTATION.png,"[14,12]",20.51
regenerated_new/12/H/case-100917_JAY_ANNOTATION.png,"[14,12]",15.71
regenerated_new/13/H/case-100917_JAY_ANNOTATION.png,"[14,12]",11.12
regenerated_new/14/H/case-100917_JAY_ANNOTATION.png,"[14,12]",14.68
regenerated_new/2/H/case-101045_JAY_ANNOTATION.png,"[10,12]",16.2
regenerated_new/3/H/case-101045_JAY_ANNOTATION.png,"[14,4]",19.28
regenerated_new/4/H/case-101045_JAY_ANNOTATION.png,"[14,4]",12.56
regenerated_new/5/H/case-101045_JAY_ANNOTATION.png,"[10,12]",18.73
regenerated_new/6/H/case-101045_JAY_ANNOTATION.png,"[10,12]",19.25
regenerated_new/7/H/case-101045_JAY_ANNOTATION.png,"[14,12]",13.62
regenerated_new/8/H/case-101045_JAY_ANNOTATION.png,"[10,12]",14.22
regenerated_new/9/H/case-101045_JAY_ANNOTATION.png,"[10,12]",21.45
regenerated_new/12/H/case-101045_JAY_ANNOTATION.png,"[10,12]",15.18
regenerated_new/13/H/case-101045_JAY_ANNOTATION.png,"[14,12]",14.32
regenerated_new/14/H/case-101045_JAY_ANNOTATION.png,"[10,12]",17.7
regenerated_new/2/H/case-101074_JAY_ANNOTATION.png,"[14,4]",16.2
regenerated_new/3/H/case-101074_JAY_ANNOTATION.png,"[10,4]",19.25
regenerated_new/4/H/case-101074_JAY_ANNOTATION.png,"[10,12]",17.9
regenerated_new/5/H/case-101074_JAY_ANNOTATION.png,"[10,12]",20.43
regenerated_new/6/H/case-101074_JAY_ANNOTATION.png,"[10,12]",20.35
regenerated_new/7/H/case-101074_JAY_ANNOTATION.png,"[14,12]",20.13
regenerated_new/8/H/case-101074_JAY_ANNOTATION.png,"[14,12]",23.53
regenerated_new/9/H/case-101074_JAY_ANNOTATION.png,"[10,12]",15.87
regenerated_new/12/H/case-101074_JAY_ANNOTATION.png,"[10,12]",20.03
regenerated_new/13/H/case-101074_JAY_ANNOTATION.png,"[10,12]",18.73
regenerated_new/14/H/case-101074_JAY_ANNOTATION.png,"[10,12]",16.23
regenerated_new/2/H/case-101133_JAY_ANNOTATION.png,"[14,4]",16.03
regenerated_new/3/H/case-101133_JAY_ANNOTATION.png,"[14,4]",10.67
regenerated_new/4/H/case-101133_JAY_ANNOTATION.png,"[10,12]",17.73
regenerated_new/5/H/case-101133_JAY_ANNOTATION.png,"[10,12]",15.31
regenerated_new/6/H/case-101133_JAY_ANNOTATION.png,"[14,12]",10.84
regenerated_new/7/H/case-101133_JAY_ANNOTATION.png,"[10,12]",12.64
regenerated_new/8/H/case-101133_JAY_ANNOTATION.png,"[14,12]",14.16
regenerated_new/9/H/case-101133_JAY_ANNOTATION.png,"[14,4]",11.73
regenerated_new/12/H/case-101133_JAY_ANNOTATION.png,"[10,12]",15.58
regenerated_new/13/H/case-101133_JAY_ANNOTATION.png,"[10,12]",20.65
regenerated_new/14/H/case-101133_JAY_ANNOTATION.png,"[10,12]",16.22
regenerated_new/2/H/case-101195_JAY_ANNOTATION.png,"[10,12]",13.7
regenerated_new/3/H/case-101195_JAY_ANNOTATION.png,"[10,12]",15.4
regenerated_new/4/H/case-101195_JAY_ANNOTATION.png,"[10,12]",11.21
regenerated_new/5/H/case-101195_JAY_ANNOTATION.png,"[10,12]",12.54
regenerated_new/7/H/case-101195_JAY_ANNOTATION.png,"[14,12]",16.41
regenerated_new/8/H/case-101195_JAY_ANNOTATION.png,"[14,12]",12.38
regenerated_new/9/H/case-101195_JAY_ANNOTATION.png,"[10,12]",18.19
regenerated_new/12/H/case-101195_JAY_ANNOTATION.png,"[10,12]",15.34
regenerated_new/13/H/case-101195_JAY_ANNOTATION.png,"[14,12]",14.33
regenerated_new/14/H/case-101195_JAY_ANNOTATION.png,"[14,12]",12.28
regenerated_new/2/H/case-101206_JAY_ANNOTATION.png,"[10,12]",17.35
regenerated_new/3/H/case-101206_JAY_ANNOTATION.png,"[10,12]",20.35
regenerated_new/4/H/case-101206_JAY_ANNOTATION.png,"[10,12]",15.68
regenerated_new/5/H/case-101206_JAY_ANNOTATION.png,"[14,12]",23.53
regenerated_new/6/H/case-101206_JAY_ANNOTATION.png,"[14,12]",20.35
regenerated_new/7/H/case-101206_JAY_ANNOTATION.png,"[10,12]",20.35
regenerated_new/8/H/case-101206_JAY_ANNOTATION.png,"[14,12]",11.83
regenerated_new/9/H/case-101206_JAY_ANNOTATION.png,"[10,12]",15.67
regenerated_new/12/H/case-101206_JAY_ANNOTATION.png,"[10,12]",10.82
regenerated_new/13/H/case-101206_JAY_ANNOTATION.png,"[10,12]",19.78
regenerated_new/14/H/case-101206_JAY_ANNOTATION.png,"[14,12]",13.34
regenerated_new/2/H/case-101362_JAY_ANNOTATION.png,"[10,12]",11.56
regenerated_new/3/H/case-101362_JAY_ANNOTATION.png,"[14,12]",11.47
regenerated_new/4/H/case-101362_JAY_ANNOTATION.png,"[12,14]",15.59
regenerated_new/5/H/case-101362_JAY_ANNOTATION.png,"[14,12]",14.29
regenerated_new/6/H/case-101362_JAY_ANNOTATION.png,"[14,12]",19.05
regenerated_new/7/H/case-101362_JAY_ANNOTATION.png,"[10,12]",19.97
regenerated_new/8/H/case-101362_JAY_ANNOTATION.png,"[14,4]",15.61
regenerated_new/9/H/case-101362_JAY_ANNOTATION.png,"[14,12]",14.89
regenerated_new/12/H/case-101362_JAY_ANNOTATION.png,"[10,11]",15.83
regenerated_new/13/H/case-101362_JAY_ANNOTATION.png,"[14,12]",15.8
regenerated_new/14/H/case-101362_JAY_ANNOTATION.png,"[14,12]",23.22
regenerated_new/2/H/case-101367_JAY_ANNOTATION.png,"[14,4]",12.6
regenerated_new/3/H/case-101367_JAY_ANNOTATION.png,"[10,12]",18.28
regenerated_new/4/H/case-101367_JAY_ANNOTATION.png,"[10,12]",14.51
regenerated_new/5/H/case-101367_JAY_ANNOTATION.png,"[10,12]",10.49
regenerated_new/6/H/case-101367_JAY_ANNOTATION.png,"[14,12]",20.13
regenerated_new/7/H/case-101367_JAY_ANNOTATION.png,"[14,12]",14.61
regenerated_new/8/H/case-101367_JAY_ANNOTATION.png,"[10,12]",19.73
regenerated_new/9/H/case-101367_JAY_ANNOTATION.png,"[10,12]",18.47
regenerated_new/12/H/case-101367_JAY_ANNOTATION.png,"[10,12]",11.12
regenerated_new/13/H/case-101367_JAY_ANNOTATION.png,"[10,12]",11.12
regenerated_new/14/H/case-101367_JAY_ANNOTATION.png,"[14,12]",13.73
regenerated_new/2/H/case-101409_JAY_ANNOTATION.png,"[14,4]",16.22
regenerated_new/3/H/case-101409_JAY_ANNOTATION.png,"[10,12]",12.18
regenerated_new/4/H/case-101409_JAY_ANNOTATION.png,"[10,12]",18.7
regenerated_new/5/H/case-101409_JAY_ANNOTATION.png,"[10,12]",11.01
regenerated_new/6/H/case-101409_JAY_ANNOTATION.png,"[10,12]",26.46
regenerated_new/7/H/case-101409_JAY_ANNOTATION.png,"[10,12]",13.63
regenerated_new/8/H/case-101409_JAY_ANNOTATION.png,"[10,12]",12.68
regenerated_new/9/H/case-101409_JAY_ANNOTATION.png,"[14,12]",12.08
regenerated_new/12/H/case-101409_JAY_ANNOTATION.png,"[10,12]",12.71
regenerated_new/13/H/case-101409_JAY_ANNOTATION.png,"[10,12]",10.37
regenerated_new/14/H/case-101409_JAY_ANNOTATION.png,"[14,12]",11.99
regenerated_new/3/H/case-101413_JAY_ANNOTATION.png,"[14,12]",12.0
regenerated_new/4/H/case-101413_JAY_ANNOTATION.png,"[10,12]",20.35
regenerated_new/5/H/case-101413_JAY_ANNOTATION.png,"[10,12]",20.4
regenerated_new/6/H/case-101413_JAY_ANNOTATION.png,"[14,12]",21.82
regenerated_new/7/H/case-101413_JAY_ANNOTATION.png,"[14,12]",10.97
regenerated_new/8/H/case-101413_JAY_ANNOTATION.png,"[10,12]",20.11
regenerated_new/9/H/case-101413_JAY_ANNOTATION.png,"[10,12]",17.8
regenerated_new/12/H/case-101413_JAY_ANNOTATION.png,"[14,12]",11.03
regenerated_new/13/H/case-101413_JAY_ANNOTATION.png,"[10,12]",12.54
regenerated_new/14/H/case-101413_JAY_ANNOTATION.png,"[14,12]",16.58
regenerated_new/2/H/case-101447_JAY_ANNOTATION.png,"[14,4]",20.09
regenerated_new/3/H/case-101447_JAY_ANNOTATION.png,"[10,12]",15.49
regenerated_new/4/H/case-101447_JAY_ANNOTATION.png,"[14,12]",18.72
regenerated_new/5/H/case-101447_JAY_ANNOTATION.png,"[10,12]",10.39
regenerated_new/6/H/case-101447_JAY_ANNOTATION.png,"[10,12]",11.37
regenerated_new/7/H/case-101447_JAY_ANNOTATION.png,"[10,12]",16.31
regenerated_new/8/H/case-101447_JAY_ANNOTATION.png,"[14,12]",14.32
regenerated_new/9/H/case-101447_JAY_ANNOTATION.png,"[10,12]",18.54
regenerated_new/12/H/case-101447_JAY_ANNOTATION.png,"[14,4]",13.78
regenerated_new/13/H/case-101447_JAY_ANNOTATION.png,"[10,12]",18.42
regenerated_new/14/H/case-101447_JAY_ANNOTATION.png,"[10,12]",17.59
regenerated_new/2/H/case-101510_JAY_ANNOTATION.png,"[10,12]",20.31
regenerated_new/3/H/case-101510_JAY_ANNOTATION.png,"[14,4]",17.53
regenerated_new/4/H/case-101510_JAY_ANNOTATION.png,"[14,12]",10.83
regenerated_new/5/H/case-101510_JAY_ANNOTATION.png,"[10,12]",20.32
regenerated_new/6/H/case-101510_JAY_ANNOTATION.png,"[10,12]",10.57
regenerated_new/7/H/case-101510_JAY_ANNOTATION.png,"[15,15]",10.38
regenerated_new/8/H/case-101510_JAY_ANNOTATION.png,"[10,12]",17.18
regenerated_new/9/H/case-101510_JAY_ANNOTATION.png,"[14,12]",16.56
regenerated_new/12/H/case-101510_JAY_ANNOTATION.png,"[14,12]",14.17
regenerated_new/13/H/case-101510_JAY_ANNOTATION.png,"[14,12]",13.08
regenerated_new/14/H/case-101510_JAY_ANNOTATION.png,"[14,12]",14.17
regenerated_new/3/H/case-101540_JAY_ANNOTATION.png,"[14,4]",12.55
regenerated_new/4/H/case-101540_JAY_ANNOTATION.png,"[10,12]",11.39
regenerated_new/5/H/case-101540_JAY_ANNOTATION.png,"[14,12]",15.51
regenerated_new/6/H/case-101540_JAY_ANNOTATION.png,"[14,12]",13.98
regenerated_new/7/H/case-101540_JAY_ANNOTATION.png,"[14,12]",14.63
regenerated_new/8/H/case-101540_JAY_ANNOTATION.png,"[10,12]",10.87
regenerated_new/9/H/case-101540_JAY_ANNOTATION.png,"[14,12]",14.27
regenerated_new/12/H/case-101540_JAY_ANNOTATION.png,"[10,11]",12.9
regenerated_new/13/H/case-101540_JAY_ANNOTATION.png,"[14,12]",23.54
regenerated_new/14/H/case-101540_JAY_ANNOTATION.png,"[14,12]",14.17
regenerated_new/3/H/case-101581_JAY_ANNOTATION.png,"[10,12]",12.81
regenerated_new/4/H/case-101581_JAY_ANNOTATION.png,"[10,12]",15.24
regenerated_new/5/H/case-101581_JAY_ANNOTATION.png,"[14,12]",14.34
regenerated_new/6/H/case-101581_JAY_ANNOTATION.png,"[10,12]",20.89
regenerated_new/7/H/case-101581_JAY_ANNOTATION.png,"[14,12]",20.73
regenerated_new/8/H/case-101581_JAY_ANNOTATION.png,"[14,12]",21.44
regenerated_new/9/H/case-101581_JAY_ANNOTATION.png,"[10,12]",20.36
regenerated_new/12/H/case-101581_JAY_ANNOTATION.png,"[14,12]",20.46
regenerated_new/13/H/case-101581_JAY_ANNOTATION.png,"[10,12]",18.69
regenerated_new/14/H/case-101581_JAY_ANNOTATION.png,"[14,12]",11.83
regenerated_new/3/H/case-101599_JAY_ANNOTATION.png,"[2,10]",21.83
regenerated_new/4/H/case-101599_JAY_ANNOTATION.png,"[10,12]",20.38
regenerated_new/5/H/case-101599_JAY_ANNOTATION.png,"[10,12]",20.11
regenerated_new/6/H/case-101599_JAY_ANNOTATION.png,"[14,12]",16.53
regenerated_new/7/H/case-101599_JAY_ANNOTATION.png,"[10,12]",19.85
regenerated_new/8/H/case-101599_JAY_ANNOTATION.png,"[10,12]",12.32
regenerated_new/9/H/case-101599_JAY_ANNOTATION.png,"[14,12]",15.67
regenerated_new/12/H/case-101599_JAY_ANNOTATION.png,"[10,12]",16.76
regenerated_new/13/H/case-101599_JAY_ANNOTATION.png,"[10,12]",18.74
regenerated_new/14/H/case-101599_JAY_ANNOTATION.png,"[10,12]",12.2
regenerated_new/2/H/case-101625_JAY_ANNOTATION.png,"[14,12]",20.08
regenerated_new/3/H/case-101625_JAY_ANNOTATION.png,"[14,12]",18.85
regenerated_new/4/H/case-101625_JAY_ANNOTATION.png,"[14,12]",20.09
regenerated_new/5/H/case-101625_JAY_ANNOTATION.png,"[14,12]",10.78
regenerated_new/6/H/case-101625_JAY_ANNOTATION.png,"[14,12]",14.65
regenerated_new/7/H/case-101625_JAY_ANNOTATION.png,"[14,12]",20.03
regenerated_new/8/H/case-101625_JAY_ANNOTATION.png,"[14,12]",16.66
regenerated_new/9/H/case-101625_JAY_ANNOTATION.png,"[14,12]",21.01
regenerated_new/12/H/case-101625_JAY_ANNOTATION.png,"[14,12]",10.99
regenerated_new/13/H/case-101625_JAY_ANNOTATION.png,"[14,12]",15.66
regenerated_new/14/H/case-101625_JAY_ANNOTATION.png,"[10,12]",14.31
regenerated_new/2/H/case-101641_JAY_ANNOTATION.png,"[14,12]",19.35
regenerated_new/3/H/case-101641_JAY_ANNOTATION.png,"[14,4]",18.28
regenerated_new/4/H/case-101641_JAY_ANNOTATION.png,"[14,12]",18.83
regenerated_new/5/H/case-101641_JAY_ANNOTATION.png,"[10,12]",20.33
regenerated_new/6/H/case-101641_JAY_ANNOTATION.png,"[14,12]",14.79
regenerated_new/7/H/case-101641_JAY_ANNOTATION.png,"[10,12]",19.62
regenerated_new/8/H/case-101641_JAY_ANNOTATION.png,"[10,11]",23.24
regenerated_new/9/H/case-101641_JAY_ANNOTATION.png,"[14,12]",12.85
regenerated_new/12/H/case-101641_JAY_ANNOTATION.png,"[10,12]",12.55
regenerated_new/13/H/case-101641_JAY_ANNOTATION.png,"[10,12]",17.39
regenerated_new/14/H/case-101641_JAY_ANNOTATION.png,"[10,12]",13.01
regenerated_new/2/H/case-101857_JAY_ANNOTATION.png,"[14,12]",20.43
regenerated_new/3/H/case-101857_JAY_ANNOTATION.png,"[10,12]",22.04
regenerated_new/4/H/case-101857_JAY_ANNOTATION.png,"[14,12]",23.53
regenerated_new/5/H/case-101857_JAY_ANNOTATION.png,"[14,12]",13.16
regenerated_new/6/H/case-101857_JAY_ANNOTATION.png,"[14,12]",10.75
regenerated_new/7/H/case-101857_JAY_ANNOTATION.png,"[14,12]",23.64
regenerated_new/8/H/case-101857_JAY_ANNOTATION.png,"[14,12]",15.87
regenerated_new/9/H/case-101857_JAY_ANNOTATION.png,"[10,12]",11.12
regenerated_new/12/H/case-101857_JAY_ANNOTATION.png,"[10,12]",16.89
regenerated_new/13/H/case-101857_JAY_ANNOTATION.png,"[10,12]",18.06
regenerated_new/14/H/case-101857_JAY_ANNOTATION.png,"[14,12]",17.22
regenerated_new/2/H/case-101860_JAY_ANNOTATION.png,"[14,12]",20.42
regenerated_new/3/H/case-101860_JAY_ANNOTATION.png,"[10,12]",15.06
regenerated_new/4/H/case-101860_JAY_ANNOTATION.png,"[10,12]",20.07
regenerated_new/5/H/case-101860_JAY_ANNOTATION.png,"[14,12]",11.75
regenerated_new/6/H/case-101860_JAY_ANNOTATION.png,"[14,12]",19.1
regenerated_new/7/H/case-101860_JAY_ANNOTATION.png,"[14,12]",20.44
regenerated_new/8/H/case-101860_JAY_ANNOTATION.png,"[14,12]",20.19
regenerated_new/9/H/case-101860_JAY_ANNOTATION.png,"[10,12]",16.67
regenerated_new/12/H/case-101860_JAY_ANNOTATION.png,"[10,12]",21.25
regenerated_new/13/H/case-101860_JAY_ANNOTATION.png,"[10,12]",14.32
regenerated_new/14/H/case-101860_JAY_ANNOTATION.png,"[14,12]",13.08
regenerated_new/2/H/case-101885_JAY_ANNOTATION.png,"[10,12]",19.07
regenerated_new/3/H/case-101885_JAY_ANNOTATION.png,"[14,4]",17.38
regenerated_new/4/H/case-101885_JAY_ANNOTATION.png,"[10,12]",10.58
regenerated_new/5/H/case-101885_JAY_ANNOTATION.png,"[10,12]",10.22
regenerated_new/6/H/case-101885_JAY_ANNOTATION.png,"[10,12]",17.21
regenerated_new/7/H/case-101885_JAY_ANNOTATION.png,"[10,12]",20.07
regenerated_new/8/H/case-101885_JAY_ANNOTATION.png,"[14,12]",14.07
regenerated_new/9/H/case-101885_JAY_ANNOTATION.png,"[10,12]",10.3
regenerated_new/12/H/case-101885_JAY_ANNOTATION.png,"[10,12]",14.14
regenerated_new/13/H/case-101885_JAY_ANNOTATION.png,"[10,12]",10.41
regenerated_new/14/H/case-101885_JAY_ANNOTATION.png,"[14,12]",12.81
regenerated_new/2/H/case-101937_JAY_ANNOTATION.png,"[14,12]",21.85
regenerated_new/3/H/case-101937_JAY_ANNOTATION.png,"[10,12]",20.03
regenerated_new/4/H/case-101937_JAY_ANNOTATION.png,"[14,12]",23.49
regenerated_new/5/H/case-101937_JAY_ANNOTATION.png,"[14,12]",23.5
regenerated_new/6/H/case-101937_JAY_ANNOTATION.png,"[14,12]",20.4
regenerated_new/7/H/case-101937_JAY_ANNOTATION.png,"[14,12]",23.54
regenerated_new/8/H/case-101937_JAY_ANNOTATION.png,"[14,12]",10.86
regenerated_new/9/H/case-101937_JAY_ANNOTATION.png,"[14,12]",14.92
regenerated_new/12/H/case-101937_JAY_ANNOTATION.png,"[14,12]",23.56
regenerated_new/13/H/case-101937_JAY_ANNOTATION.png,"[14,12]",11.84
regenerated_new/14/H/case-101937_JAY_ANNOTATION.png,"[14,10]",11.3
regenerated_new/2/H/case-101940_JAY_ANNOTATION.png,"[14,12]",20.05
regenerated_new/3/H/case-101940_JAY_ANNOTATION.png,"[10,12]",17.74
regenerated_new/4/H/case-101940_JAY_ANNOTATION.png,"[10,12]",21.31
regenerated_new/5/H/case-101940_JAY_ANNOTATION.png,"[10,12]",14.07
regenerated_new/6/H/case-101940_JAY_ANNOTATION.png,"[14,12]",10.22
regenerated_new/7/H/case-101940_JAY_ANNOTATION.png,"[14,4]",18.01
regenerated_new/8/H/case-101940_JAY_ANNOTATION.png,"[10,12]",21.35
regenerated_new/9/H/case-101940_JAY_ANNOTATION.png,"[10,12]",19.53
regenerated_new/12/H/case-101940_JAY_ANNOTATION.png,"[10,12]",10.66
regenerated_new/13/H/case-101940_JAY_ANNOTATION.png,"[14,12]",14.33
regenerated_new/14/H/case-101940_JAY_ANNOTATION.png,"[14,12]",16.21
regenerated_new/2/H/case-101982_JAY_ANNOTATION.png,"[10,12]",20.94
regenerated_new/3/H/case-101982_JAY_ANNOTATION.png,"[14,4]",16.0
regenerated_new/4/H/case-101982_JAY_ANNOTATION.png,"[10,12]",15.38
regenerated_new/5/H/case-101982_JAY_ANNOTATION.png,"[14,4]",16.19
regenerated_new/6/H/case-101982_JAY_ANNOTATION.png,"[10,12]",15.32
regenerated_new/7/H/case-101982_JAY_ANNOTATION.png,"[14,12]",20.4
regenerated_new/8/H/case-101982_JAY_ANNOTATION.png,"[14,12]",10.84
regenerated_new/9/H/case-101982_JAY_ANNOTATION.png,"[10,12]",16.83
regenerated_new/12/H/case-101982_JAY_ANNOTATION.png,"[10,11]",15.94
regenerated_new/13/H/case-101982_JAY_ANNOTATION.png,"[10,12]",12.64
regenerated_new/14/H/case-101982_JAY_ANNOTATION.png,"[14,10]",18.12
regenerated_new/3/H/case-102010_JAY_ANNOTATION.png,"[15,15]",9.51
regenerated_new/4/H/case-102010_JAY_ANNOTATION.png,"[10,12]",19.98
regenerated_new/5/H/case-102010_JAY_ANNOTATION.png,"[10,12]",20.36
regenerated_new/6/H/case-102010_JAY_ANNOTATION.png,"[14,4]",19.18
regenerated_new/7/H/case-102010_JAY_ANNOTATION.png,"[10,12]",15.41
regenerated_new/8/H/case-102010_JAY_ANNOTATION.png,"[14,12]",13.75
regenerated_new/9/H/case-102010_JAY_ANNOTATION.png,"[14,12]",20.45
regenerated_new/12/H/case-102010_JAY_ANNOTATION.png,"[10,11]",12.32
regenerated_new/13/H/case-102010_JAY_ANNOTATION.png,"[10,12]",20.06
regenerated_new/14/H/case-102010_JAY_ANNOTATION.png,"[14,12]",21.29
regenerated_new/2/H/case-102041_JAY_ANNOTATION.png,"[14,12]",10.96
regenerated_new/3/H/case-102041_JAY_ANNOTATION.png,"[4,10]",25.01
regenerated_new/4/H/case-102041_JAY_ANNOTATION.png,"[14,12]",14.15
regenerated_new/5/H/case-102041_JAY_ANNOTATION.png,"[14,12]",24.12
regenerated_new/7/H/case-102041_JAY_ANNOTATION.png,"[15,15]",9.55
regenerated_new/8/H/case-102041_JAY_ANNOTATION.png,"[10,12]",15.47
regenerated_new/9/H/case-102041_JAY_ANNOTATION.png,"[14,11]",14.78
regenerated_new/12/H/case-102041_JAY_ANNOTATION.png,"[14,12]",14.31
regenerated_new/13/H/case-102041_JAY_ANNOTATION.png,"[14,12]",10.75
regenerated_new/14/H/case-102041_JAY_ANNOTATION.png,"[14,12]",9.04
regenerated_new/3/H/case-102093_JAY_ANNOTATION.png,"[14,4]",17.65
regenerated_new/4/H/case-102093_JAY_ANNOTATION.png,"[14,12]",10.67
regenerated_new/5/H/case-102093_JAY_ANNOTATION.png,"[14,12]",23.53
regenerated_new/6/H/case-102093_JAY_ANNOTATION.png,"[14,12]",20.15
regenerated_new/7/H/case-102093_JAY_ANNOTATION.png,"[14,12]",17.01
regenerated_new/8/H/case-102093_JAY_ANNOTATION.png,"[14,12]",14.53
regenerated_new/9/H/case-102093_JAY_ANNOTATION.png,"[14,12]",16.49
regenerated_new/12/H/case-102093_JAY_ANNOTATION.png,"[10,12]",11.21
regenerated_new/13/H/case-102093_JAY_ANNOTATION.png,"[10,12]",19.08
regenerated_new/14/H/case-102093_JAY_ANNOTATION.png,"[14,12]",14.09
regenerated_new/2/H/case-102157_JAY_ANNOTATION.png,"[14,4]",10.21
regenerated_new/3/H/case-102157_JAY_ANNOTATION.png,"[14,4]",18.37
regenerated_new/4/H/case-102157_JAY_ANNOTATION.png,"[10,12]",14.78
regenerated_new/5/H/case-102157_JAY_ANNOTATION.png,"[10,12]",20.08
regenerated_new/6/H/case-102157_JAY_ANNOTATION.png,"[10,12]",11.39
regenerated_new/7/H/case-102157_JAY_ANNOTATION.png,"[14,12]",17.5
regenerated_new/8/H/case-102157_JAY_ANNOTATION.png,"[14,12]",17.21
regenerated_new/9/H/case-102157_JAY_ANNOTATION.png,"[14,12]",12.27
regenerated_new/12/H/case-102157_JAY_ANNOTATION.png,"[10,12]",22.6
regenerated_new/13/H/case-102157_JAY_ANNOTATION.png,"[10,12]",11.96
regenerated_new/14/H/case-102157_JAY_ANNOTATION.png,"[14,12]",17.61
regenerated_new/2/H/case-102183_JAY_ANNOTATION.png,"[14,4]",19.96
regenerated_new/3/H/case-102183_JAY_ANNOTATION.png,"[14,4]",19.61
regenerated_new/4/H/case-102183_JAY_ANNOTATION.png,"[10,12]",20.07
regenerated_new/5/H/case-102183_JAY_ANNOTATION.png,"[10,12]",20.06
regenerated_new/7/H/case-102183_JAY_ANNOTATION.png,"[10,12]",12.29
regenerated_new/8/H/case-102183_JAY_ANNOTATION.png,"[10,12]",15.23
regenerated_new/9/H/case-102183_JAY_ANNOTATION.png,"[10,12]",16.4
regenerated_new/12/H/case-102183_JAY_ANNOTATION.png,"[10,12]",14.07
regenerated_new/13/H/case-102183_JAY_ANNOTATION.png,"[10,12]",20.07
regenerated_new/14/H/case-102183_JAY_ANNOTATION.png,"[14,12]",14.61
regenerated_new/2/H/case-102224_JAY_ANNOTATION.png,"[14,4]",17.14
regenerated_new/3/H/case-102224_JAY_ANNOTATION.png,"[14,4]",15.77
regenerated_new/4/H/case-102224_JAY_ANNOTATION.png,"[10,12]",20.07
regenerated_new/5/H/case-102224_JAY_ANNOTATION.png,"[14,12]",10.83
regenerated_new/6/H/case-102224_JAY_ANNOTATION.png,"[10,12]",11.48
regenerated_new/7/H/case-102224_JAY_ANNOTATION.png,"[10,12]",12.63
regenerated_new/8/H/case-102224_JAY_ANNOTATION.png,"[10,12]",20.08
regenerated_new/9/H/case-102224_JAY_ANNOTATION.png,"[10,12]",17.28
regenerated_new/12/H/case-102224_JAY_ANNOTATION.png,"[10,12]",15.26
regenerated_new/13/H/case-102224_JAY_ANNOTATION.png,"[10,12]",11.48
regenerated_new/14/H/case-102224_JAY_ANNOTATION.png,"[10,12]",17.28
regenerated_new/2/H/case-102308_JAY_ANNOTATION.png,"[14,4]",9.14
regenerated_new/3/H/case-102308_JAY_ANNOTATION.png,"[14,4]",17.48
regenerated_new/4/H/case-102308_JAY_ANNOTATION.png,"[10,12]",20.64
regenerated_new/5/H/case-102308_JAY_ANNOTATION.png,"[10,12]",15.82
regenerated_new/6/H/case-102308_JAY_ANNOTATION.png,"[14,12]",29.7
regenerated_new/7/H/case-102308_JAY_ANNOTATION.png,"[10,12]",15.2
regenerated_new/8/H/case-102308_JAY_ANNOTATION.png,"[14,12]",14.23
regenerated_new/9/H/case-102308_JAY_ANNOTATION.png,"[14,12]",13.7
regenerated_new/12/H/case-102308_JAY_ANNOTATION.png,"[10,12]",17.09
regenerated_new/13/H/case-102308_JAY_ANNOTATION.png,"[10,12]",16.84
regenerated_new/14/H/case-102308_JAY_ANNOTATION.png,"[14,11]",18.27
regenerated_new/2/H/case-102321_JAY_ANNOTATION.png,"[14,4]",19.71
regenerated_new/3/H/case-102321_JAY_ANNOTATION.png,"[10,4]",23.49
regenerated_new/4/H/case-102321_JAY_ANNOTATION.png,"[14,12]",10.75
regenerated_new/5/H/case-102321_JAY_ANNOTATION.png,"[10,12]",11.75
regenerated_new/6/H/case-102321_JAY_ANNOTATION.png,"[14,12]",12.45
regenerated_new/7/H/case-102321_JAY_ANNOTATION.png,"[10,12]",10.84
regenerated_new/8/H/case-102321_JAY_ANNOTATION.png,"[14,12]",13.88
regenerated_new/9/H/case-102321_JAY_ANNOTATION.png,"[10,12]",21.22
regenerated_new/12/H/case-102321_JAY_ANNOTATION.png,"[10,12]",14.86
regenerated_new/13/H/case-102321_JAY_ANNOTATION.png,"[14,12]",10.66
regenerated_new/14/H/case-102321_JAY_ANNOTATION.png,"[14,12]",16.19
regenerated_new/2/H/case-102367_JAY_ANNOTATION.png,"[10,12]",15.31
regenerated_new/3/H/case-102367_JAY_ANNOTATION.png,"[14,12]",20.27
regenerated_new/4/H/case-102367_JAY_ANNOTATION.png,"[10,12]",10.9
regenerated_new/5/H/case-102367_JAY_ANNOTATION.png,"[10,12]",11.59
regenerated_new/6/H/case-102367_JAY_ANNOTATION.png,"[14,2]",11.68
regenerated_new/7/H/case-102367_JAY_ANNOTATION.png,"[10,12]",19.57
regenerated_new/8/H/case-102367_JAY_ANNOTATION.png,"[14,12]",14.57
regenerated_new/9/H/case-102367_JAY_ANNOTATION.png,"[14,12]",10.21
regenerated_new/12/H/case-102367_JAY_ANNOTATION.png,"[10,12]",17.0
regenerated_new/13/H/case-102367_JAY_ANNOTATION.png,"[10,12]",15.68
regenerated_new/14/H/case-102367_JAY_ANNOTATION.png,"[10,12]",15.41
regenerated_new/2/H/case-102388_JAY_ANNOTATION.png,"[14,4]",12.17
regenerated_new/3/H/case-102388_JAY_ANNOTATION.png,"[14,4]",20.2
regenerated_new/4/H/case-102388_JAY_ANNOTATION.png,"[14,12]",20.48
regenerated_new/5/H/case-102388_JAY_ANNOTATION.png,"[14,12]",20.4
regenerated_new/7/H/case-102388_JAY_ANNOTATION.png,"[14,12]",20.17
regenerated_new/8/H/case-102388_JAY_ANNOTATION.png,"[14,12]",14.79
regenerated_new/9/H/case-102388_JAY_ANNOTATION.png,"[10,12]",19.71
regenerated_new/12/H/case-102388_JAY_ANNOTATION.png,"[14,12]",14.34
regenerated_new/13/H/case-102388_JAY_ANNOTATION.png,"[14,12]",17.02
regenerated_new/14/H/case-102388_JAY_ANNOTATION.png,"[10,12]",15.33
regenerated_new/3/H/case-104754_JAY_ANNOTATION.png,"[10,12]",13.79
regenerated_new/4/H/case-104754_JAY_ANNOTATION.png,"[10,12]",20.09
regenerated_new/5/H/case-104754_JAY_ANNOTATION.png,"[10,12]",14.89
regenerated_new/6/H/case-104754_JAY_ANNOTATION.png,"[10,12]",8.82
regenerated_new/7/H/case-104754_JAY_ANNOTATION.png,"[10,12]",11.14
regenerated_new/8/H/case-104754_JAY_ANNOTATION.png,"[10,12]",15.2
regenerated_new/9/H/case-104754_JAY_ANNOTATION.png,"[14,12]",12.74
regenerated_new/12/H/case-104754_JAY_ANNOTATION.png,"[14,12]",13.2
regenerated_new/13/H/case-104754_JAY_ANNOTATION.png,"[14,12]",15.54
regenerated_new/14/H/case-104754_JAY_ANNOTATION.png,"[14,12]",14.93
regenerated_new/2/H/case-104780_JAY_ANNOTATION.png,"[14,12]",16.55
regenerated_new/3/H/case-104780_JAY_ANNOTATION.png,"[14,4]",22.76
regenerated_new/4/H/case-104780_JAY_ANNOTATION.png,"[14,12]",12.67
regenerated_new/5/H/case-104780_JAY_ANNOTATION.png,"[10,12]",15.51
regenerated_new/6/H/case-104780_JAY_ANNOTATION.png,"[10,12]",18.67
regenerated_new/7/H/case-104780_JAY_ANNOTATION.png,"[14,12]",20.15
regenerated_new/8/H/case-104780_JAY_ANNOTATION.png,"[14,12]",14.94
regenerated_new/9/H/case-104780_JAY_ANNOTATION.png,"[14,12]",13.72
regenerated_new/12/H/case-104780_JAY_ANNOTATION.png,"[10,12]",11.19
regenerated_new/13/H/case-104780_JAY_ANNOTATION.png,"[14,12]",20.42
regenerated_new/14/H/case-104780_JAY_ANNOTATION.png,"[10,12]",16.86
regenerated_new/2/H/case-104842_JAY_ANNOTATION.png,"[10,12]",18.39
regenerated_new/3/H/case-104842_JAY_ANNOTATION.png,"[15,15]",8.7
regenerated_new/4/H/case-104842_JAY_ANNOTATION.png,"[10,12]",15.6
regenerated_new/5/H/case-104842_JAY_ANNOTATION.png,"[10,12]",10.04
regenerated_new/6/H/case-104842_JAY_ANNOTATION.png,"[14,12]",23.52
regenerated_new/7/H/case-104842_JAY_ANNOTATION.png,"[14,12]",23.56
regenerated_new/8/H/case-104842_JAY_ANNOTATION.png,"[14,12]",16.69
regenerated_new/9/H/case-104842_JAY_ANNOTATION.png,"[10,12]",15.43
regenerated_new/12/H/case-104842_JAY_ANNOTATION.png,"[14,12]",14.18
regenerated_new/13/H/case-104842_JAY_ANNOTATION.png,"[10,12]",19.54
regenerated_new/14/H/case-104842_JAY_ANNOTATION.png,"[10,12]",17.67
regenerated_new/2/H/case-104941_JAY_ANNOTATION.png,"[14,4]",16.52
regenerated_new/3/H/case-104941_JAY_ANNOTATION.png,"[10,4]",20.57
regenerated_new/4/H/case-104941_JAY_ANNOTATION.png,"[14,12]",23.58
regenerated_new/5/H/case-104941_JAY_ANNOTATION.png,"[10,12]",15.75
regenerated_new/6/H/case-104941_JAY_ANNOTATION.png,"[10,12]",20.31
regenerated_new/7/H/case-104941_JAY_ANNOTATION.png,"[14,12]",23.53
regenerated_new/8/H/case-104941_JAY_ANNOTATION.png,"[10,12]",15.14
regenerated_new/9/H/case-104941_JAY_ANNOTATION.png,"[14,12]",12.9
regenerated_new/12/H/case-104941_JAY_ANNOTATION.png,"[10,12]",14.79
regenerated_new/13/H/case-104941_JAY_ANNOTATION.png,"[14,4]",11.56
regenerated_new/14/H/case-104941_JAY_ANNOTATION.png,"[10,12]",16.06
regenerated_new/2/H/case-104979_JAY_ANNOTATION.png,"[10,12]",12.03
regenerated_new/3/H/case-104979_JAY_ANNOTATION.png,"[10,12]",19.46
regenerated_new/4/H/case-104979_JAY_ANNOTATION.png,"[10,12]",11.56
regenerated_new/5/H/case-104979_JAY_ANNOTATION.png,"[10,12]",11.31
regenerated_new/6/H/case-104979_JAY_ANNOTATION.png,"[14,12]",11.06
regenerated_new/7/H/case-104979_JAY_ANNOTATION.png,"[14,12]",20.49
regenerated_new/8/H/case-104979_JAY_ANNOTATION.png,"[14,12]",13.27
regenerated_new/9/H/case-104979_JAY_ANNOTATION.png,"[14,12]",21.27
regenerated_new/12/H/case-104979_JAY_ANNOTATION.png,"[14,12]",23.7
regenerated_new/13/H/case-104979_JAY_ANNOTATION.png,"[14,12]",23.69
regenerated_new/14/H/case-104979_JAY_ANNOTATION.png,"[10,12]",17.22
regenerated_new/2/H/case-104990_JAY_ANNOTATION.png,"[10,12]",12.11
regenerated_new/3/H/case-104990_JAY_ANNOTATION.png,"[2,4]",13.92
regenerated_new/4/H/case-104990_JAY_ANNOTATION.png,"[10,12]",20.08
regenerated_new/5/H/case-104990_JAY_ANNOTATION.png,"[14,12]",11.17
regenerated_new/6/H/case-104990_JAY_ANNOTATION.png,"[10,12]",15.31
regenerated_new/7/H/case-104990_JAY_ANNOTATION.png,"[10,12]",17.91
regenerated_new/8/H/case-104990_JAY_ANNOTATION.png,"[10,12]",19.41
regenerated_new/9/H/case-104990_JAY_ANNOTATION.png,"[10,12]",12.75
regenerated_new/12/H/case-104990_JAY_ANNOTATION.png,"[14,12]",15.77
regenerated_new/13/H/case-104990_JAY_ANNOTATION.png,"[10,11]",25.1
regenerated_new/14/H/case-104990_JAY_ANNOTATION.png,"[10,12]",14.94
regenerated_new/3/H/case-105035_JAY_ANNOTATION.png,"[10,12]",18.39
regenerated_new/4/H/case-105035_JAY_ANNOTATION.png,"[10,12]",11.79
regenerated_new/5/H/case-105035_JAY_ANNOTATION.png,"[10,12]",11.78
regenerated_new/6/H/case-105035_JAY_ANNOTATION.png,"[14,12]",10.78
regenerated_new/7/H/case-105035_JAY_ANNOTATION.png,"[10,12]",20.53
regenerated_new/8/H/case-105035_JAY_ANNOTATION.png,"[14,12]",16.41
regenerated_new/9/H/case-105035_JAY_ANNOTATION.png,"[10,4]",20.08
regenerated_new/12/H/case-105035_JAY_ANNOTATION.png,"[14,12]",13.17
regenerated_new/13/H/case-105035_JAY_ANNOTATION.png,"[10,12]",16.67
regenerated_new/14/H/case-105035_JAY_ANNOTATION.png,"[14,12]",17.65
regenerated_new/2/H/case-105051_JAY_ANNOTATION.png,"[10,12]",16.14
regenerated_new/3/H/case-105051_JAY_ANNOTATION.png,"[10,12]",18.34
regenerated_new/4/H/case-105051_JAY_ANNOTATION.png,"[14,12]",14.35
regenerated_new/5/H/case-105051_JAY_ANNOTATION.png,"[12,14]",11.82
regenerated_new/7/H/case-105051_JAY_ANNOTATION.png,"[14,12]",20.2
regenerated_new/8/H/case-105051_JAY_ANNOTATION.png,"[10,12]",20.15
regenerated_new/9/H/case-105051_JAY_ANNOTATION.png,"[14,12]",16.22
regenerated_new/12/H/case-105051_JAY_ANNOTATION.png,"[14,12]",14.16
regenerated_new/13/H/case-105051_JAY_ANNOTATION.png,"[14,12]",13.8
regenerated_new/14/H/case-105051_JAY_ANNOTATION.png,"[10,12]",18.91
regenerated_new/2/H/case-105171_JAY_ANNOTATION.png,"[14,4]",16.87
regenerated_new/3/H/case-105171_JAY_ANNOTATION.png,"[14,12]",20.2
regenerated_new/4/H/case-105171_JAY_ANNOTATION.png,"[10,12]",10.34
regenerated_new/5/H/case-105171_JAY_ANNOTATION.png,"[10,12]",20.12
regenerated_new/6/H/case-105171_JAY_ANNOTATION.png,"[10,12]",18.96
regenerated_new/7/H/case-105171_JAY_ANNOTATION.png,"[10,12]",19.87
regenerated_new/8/H/case-105171_JAY_ANNOTATION.png,"[14,12]",22.37
regenerated_new/9/H/case-105171_JAY_ANNOTATION.png,"[14,12]",12.82
regenerated_new/12/H/case-105171_JAY_ANNOTATION.png,"[14,12]",19.85
regenerated_new/13/H/case-105171_JAY_ANNOTATION.png,"[10,12]",10.75
regenerated_new/14/H/case-105171_JAY_ANNOTATION.png,"[10,12]",15.67
regenerated_new/2/H/case-105177_JAY_ANNOTATION.png,"[10,12]",17.38
regenerated_new/3/H/case-105177_JAY_ANNOTATION.png,"[10,12]",12.53
regenerated_new/4/H/case-105177_JAY_ANNOTATION.png,"[14,12]",13.61
regenerated_new/5/H/case-105177_JAY_ANNOTATION.png,"[10,12]",15.42
regenerated_new/6/H/case-105177_JAY_ANNOTATION.png,"[14,4]",20.41
regenerated_new/7/H/case-105177_JAY_ANNOTATION.png,"[10,12]",20.34
regenerated_new/8/H/case-105177_JAY_ANNOTATION.png,"[14,12]",10.21
regenerated_new/9/H/case-105177_JAY_ANNOTATION.png,"[10,12]",18.91
regenerated_new/12/H/case-105177_JAY_ANNOTATION.png,"[10,12]",23.82
regenerated_new/13/H/case-105177_JAY_ANNOTATION.png,"[10,12]",16.0
regenerated_new/14/H/case-105177_JAY_ANNOTATION.png,"[10,12]",10.65
regenerated_new/2/H/case-105234_JAY_ANNOTATION.png,"[10,12]",21.71
regenerated_new/3/H/case-105234_JAY_ANNOTATION.png,"[10,12]",12.61
regenerated_new/4/H/case-105234_JAY_ANNOTATION.png,"[10,12]",16.99
regenerated_new/5/H/case-105234_JAY_ANNOTATION.png,"[10,12]",18.66
regenerated_new/6/H/case-105234_JAY_ANNOTATION.png,"[14,12]",20.43
regenerated_new/7/H/case-105234_JAY_ANNOTATION.png,"[14,12]",20.43
regenerated_new/8/H/case-105234_JAY_ANNOTATION.png,"[14,4]",11.12
regenerated_new/9/H/case-105234_JAY_ANNOTATION.png,"[10,12]",18.01
regenerated_new/12/H/case-105234_JAY_ANNOTATION.png,"[10,12]",11.2
regenerated_new/13/H/case-105234_JAY_ANNOTATION.png,"[10,12]",20.36
regenerated_new/14/H/case-105234_JAY_ANNOTATION.png,"[10,12]",15.69
regenerated_new/3/H/case-105246_JAY_ANNOTATION.png,"[4,2]",16.18
regenerated_new/4/H/case-105246_JAY_ANNOTATION.png,"[14,12]",15.32
regenerated_new/5/H/case-105246_JAY_ANNOTATION.png,"[14,11]",14.7
regenerated_new/6/H/case-105246_JAY_ANNOTATION.png,"[14,12]",17.55
regenerated_new/7/H/case-105246_JAY_ANNOTATION.png,"[10,12]",19.62
regenerated_new/8/H/case-105246_JAY_ANNOTATION.png,"[14,12]",13.35
regenerated_new/9/H/case-105246_JAY_ANNOTATION.png,"[14,11]",16.39
regenerated_new/12/H/case-105246_JAY_ANNOTATION.png,"[14,12]",16.57
regenerated_new/13/H/case-105246_JAY_ANNOTATION.png,"[14,12]",18.79
regenerated_new/14/H/case-105246_JAY_ANNOTATION.png,"[14,11]",17.1
regenerated_new/3/H/case-105257_JAY_ANNOTATION.png,"[14,4]",12.64
regenerated_new/4/H/case-105257_JAY_ANNOTATION.png,"[14,4]",21.22
regenerated_new/5/H/case-105257_JAY_ANNOTATION.png,"[10,12]",20.3
regenerated_new/6/H/case-105257_JAY_ANNOTATION.png,"[10,12]",23.51
regenerated_new/7/H/case-105257_JAY_ANNOTATION.png,"[10,12]",10.57
regenerated_new/8/H/case-105257_JAY_ANNOTATION.png,"[10,12]",11.2
regenerated_new/9/H/case-105257_JAY_ANNOTATION.png,"[14,12]",12.35
regenerated_new/12/H/case-105257_JAY_ANNOTATION.png,"[10,12]",12.98
regenerated_new/13/H/case-105257_JAY_ANNOTATION.png,"[14,12]",10.66
regenerated_new/14/H/case-105257_JAY_ANNOTATION.png,"[10,12]",16.73
regenerated_new/2/H/case-105288_JAY_ANNOTATION.png,"[10,12]",20.1
regenerated_new/3/H/case-105288_JAY_ANNOTATION.png,"[14,4]",10.67
regenerated_new/4/H/case-105288_JAY_ANNOTATION.png,"[10,12]",20.35
regenerated_new/5/H/case-105288_JAY_ANNOTATION.png,"[10,12]",10.49
regenerated_new/6/H/case-105288_JAY_ANNOTATION.png,"[14,12]",20.42
regenerated_new/7/H/case-105288_JAY_ANNOTATION.png,"[10,12]",15.23
regenerated_new/8/H/case-105288_JAY_ANNOTATION.png,"[10,12]",13.71
regenerated_new/9/H/case-105288_JAY_ANNOTATION.png,"[14,12]",24.54
regenerated_new/12/H/case-105288_JAY_ANNOTATION.png,"[10,12]",23.56
regenerated_new/13/H/case-105288_JAY_ANNOTATION.png,"[10,12]",20.98
regenerated_new/14/H/case-105288_JAY_ANNOTATION.png,"[10,12]",17.84
regenerated_new/3/H/case-105318_JAY_ANNOTATION.png,"[14,4]",10.39
regenerated_new/4/H/case-105318_JAY_ANNOTATION.png,"[10,12]",13.44
regenerated_new/5/H/case-105318_JAY_ANNOTATION.png,"[14,12]",15.7
regenerated_new/6/H/case-105318_JAY_ANNOTATION.png,"[14,12]",17.66
regenerated_new/7/H/case-105318_JAY_ANNOTATION.png,"[14,12]",16.12
regenerated_new/8/H/case-105318_JAY_ANNOTATION.png,"[14,12]",21.46
regenerated_new/9/H/case-105318_JAY_ANNOTATION.png,"[14,12]",16.36
regenerated_new/12/H/case-105318_JAY_ANNOTATION.png,"[10,12]",16.27
regenerated_new/13/H/case-105318_JAY_ANNOTATION.png,"[14,12]",10.67
regenerated_new/14/H/case-105318_JAY_ANNOTATION.png,"[14,12]",17.19
regenerated_new/2/H/case-105476_JAY_ANNOTATION.png,"[14,12]",17.73
regenerated_new/3/H/case-105476_JAY_ANNOTATION.png,"[14,12]",13.46
regenerated_new/4/H/case-105476_JAY_ANNOTATION.png,"[10,12]",10.52
regenerated_new/5/H/case-105476_JAY_ANNOTATION.png,"[10,12]",11.86
regenerated_new/6/H/case-105476_JAY_ANNOTATION.png,"[14,4]",19.41
regenerated_new/7/H/case-105476_JAY_ANNOTATION.png,"[10,12]",20.49
regenerated_new/8/H/case-105476_JAY_ANNOTATION.png,"[14,12]",14.88
regenerated_new/9/H/case-105476_JAY_ANNOTATION.png,"[14,12]",13.2
regenerated_new/12/H/case-105476_JAY_ANNOTATION.png,"[10,12]",13.57
regenerated_new/13/H/case-105476_JAY_ANNOTATION.png,"[14,12]",11.86
regenerated_new/14/H/case-105476_JAY_ANNOTATION.png,"[14,12]",17.7
regenerated_new/2/H/case-105567_JAY_ANNOTATION.png,"[14,4]",17.41
regenerated_new/3/H/case-105567_JAY_ANNOTATION.png,"[10,12]",18.3
regenerated_new/4/H/case-105567_JAY_ANNOTATION.png,"[10,12]",18.77
regenerated_new/5/H/case-105567_JAY_ANNOTATION.png,"[10,12]",19.69
regenerated_new/6/H/case-105567_JAY_ANNOTATION.png,"[14,12]",20.49
regenerated_new/7/H/case-105567_JAY_ANNOTATION.png,"[14,12]",20.2
regenerated_new/8/H/case-105567_JAY_ANNOTATION.png,"[10,12]",15.69
regenerated_new/9/H/case-105567_JAY_ANNOTATION.png,"[10,12]",15.87
regenerated_new/12/H/case-105567_JAY_ANNOTATION.png,"[10,12]",21.76
regenerated_new/13/H/case-105567_JAY_ANNOTATION.png,"[10,12]",15.37
regenerated_new/14/H/case-105567_JAY_ANNOTATION.png,"[10,12]",15.16
regenerated_new/2/H/case-105579_JAY_ANNOTATION.png,"[14,4]",20.06
regenerated_new/3/H/case-105579_JAY_ANNOTATION.png,"[10,12]",18.27
regenerated_new/4/H/case-105579_JAY_ANNOTATION.png,"[10,12]",10.76
regenerated_new/5/H/case-105579_JAY_ANNOTATION.png,"[14,12]",9.86
regenerated_new/6/H/case-105579_JAY_ANNOTATION.png,"[15,15]",10.41
regenerated_new/7/H/case-105579_JAY_ANNOTATION.png,"[10,12]",20.06
regenerated_new/8/H/case-105579_JAY_ANNOTATION.png,"[14,12]",9.69
regenerated_new/9/H/case-105579_JAY_ANNOTATION.png,"[10,12]",10.94
regenerated_new/12/H/case-105579_JAY_ANNOTATION.png,"[10,12]",15.24
regenerated_new/13/H/case-105579_JAY_ANNOTATION.png,"[10,12]",15.7
regenerated_new/14/H/case-105579_JAY_ANNOTATION.png,"[10,12]",17.41
regenerated_new/2/H/case-105586_JAY_ANNOTATION.png,"[14,2]",10.23
regenerated_new/3/H/case-105586_JAY_ANNOTATION.png,"[14,4]",18.37
regenerated_new/4/H/case-105586_JAY_ANNOTATION.png,"[10,12]",15.14
regenerated_new/5/H/case-105586_JAY_ANNOTATION.png,"[10,12]",20.04
regenerated_new/7/H/case-105586_JAY_ANNOTATION.png,"[14,12]",21.51
regenerated_new/8/H/case-105586_JAY_ANNOTATION.png,"[14,12]",10.82
regenerated_new/9/H/case-105586_JAY_ANNOTATION.png,"[14,12]",12.09
regenerated_new/12/H/case-105586_JAY_ANNOTATION.png,"[10,11]",13.82
regenerated_new/13/H/case-105586_JAY_ANNOTATION.png,"[10,12]",16.67
regenerated_new/14/H/case-105586_JAY_ANNOTATION.png,"[10,12]",17.64
regenerated_new/2/H/case-105592_JAY_ANNOTATION.png,"[14,4]",18.36
regenerated_new/3/H/case-105592_JAY_ANNOTATION.png,"[10,12]",11.56
regenerated_new/4/H/case-105592_JAY_ANNOTATION.png,"[14,12]",11.07
regenerated_new/5/H/case-105592_JAY_ANNOTATION.png,"[14,12]",10.73
regenerated_new/6/H/case-105592_JAY_ANNOTATION.png,"[14,4]",13.49
regenerated_new/7/H/case-105592_JAY_ANNOTATION.png,"[2,10]",20.94
regenerated_new/8/H/case-105592_JAY_ANNOTATION.png,"[14,4]",12.52
regenerated_new/9/H/case-105592_JAY_ANNOTATION.png,"[14,12]",14.41
regenerated_new/12/H/case-105592_JAY_ANNOTATION.png,"[14,12]",15.31
regenerated_new/13/H/case-105592_JAY_ANNOTATION.png,"[10,12]",21.24
regenerated_new/14/H/case-105592_JAY_ANNOTATION.png,"[14,10]",18.1
regenerated_new/2/H/case-105597_JAY_ANNOTATION.png,"[14,12]",20.0
regenerated_new/3/H/case-105597_JAY_ANNOTATION.png,"[10,12]",10.58
regenerated_new/4/H/case-105597_JAY_ANNOTATION.png,"[14,12]",10.39
regenerated_new/5/H/case-105597_JAY_ANNOTATION.png,"[10,12]",11.68
regenerated_new/6/H/case-105597_JAY_ANNOTATION.png,"[10,12]",15.5
regenerated_new/7/H/case-105597_JAY_ANNOTATION.png,"[2,10]",21.16
regenerated_new/8/H/case-105597_JAY_ANNOTATION.png,"[14,12]",20.44
regenerated_new/9/H/case-105597_JAY_ANNOTATION.png,"[14,12]",12.64
regenerated_new/12/H/case-105597_JAY_ANNOTATION.png,"[10,12]",16.58
regenerated_new/13/H/case-105597_JAY_ANNOTATION.png,"[14,12]",11.84
regenerated_new/14/H/case-105597_JAY_ANNOTATION.png,"[14,12]",10.76
regenerated_new/2/H/case-105602_JAY_ANNOTATION.png,"[10,12]",20.34
regenerated_new/3/H/case-105602_JAY_ANNOTATION.png,"[10,4]",15.77
regenerated_new/4/H/case-105602_JAY_ANNOTATION.png,"[14,12]",11.57
regenerated_new/5/H/case-105602_JAY_ANNOTATION.png,"[10,12]",10.41
regenerated_new/6/H/case-105602_JAY_ANNOTATION.png,"[10,12]",18.57
regenerated_new/7/H/case-105602_JAY_ANNOTATION.png,"[10,12]",16.88
regenerated_new/8/H/case-105602_JAY_ANNOTATION.png,"[10,12]",15.14
regenerated_new/9/H/case-105602_JAY_ANNOTATION.png,"[10,12]",15.23
regenerated_new/12/H/case-105602_JAY_ANNOTATION.png,"[10,12]",11.31
regenerated_new/13/H/case-105602_JAY_ANNOTATION.png,"[14,12]",10.77
regenerated_new/14/H/case-105602_JAY_ANNOTATION.png,"[14,12]",13.98
regenerated_new/2/H/case-105681_JAY_ANNOTATION.png,"[10,12]",19.98
regenerated_new/3/H/case-105681_JAY_ANNOTATION.png,"[14,4]",15.17
regenerated_new/4/H/case-105681_JAY_ANNOTATION.png,"[14,12]",14.82
regenerated_new/5/H/case-105681_JAY_ANNOTATION.png,"[10,12]",14.47
regenerated_new/6/H/case-105681_JAY_ANNOTATION.png,"[14,12]",22.83
regenerated_new/7/H/case-105681_JAY_ANNOTATION.png,"[14,12]",20.24
regenerated_new/8/H/case-105681_JAY_ANNOTATION.png,"[14,12]",16.23
regenerated_new/9/H/case-105681_JAY_ANNOTATION.png,"[14,12]",15.95
regenerated_new/12/H/case-105681_JAY_ANNOTATION.png,"[14,12]",12.42
regenerated_new/13/H/case-105681_JAY_ANNOTATION.png,"[10,12]",14.69
regenerated_new/14/H/case-105681_JAY_ANNOTATION.png,"[10,12]",16.93
regenerated_new/2/H/case-105704_JAY_ANNOTATION.png,"[10,12]",12.41
regenerated_new/3/H/case-105704_JAY_ANNOTATION.png,"[14,4]",18.17
regenerated_new/4/H/case-105704_JAY_ANNOTATION.png,"[14,12]",10.29
regenerated_new/5/H/case-105704_JAY_ANNOTATION.png,"[14,12]",10.37
regenerated_new/6/H/case-105704_JAY_ANNOTATION.png,"[14,12]",19.95
regenerated_new/7/H/case-105704_JAY_ANNOTATION.png,"[2,14]",11.86
regenerated_new/8/H/case-105704_JAY_ANNOTATION.png,"[10,12]",10.28
regenerated_new/9/H/case-105704_JAY_ANNOTATION.png,"[14,12]",14.08
regenerated_new/12/H/case-105704_JAY_ANNOTATION.png,"[10,12]",11.25
regenerated_new/13/H/case-105704_JAY_ANNOTATION.png,"[14,12]",12.74
regenerated_new/14/H/case-105704_JAY_ANNOTATION.png,"[14,12]",16.41
regenerated_new/3/H/case-105817_JAY_ANNOTATION.png,"[2,10]",23.79
regenerated_new/5/H/case-105817_JAY_ANNOTATION.png,"[10,12]",18.48
regenerated_new/6/H/case-105817_JAY_ANNOTATION.png,"[10,12]",19.56
regenerated_new/7/H/case-105817_JAY_ANNOTATION.png,"[15,15]",12.48
regenerated_new/8/H/case-105817_JAY_ANNOTATION.png,"[14,12]",16.91
regenerated_new/9/H/case-105817_JAY_ANNOTATION.png,"[10,12]",10.71
regenerated_new/12/H/case-105817_JAY_ANNOTATION.png,"[14,12]",12.75
regenerated_new/13/H/case-105817_JAY_ANNOTATION.png,"[10,12]",20.1
regenerated_new/14/H/case-105817_JAY_ANNOTATION.png,"[10,12]",15.16
regenerated_new/2/H/case-105839_JAY_ANNOTATION.png,"[14,4]",20.2
regenerated_new/3/H/case-105839_JAY_ANNOTATION.png,"[14,12]",19.93
regenerated_new/4/H/case-105839_JAY_ANNOTATION.png,"[10,12]",19.84
regenerated_new/5/H/case-105839_JAY_ANNOTATION.png,"[10,12]",21.76
regenerated_new/6/H/case-105839_JAY_ANNOTATION.png,"[14,10]",10.79
regenerated_new/7/H/case-105839_JAY_ANNOTATION.png,"[14,12]",17.73
regenerated_new/8/H/case-105839_JAY_ANNOTATION.png,"[14,12]",16.47
regenerated_new/9/H/case-105839_JAY_ANNOTATION.png,"[14,4]",18.36
regenerated_new/12/H/case-105839_JAY_ANNOTATION.png,"[10,12]",16.04
regenerated_new/13/H/case-105839_JAY_ANNOTATION.png,"[10,12]",15.51
regenerated_new/14/H/case-105839_JAY_ANNOTATION.png,"[10,12]",18.53
regenerated_new/2/H/case-105862_JAY_ANNOTATION.png,"[14,4]",13.54
regenerated_new/3/H/case-105862_JAY_ANNOTATION.png,"[14,12]",16.37
regenerated_new/4/H/case-105862_JAY_ANNOTATION.png,"[14,12]",14.23
regenerated_new/5/H/case-105862_JAY_ANNOTATION.png,"[10,12]",10.09
regenerated_new/7/H/case-105862_JAY_ANNOTATION.png,"[10,12]",10.61
regenerated_new/8/H/case-105862_JAY_ANNOTATION.png,"[10,12]",13.44
regenerated_new/9/H/case-105862_JAY_ANNOTATION.png,"[14,12]",17.97
regenerated_new/12/H/case-105862_JAY_ANNOTATION.png,"[10,12]",16.19
regenerated_new/13/H/case-105862_JAY_ANNOTATION.png,"[14,12]",13.02
regenerated_new/14/H/case-105862_JAY_ANNOTATION.png,"[10,12]",15.51
regenerated_new/2/H/case-105915_JAY_ANNOTATION.png,"[14,12]",16.22
regenerated_new/3/H/case-105915_JAY_ANNOTATION.png,"[14,12]",17.53
regenerated_new/4/H/case-105915_JAY_ANNOTATION.png,"[14,12]",18.08
regenerated_new/5/H/case-105915_JAY_ANNOTATION.png,"[10,12]",20.1
regenerated_new/6/H/case-105915_JAY_ANNOTATION.png,"[14,12]",20.21
regenerated_new/7/H/case-105915_JAY_ANNOTATION.png,"[10,12]",15.6
regenerated_new/8/H/case-105915_JAY_ANNOTATION.png,"[10,12]",13.11
regenerated_new/9/H/case-105915_JAY_ANNOTATION.png,"[14,12]",11.97
regenerated_new/12/H/case-105915_JAY_ANNOTATION.png,"[14,12]",14.0
regenerated_new/13/H/case-105915_JAY_ANNOTATION.png,"[14,4]",14.45
regenerated_new/14/H/case-105915_JAY_ANNOTATION.png,"[14,12]",14.16
regenerated_new/2/H/case-106012_JAY_ANNOTATION.png,"[14,4]",12.4
regenerated_new/3/H/case-106012_JAY_ANNOTATION.png,"[15,15]",10.29
regenerated_new/4/H/case-106012_JAY_ANNOTATION.png,"[10,12]",21.01
regenerated_new/5/H/case-106012_JAY_ANNOTATION.png,"[10,12]",14.89
regenerated_new/6/H/case-106012_JAY_ANNOTATION.png,"[10,12]",17.46
regenerated_new/7/H/case-106012_JAY_ANNOTATION.png,"[15,15]",10.2
regenerated_new/8/H/case-106012_JAY_ANNOTATION.png,"[10,12]",20.03
regenerated_new/9/H/case-106012_JAY_ANNOTATION.png,"[10,11]",14.06
regenerated_new/12/H/case-106012_JAY_ANNOTATION.png,"[10,12]",13.35
regenerated_new/13/H/case-106012_JAY_ANNOTATION.png,"[14,12]",14.24
regenerated_new/14/H/case-106012_JAY_ANNOTATION.png,"[14,12]",17.99
regenerated_new/2/H/case-106016_JAY_ANNOTATION.png,"[14,12]",12.67
regenerated_new/3/H/case-106016_JAY_ANNOTATION.png,"[14,12]",20.19
regenerated_new/4/H/case-106016_JAY_ANNOTATION.png,"[10,12]",16.4
regenerated_new/5/H/case-106016_JAY_ANNOTATION.png,"[14,2]",9.04
regenerated_new/6/H/case-106016_JAY_ANNOTATION.png,"[14,12]",16.82
regenerated_new/7/H/case-106016_JAY_ANNOTATION.png,"[10,12]",19.41
regenerated_new/8/H/case-106016_JAY_ANNOTATION.png,"[10,12]",11.35
regenerated_new/9/H/case-106016_JAY_ANNOTATION.png,"[14,12]",17.97
regenerated_new/12/H/case-106016_JAY_ANNOTATION.png,"[10,12]",15.62
regenerated_new/13/H/case-106016_JAY_ANNOTATION.png,"[10,12]",10.2
regenerated_new/14/H/case-106016_JAY_ANNOTATION.png,"[14,12]",16.64
regenerated_new/3/H/case-106081_JAY_ANNOTATION.png,"[14,4]",11.97
regenerated_new/4/H/case-106081_JAY_ANNOTATION.png,"[14,12]",14.36
regenerated_new/5/H/case-106081_JAY_ANNOTATION.png,"[10,12]",11.08
regenerated_new/6/H/case-106081_JAY_ANNOTATION.png,"[10,12]",15.06
regenerated_new/7/H/case-106081_JAY_ANNOTATION.png,"[10,12]",11.09
regenerated_new/8/H/case-106081_JAY_ANNOTATION.png,"[10,12]",12.57
regenerated_new/9/H/case-106081_JAY_ANNOTATION.png,"[14,12]",19.91
regenerated_new/12/H/case-106081_JAY_ANNOTATION.png,"[14,12]",14.61
regenerated_new/13/H/case-106081_JAY_ANNOTATION.png,"[14,12]",10.11
regenerated_new/14/H/case-106081_JAY_ANNOTATION.png,"[14,12]",20.47
regenerated_new/2/H/case-106101_JAY_ANNOTATION.png,"[10,12]",19.04
regenerated_new/3/H/case-106101_JAY_ANNOTATION.png,"[10,12]",18.82
regenerated_new/4/H/case-106101_JAY_ANNOTATION.png,"[10,12]",10.26
regenerated_new/5/H/case-106101_JAY_ANNOTATION.png,"[10,12]",20.06
regenerated_new/7/H/case-106101_JAY_ANNOTATION.png,"[2,6]",18.75
regenerated_new/8/H/case-106101_JAY_ANNOTATION.png,"[14,12]",12.64
regenerated_new/9/H/case-106101_JAY_ANNOTATION.png,"[14,12]",14.71
regenerated_new/12/H/case-106101_JAY_ANNOTATION.png,"[10,12]",14.98
regenerated_new/13/H/case-106101_JAY_ANNOTATION.png,"[10,12]",15.85
regenerated_new/14/H/case-106101_JAY_ANNOTATION.png,"[10,12]",14.82
regenerated_new/2/H/case-106127_JAY_ANNOTATION.png,"[10,12]",11.44
regenerated_new/3/H/case-106127_JAY_ANNOTATION.png,"[14,4]",12.42
regenerated_new/4/H/case-106127_JAY_ANNOTATION.png,"[14,12]",19.24
regenerated_new/5/H/case-106127_JAY_ANNOTATION.png,"[10,12]",19.59
regenerated_new/6/H/case-106127_JAY_ANNOTATION.png,"[10,12]",9.83
regenerated_new/7/H/case-106127_JAY_ANNOTATION.png,"[14,12]",23.37
regenerated_new/8/H/case-106127_JAY_ANNOTATION.png,"[14,12]",23.36
regenerated_new/9/H/case-106127_JAY_ANNOTATION.png,"[14,12]",12.15
regenerated_new/12/H/case-106127_JAY_ANNOTATION.png,"[14,12]",10.72
regenerated_new/13/H/case-106127_JAY_ANNOTATION.png,"[10,11]",12.42
regenerated_new/14/H/case-106127_JAY_ANNOTATION.png,"[14,12]",12.14
regenerated_new/2/H/case-106139_JAY_ANNOTATION.png,"[10,12]",11.44
regenerated_new/3/H/case-106139_JAY_ANNOTATION.png,"[10,12]",19.93
regenerated_new/4/H/case-106139_JAY_ANNOTATION.png,"[14,12]",11.71
regenerated_new/5/H/case-106139_JAY_ANNOTATION.png,"[10,12]",19.39
regenerated_new/6/H/case-106139_JAY_ANNOTATION.png,"[10,12]",22.91
regenerated_new/7/H/case-106139_JAY_ANNOTATION.png,"[10,12]",20.36
regenerated_new/8/H/case-106139_JAY_ANNOTATION.png,"[14,12]",10.7
regenerated_new/9/H/case-106139_JAY_ANNOTATION.png,"[14,12]",12.92
regenerated_new/12/H/case-106139_JAY_ANNOTATION.png,"[14,12]",23.34
regenerated_new/13/H/case-106139_JAY_ANNOTATION.png,"[14,12]",17.44
regenerated_new/14/H/case-106139_JAY_ANNOTATION.png,"[10,12]",15.08
regenerated_new/2/H/case-106141_JAY_ANNOTATION.png,"[14,12]",20.2
regenerated_new/3/H/case-106141_JAY_ANNOTATION.png,"[14,12]",19.95
regenerated_new/4/H/case-106141_JAY_ANNOTATION.png,"[10,12]",14.63
regenerated_new/5/H/case-106141_JAY_ANNOTATION.png,"[14,12]",23.38
regenerated_new/6/H/case-106141_JAY_ANNOTATION.png,"[14,12]",10.65
regenerated_new/7/H/case-106141_JAY_ANNOTATION.png,"[14,12]",10.12
regenerated_new/8/H/case-106141_JAY_ANNOTATION.png,"[14,12]",17.64
regenerated_new/9/H/case-106141_JAY_ANNOTATION.png,"[10,12]",15.25
regenerated_new/12/H/case-106141_JAY_ANNOTATION.png,"[14,12]",17.8
regenerated_new/13/H/case-106141_JAY_ANNOTATION.png,"[10,12]",22.53
regenerated_new/14/H/case-106141_JAY_ANNOTATION.png,"[14,11]",10.48
regenerated_new/2/H/case-106157_JAY_ANNOTATION.png,"[10,12]",19.99
regenerated_new/3/H/case-106157_JAY_ANNOTATION.png,"[14,12]",14.0
regenerated_new/4/H/case-106157_JAY_ANNOTATION.png,"[10,12]",19.83
regenerated_new/5/H/case-106157_JAY_ANNOTATION.png,"[10,12]",16.51
regenerated_new/6/H/case-106157_JAY_ANNOTATION.png,"[14,12]",16.22
regenerated_new/7/H/case-106157_JAY_ANNOTATION.png,"[14,12]",12.87
regenerated_new/8/H/case-106157_JAY_ANNOTATION.png,"[14,12]",16.94
regenerated_new/9/H/case-106157_JAY_ANNOTATION.png,"[14,12]",12.66
regenerated_new/12/H/case-106157_JAY_ANNOTATION.png,"[10,12]",19.09
regenerated_new/13/H/case-106157_JAY_ANNOTATION.png,"[14,12]",15.84
regenerated_new/14/H/case-106157_JAY_ANNOTATION.png,"[14,12]",14.25
regenerated_new/2/H/case-106172_JAY_ANNOTATION.png,"[14,12]",11.5
regenerated_new/3/H/case-106172_JAY_ANNOTATION.png,"[14,4]",16.04
regenerated_new/4/H/case-106172_JAY_ANNOTATION.png,"[14,12]",14.42
regenerated_new/5/H/case-106172_JAY_ANNOTATION.png,"[14,12]",22.59
regenerated_new/6/H/case-106172_JAY_ANNOTATION.png,"[14,12]",10.7
regenerated_new/7/H/case-106172_JAY_ANNOTATION.png,"[14,4]",21.02
regenerated_new/8/H/case-106172_JAY_ANNOTATION.png,"[10,12]",13.29
regenerated_new/9/H/case-106172_JAY_ANNOTATION.png,"[10,12]",15.69
regenerated_new/12/H/case-106172_JAY_ANNOTATION.png,"[14,12]",10.73
regenerated_new/13/H/case-106172_JAY_ANNOTATION.png,"[10,12]",12.14
regenerated_new/14/H/case-106172_JAY_ANNOTATION.png,"[14,12]",14.08
regenerated_new/2/H/case-106301_JAY_ANNOTATION.png,"[14,12]",12.5
regenerated_new/3/H/case-106301_JAY_ANNOTATION.png,"[14,4]",18.16
regenerated_new/4/H/case-106301_JAY_ANNOTATION.png,"[10,12]",18.5
regenerated_new/5/H/case-106301_JAY_ANNOTATION.png,"[14,12]",23.27
regenerated_new/6/H/case-106301_JAY_ANNOTATION.png,"[14,10]",8.87
regenerated_new/7/H/case-106301_JAY_ANNOTATION.png,"[2,4]",12.87
regenerated_new/8/H/case-106301_JAY_ANNOTATION.png,"[10,12]",17.98
regenerated_new/9/H/case-106301_JAY_ANNOTATION.png,"[10,12]",14.18
regenerated_new/12/H/case-106301_JAY_ANNOTATION.png,"[10,12]",19.86
regenerated_new/13/H/case-106301_JAY_ANNOTATION.png,"[10,12]",15.5
regenerated_new/14/H/case-106301_JAY_ANNOTATION.png,"[14,12]",13.21
regenerated_new/2/H/case-106371_JAY_ANNOTATION.png,"[14,12]",20.65
regenerated_new/3/H/case-106371_JAY_ANNOTATION.png,"[14,12]",12.03
regenerated_new/4/H/case-106371_JAY_ANNOTATION.png,"[10,12]",10.52
regenerated_new/5/H/case-106371_JAY_ANNOTATION.png,"[14,12]",23.22
regenerated_new/6/H/case-106371_JAY_ANNOTATION.png,"[12,14]",8.68
regenerated_new/7/H/case-106371_JAY_ANNOTATION.png,"[14,12]",19.82
regenerated_new/8/H/case-106371_JAY_ANNOTATION.png,"[14,12]",13.56
regenerated_new/9/H/case-106371_JAY_ANNOTATION.png,"[14,12]",15.94
regenerated_new/12/H/case-106371_JAY_ANNOTATION.png,"[10,12]",10.92
regenerated_new/13/H/case-106371_JAY_ANNOTATION.png,"[14,12]",10.73
regenerated_new/14/H/case-106371_JAY_ANNOTATION.png,"[14,12]",17.99
regenerated_new/2/H/case-106374_JAY_ANNOTATION.png,"[10,12]",11.54
regenerated_new/3/H/case-106374_JAY_ANNOTATION.png,"[10,12]",10.19
regenerated_new/4/H/case-106374_JAY_ANNOTATION.png,"[10,12]",20.11
regenerated_new/5/H/case-106374_JAY_ANNOTATION.png,"[10,12]",19.4
regenerated_new/6/H/case-106374_JAY_ANNOTATION.png,"[14,4]",17.01
regenerated_new/7/H/case-106374_JAY_ANNOTATION.png,"[10,12]",14.44
regenerated_new/8/H/case-106374_JAY_ANNOTATION.png,"[14,12]",12.13
regenerated_new/9/H/case-106374_JAY_ANNOTATION.png,"[14,12]",10.63
regenerated_new/12/H/case-106374_JAY_ANNOTATION.png,"[10,12]",14.01
regenerated_new/13/H/case-106374_JAY_ANNOTATION.png,"[10,12]",15.95
regenerated_new/14/H/case-106374_JAY_ANNOTATION.png,"[14,12]",15.85
regenerated_new/3/H/case-106456_JAY_ANNOTATION.png,"[14,12]",13.46
regenerated_new/4/H/case-106456_JAY_ANNOTATION.png,"[10,12]",21.0
regenerated_new/5/H/case-106456_JAY_ANNOTATION.png,"[14,4]",18.07
regenerated_new/6/H/case-106456_JAY_ANNOTATION.png,"[10,12]",10.09
regenerated_new/7/H/case-106456_JAY_ANNOTATION.png,"[14,12]",11.08
regenerated_new/8/H/case-106456_JAY_ANNOTATION.png,"[10,12]",11.75
regenerated_new/9/H/case-106456_JAY_ANNOTATION.png,"[14,12]",12.75
regenerated_new/12/H/case-106456_JAY_ANNOTATION.png,"[10,11]",13.53
regenerated_new/13/H/case-106456_JAY_ANNOTATION.png,"[10,11]",13.64
regenerated_new/14/H/case-106456_JAY_ANNOTATION.png,"[10,12]",17.45
regenerated_new/2/H/case-106464_JAY_ANNOTATION.png,"[14,4]",16.82
regenerated_new/3/H/case-106464_JAY_ANNOTATION.png,"[10,12]",15.27
regenerated_new/4/H/case-106464_JAY_ANNOTATION.png,"[10,12]",20.15
regenerated_new/5/H/case-106464_JAY_ANNOTATION.png,"[10,12]",20.43
regenerated_new/6/H/case-106464_JAY_ANNOTATION.png,"[14,12]",20.22
regenerated_new/7/H/case-106464_JAY_ANNOTATION.png,"[14,12]",23.29
regenerated_new/8/H/case-106464_JAY_ANNOTATION.png,"[14,12]",12.44
regenerated_new/9/H/case-106464_JAY_ANNOTATION.png,"[10,12]",21.0
regenerated_new/12/H/case-106464_JAY_ANNOTATION.png,"[14,12]",10.55
regenerated_new/13/H/case-106464_JAY_ANNOTATION.png,"[10,12]",19.75
regenerated_new/14/H/case-106464_JAY_ANNOTATION.png,"[10,12]",13.29
regenerated_new/2/H/case-106541_JAY_ANNOTATION.png,"[14,4]",20.99
regenerated_new/3/H/case-106541_JAY_ANNOTATION.png,"[14,4]",19.84
regenerated_new/4/H/case-106541_JAY_ANNOTATION.png,"[10,12]",19.84
regenerated_new/5/H/case-106541_JAY_ANNOTATION.png,"[10,12]",11.95
regenerated_new/6/H/case-106541_JAY_ANNOTATION.png,"[10,12]",14.44
regenerated_new/7/H/case-106541_JAY_ANNOTATION.png,"[2,6]",17.89
regenerated_new/8/H/case-106541_JAY_ANNOTATION.png,"[14,12]",16.82
regenerated_new/9/H/case-106541_JAY_ANNOTATION.png,"[10,12]",16.43
regenerated_new/12/H/case-106541_JAY_ANNOTATION.png,"[14,12]",14.41
regenerated_new/13/H/case-106541_JAY_ANNOTATION.png,"[10,12]",19.79
regenerated_new/14/H/case-106541_JAY_ANNOTATION.png,"[10,12]",14.6
regenerated_new/2/H/case-106569_JAY_ANNOTATION.png,"[14,4]",20.15
regenerated_new/3/H/case-106569_JAY_ANNOTATION.png,"[10,12]",16.79
regenerated_new/4/H/case-106569_JAY_ANNOTATION.png,"[10,12]",15.81
regenerated_new/5/H/case-106569_JAY_ANNOTATION.png,"[10,12]",11.43
regenerated_new/6/H/case-106569_JAY_ANNOTATION.png,"[14,12]",19.93
regenerated_new/7/H/case-106569_JAY_ANNOTATION.png,"[10,12]",16.22
regenerated_new/8/H/case-106569_JAY_ANNOTATION.png,"[10,12]",14.25
regenerated_new/9/H/case-106569_JAY_ANNOTATION.png,"[10,12]",15.15
regenerated_new/12/H/case-106569_JAY_ANNOTATION.png,"[10,12]",15.07
regenerated_new/13/H/case-106569_JAY_ANNOTATION.png,"[10,12]",19.8
regenerated_new/14/H/case-106569_JAY_ANNOTATION.png,"[10,12]",12.15
regenerated_new/2/H/case-106811_JAY_ANNOTATION.png,"[10,12]",12.42
regenerated_new/3/H/case-106811_JAY_ANNOTATION.png,"[10,12]",19.86
regenerated_new/4/H/case-106811_JAY_ANNOTATION.png,"[14,12]",8.51
regenerated_new/5/H/case-106811_JAY_ANNOTATION.png,"[14,12]",10.29
regenerated_new/6/H/case-106811_JAY_ANNOTATION.png,"[10,12]",8.69
regenerated_new/7/H/case-106811_JAY_ANNOTATION.png,"[14,12]",20.2
regenerated_new/8/H/case-106811_JAY_ANNOTATION.png,"[10,12]",11.08
regenerated_new/9/H/case-106811_JAY_ANNOTATION.png,"[14,12]",10.73
regenerated_new/12/H/case-106811_JAY_ANNOTATION.png,"[10,12]",17.37
regenerated_new/13/H/case-106811_JAY_ANNOTATION.png,"[14,12]",15.32
regenerated_new/14/H/case-106811_JAY_ANNOTATION.png,"[10,12]",18.43
regenerated_new/2/H/case-106835_JAY_ANNOTATION.png,"[10,12]",12.0
regenerated_new/3/H/case-106835_JAY_ANNOTATION.png,"[10,12]",16.74
regenerated_new/4/H/case-106835_JAY_ANNOTATION.png,"[10,12]",13.02
regenerated_new/5/H/case-106835_JAY_ANNOTATION.png,"[10,12]",19.81
regenerated_new/6/H/case-106835_JAY_ANNOTATION.png,"[14,12]",20.26
regenerated_new/7/H/case-106835_JAY_ANNOTATION.png,"[10,12]",16.64
regenerated_new/8/H/case-106835_JAY_ANNOTATION.png,"[10,12]",15.77
regenerated_new/9/H/case-106835_JAY_ANNOTATION.png,"[14,12]",10.72
regenerated_new/12/H/case-106835_JAY_ANNOTATION.png,"[10,12]",20.3
regenerated_new/13/H/case-106835_JAY_ANNOTATION.png,"[10,12]",19.9
regenerated_new/14/H/case-106835_JAY_ANNOTATION.png,"[14,12]",12.89
regenerated_new/3/H/case-106856_JAY_ANNOTATION.png,"[14,4]",11.64
regenerated_new/4/H/case-106856_JAY_ANNOTATION.png,"[10,12]",20.13
regenerated_new/5/H/case-106856_JAY_ANNOTATION.png,"[14,12]",10.91
regenerated_new/6/H/case-106856_JAY_ANNOTATION.png,"[14,12]",22.71
regenerated_new/7/H/case-106856_JAY_ANNOTATION.png,"[10,12]",11.61
regenerated_new/8/H/case-106856_JAY_ANNOTATION.png,"[14,12]",15.52
regenerated_new/9/H/case-106856_JAY_ANNOTATION.png,"[10,12]",19.58
regenerated_new/12/H/case-106856_JAY_ANNOTATION.png,"[10,12]",15.24
regenerated_new/13/H/case-106856_JAY_ANNOTATION.png,"[14,12]",18.42
regenerated_new/14/H/case-106856_JAY_ANNOTATION.png,"[10,12]",17.18
regenerated_new/2/H/case-106882_JAY_ANNOTATION.png,"[10,12]",19.52
regenerated_new/3/H/case-106882_JAY_ANNOTATION.png,"[10,12]",13.66
regenerated_new/4/H/case-106882_JAY_ANNOTATION.png,"[10,12]",14.21
regenerated_new/5/H/case-106882_JAY_ANNOTATION.png,"[10,12]",12.15
regenerated_new/6/H/case-106882_JAY_ANNOTATION.png,"[14,12]",17.37
regenerated_new/7/H/case-106882_JAY_ANNOTATION.png,"[10,12]",17.56
regenerated_new/8/H/case-106882_JAY_ANNOTATION.png,"[10,12]",20.76
regenerated_new/9/H/case-106882_JAY_ANNOTATION.png,"[10,12]",16.37
regenerated_new/12/H/case-106882_JAY_ANNOTATION.png,"[10,12]",15.49
regenerated_new/13/H/case-106882_JAY_ANNOTATION.png,"[14,12]",10.27
regenerated_new/14/H/case-106882_JAY_ANNOTATION.png,"[14,12]",12.14
regenerated_new/2/H/case-106963_JAY_ANNOTATION.png,"[10,12]",15.85
regenerated_new/3/H/case-106963_JAY_ANNOTATION.png,"[14,12]",12.07
regenerated_new/4/H/case-106963_JAY_ANNOTATION.png,"[14,12]",16.72
regenerated_new/5/H/case-106963_JAY_ANNOTATION.png,"[10,12]",14.72
regenerated_new/6/H/case-106963_JAY_ANNOTATION.png,"[10,12]",15.24
regenerated_new/7/H/case-106963_JAY_ANNOTATION.png,"[10,12]",20.09
regenerated_new/8/H/case-106963_JAY_ANNOTATION.png,"[10,12]",17.02
regenerated_new/9/H/case-106963_JAY_ANNOTATION.png,"[10,12]",11.07
regenerated_new/12/H/case-106963_JAY_ANNOTATION.png,"[10,12]",10.29
regenerated_new/13/H/case-106963_JAY_ANNOTATION.png,"[10,12]",18.63
regenerated_new/14/H/case-106963_JAY_ANNOTATION.png,"[14,12]",11.68
regenerated_new/2/H/case-106973_JAY_ANNOTATION.png,"[14,12]",14.15
regenerated_new/3/H/case-106973_JAY_ANNOTATION.png,"[14,12]",13.61
regenerated_new/4/H/case-106973_JAY_ANNOTATION.png,"[14,12]",20.16
regenerated_new/5/H/case-106973_JAY_ANNOTATION.png,"[14,12]",13.97
regenerated_new/6/H/case-106973_JAY_ANNOTATION.png,"[14,12]",18.86
regenerated_new/7/H/case-106973_JAY_ANNOTATION.png,"[10,12]",13.12
regenerated_new/8/H/case-106973_JAY_ANNOTATION.png,"[14,12]",23.74
regenerated_new/9/H/case-106973_JAY_ANNOTATION.png,"[10,12]",17.91
regenerated_new/12/H/case-106973_JAY_ANNOTATION.png,"[10,12]",19.07
regenerated_new/13/H/case-106973_JAY_ANNOTATION.png,"[10,12]",16.44
regenerated_new/14/H/case-106973_JAY_ANNOTATION.png,"[10,12]",13.08
regenerated_new/2/H/case-106991_JAY_ANNOTATION.png,"[10,12]",12.13
regenerated_new/3/H/case-106991_JAY_ANNOTATION.png,"[15,15]",10.27
regenerated_new/4/H/case-106991_JAY_ANNOTATION.png,"[10,12]",10.43
regenerated_new/5/H/case-106991_JAY_ANNOTATION.png,"[14,12]",11.14
regenerated_new/6/H/case-106991_JAY_ANNOTATION.png,"[10,12]",19.7
regenerated_new/7/H/case-106991_JAY_ANNOTATION.png,"[10,12]",10.26
regenerated_new/8/H/case-106991_JAY_ANNOTATION.png,"[14,12]",12.02
regenerated_new/9/H/case-106991_JAY_ANNOTATION.png,"[14,12]",10.08
regenerated_new/12/H/case-106991_JAY_ANNOTATION.png,"[10,12]",10.97
regenerated_new/13/H/case-106991_JAY_ANNOTATION.png,"[10,12]",10.08
regenerated_new/14/H/case-106991_JAY_ANNOTATION.png,"[10,12]",20.14
regenerated_new/2/H/case-107068_JAY_ANNOTATION.png,"[10,12]",19.56
regenerated_new/3/H/case-107068_JAY_ANNOTATION.png,"[14,12]",19.89
regenerated_new/4/H/case-107068_JAY_ANNOTATION.png,"[14,12]",10.79
regenerated_new/5/H/case-107068_JAY_ANNOTATION.png,"[10,12]",10.69
regenerated_new/6/H/case-107068_JAY_ANNOTATION.png,"[15,15]",8.43
regenerated_new/7/H/case-107068_JAY_ANNOTATION.png,"[14,4]",11.5
regenerated_new/8/H/case-107068_JAY_ANNOTATION.png,"[10,12]",8.68
regenerated_new/9/H/case-107068_JAY_ANNOTATION.png,"[10,12]",20.71
regenerated_new/12/H/case-107068_JAY_ANNOTATION.png,"[14,12]",10.81
regenerated_new/13/H/case-107068_JAY_ANNOTATION.png,"[14,12]",23.3
regenerated_new/14/H/case-107068_JAY_ANNOTATION.png,"[15,15]",11.41
regenerated_new/3/H/case-107184_JAY_ANNOTATION.png,"[10,4]",10.35
regenerated_new/4/H/case-107184_JAY_ANNOTATION.png,"[10,12]",12.46
regenerated_new/5/H/case-107184_JAY_ANNOTATION.png,"[10,12]",18.94
regenerated_new/6/H/case-107184_JAY_ANNOTATION.png,"[10,12]",14.57
regenerated_new/7/H/case-107184_JAY_ANNOTATION.png,"[10,12]",16.58
regenerated_new/8/H/case-107184_JAY_ANNOTATION.png,"[14,12]",12.89
regenerated_new/9/H/case-107184_JAY_ANNOTATION.png,"[10,12]",11.18
regenerated_new/12/H/case-107184_JAY_ANNOTATION.png,"[10,12]",12.97
regenerated_new/13/H/case-107184_JAY_ANNOTATION.png,"[10,12]",10.38
regenerated_new/14/H/case-107184_JAY_ANNOTATION.png,"[14,12]",13.29
regenerated_new/3/H/case-107267_JAY_ANNOTATION.png,"[14,4]",19.9
regenerated_new/4/H/case-107267_JAY_ANNOTATION.png,"[10,12]",18.24
regenerated_new/5/H/case-107267_JAY_ANNOTATION.png,"[14,12]",20.28
regenerated_new/6/H/case-107267_JAY_ANNOTATION.png,"[14,4]",9.79
regenerated_new/7/H/case-107267_JAY_ANNOTATION.png,"[10,12]",18.94
regenerated_new/8/H/case-107267_JAY_ANNOTATION.png,"[10,12]",10.5
regenerated_new/9/H/case-107267_JAY_ANNOTATION.png,"[10,12]",18.14
regenerated_new/12/H/case-107267_JAY_ANNOTATION.png,"[14,4]",18.14
regenerated_new/13/H/case-107267_JAY_ANNOTATION.png,"[14,12]",13.05
regenerated_new/14/H/case-107267_JAY_ANNOTATION.png,"[14,12]",17.75
regenerated_new/2/H/case-107296_JAY_ANNOTATION.png,"[14,4]",12.08
regenerated_new/3/H/case-107296_JAY_ANNOTATION.png,"[14,12]",20.26
regenerated_new/4/H/case-107296_JAY_ANNOTATION.png,"[10,12]",9.7
regenerated_new/5/H/case-107296_JAY_ANNOTATION.png,"[14,12]",16.79
regenerated_new/6/H/case-107296_JAY_ANNOTATION.png,"[14,12]",10.41
regenerated_new/7/H/case-107296_JAY_ANNOTATION.png,"[14,12]",23.34
regenerated_new/8/H/case-107296_JAY_ANNOTATION.png,"[10,12]",10.14
regenerated_new/9/H/case-107296_JAY_ANNOTATION.png,"[10,12]",20.24
regenerated_new/12/H/case-107296_JAY_ANNOTATION.png,"[14,12]",13.92
regenerated_new/13/H/case-107296_JAY_ANNOTATION.png,"[10,12]",17.09
regenerated_new/14/H/case-107296_JAY_ANNOTATION.png,"[14,12]",16.15
regenerated_new/2/H/case-110146_JAY_ANNOTATION.png,"[14,12]",12.53
regenerated_new/3/H/case-110146_JAY_ANNOTATION.png,"[14,12]",12.09
regenerated_new/4/H/case-110146_JAY_ANNOTATION.png,"[10,12]",15.21
regenerated_new/5/H/case-110146_JAY_ANNOTATION.png,"[10,12]",10.93
regenerated_new/6/H/case-110146_JAY_ANNOTATION.png,"[10,2]",8.19
regenerated_new/7/H/case-110146_JAY_ANNOTATION.png,"[10,12]",15.29
regenerated_new/8/H/case-110146_JAY_ANNOTATION.png,"[10,12]",15.01
regenerated_new/9/H/case-110146_JAY_ANNOTATION.png,"[10,12]",14.75
regenerated_new/12/H/case-110146_JAY_ANNOTATION.png,"[10,12]",11.1
regenerated_new/13/H/case-110146_JAY_ANNOTATION.png,"[10,12]",14.02
regenerated_new/14/H/case-110146_JAY_ANNOTATION.png,"[14,12]",16.06
regenerated_new/2/H/case-110184_JAY_ANNOTATION.png,"[14,4]",19.62
regenerated_new/3/H/case-110184_JAY_ANNOTATION.png,"[10,12]",19.91
regenerated_new/4/H/case-110184_JAY_ANNOTATION.png,"[10,12]",12.17
regenerated_new/5/H/case-110184_JAY_ANNOTATION.png,"[10,12]",18.49
regenerated_new/7/H/case-110184_JAY_ANNOTATION.png,"[10,12]",13.06
regenerated_new/8/H/case-110184_JAY_ANNOTATION.png,"[14,12]",15.82
regenerated_new/9/H/case-110184_JAY_ANNOTATION.png,"[14,12]",23.32
regenerated_new/12/H/case-110184_JAY_ANNOTATION.png,"[14,12]",10.47
regenerated_new/13/H/case-110184_JAY_ANNOTATION.png,"[10,12]",10.9
regenerated_new/14/H/case-110184_JAY_ANNOTATION.png,"[15,15]",13.14
regenerated_new/2/H/case-110307_JAY_ANNOTATION.png,"[14,12]",12.53
regenerated_new/3/H/case-110307_JAY_ANNOTATION.png,"[14,4]",12.45
regenerated_new/4/H/case-110307_JAY_ANNOTATION.png,"[10,12]",16.72
regenerated_new/5/H/case-110307_JAY_ANNOTATION.png,"[14,12]",21.86
regenerated_new/6/H/case-110307_JAY_ANNOTATION.png,"[10,12]",10.27
regenerated_new/7/H/case-110307_JAY_ANNOTATION.png,"[10,12]",13.99
regenerated_new/8/H/case-110307_JAY_ANNOTATION.png,"[10,12]",10.4
regenerated_new/9/H/case-110307_JAY_ANNOTATION.png,"[14,12]",10.31
regenerated_new/12/H/case-110307_JAY_ANNOTATION.png,"[14,12]",11.8
regenerated_new/13/H/case-110307_JAY_ANNOTATION.png,"[14,12]",11.19
regenerated_new/14/H/case-110307_JAY_ANNOTATION.png,"[14,12]",12.62
regenerated_new/2/H/case-110324_JAY_ANNOTATION.png,"[10,12]",19.82
regenerated_new/3/H/case-110324_JAY_ANNOTATION.png,"[10,12]",14.21
regenerated_new/4/H/case-110324_JAY_ANNOTATION.png,"[14,12]",10.67
regenerated_new/5/H/case-110324_JAY_ANNOTATION.png,"[14,12]",12.99
regenerated_new/6/H/case-110324_JAY_ANNOTATION.png,"[10,12]",10.95
regenerated_new/7/H/case-110324_JAY_ANNOTATION.png,"[15,15]",8.71
regenerated_new/8/H/case-110324_JAY_ANNOTATION.png,"[10,12]",15.63
regenerated_new/9/H/case-110324_JAY_ANNOTATION.png,"[10,11]",14.68
regenerated_new/12/H/case-110324_JAY_ANNOTATION.png,"[10,12]",16.52
regenerated_new/13/H/case-110324_JAY_ANNOTATION.png,"[10,12]",14.54
regenerated_new/14/H/case-110324_JAY_ANNOTATION.png,"[10,12]",15.35
regenerated_new/2/H/case-110378_JAY_ANNOTATION.png,"[14,12]",13.65
regenerated_new/3/H/case-110378_JAY_ANNOTATION.png,"[14,4]",19.18
regenerated_new/5/H/case-110378_JAY_ANNOTATION.png,"[14,12]",13.65
regenerated_new/6/H/case-110378_JAY_ANNOTATION.png,"[15,15]",9.67
regenerated_new/7/H/case-110378_JAY_ANNOTATION.png,"[15,15]",9.94
regenerated_new/8/H/case-110378_JAY_ANNOTATION.png,"[10,12]",11.72
regenerated_new/9/H/case-110378_JAY_ANNOTATION.png,"[14,12]",14.21
regenerated_new/12/H/case-110378_JAY_ANNOTATION.png,"[14,12]",16.5
regenerated_new/13/H/case-110378_JAY_ANNOTATION.png,"[14,12]",12.36
regenerated_new/14/H/case-110378_JAY_ANNOTATION.png,"[14,12]",16.32
regenerated_new/3/H/case-110382_JAY_ANNOTATION.png,"[10,12]",15.25
regenerated_new/4/H/case-110382_JAY_ANNOTATION.png,"[14,12]",10.38
regenerated_new/5/H/case-110382_JAY_ANNOTATION.png,"[10,12]",18.53
regenerated_new/6/H/case-110382_JAY_ANNOTATION.png,"[14,4]",13.92
regenerated_new/7/H/case-110382_JAY_ANNOTATION.png,"[15,15]",20.47
regenerated_new/8/H/case-110382_JAY_ANNOTATION.png,"[14,12]",14.55
regenerated_new/9/H/case-110382_JAY_ANNOTATION.png,"[14,12]",14.0
regenerated_new/12/H/case-110382_JAY_ANNOTATION.png,"[10,12]",14.67
regenerated_new/13/H/case-110382_JAY_ANNOTATION.png,"[10,12]",20.16
regenerated_new/14/H/case-110382_JAY_ANNOTATION.png,"[14,12]",12.53
regenerated_new/3/H/case-110393_JAY_ANNOTATION.png,"[10,12]",15.03
regenerated_new/4/H/case-110393_JAY_ANNOTATION.png,"[10,12]",11.44
regenerated_new/5/H/case-110393_JAY_ANNOTATION.png,"[10,12]",18.9
regenerated_new/6/H/case-110393_JAY_ANNOTATION.png,"[14,12]",22.31
regenerated_new/7/H/case-110393_JAY_ANNOTATION.png,"[14,12]",10.69
regenerated_new/8/H/case-110393_JAY_ANNOTATION.png,"[14,12]",11.99
regenerated_new/9/H/case-110393_JAY_ANNOTATION.png,"[10,11]",15.66
regenerated_new/12/H/case-110393_JAY_ANNOTATION.png,"[14,4]",18.16
regenerated_new/13/H/case-110393_JAY_ANNOTATION.png,"[10,12]",16.19
regenerated_new/14/H/case-110393_JAY_ANNOTATION.png,"[14,12]",16.26
regenerated_new/3/H/case-110447_JAY_ANNOTATION.png,"[10,12]",10.93
regenerated_new/4/H/case-110447_JAY_ANNOTATION.png,"[14,12]",10.74
regenerated_new/5/H/case-110447_JAY_ANNOTATION.png,"[14,4]",10.57
regenerated_new/6/H/case-110447_JAY_ANNOTATION.png,"[14,12]",10.92
regenerated_new/7/H/case-110447_JAY_ANNOTATION.png,"[14,4]",16.24
regenerated_new/8/H/case-110447_JAY_ANNOTATION.png,"[14,12]",16.06
regenerated_new/9/H/case-110447_JAY_ANNOTATION.png,"[14,12]",12.37
regenerated_new/12/H/case-110447_JAY_ANNOTATION.png,"[10,12]",15.94
regenerated_new/13/H/case-110447_JAY_ANNOTATION.png,"[14,12]",17.86
regenerated_new/14/H/case-110447_JAY_ANNOTATION.png,"[10,12]",15.23
regenerated_new/3/H/case-110519_JAY_ANNOTATION.png,"[14,12]",20.2
regenerated_new/4/H/case-110519_JAY_ANNOTATION.png,"[10,12]",10.3
regenerated_new/5/H/case-110519_JAY_ANNOTATION.png,"[10,12]",13.11
regenerated_new/6/H/case-110519_JAY_ANNOTATION.png,"[10,12]",16.15
regenerated_new/7/H/case-110519_JAY_ANNOTATION.png,"[14,12]",20.88
regenerated_new/8/H/case-110519_JAY_ANNOTATION.png,"[10,12]",13.1
regenerated_new/9/H/case-110519_JAY_ANNOTATION.png,"[10,12]",12.75
regenerated_new/12/H/case-110519_JAY_ANNOTATION.png,"[10,12]",10.19
regenerated_new/13/H/case-110519_JAY_ANNOTATION.png,"[10,12]",20.09
regenerated_new/14/H/case-110519_JAY_ANNOTATION.png,"[10,12]",19.32
regenerated_new/3/H/case-110588_JAY_ANNOTATION.png,"[10,12]",17.1
regenerated_new/4/H/case-110588_JAY_ANNOTATION.png,"[10,12]",16.37
regenerated_new/5/H/case-110588_JAY_ANNOTATION.png,"[14,12]",23.31
regenerated_new/6/H/case-110588_JAY_ANNOTATION.png,"[14,12]",10.11
regenerated_new/7/H/case-110588_JAY_ANNOTATION.png,"[14,12]",20.18
regenerated_new/8/H/case-110588_JAY_ANNOTATION.png,"[10,12]",20.18
regenerated_new/9/H/case-110588_JAY_ANNOTATION.png,"[10,12]",12.4
regenerated_new/12/H/case-110588_JAY_ANNOTATION.png,"[14,12]",8.5
regenerated_new/13/H/case-110588_JAY_ANNOTATION.png,"[10,12]",20.75
regenerated_new/14/H/case-110588_JAY_ANNOTATION.png,"[14,12]",13.4
regenerated_new/3/H/case-110636_JAY_ANNOTATION.png,"[14,4]",16.25
regenerated_new/4/H/case-110636_JAY_ANNOTATION.png,"[10,12]",21.11
regenerated_new/5/H/case-110636_JAY_ANNOTATION.png,"[10,12]",13.99
regenerated_new/6/H/case-110636_JAY_ANNOTATION.png,"[14,12]",15.93
regenerated_new/7/H/case-110636_JAY_ANNOTATION.png,"[15,15]",15.4
regenerated_new/8/H/case-110636_JAY_ANNOTATION.png,"[14,12]",23.24
regenerated_new/9/H/case-110636_JAY_ANNOTATION.png,"[10,12]",21.12
regenerated_new/12/H/case-110636_JAY_ANNOTATION.png,"[14,12]",14.18
regenerated_new/13/H/case-110636_JAY_ANNOTATION.png,"[10,12]",10.89
regenerated_new/14/H/case-110636_JAY_ANNOTATION.png,"[10,12]",12.11
regenerated_new/2/H/case-110640_JAY_ANNOTATION.png,"[14,12]",12.12
regenerated_new/3/H/case-110640_JAY_ANNOTATION.png,"[14,4]",10.27
regenerated_new/4/H/case-110640_JAY_ANNOTATION.png,"[10,12]",10.53
regenerated_new/5/H/case-110640_JAY_ANNOTATION.png,"[10,12]",10.97
regenerated_new/6/H/case-110640_JAY_ANNOTATION.png,"[14,12]",10.9
regenerated_new/7/H/case-110640_JAY_ANNOTATION.png,"[10,12]",22.23
regenerated_new/8/H/case-110640_JAY_ANNOTATION.png,"[10,12]",11.0
regenerated_new/9/H/case-110640_JAY_ANNOTATION.png,"[10,12]",17.53
regenerated_new/12/H/case-110640_JAY_ANNOTATION.png,"[10,12]",15.68
regenerated_new/13/H/case-110640_JAY_ANNOTATION.png,"[10,12]",14.72
regenerated_new/14/H/case-110640_JAY_ANNOTATION.png,"[14,12]",21.98
regenerated_new/2/H/case-110649_JAY_ANNOTATION.png,"[14,12]",12.6
regenerated_new/3/H/case-110649_JAY_ANNOTATION.png,"[14,12]",20.21
regenerated_new/4/H/case-110649_JAY_ANNOTATION.png,"[10,4]",20.13
regenerated_new/5/H/case-110649_JAY_ANNOTATION.png,"[10,12]",20.01
regenerated_new/6/H/case-110649_JAY_ANNOTATION.png,"[14,12]",13.95
regenerated_new/7/H/case-110649_JAY_ANNOTATION.png,"[14,12]",20.06
regenerated_new/8/H/case-110649_JAY_ANNOTATION.png,"[10,12]",17.5
regenerated_new/9/H/case-110649_JAY_ANNOTATION.png,"[14,12]",19.63
regenerated_new/12/H/case-110649_JAY_ANNOTATION.png,"[14,12]",13.03
regenerated_new/13/H/case-110649_JAY_ANNOTATION.png,"[10,12]",10.28
regenerated_new/14/H/case-110649_JAY_ANNOTATION.png,"[14,12]",16.3
regenerated_new/2/H/case-110664_JAY_ANNOTATION.png,"[10,12]",19.75
regenerated_new/3/H/case-110664_JAY_ANNOTATION.png,"[14,12]",11.88
regenerated_new/4/H/case-110664_JAY_ANNOTATION.png,"[14,12]",17.55
regenerated_new/5/H/case-110664_JAY_ANNOTATION.png,"[10,12]",19.83
regenerated_new/6/H/case-110664_JAY_ANNOTATION.png,"[14,12]",16.57
regenerated_new/7/H/case-110664_JAY_ANNOTATION.png,"[10,12]",12.97
regenerated_new/8/H/case-110664_JAY_ANNOTATION.png,"[14,12]",23.3
regenerated_new/9/H/case-110664_JAY_ANNOTATION.png,"[14,12]",23.4
regenerated_new/12/H/case-110664_JAY_ANNOTATION.png,"[10,12]",10.41
regenerated_new/13/H/case-110664_JAY_ANNOTATION.png,"[14,12]",13.11
regenerated_new/14/H/case-110664_JAY_ANNOTATION.png,"[10,12]",12.23
regenerated_new/2/H/case-110831_JAY_ANNOTATION.png,"[14,12]",11.86
regenerated_new/3/H/case-110831_JAY_ANNOTATION.png,"[14,12]",16.13
regenerated_new/4/H/case-110831_JAY_ANNOTATION.png,"[10,12]",12.77
regenerated_new/5/H/case-110831_JAY_ANNOTATION.png,"[10,12]",20.74
regenerated_new/6/H/case-110831_JAY_ANNOTATION.png,"[14,4]",9.75
regenerated_new/7/H/case-110831_JAY_ANNOTATION.png,"[14,4]",18.15
regenerated_new/8/H/case-110831_JAY_ANNOTATION.png,"[10,12]",18.46
regenerated_new/9/H/case-110831_JAY_ANNOTATION.png,"[14,12]",13.26
regenerated_new/12/H/case-110831_JAY_ANNOTATION.png,"[10,12]",12.22
regenerated_new/13/H/case-110831_JAY_ANNOTATION.png,"[10,11]",14.43
regenerated_new/14/H/case-110831_JAY_ANNOTATION.png,"[14,12]",20.23
regenerated_new/2/H/case-110870_JAY_ANNOTATION.png,"[10,12]",13.66
regenerated_new/3/H/case-110870_JAY_ANNOTATION.png,"[10,12]",18.88
regenerated_new/4/H/case-110870_JAY_ANNOTATION.png,"[10,12]",11.25
regenerated_new/5/H/case-110870_JAY_ANNOTATION.png,"[10,12]",16.07
regenerated_new/6/H/case-110870_JAY_ANNOTATION.png,"[14,12]",9.39
regenerated_new/7/H/case-110870_JAY_ANNOTATION.png,"[14,4]",32.95
regenerated_new/8/H/case-110870_JAY_ANNOTATION.png,"[10,12]",16.51
regenerated_new/9/H/case-110870_JAY_ANNOTATION.png,"[10,12]",18.93
regenerated_new/12/H/case-110870_JAY_ANNOTATION.png,"[10,12]",15.55
regenerated_new/13/H/case-110870_JAY_ANNOTATION.png,"[10,12]",10.47
regenerated_new/14/H/case-110870_JAY_ANNOTATION.png,"[10,12]",14.07
regenerated_new/2/H/case-111040_JAY_ANNOTATION.png,"[10,12]",10.65
regenerated_new/3/H/case-111040_JAY_ANNOTATION.png,"[10,12]",18.22
regenerated_new/4/H/case-111040_JAY_ANNOTATION.png,"[14,12]",23.36
regenerated_new/5/H/case-111040_JAY_ANNOTATION.png,"[10,12]",10.47
regenerated_new/6/H/case-111040_JAY_ANNOTATION.png,"[10,12]",10.1
regenerated_new/7/H/case-111040_JAY_ANNOTATION.png,"[15,15]",9.3
regenerated_new/8/H/case-111040_JAY_ANNOTATION.png,"[10,12]",12.51
regenerated_new/9/H/case-111040_JAY_ANNOTATION.png,"[10,12]",11.96
regenerated_new/12/H/case-111040_JAY_ANNOTATION.png,"[10,11]",12.67
regenerated_new/13/H/case-111040_JAY_ANNOTATION.png,"[14,12]",15.59
regenerated_new/14/H/case-111040_JAY_ANNOTATION.png,"[14,12]",10.02
regenerated_new/2/H/case-111057_JAY_ANNOTATION.png,"[14,4]",18.63
regenerated_new/3/H/case-111057_JAY_ANNOTATION.png,"[15,15]",9.75
regenerated_new/4/H/case-111057_JAY_ANNOTATION.png,"[10,12]",11.68
regenerated_new/5/H/case-111057_JAY_ANNOTATION.png,"[10,12]",19.55
regenerated_new/6/H/case-111057_JAY_ANNOTATION.png,"[14,12]",16.46
regenerated_new/7/H/case-111057_JAY_ANNOTATION.png,"[10,12]",20.35
regenerated_new/8/H/case-111057_JAY_ANNOTATION.png,"[14,12]",15.59
regenerated_new/9/H/case-111057_JAY_ANNOTATION.png,"[14,12]",23.26
regenerated_new/12/H/case-111057_JAY_ANNOTATION.png,"[10,12]",10.6
regenerated_new/13/H/case-111057_JAY_ANNOTATION.png,"[10,12]",11.13
regenerated_new/14/H/case-111057_JAY_ANNOTATION.png,"[10,12]",11.03
regenerated_new/2/H/case-111159_JAY_ANNOTATION.png,"[14,4]",12.09
regenerated_new/3/H/case-111159_JAY_ANNOTATION.png,"[10,12]",21.13
regenerated_new/4/H/case-111159_JAY_ANNOTATION.png,"[14,4]",17.53
regenerated_new/5/H/case-111159_JAY_ANNOTATION.png,"[10,12]",14.28
regenerated_new/7/H/case-111159_JAY_ANNOTATION.png,"[14,12]",11.77
regenerated_new/8/H/case-111159_JAY_ANNOTATION.png,"[14,12]",10.46
regenerated_new/9/H/case-111159_JAY_ANNOTATION.png,"[14,12]",12.51
regenerated_new/12/H/case-111159_JAY_ANNOTATION.png,"[10,12]",12.77
regenerated_new/13/H/case-111159_JAY_ANNOTATION.png,"[14,12]",14.55
regenerated_new/14/H/case-111159_JAY_ANNOTATION.png,"[14,12]",12.31
regenerated_new/3/H/case-111162_JAY_ANNOTATION.png,"[10,4]",19.07
regenerated_new/4/H/case-111162_JAY_ANNOTATION.png,"[14,12]",10.72
regenerated_new/5/H/case-111162_JAY_ANNOTATION.png,"[10,12]",11.18
regenerated_new/6/H/case-111162_JAY_ANNOTATION.png,"[14,11]",23.71
regenerated_new/7/H/case-111162_JAY_ANNOTATION.png,"[10,12]",15.8
regenerated_new/8/H/case-111162_JAY_ANNOTATION.png,"[10,12]",19.45
regenerated_new/9/H/case-111162_JAY_ANNOTATION.png,"[14,12]",16.49
regenerated_new/12/H/case-111162_JAY_ANNOTATION.png,"[10,12]",17.21
regenerated_new/13/H/case-111162_JAY_ANNOTATION.png,"[10,12]",10.63
regenerated_new/14/H/case-111162_JAY_ANNOTATION.png,"[14,12]",21.65
regenerated_new/2/H/case-111165_JAY_ANNOTATION.png,"[14,12]",11.68
regenerated_new/3/H/case-111165_JAY_ANNOTATION.png,"[10,12]",16.31
regenerated_new/4/H/case-111165_JAY_ANNOTATION.png,"[14,12]",16.12
regenerated_new/5/H/case-111165_JAY_ANNOTATION.png,"[10,12]",14.54
regenerated_new/6/H/case-111165_JAY_ANNOTATION.png,"[14,12]",10.2
regenerated_new/7/H/case-111165_JAY_ANNOTATION.png,"[2,4]",13.02
regenerated_new/8/H/case-111165_JAY_ANNOTATION.png,"[14,12]",14.61
regenerated_new/9/H/case-111165_JAY_ANNOTATION.png,"[14,12]",13.2
regenerated_new/12/H/case-111165_JAY_ANNOTATION.png,"[10,12]",12.4
regenerated_new/13/H/case-111165_JAY_ANNOTATION.png,"[10,12]",14.62
regenerated_new/14/H/case-111165_JAY_ANNOTATION.png,"[10,12]",18.27
regenerated_new/2/H/case-111178_JAY_ANNOTATION.png,"[10,12]",19.76
regenerated_new/3/H/case-111178_JAY_ANNOTATION.png,"[10,12]",13.12
regenerated_new/4/H/case-111178_JAY_ANNOTATION.png,"[14,12]",23.24
regenerated_new/5/H/case-111178_JAY_ANNOTATION.png,"[10,12]",19.77
regenerated_new/6/H/case-111178_JAY_ANNOTATION.png,"[14,12]",20.47
regenerated_new/7/H/case-111178_JAY_ANNOTATION.png,"[10,12]",18.76
regenerated_new/8/H/case-111178_JAY_ANNOTATION.png,"[10,12]",17.23
regenerated_new/9/H/case-111178_JAY_ANNOTATION.png,"[10,12]",10.55
regenerated_new/12/H/case-111178_JAY_ANNOTATION.png,"[14,12]",13.31
regenerated_new/13/H/case-111178_JAY_ANNOTATION.png,"[14,12]",18.19
regenerated_new/14/H/case-111178_JAY_ANNOTATION.png,"[14,12]",13.79
regenerated_new/3/H/case-111246_JAY_ANNOTATION.png,"[14,4]",21.67
regenerated_new/4/H/case-111246_JAY_ANNOTATION.png,"[10,12]",10.01
regenerated_new/5/H/case-111246_JAY_ANNOTATION.png,"[10,12]",12.12
regenerated_new/6/H/case-111246_JAY_ANNOTATION.png,"[10,12]",11.26
regenerated_new/7/H/case-111246_JAY_ANNOTATION.png,"[10,12]",15.87
regenerated_new/8/H/case-111246_JAY_ANNOTATION.png,"[10,12]",15.17
regenerated_new/9/H/case-111246_JAY_ANNOTATION.png,"[14,12]",14.53
regenerated_new/12/H/case-111246_JAY_ANNOTATION.png,"[10,12]",13.74
regenerated_new/13/H/case-111246_JAY_ANNOTATION.png,"[10,12]",13.3
regenerated_new/14/H/case-111246_JAY_ANNOTATION.png,"[14,12]",16.25
regenerated_new/2/H/case-111273_JAY_ANNOTATION.png,"[14,12]",19.12
regenerated_new/3/H/case-111273_JAY_ANNOTATION.png,"[14,4]",16.58
regenerated_new/4/H/case-111273_JAY_ANNOTATION.png,"[14,12]",19.95
regenerated_new/5/H/case-111273_JAY_ANNOTATION.png,"[10,12]",19.5
regenerated_new/6/H/case-111273_JAY_ANNOTATION.png,"[10,12]",16.65
regenerated_new/7/H/case-111273_JAY_ANNOTATION.png,"[10,12]",15.24
regenerated_new/8/H/case-111273_JAY_ANNOTATION.png,"[14,12]",13.47
regenerated_new/9/H/case-111273_JAY_ANNOTATION.png,"[14,12]",17.28
regenerated_new/12/H/case-111273_JAY_ANNOTATION.png,"[10,12]",15.17
regenerated_new/13/H/case-111273_JAY_ANNOTATION.png,"[14,12]",14.3
regenerated_new/14/H/case-111273_JAY_ANNOTATION.png,"[14,12]",17.46
regenerated_new/2/H/case-111359_JAY_ANNOTATION.png,"[14,4]",20.22
regenerated_new/3/H/case-111359_JAY_ANNOTATION.png,"[14,12]",21.06
regenerated_new/4/H/case-111359_JAY_ANNOTATION.png,"[10,12]",10.8
regenerated_new/5/H/case-111359_JAY_ANNOTATION.png,"[14,12]",13.89
regenerated_new/6/H/case-111359_JAY_ANNOTATION.png,"[10,12]",13.3
regenerated_new/7/H/case-111359_JAY_ANNOTATION.png,"[14,12]",23.29
regenerated_new/8/H/case-111359_JAY_ANNOTATION.png,"[14,4]",17.92
regenerated_new/9/H/case-111359_JAY_ANNOTATION.png,"[10,12]",18.33
regenerated_new/12/H/case-111359_JAY_ANNOTATION.png,"[14,12]",13.73
regenerated_new/13/H/case-111359_JAY_ANNOTATION.png,"[10,12]",19.82
regenerated_new/14/H/case-111359_JAY_ANNOTATION.png,"[14,12]",14.18
regenerated_new/2/H/case-111405_JAY_ANNOTATION.png,"[10,12]",17.8
regenerated_new/3/H/case-111405_JAY_ANNOTATION.png,"[14,12]",10.13
regenerated_new/4/H/case-111405_JAY_ANNOTATION.png,"[14,12]",13.75
regenerated_new/5/H/case-111405_JAY_ANNOTATION.png,"[10,12]",14.08
regenerated_new/6/H/case-111405_JAY_ANNOTATION.png,"[10,12]",19.84
regenerated_new/7/H/case-111405_JAY_ANNOTATION.png,"[14,4]",14.54
regenerated_new/8/H/case-111405_JAY_ANNOTATION.png,"[10,12]",19.58
regenerated_new/9/H/case-111405_JAY_ANNOTATION.png,"[14,12]",10.27
regenerated_new/12/H/case-111405_JAY_ANNOTATION.png,"[10,12]",10.65
regenerated_new/13/H/case-111405_JAY_ANNOTATION.png,"[10,12]",21.32
regenerated_new/14/H/case-111405_JAY_ANNOTATION.png,"[14,11]",13.8
regenerated_new/2/H/case-111446_JAY_ANNOTATION.png,"[10,12]",13.02
regenerated_new/3/H/case-111446_JAY_ANNOTATION.png,"[10,12]",18.16
regenerated_new/4/H/case-111446_JAY_ANNOTATION.png,"[10,12]",17.81
regenerated_new/5/H/case-111446_JAY_ANNOTATION.png,"[10,12]",19.85
regenerated_new/6/H/case-111446_JAY_ANNOTATION.png,"[10,12]",13.77
regenerated_new/7/H/case-111446_JAY_ANNOTATION.png,"[14,4]",21.03
regenerated_new/8/H/case-111446_JAY_ANNOTATION.png,"[14,12]",10.9
regenerated_new/9/H/case-111446_JAY_ANNOTATION.png,"[10,12]",15.07
regenerated_new/12/H/case-111446_JAY_ANNOTATION.png,"[14,12]",10.56
regenerated_new/13/H/case-111446_JAY_ANNOTATION.png,"[10,12]",14.65
regenerated_new/14/H/case-111446_JAY_ANNOTATION.png,"[14,12]",13.3
regenerated_new/2/H/case-111546_JAY_ANNOTATION.png,"[14,4]",10.65
regenerated_new/3/H/case-111546_JAY_ANNOTATION.png,"[14,4]",19.91
regenerated_new/4/H/case-111546_JAY_ANNOTATION.png,"[14,12]",21.93
regenerated_new/5/H/case-111546_JAY_ANNOTATION.png,"[10,12]",19.88
regenerated_new/6/H/case-111546_JAY_ANNOTATION.png,"[10,12]",10.12
regenerated_new/7/H/case-111546_JAY_ANNOTATION.png,"[14,4]",17.56
regenerated_new/8/H/case-111546_JAY_ANNOTATION.png,"[10,12]",13.81
regenerated_new/9/H/case-111546_JAY_ANNOTATION.png,"[10,12]",18.79
regenerated_new/12/H/case-111546_JAY_ANNOTATION.png,"[10,12]",21.06
regenerated_new/13/H/case-111546_JAY_ANNOTATION.png,"[10,12]",13.93
regenerated_new/14/H/case-111546_JAY_ANNOTATION.png,"[10,12]",15.35
regenerated_new/2/H/case-111573_JAY_ANNOTATION.png,"[14,4]",17.13
regenerated_new/3/H/case-111573_JAY_ANNOTATION.png,"[14,4]",19.74
regenerated_new/4/H/case-111573_JAY_ANNOTATION.png,"[10,12]",22.78
regenerated_new/5/H/case-111573_JAY_ANNOTATION.png,"[10,12]",12.01
regenerated_new/6/H/case-111573_JAY_ANNOTATION.png,"[14,12]",19.83
regenerated_new/7/H/case-111573_JAY_ANNOTATION.png,"[10,12]",19.86
regenerated_new/8/H/case-111573_JAY_ANNOTATION.png,"[14,12]",14.84
regenerated_new/9/H/case-111573_JAY_ANNOTATION.png,"[10,12]",19.37
regenerated_new/12/H/case-111573_JAY_ANNOTATION.png,"[10,12]",20.34
regenerated_new/13/H/case-111573_JAY_ANNOTATION.png,"[10,12]",11.52
regenerated_new/14/H/case-111573_JAY_ANNOTATION.png,"[14,12]",20.53
regenerated_new/2/H/case-111685_JAY_ANNOTATION.png,"[14,12]",13.12
regenerated_new/3/H/case-111685_JAY_ANNOTATION.png,"[10,12]",20.12
regenerated_new/4/H/case-111685_JAY_ANNOTATION.png,"[10,12]",14.44
regenerated_new/5/H/case-111685_JAY_ANNOTATION.png,"[10,12]",18.43
regenerated_new/6/H/case-111685_JAY_ANNOTATION.png,"[14,12]",10.73
regenerated_new/7/H/case-111685_JAY_ANNOTATION.png,"[14,12]",19.96
regenerated_new/8/H/case-111685_JAY_ANNOTATION.png,"[10,12]",11.79
regenerated_new/9/H/case-111685_JAY_ANNOTATION.png,"[10,12]",10.63
regenerated_new/12/H/case-111685_JAY_ANNOTATION.png,"[10,12]",10.63
regenerated_new/13/H/case-111685_JAY_ANNOTATION.png,"[10,12]",18.76
regenerated_new/14/H/case-111685_JAY_ANNOTATION.png,"[14,10]",9.59
regenerated_new/2/H/case-111755_JAY_ANNOTATION.png,"[10,12]",11.54
regenerated_new/3/H/case-111755_JAY_ANNOTATION.png,"[14,4]",12.41
regenerated_new/4/H/case-111755_JAY_ANNOTATION.png,"[14,4]",16.65
regenerated_new/5/H/case-111755_JAY_ANNOTATION.png,"[10,12]",13.45
regenerated_new/6/H/case-111755_JAY_ANNOTATION.png,"[14,4]",19.12
regenerated_new/7/H/case-111755_JAY_ANNOTATION.png,"[14,12]",20.18
regenerated_new/8/H/case-111755_JAY_ANNOTATION.png,"[10,12]",9.85
regenerated_new/9/H/case-111755_JAY_ANNOTATION.png,"[14,12]",13.76
regenerated_new/12/H/case-111755_JAY_ANNOTATION.png,"[10,12]",15.54
regenerated_new/13/H/case-111755_JAY_ANNOTATION.png,"[14,12]",23.31
regenerated_new/14/H/case-111755_JAY_ANNOTATION.png,"[10,12]",15.24
regenerated_new/2/H/case-111791_JAY_ANNOTATION.png,"[14,4]",19.71
regenerated_new/3/H/case-111791_JAY_ANNOTATION.png,"[15,15]",8.5
regenerated_new/4/H/case-111791_JAY_ANNOTATION.png,"[10,12]",20.1
regenerated_new/5/H/case-111791_JAY_ANNOTATION.png,"[10,12]",12.76
regenerated_new/6/H/case-111791_JAY_ANNOTATION.png,"[10,12]",11.79
regenerated_new/7/H/case-111791_JAY_ANNOTATION.png,"[14,12]",16.82
regenerated_new/8/H/case-111791_JAY_ANNOTATION.png,"[14,12]",12.41
regenerated_new/9/H/case-111791_JAY_ANNOTATION.png,"[14,12]",19.94
regenerated_new/12/H/case-111791_JAY_ANNOTATION.png,"[10,11]",12.65
regenerated_new/13/H/case-111791_JAY_ANNOTATION.png,"[10,12]",19.86
regenerated_new/14/H/case-111791_JAY_ANNOTATION.png,"[10,12]",11.7
regenerated_new/2/H/case-111819_JAY_ANNOTATION.png,"[14,4]",16.77
regenerated_new/3/H/case-111819_JAY_ANNOTATION.png,"[15,15]",8.51
regenerated_new/4/H/case-111819_JAY_ANNOTATION.png,"[10,12]",15.35
regenerated_new/5/H/case-111819_JAY_ANNOTATION.png,"[14,12]",15.75
regenerated_new/6/H/case-111819_JAY_ANNOTATION.png,"[14,12]",21.84
regenerated_new/7/H/case-111819_JAY_ANNOTATION.png,"[14,12]",19.93
regenerated_new/8/H/case-111819_JAY_ANNOTATION.png,"[14,12]",20.2
regenerated_new/9/H/case-111819_JAY_ANNOTATION.png,"[14,12]",9.31
regenerated_new/12/H/case-111819_JAY_ANNOTATION.png,"[14,12]",10.64
regenerated_new/13/H/case-111819_JAY_ANNOTATION.png,"[10,12]",10.65
regenerated_new/14/H/case-111819_JAY_ANNOTATION.png,"[10,12]",15.6
regenerated_new/2/H/case-111830_JAY_ANNOTATION.png,"[10,12]",18.89
regenerated_new/3/H/case-111830_JAY_ANNOTATION.png,"[10,12]",22.31
regenerated_new/4/H/case-111830_JAY_ANNOTATION.png,"[14,12]",18.64
regenerated_new/5/H/case-111830_JAY_ANNOTATION.png,"[10,12]",15.19
regenerated_new/6/H/case-111830_JAY_ANNOTATION.png,"[14,12]",17.63
regenerated_new/7/H/case-111830_JAY_ANNOTATION.png,"[14,12]",22.94
regenerated_new/8/H/case-111830_JAY_ANNOTATION.png,"[14,12]",18.04
regenerated_new/9/H/case-111830_JAY_ANNOTATION.png,"[14,4]",17.87
regenerated_new/12/H/case-111830_JAY_ANNOTATION.png,"[10,12]",15.61
regenerated_new/13/H/case-111830_JAY_ANNOTATION.png,"[14,12]",16.47
regenerated_new/14/H/case-111830_JAY_ANNOTATION.png,"[10,12]",10.62
regenerated_new/2/H/case-111863_JAY_ANNOTATION.png,"[14,12]",19.95
regenerated_new/3/H/case-111863_JAY_ANNOTATION.png,"[14,4]",14.97
regenerated_new/4/H/case-111863_JAY_ANNOTATION.png,"[10,12]",10.22
regenerated_new/5/H/case-111863_JAY_ANNOTATION.png,"[10,12]",10.65
regenerated_new/6/H/case-111863_JAY_ANNOTATION.png,"[14,12]",20.92
regenerated_new/7/H/case-111863_JAY_ANNOTATION.png,"[14,12]",10.29
regenerated_new/8/H/case-111863_JAY_ANNOTATION.png,"[14,12]",12.14
regenerated_new/9/H/case-111863_JAY_ANNOTATION.png,"[10,12]",18.44
regenerated_new/12/H/case-111863_JAY_ANNOTATION.png,"[10,12]",18.94
regenerated_new/13/H/case-111863_JAY_ANNOTATION.png,"[14,2]",13.9
regenerated_new/14/H/case-111863_JAY_ANNOTATION.png,"[10,11]",14.43
regenerated_new/2/H/case-111923_JAY_ANNOTATION.png,"[14,4]",12.44
regenerated_new/3/H/case-111923_JAY_ANNOTATION.png,"[10,12]",19.83
regenerated_new/4/H/case-111923_JAY_ANNOTATION.png,"[10,12]",13.96
regenerated_new/5/H/case-111923_JAY_ANNOTATION.png,"[10,12]",10.4
regenerated_new/6/H/case-111923_JAY_ANNOTATION.png,"[14,12]",19.95
regenerated_new/7/H/case-111923_JAY_ANNOTATION.png,"[14,12]",11.42
regenerated_new/8/H/case-111923_JAY_ANNOTATION.png,"[14,12]",23.32
regenerated_new/9/H/case-111923_JAY_ANNOTATION.png,"[10,12]",18.46
regenerated_new/12/H/case-111923_JAY_ANNOTATION.png,"[14,12]",14.21
regenerated_new/13/H/case-111923_JAY_ANNOTATION.png,"[10,12]",14.03
regenerated_new/14/H/case-111923_JAY_ANNOTATION.png,"[14,12]",11.79
regenerated_new/2/H/case-112038_JAY_ANNOTATION.png,"[10,12]",12.15
regenerated_new/3/H/case-112038_JAY_ANNOTATION.png,"[14,4]",16.06
regenerated_new/4/H/case-112038_JAY_ANNOTATION.png,"[14,12]",10.9
regenerated_new/5/H/case-112038_JAY_ANNOTATION.png,"[10,12]",20.63
regenerated_new/6/H/case-112038_JAY_ANNOTATION.png,"[14,12]",23.27
regenerated_new/7/H/case-112038_JAY_ANNOTATION.png,"[10,12]",19.84
regenerated_new/8/H/case-112038_JAY_ANNOTATION.png,"[10,12]",16.75
regenerated_new/9/H/case-112038_JAY_ANNOTATION.png,"[14,12]",14.17
regenerated_new/12/H/case-112038_JAY_ANNOTATION.png,"[14,12]",12.41
regenerated_new/13/H/case-112038_JAY_ANNOTATION.png,"[10,12]",11.1
regenerated_new/14/H/case-112038_JAY_ANNOTATION.png,"[10,12]",15.96
regenerated_new/2/H/case-112071_JAY_ANNOTATION.png,"[14,12]",19.24
regenerated_new/3/H/case-112071_JAY_ANNOTATION.png,"[14,4]",12.42
regenerated_new/4/H/case-112071_JAY_ANNOTATION.png,"[14,12]",14.52
regenerated_new/5/H/case-112071_JAY_ANNOTATION.png,"[14,12]",14.7
regenerated_new/6/H/case-112071_JAY_ANNOTATION.png,"[10,12]",18.04
regenerated_new/7/H/case-112071_JAY_ANNOTATION.png,"[14,12]",15.34
regenerated_new/8/H/case-112071_JAY_ANNOTATION.png,"[14,12]",11.79
regenerated_new/9/H/case-112071_JAY_ANNOTATION.png,"[10,12]",13.39
regenerated_new/12/H/case-112071_JAY_ANNOTATION.png,"[14,12]",18.02
regenerated_new/13/H/case-112071_JAY_ANNOTATION.png,"[10,12]",16.34
regenerated_new/14/H/case-112071_JAY_ANNOTATION.png,"[10,12]",15.56
regenerated_new/3/H/case-112086_JAY_ANNOTATION.png,"[2,4]",9.6
regenerated_new/4/H/case-112086_JAY_ANNOTATION.png,"[10,12]",19.36
regenerated_new/5/H/case-112086_JAY_ANNOTATION.png,"[10,12]",16.82
regenerated_new/6/H/case-112086_JAY_ANNOTATION.png,"[14,12]",10.64
regenerated_new/7/H/case-112086_JAY_ANNOTATION.png,"[10,12]",12.69
regenerated_new/8/H/case-112086_JAY_ANNOTATION.png,"[14,12]",18.62
regenerated_new/9/H/case-112086_JAY_ANNOTATION.png,"[14,12]",15.59
regenerated_new/12/H/case-112086_JAY_ANNOTATION.png,"[14,12]",13.9
regenerated_new/13/H/case-112086_JAY_ANNOTATION.png,"[10,12]",14.98
regenerated_new/14/H/case-112086_JAY_ANNOTATION.png,"[14,12]",11.08
regenerated_new/2/H/case-112092_JAY_ANNOTATION.png,"[10,12]",12.69
regenerated_new/3/H/case-112092_JAY_ANNOTATION.png,"[14,4]",16.21
regenerated_new/4/H/case-112092_JAY_ANNOTATION.png,"[14,12]",20.15
regenerated_new/5/H/case-112092_JAY_ANNOTATION.png,"[14,12]",11.7
regenerated_new/7/H/case-112092_JAY_ANNOTATION.png,"[10,12]",14.97
regenerated_new/9/H/case-112092_JAY_ANNOTATION.png,"[10,12]",11.33
regenerated_new/12/H/case-112092_JAY_ANNOTATION.png,"[10,11]",10.71
regenerated_new/13/H/case-112092_JAY_ANNOTATION.png,"[10,12]",21.21
regenerated_new/14/H/case-112092_JAY_ANNOTATION.png,"[10,12]",15.99
regenerated_new/2/H/case-112132_JAY_ANNOTATION.png,"[14,12]",13.78
regenerated_new/3/H/case-112132_JAY_ANNOTATION.png,"[14,4]",15.44
regenerated_new/4/H/case-112132_JAY_ANNOTATION.png,"[14,12]",23.18
regenerated_new/5/H/case-112132_JAY_ANNOTATION.png,"[10,12]",15.34
regenerated_new/6/H/case-112132_JAY_ANNOTATION.png,"[14,12]",12.19
regenerated_new/7/H/case-112132_JAY_ANNOTATION.png,"[14,12]",20.15
regenerated_new/8/H/case-112132_JAY_ANNOTATION.png,"[14,12]",14.24
regenerated_new/9/H/case-112132_JAY_ANNOTATION.png,"[14,12]",12.14
regenerated_new/12/H/case-112132_JAY_ANNOTATION.png,"[14,12]",11.96
regenerated_new/13/H/case-112132_JAY_ANNOTATION.png,"[14,12]",10.91
regenerated_new/14/H/case-112132_JAY_ANNOTATION.png,"[14,12]",17.46
regenerated_new/2/H/case-112180_JAY_ANNOTATION.png,"[14,4]",14.35
regenerated_new/3/H/case-112180_JAY_ANNOTATION.png,"[14,4]",14.44
regenerated_new/4/H/case-112180_JAY_ANNOTATION.png,"[10,12]",15.58
regenerated_new/5/H/case-112180_JAY_ANNOTATION.png,"[10,12]",10.27
regenerated_new/6/H/case-112180_JAY_ANNOTATION.png,"[10,12]",11.76
regenerated_new/7/H/case-112180_JAY_ANNOTATION.png,"[10,12]",15.23
regenerated_new/8/H/case-112180_JAY_ANNOTATION.png,"[14,12]",15.33
regenerated_new/9/H/case-112180_JAY_ANNOTATION.png,"[10,12]",15.23
regenerated_new/12/H/case-112180_JAY_ANNOTATION.png,"[14,12]",14.17
regenerated_new/13/H/case-112180_JAY_ANNOTATION.png,"[14,12]",11.43
regenerated_new/14/H/case-112180_JAY_ANNOTATION.png,"[14,12]",15.86
regenerated_new/2/H/case-112208_JAY_ANNOTATION.png,"[14,12]",12.54
regenerated_new/3/H/case-112208_JAY_ANNOTATION.png,"[14,12]",17.82
regenerated_new/4/H/case-112208_JAY_ANNOTATION.png,"[10,12]",12.03
regenerated_new/5/H/case-112208_JAY_ANNOTATION.png,"[10,12]",20.86
regenerated_new/6/H/case-112208_JAY_ANNOTATION.png,"[14,12]",14.64
regenerated_new/7/H/case-112208_JAY_ANNOTATION.png,"[14,12]",14.51
regenerated_new/8/H/case-112208_JAY_ANNOTATION.png,"[10,12]",15.13
regenerated_new/9/H/case-112208_JAY_ANNOTATION.png,"[14,12]",13.05
regenerated_new/12/H/case-112208_JAY_ANNOTATION.png,"[14,12]",12.13
regenerated_new/13/H/case-112208_JAY_ANNOTATION.png,"[14,12]",13.24
regenerated_new/14/H/case-112208_JAY_ANNOTATION.png,"[14,12]",12.99
regenerated_new/2/H/case-112234_JAY_ANNOTATION.png,"[14,12]",13.02
regenerated_new/3/H/case-112234_JAY_ANNOTATION.png,"[14,4]",21.61
regenerated_new/4/H/case-112234_JAY_ANNOTATION.png,"[10,12]",18.16
regenerated_new/5/H/case-112234_JAY_ANNOTATION.png,"[10,12]",15.87
regenerated_new/6/H/case-112234_JAY_ANNOTATION.png,"[14,12]",10.09
regenerated_new/7/H/case-112234_JAY_ANNOTATION.png,"[14,12]",21.94
regenerated_new/8/H/case-112234_JAY_ANNOTATION.png,"[10,12]",15.86
regenerated_new/9/H/case-112234_JAY_ANNOTATION.png,"[14,12]",11.8
regenerated_new/12/H/case-112234_JAY_ANNOTATION.png,"[14,12]",10.63
regenerated_new/13/H/case-112234_JAY_ANNOTATION.png,"[14,12]",23.37
regenerated_new/14/H/case-112234_JAY_ANNOTATION.png,"[14,12]",13.28
regenerated_new/3/H/case-112249_JAY_ANNOTATION.png,"[10,12]",13.55
regenerated_new/4/H/case-112249_JAY_ANNOTATION.png,"[10,12]",19.84
regenerated_new/5/H/case-112249_JAY_ANNOTATION.png,"[14,4]",27.19
regenerated_new/6/H/case-112249_JAY_ANNOTATION.png,"[14,11]",23.78
regenerated_new/7/H/case-112249_JAY_ANNOTATION.png,"[10,12]",20.18
regenerated_new/8/H/case-112249_JAY_ANNOTATION.png,"[14,12]",14.17
regenerated_new/9/H/case-112249_JAY_ANNOTATION.png,"[10,12]",20.1
regenerated_new/12/H/case-112249_JAY_ANNOTATION.png,"[14,12]",15.34
regenerated_new/13/H/case-112249_JAY_ANNOTATION.png,"[14,12]",23.35
regenerated_new/14/H/case-112249_JAY_ANNOTATION.png,"[10,12]",12.15
regenerated_new/2/H/case-112292_JAY_ANNOTATION.png,"[14,4]",18.67
regenerated_new/3/H/case-112292_JAY_ANNOTATION.png,"[14,4]",19.87
regenerated_new/4/H/case-112292_JAY_ANNOTATION.png,"[14,12]",10.28
regenerated_new/5/H/case-112292_JAY_ANNOTATION.png,"[14,4]",11.0
regenerated_new/6/H/case-112292_JAY_ANNOTATION.png,"[14,12]",10.29
regenerated_new/7/H/case-112292_JAY_ANNOTATION.png,"[10,12]",11.63
regenerated_new/8/H/case-112292_JAY_ANNOTATION.png,"[10,12]",18.65
regenerated_new/9/H/case-112292_JAY_ANNOTATION.png,"[10,12]",8.51
regenerated_new/12/H/case-112292_JAY_ANNOTATION.png,"[14,12]",10.57
regenerated_new/13/H/case-112292_JAY_ANNOTATION.png,"[14,12]",11.98
regenerated_new/14/H/case-112292_JAY_ANNOTATION.png,"[14,12]",12.96
regenerated_new/2/H/case-112297_JAY_ANNOTATION.png,"[14,12]",12.58
regenerated_new/3/H/case-112297_JAY_ANNOTATION.png,"[10,12]",17.16
regenerated_new/4/H/case-112297_JAY_ANNOTATION.png,"[10,12]",19.84
regenerated_new/5/H/case-112297_JAY_ANNOTATION.png,"[10,12]",20.1
regenerated_new/7/H/case-112297_JAY_ANNOTATION.png,"[14,12]",20.18
regenerated_new/8/H/case-112297_JAY_ANNOTATION.png,"[14,12]",21.63
regenerated_new/9/H/case-112297_JAY_ANNOTATION.png,"[14,12]",14.34
regenerated_new/12/H/case-112297_JAY_ANNOTATION.png,"[10,12]",19.4
regenerated_new/13/H/case-112297_JAY_ANNOTATION.png,"[10,12]",18.51
regenerated_new/14/H/case-112297_JAY_ANNOTATION.png,"[10,12]",15.7
regenerated_new/2/H/case-112348_JAY_ANNOTATION.png,"[14,4]",20.09
regenerated_new/3/H/case-112348_JAY_ANNOTATION.png,"[14,4]",19.86
regenerated_new/4/H/case-112348_JAY_ANNOTATION.png,"[14,12]",20.23
regenerated_new/5/H/case-112348_JAY_ANNOTATION.png,"[10,12]",19.1
regenerated_new/6/H/case-112348_JAY_ANNOTATION.png,"[14,12]",14.96
regenerated_new/7/H/case-112348_JAY_ANNOTATION.png,"[10,12]",19.08
regenerated_new/8/H/case-112348_JAY_ANNOTATION.png,"[10,12]",12.91
regenerated_new/9/H/case-112348_JAY_ANNOTATION.png,"[14,12]",10.25
regenerated_new/12/H/case-112348_JAY_ANNOTATION.png,"[10,12]",21.16
regenerated_new/13/H/case-112348_JAY_ANNOTATION.png,"[14,12]",13.03
regenerated_new/14/H/case-112348_JAY_ANNOTATION.png,"[14,12]",17.11
regenerated_new/2/H/case-112364_JAY_ANNOTATION.png,"[10,12]",12.5
regenerated_new/3/H/case-112364_JAY_ANNOTATION.png,"[10,12]",19.04
regenerated_new/4/H/case-112364_JAY_ANNOTATION.png,"[10,12]",19.88
regenerated_new/5/H/case-112364_JAY_ANNOTATION.png,"[10,12]",16.06
regenerated_new/6/H/case-112364_JAY_ANNOTATION.png,"[14,12]",20.18
regenerated_new/7/H/case-112364_JAY_ANNOTATION.png,"[10,12]",11.45
regenerated_new/8/H/case-112364_JAY_ANNOTATION.png,"[10,12]",15.71
regenerated_new/9/H/case-112364_JAY_ANNOTATION.png,"[14,12]",10.73
regenerated_new/12/H/case-112364_JAY_ANNOTATION.png,"[10,11]",14.37
regenerated_new/13/H/case-112364_JAY_ANNOTATION.png,"[10,12]",10.38
regenerated_new/14/H/case-112364_JAY_ANNOTATION.png,"[14,12]",16.16
regenerated_new/2/H/case-112387_JAY_ANNOTATION.png,"[14,12]",19.91
regenerated_new/3/H/case-112387_JAY_ANNOTATION.png,"[10,12]",19.83
regenerated_new/4/H/case-112387_JAY_ANNOTATION.png,"[10,12]",18.54
regenerated_new/5/H/case-112387_JAY_ANNOTATION.png,"[10,12]",12.76
regenerated_new/6/H/case-112387_JAY_ANNOTATION.png,"[10,12]",20.55
regenerated_new/7/H/case-112387_JAY_ANNOTATION.png,"[14,4]",16.19
regenerated_new/8/H/case-112387_JAY_ANNOTATION.png,"[10,12]",21.29
regenerated_new/9/H/case-112387_JAY_ANNOTATION.png,"[14,12]",23.21
regenerated_new/12/H/case-112387_JAY_ANNOTATION.png,"[14,12]",21.13
regenerated_new/13/H/case-112387_JAY_ANNOTATION.png,"[14,12]",13.47
regenerated_new/14/H/case-112387_JAY_ANNOTATION.png,"[14,12]",17.9
regenerated_new/2/H/case-112425_JAY_ANNOTATION.png,"[10,12]",12.03
regenerated_new/3/H/case-112425_JAY_ANNOTATION.png,"[14,4]",11.42
regenerated_new/4/H/case-112425_JAY_ANNOTATION.png,"[14,12]",10.55
regenerated_new/5/H/case-112425_JAY_ANNOTATION.png,"[10,12]",19.74
regenerated_new/6/H/case-112425_JAY_ANNOTATION.png,"[14,12]",10.81
regenerated_new/7/H/case-112425_JAY_ANNOTATION.png,"[14,12]",14.62
regenerated_new/8/H/case-112425_JAY_ANNOTATION.png,"[10,12]",11.79
regenerated_new/9/H/case-112425_JAY_ANNOTATION.png,"[10,12]",18.46
regenerated_new/12/H/case-112425_JAY_ANNOTATION.png,"[14,12]",10.73
regenerated_new/13/H/case-112425_JAY_ANNOTATION.png,"[10,12]",20.12
regenerated_new/14/H/case-112425_JAY_ANNOTATION.png,"[14,12]",13.65
regenerated_new/2/H/case-112437_JAY_ANNOTATION.png,"[14,12]",11.78
regenerated_new/3/H/case-112437_JAY_ANNOTATION.png,"[10,12]",10.47
regenerated_new/4/H/case-112437_JAY_ANNOTATION.png,"[10,12]",17.27
regenerated_new/5/H/case-112437_JAY_ANNOTATION.png,"[10,12]",17.56
regenerated_new/6/H/case-112437_JAY_ANNOTATION.png,"[14,12]",10.12
regenerated_new/7/H/case-112437_JAY_ANNOTATION.png,"[15,15]",20.03
regenerated_new/8/H/case-112437_JAY_ANNOTATION.png,"[14,12]",10.1
regenerated_new/9/H/case-112437_JAY_ANNOTATION.png,"[10,12]",8.68
regenerated_new/12/H/case-112437_JAY_ANNOTATION.png,"[10,12]",19.65
regenerated_new/13/H/case-112437_JAY_ANNOTATION.png,"[14,12]",10.54
regenerated_new/14/H/case-112437_JAY_ANNOTATION.png,"[10,12]",18.02
regenerated_new/2/H/case-112453_JAY_ANNOTATION.png,"[10,12]",11.38
regenerated_new/3/H/case-112453_JAY_ANNOTATION.png,"[14,12]",12.49
regenerated_new/4/H/case-112453_JAY_ANNOTATION.png,"[10,12]",17.89
regenerated_new/5/H/case-112453_JAY_ANNOTATION.png,"[10,12]",20.14
regenerated_new/6/H/case-112453_JAY_ANNOTATION.png,"[14,12]",21.33
regenerated_new/7/H/case-112453_JAY_ANNOTATION.png,"[14,12]",20.26
regenerated_new/8/H/case-112453_JAY_ANNOTATION.png,"[10,12]",14.22
regenerated_new/9/H/case-112453_JAY_ANNOTATION.png,"[14,12]",12.78
regenerated_new/12/H/case-112453_JAY_ANNOTATION.png,"[14,12]",13.89
regenerated_new/13/H/case-112453_JAY_ANNOTATION.png,"[10,12]",17.16
regenerated_new/14/H/case-112453_JAY_ANNOTATION.png,"[14,12]",13.56
regenerated_new/2/H/case-112536_JAY_ANNOTATION.png,"[14,12]",19.85
regenerated_new/3/H/case-112536_JAY_ANNOTATION.png,"[10,12]",19.75
regenerated_new/4/H/case-112536_JAY_ANNOTATION.png,"[14,4]",17.1
regenerated_new/5/H/case-112536_JAY_ANNOTATION.png,"[10,12]",9.92
regenerated_new/6/H/case-112536_JAY_ANNOTATION.png,"[10,12]",19.66
regenerated_new/7/H/case-112536_JAY_ANNOTATION.png,"[14,12]",20.21
regenerated_new/8/H/case-112536_JAY_ANNOTATION.png,"[10,12]",19.84
regenerated_new/9/H/case-112536_JAY_ANNOTATION.png,"[14,12]",14.16
regenerated_new/12/H/case-112536_JAY_ANNOTATION.png,"[14,12]",16.48
regenerated_new/13/H/case-112536_JAY_ANNOTATION.png,"[14,12]",23.25
regenerated_new/14/H/case-112536_JAY_ANNOTATION.png,"[14,12]",15.94
regenerated_new/2/H/case-112545_JAY_ANNOTATION.png,"[10,12]",11.44
regenerated_new/3/H/case-112545_JAY_ANNOTATION.png,"[14,12]",12.91
regenerated_new/4/H/case-112545_JAY_ANNOTATION.png,"[10,12]",15.93
regenerated_new/5/H/case-112545_JAY_ANNOTATION.png,"[14,12]",12.25
regenerated_new/6/H/case-112545_JAY_ANNOTATION.png,"[10,12]",15.5
regenerated_new/7/H/case-112545_JAY_ANNOTATION.png,"[14,12]",20.16
regenerated_new/8/H/case-112545_JAY_ANNOTATION.png,"[10,12]",16.82
regenerated_new/9/H/case-112545_JAY_ANNOTATION.png,"[14,12]",16.82
regenerated_new/12/H/case-112545_JAY_ANNOTATION.png,"[10,12]",11.43
regenerated_new/13/H/case-112545_JAY_ANNOTATION.png,"[10,12]",11.79
regenerated_new/14/H/case-112545_JAY_ANNOTATION.png,"[14,12]",15.54
regenerated_new/2/H/case-112559_JAY_ANNOTATION.png,"[14,12]",10.5
regenerated_new/3/H/case-112559_JAY_ANNOTATION.png,"[14,4]",17.76
regenerated_new/4/H/case-112559_JAY_ANNOTATION.png,"[10,12]",11.1
regenerated_new/5/H/case-112559_JAY_ANNOTATION.png,"[10,12]",19.68
regenerated_new/6/H/case-112559_JAY_ANNOTATION.png,"[14,12]",17.71
regenerated_new/7/H/case-112559_JAY_ANNOTATION.png,"[14,12]",20.23
regenerated_new/8/H/case-112559_JAY_ANNOTATION.png,"[10,12]",11.17
regenerated_new/9/H/case-112559_JAY_ANNOTATION.png,"[14,12]",16.3
regenerated_new/12/H/case-112559_JAY_ANNOTATION.png,"[14,12]",14.2
regenerated_new/13/H/case-112559_JAY_ANNOTATION.png,"[14,12]",14.18
regenerated_new/14/H/case-112559_JAY_ANNOTATION.png,"[10,12]",18.97
