filename,output,inference_time_sec
regenerated_new/1/H/case-100114_JAY_ANNOTATION.png,"[1,10]",1.64
regenerated_new/2/H/case-100114_JAY_ANNOTATION.png,"[2,10]",0.99
regenerated_new/3/H/case-100114_JAY_ANNOTATION.png,"[3,10]",0.99
regenerated_new/4/H/case-100114_JAY_ANNOTATION.png,"[4,12]",0.99
regenerated_new/5/H/case-100114_JAY_ANNOTATION.png,"[5,13]",0.98
regenerated_new/6/H/case-100114_JAY_ANNOTATION.png,"[2,6]",0.86
regenerated_new/9/H/case-100114_JAY_ANNOTATION.png,"[14,9]",0.99
regenerated_new/10/H/case-100114_JAY_ANNOTATION.png,"[10,11]",1.11
regenerated_new/11/H/case-100114_JAY_ANNOTATION.png,"[11,12]",1.11
regenerated_new/12/H/case-100114_JAY_ANNOTATION.png,"[12,4]",0.99
regenerated_new/13/H/case-100114_JAY_ANNOTATION.png,"[5,13]",0.99
regenerated_new/1/H/case-100129_JAY_ANNOTATION.png,"[1,10]",0.99
regenerated_new/2/H/case-100129_JAY_ANNOTATION.png,"[2,10]",0.99
regenerated_new/3/H/case-100129_JAY_ANNOTATION.png,"[3,10]",0.99
regenerated_new/4/H/case-100129_JAY_ANNOTATION.png,"[4,12]",0.98
regenerated_new/5/H/case-100129_JAY_ANNOTATION.png,"[5,13]",0.98
regenerated_new/10/H/case-100129_JAY_ANNOTATION.png,"[10,11]",1.11
regenerated_new/11/H/case-100129_JAY_ANNOTATION.png,"[11,12]",1.11
regenerated_new/12/H/case-100129_JAY_ANNOTATION.png,"[4,12]",0.98
regenerated_new/13/H/case-100129_JAY_ANNOTATION.png,"[13,14]",1.11
regenerated_new/14/H/case-100129_JAY_ANNOTATION.png,"[14,9]",0.99
regenerated_new/1/H/case-100164_JAY_ANNOTATION.png,"[1,10]",0.98
regenerated_new/2/H/case-100164_JAY_ANNOTATION.png,"[2,10]",0.98
regenerated_new/3/H/case-100164_JAY_ANNOTATION.png,"[3,10]",0.98
regenerated_new/4/H/case-100164_JAY_ANNOTATION.png,"[4,12]",0.99
regenerated_new/5/H/case-100164_JAY_ANNOTATION.png,"[5,13]",0.99
regenerated_new/10/H/case-100164_JAY_ANNOTATION.png,"[10,11]",1.1
regenerated_new/11/H/case-100164_JAY_ANNOTATION.png,"[11,10]",1.1
regenerated_new/12/H/case-100164_JAY_ANNOTATION.png,"[12,4]",0.98
regenerated_new/13/H/case-100164_JAY_ANNOTATION.png,"[5,13]",0.99
regenerated_new/14/H/case-100164_JAY_ANNOTATION.png,"[14,9]",0.99
regenerated_new/1/H/case-100229_JAY_ANNOTATION.png,"[1,10]",0.98
regenerated_new/2/H/case-100229_JAY_ANNOTATION.png,"[2,4]",0.86
regenerated_new/3/H/case-100229_JAY_ANNOTATION.png,"[3,10]",0.98
regenerated_new/4/H/case-100229_JAY_ANNOTATION.png,"[4,12]",0.99
regenerated_new/5/H/case-100229_JAY_ANNOTATION.png,"[13,5]",0.98
regenerated_new/10/H/case-100229_JAY_ANNOTATION.png,"[10,11]",1.1
regenerated_new/11/H/case-100229_JAY_ANNOTATION.png,"[11,10]",1.11
regenerated_new/12/H/case-100229_JAY_ANNOTATION.png,"[4,12]",0.98
regenerated_new/13/H/case-100229_JAY_ANNOTATION.png,"[13,5]",0.99
regenerated_new/1/H/case-100245_JAY_ANNOTATION.png,"[1,10]",0.99
regenerated_new/2/H/case-100245_JAY_ANNOTATION.png,"[2,10]",0.98
regenerated_new/3/H/case-100245_JAY_ANNOTATION.png,"[3,10]",0.99
regenerated_new/4/H/case-100245_JAY_ANNOTATION.png,"[4,2]",0.86
regenerated_new/5/H/case-100245_JAY_ANNOTATION.png,"[5,13]",0.98
regenerated_new/10/H/case-100245_JAY_ANNOTATION.png,"[10,11]",1.1
regenerated_new/11/H/case-100245_JAY_ANNOTATION.png,"[11,10]",1.11
regenerated_new/12/H/case-100245_JAY_ANNOTATION.png,"[12,14]",1.11
regenerated_new/13/H/case-100245_JAY_ANNOTATION.png,"[5,13]",0.98
regenerated_new/1/H/case-100247_JAY_ANNOTATION.png,"[1,10]",0.99
regenerated_new/2/H/case-100247_JAY_ANNOTATION.png,"[2,10]",0.98
regenerated_new/3/H/case-100247_JAY_ANNOTATION.png,"[3,10]",0.99
regenerated_new/4/H/case-100247_JAY_ANNOTATION.png,"[4,2]",0.86
regenerated_new/5/H/case-100247_JAY_ANNOTATION.png,"[13,5]",0.98
regenerated_new/10/H/case-100247_JAY_ANNOTATION.png,"[10,11]",1.1
regenerated_new/11/H/case-100247_JAY_ANNOTATION.png,"[11,12]",1.11
regenerated_new/12/H/case-100247_JAY_ANNOTATION.png,"[12,4]",0.98
regenerated_new/13/H/case-100247_JAY_ANNOTATION.png,"[13,14]",1.11
regenerated_new/14/H/case-100247_JAY_ANNOTATION.png,"[14,13]",1.11
regenerated_new/1/H/case-100254_JAY_ANNOTATION.png,"[1,10]",0.99
regenerated_new/2/H/case-100254_JAY_ANNOTATION.png,"[2,10]",0.98
regenerated_new/3/H/case-100254_JAY_ANNOTATION.png,"[3,10]",0.99
regenerated_new/5/H/case-100254_JAY_ANNOTATION.png,"[5,13]",0.98
regenerated_new/10/H/case-100254_JAY_ANNOTATION.png,"[10,11]",1.11
regenerated_new/11/H/case-100254_JAY_ANNOTATION.png,"[11,12]",1.11
regenerated_new/12/H/case-100254_JAY_ANNOTATION.png,"[12,4]",0.98
regenerated_new/13/H/case-100254_JAY_ANNOTATION.png,"[13,5]",0.99
regenerated_new/14/H/case-100254_JAY_ANNOTATION.png,"[14,13]",1.11
regenerated_new/1/H/case-100265_JAY_ANNOTATION.png,"[1,10]",0.99
regenerated_new/2/H/case-100265_JAY_ANNOTATION.png,"[2,4]",0.86
regenerated_new/3/H/case-100265_JAY_ANNOTATION.png,"[3,10]",0.98
regenerated_new/4/H/case-100265_JAY_ANNOTATION.png,"[4,12]",0.98
regenerated_new/5/H/case-100265_JAY_ANNOTATION.png,"[5,13]",0.98
regenerated_new/10/H/case-100265_JAY_ANNOTATION.png,"[11,10]",1.11
regenerated_new/11/H/case-100265_JAY_ANNOTATION.png,"[11,12]",1.11
regenerated_new/12/H/case-100265_JAY_ANNOTATION.png,"[12,14]",1.11
regenerated_new/13/H/case-100265_JAY_ANNOTATION.png,"[13,9]",0.98
regenerated_new/14/H/case-100265_JAY_ANNOTATION.png,"[14,13]",1.11
regenerated_new/1/H/case-100304_JAY_ANNOTATION.png,"[1,10]",0.99
regenerated_new/2/H/case-100304_JAY_ANNOTATION.png,"[2,10]",0.99
regenerated_new/3/H/case-100304_JAY_ANNOTATION.png,"[3,10]",0.99
regenerated_new/4/H/case-100304_JAY_ANNOTATION.png,"[4,12]",0.98
regenerated_new/5/H/case-100304_JAY_ANNOTATION.png,"[13,5]",0.99
regenerated_new/10/H/case-100304_JAY_ANNOTATION.png,"[10,11]",1.11
regenerated_new/11/H/case-100304_JAY_ANNOTATION.png,"[11,12]",1.11
regenerated_new/12/H/case-100304_JAY_ANNOTATION.png,"[12,14]",1.11
regenerated_new/13/H/case-100304_JAY_ANNOTATION.png,"[13,5]",0.98
regenerated_new/14/H/case-100304_JAY_ANNOTATION.png,"[14,9]",0.99
regenerated_new/1/H/case-100308_JAY_ANNOTATION.png,"[1,10]",0.99
regenerated_new/2/H/case-100308_JAY_ANNOTATION.png,"[2,4]",0.86
regenerated_new/3/H/case-100308_JAY_ANNOTATION.png,"[3,10]",0.98
regenerated_new/4/H/case-100308_JAY_ANNOTATION.png,"[4,12]",0.98
regenerated_new/5/H/case-100308_JAY_ANNOTATION.png,"[5,13]",0.98
regenerated_new/9/H/case-100308_JAY_ANNOTATION.png,"[14,9]",0.98
regenerated_new/10/H/case-100308_JAY_ANNOTATION.png,"[10,11]",1.11
regenerated_new/11/H/case-100308_JAY_ANNOTATION.png,"[11,12]",1.11
regenerated_new/12/H/case-100308_JAY_ANNOTATION.png,"[4,12]",0.98
regenerated_new/13/H/case-100308_JAY_ANNOTATION.png,"[5,13]",0.98
regenerated_new/14/H/case-100308_JAY_ANNOTATION.png,"[14,13]",1.11
regenerated_new/1/H/case-100359_JAY_ANNOTATION.png,"[1,10]",0.98
regenerated_new/2/H/case-100359_JAY_ANNOTATION.png,"[2,10]",0.98
regenerated_new/3/H/case-100359_JAY_ANNOTATION.png,"[3,10]",0.98
regenerated_new/5/H/case-100359_JAY_ANNOTATION.png,"[5,13]",0.98
regenerated_new/10/H/case-100359_JAY_ANNOTATION.png,"[11,10]",1.11
regenerated_new/11/H/case-100359_JAY_ANNOTATION.png,"[11,10]",1.11
regenerated_new/12/H/case-100359_JAY_ANNOTATION.png,"[12,4]",0.99
regenerated_new/13/H/case-100359_JAY_ANNOTATION.png,"[13,14]",1.11
regenerated_new/14/H/case-100359_JAY_ANNOTATION.png,"[14,13]",1.1
regenerated_new/1/H/case-100366_JAY_ANNOTATION.png,"[1,10]",0.98
regenerated_new/2/H/case-100366_JAY_ANNOTATION.png,"[2,10]",0.98
regenerated_new/3/H/case-100366_JAY_ANNOTATION.png,"[3,10]",0.98
regenerated_new/10/H/case-100366_JAY_ANNOTATION.png,"[11,10]",1.11
regenerated_new/11/H/case-100366_JAY_ANNOTATION.png,"[11,10]",1.11
regenerated_new/12/H/case-100366_JAY_ANNOTATION.png,"[12,4]",0.98
regenerated_new/1/H/case-100369_JAY_ANNOTATION.png,"[1,10]",0.98
regenerated_new/2/H/case-100369_JAY_ANNOTATION.png,"[2,4]",0.86
regenerated_new/3/H/case-100369_JAY_ANNOTATION.png,"[3,10]",0.98
regenerated_new/4/H/case-100369_JAY_ANNOTATION.png,"[4,6]",0.86
regenerated_new/5/H/case-100369_JAY_ANNOTATION.png,"[5,13]",0.98
regenerated_new/8/H/case-100369_JAY_ANNOTATION.png,"[13,8]",0.99
regenerated_new/10/H/case-100369_JAY_ANNOTATION.png,"[11,10]",1.1
regenerated_new/11/H/case-100369_JAY_ANNOTATION.png,"[11,12]",1.1
regenerated_new/12/H/case-100369_JAY_ANNOTATION.png,"[12,4]",0.98
regenerated_new/13/H/case-100369_JAY_ANNOTATION.png,"[13,14]",1.11
regenerated_new/1/H/case-100371_JAY_ANNOTATION.png,"[1,10]",0.98
regenerated_new/2/H/case-100371_JAY_ANNOTATION.png,"[2,10]",0.99
regenerated_new/3/H/case-100371_JAY_ANNOTATION.png,"[3,10]",0.98
regenerated_new/4/H/case-100371_JAY_ANNOTATION.png,"[4,12]",0.98
regenerated_new/5/H/case-100371_JAY_ANNOTATION.png,"[5,13]",0.98
regenerated_new/9/H/case-100371_JAY_ANNOTATION.png,"[14,9]",0.98
regenerated_new/10/H/case-100371_JAY_ANNOTATION.png,"[10,11]",1.1
regenerated_new/11/H/case-100371_JAY_ANNOTATION.png,"[11,10]",1.11
regenerated_new/12/H/case-100371_JAY_ANNOTATION.png,"[4,12]",0.98
regenerated_new/13/H/case-100371_JAY_ANNOTATION.png,"[5,13]",0.98
regenerated_new/14/H/case-100371_JAY_ANNOTATION.png,"[14,9]",0.99
regenerated_new/1/H/case-100515_JAY_ANNOTATION.png,"[1,10]",0.98
regenerated_new/2/H/case-100515_JAY_ANNOTATION.png,"[2,10]",0.98
regenerated_new/3/H/case-100515_JAY_ANNOTATION.png,"[3,10]",0.98
regenerated_new/4/H/case-100515_JAY_ANNOTATION.png,"[4,12]",0.98
regenerated_new/5/H/case-100515_JAY_ANNOTATION.png,"[5,13]",0.98
regenerated_new/6/H/case-100515_JAY_ANNOTATION.png,"[6,12]",0.98
regenerated_new/10/H/case-100515_JAY_ANNOTATION.png,"[10,11]",1.11
regenerated_new/11/H/case-100515_JAY_ANNOTATION.png,"[11,10]",1.11
regenerated_new/12/H/case-100515_JAY_ANNOTATION.png,"[12,4]",0.98
regenerated_new/13/H/case-100515_JAY_ANNOTATION.png,"[13,5]",0.98
regenerated_new/14/H/case-100515_JAY_ANNOTATION.png,"[14,13]",1.11
regenerated_new/1/H/case-100518_JAY_ANNOTATION.png,"[1,10]",0.98
regenerated_new/2/H/case-100518_JAY_ANNOTATION.png,"[2,10]",0.98
regenerated_new/3/H/case-100518_JAY_ANNOTATION.png,"[3,10]",0.98
regenerated_new/4/H/case-100518_JAY_ANNOTATION.png,"[4,12]",0.98
regenerated_new/5/H/case-100518_JAY_ANNOTATION.png,"[13,5]",0.98
regenerated_new/10/H/case-100518_JAY_ANNOTATION.png,"[10,11]",1.11
regenerated_new/11/H/case-100518_JAY_ANNOTATION.png,"[11,12]",1.11
regenerated_new/12/H/case-100518_JAY_ANNOTATION.png,"[12,4]",0.98
regenerated_new/13/H/case-100518_JAY_ANNOTATION.png,"[13,14]",1.11
regenerated_new/14/H/case-100518_JAY_ANNOTATION.png,"[14,9]",0.98
regenerated_new/1/H/case-100541_JAY_ANNOTATION.png,"[1,10]",0.98
regenerated_new/2/H/case-100541_JAY_ANNOTATION.png,"[2,10]",0.98
regenerated_new/3/H/case-100541_JAY_ANNOTATION.png,"[3,10]",0.98
regenerated_new/4/H/case-100541_JAY_ANNOTATION.png,"[4,12]",0.98
regenerated_new/10/H/case-100541_JAY_ANNOTATION.png,"[11,10]",1.11
regenerated_new/11/H/case-100541_JAY_ANNOTATION.png,"[11,10]",1.11
regenerated_new/12/H/case-100541_JAY_ANNOTATION.png,"[12,4]",0.98
regenerated_new/13/H/case-100541_JAY_ANNOTATION.png,"[13,5]",0.98
regenerated_new/14/H/case-100541_JAY_ANNOTATION.png,"[14,13]",1.1
regenerated_new/1/H/case-100585_JAY_ANNOTATION.png,"[1,10]",0.99
regenerated_new/2/H/case-100585_JAY_ANNOTATION.png,"[2,10]",0.98
regenerated_new/3/H/case-100585_JAY_ANNOTATION.png,"[3,10]",0.99
regenerated_new/5/H/case-100585_JAY_ANNOTATION.png,"[13,5]",0.98
regenerated_new/10/H/case-100585_JAY_ANNOTATION.png,"[10,11]",1.11
regenerated_new/11/H/case-100585_JAY_ANNOTATION.png,"[11,12]",1.11
regenerated_new/12/H/case-100585_JAY_ANNOTATION.png,"[12,14]",1.11
regenerated_new/13/H/case-100585_JAY_ANNOTATION.png,"[13,11]",1.11
regenerated_new/1/H/case-100591_JAY_ANNOTATION.png,"[1,10]",0.98
regenerated_new/2/H/case-100591_JAY_ANNOTATION.png,"[2,4]",0.86
regenerated_new/3/H/case-100591_JAY_ANNOTATION.png,"[3,10]",0.98
regenerated_new/4/H/case-100591_JAY_ANNOTATION.png,"[4,12]",0.99
regenerated_new/5/H/case-100591_JAY_ANNOTATION.png,"[5,13]",0.98
regenerated_new/10/H/case-100591_JAY_ANNOTATION.png,"[10,11]",1.11
regenerated_new/11/H/case-100591_JAY_ANNOTATION.png,"[11,12]",1.11
regenerated_new/12/H/case-100591_JAY_ANNOTATION.png,"[12,14]",1.11
regenerated_new/13/H/case-100591_JAY_ANNOTATION.png,"[13,14]",1.11
regenerated_new/14/H/case-100591_JAY_ANNOTATION.png,"[14,13]",1.1
regenerated_new/1/H/case-100702_JAY_ANNOTATION.png,"[1,10]",0.98
regenerated_new/2/H/case-100702_JAY_ANNOTATION.png,"[2,10]",0.98
regenerated_new/3/H/case-100702_JAY_ANNOTATION.png,"[3,10]",0.98
regenerated_new/4/H/case-100702_JAY_ANNOTATION.png,"[4,12]",0.98
regenerated_new/5/H/case-100702_JAY_ANNOTATION.png,"[5,13]",0.98
regenerated_new/10/H/case-100702_JAY_ANNOTATION.png,"[11,10]",1.11
regenerated_new/11/H/case-100702_JAY_ANNOTATION.png,"[11,10]",1.11
regenerated_new/13/H/case-100702_JAY_ANNOTATION.png,"[13,9]",0.99
regenerated_new/14/H/case-100702_JAY_ANNOTATION.png,"[14,13]",1.11
regenerated_new/1/H/case-100770_JAY_ANNOTATION.png,"[1,10]",0.99
regenerated_new/2/H/case-100770_JAY_ANNOTATION.png,"[2,4]",0.86
regenerated_new/3/H/case-100770_JAY_ANNOTATION.png,"[3,10]",0.99
regenerated_new/4/H/case-100770_JAY_ANNOTATION.png,"[4,12]",0.98
regenerated_new/5/H/case-100770_JAY_ANNOTATION.png,"[5,13]",0.99
regenerated_new/10/H/case-100770_JAY_ANNOTATION.png,"[10,11]",1.11
regenerated_new/11/H/case-100770_JAY_ANNOTATION.png,"[11,12]",1.11
regenerated_new/12/H/case-100770_JAY_ANNOTATION.png,"[12,4]",0.99
regenerated_new/13/H/case-100770_JAY_ANNOTATION.png,"[13,14]",1.11
regenerated_new/14/H/case-100770_JAY_ANNOTATION.png,"[14,13]",1.11
regenerated_new/1/H/case-100779_JAY_ANNOTATION.png,"[1,10]",0.99
regenerated_new/2/H/case-100779_JAY_ANNOTATION.png,"[2,10]",0.99
regenerated_new/3/H/case-100779_JAY_ANNOTATION.png,"[3,10]",0.99
regenerated_new/4/H/case-100779_JAY_ANNOTATION.png,"[4,12]",0.99
regenerated_new/10/H/case-100779_JAY_ANNOTATION.png,"[10,11]",1.11
regenerated_new/11/H/case-100779_JAY_ANNOTATION.png,"[11,12]",1.11
regenerated_new/12/H/case-100779_JAY_ANNOTATION.png,"[12,4]",0.99
regenerated_new/13/H/case-100779_JAY_ANNOTATION.png,"[13,5]",0.99
regenerated_new/14/H/case-100779_JAY_ANNOTATION.png,"[14,12]",1.11
regenerated_new/1/H/case-100863_JAY_ANNOTATION.png,"[1,10]",0.99
regenerated_new/2/H/case-100863_JAY_ANNOTATION.png,"[2,4]",0.86
regenerated_new/3/H/case-100863_JAY_ANNOTATION.png,"[3,10]",0.99
regenerated_new/4/H/case-100863_JAY_ANNOTATION.png,"[4,2]",0.86
regenerated_new/5/H/case-100863_JAY_ANNOTATION.png,"[5,13]",0.99
regenerated_new/10/H/case-100863_JAY_ANNOTATION.png,"[11,10]",1.11
regenerated_new/11/H/case-100863_JAY_ANNOTATION.png,"[11,10]",1.11
regenerated_new/12/H/case-100863_JAY_ANNOTATION.png,"[12,4]",0.99
regenerated_new/13/H/case-100863_JAY_ANNOTATION.png,"[13,14]",1.11
regenerated_new/14/H/case-100863_JAY_ANNOTATION.png,"[14,13]",1.11
regenerated_new/1/H/case-100915_JAY_ANNOTATION.png,"[1,10]",0.99
regenerated_new/2/H/case-100915_JAY_ANNOTATION.png,"[2,4]",0.86
regenerated_new/3/H/case-100915_JAY_ANNOTATION.png,"[3,10]",0.99
regenerated_new/4/H/case-100915_JAY_ANNOTATION.png,"[4,12]",0.99
regenerated_new/5/H/case-100915_JAY_ANNOTATION.png,"[13,5]",0.99
regenerated_new/10/H/case-100915_JAY_ANNOTATION.png,"[10,11]",1.11
regenerated_new/11/H/case-100915_JAY_ANNOTATION.png,"[11,10]",1.11
regenerated_new/12/H/case-100915_JAY_ANNOTATION.png,"[12,14]",1.11
regenerated_new/13/H/case-100915_JAY_ANNOTATION.png,"[13,14]",1.11
regenerated_new/14/H/case-100915_JAY_ANNOTATION.png,"[14,13]",1.11
regenerated_new/1/H/case-100917_JAY_ANNOTATION.png,"[1,10]",0.99
regenerated_new/2/H/case-100917_JAY_ANNOTATION.png,"[2,10]",0.99
regenerated_new/3/H/case-100917_JAY_ANNOTATION.png,"[3,10]",0.99
regenerated_new/4/H/case-100917_JAY_ANNOTATION.png,"[4,12]",0.99
regenerated_new/5/H/case-100917_JAY_ANNOTATION.png,"[5,13]",0.98
regenerated_new/6/H/case-100917_JAY_ANNOTATION.png,"[14,6]",0.99
regenerated_new/10/H/case-100917_JAY_ANNOTATION.png,"[10,11]",1.11
regenerated_new/11/H/case-100917_JAY_ANNOTATION.png,"[11,12]",1.11
regenerated_new/12/H/case-100917_JAY_ANNOTATION.png,"[12,14]",1.11
regenerated_new/13/H/case-100917_JAY_ANNOTATION.png,"[13,14]",1.11
regenerated_new/1/H/case-101045_JAY_ANNOTATION.png,"[1,10]",0.99
regenerated_new/2/H/case-101045_JAY_ANNOTATION.png,"[2,4]",0.86
regenerated_new/3/H/case-101045_JAY_ANNOTATION.png,"[3,10]",0.99
regenerated_new/4/H/case-101045_JAY_ANNOTATION.png,"[4,12]",0.99
regenerated_new/5/H/case-101045_JAY_ANNOTATION.png,"[5,13]",0.99
regenerated_new/10/H/case-101045_JAY_ANNOTATION.png,"[11,10]",1.12
regenerated_new/11/H/case-101045_JAY_ANNOTATION.png,"[11,12]",1.11
regenerated_new/12/H/case-101045_JAY_ANNOTATION.png,"[4,12]",0.99
regenerated_new/13/H/case-101045_JAY_ANNOTATION.png,"[13,6]",0.99
regenerated_new/14/H/case-101045_JAY_ANNOTATION.png,"[14,13]",1.11
regenerated_new/1/H/case-101074_JAY_ANNOTATION.png,"[1,10]",0.99
regenerated_new/2/H/case-101074_JAY_ANNOTATION.png,"[2,10]",0.98
regenerated_new/3/H/case-101074_JAY_ANNOTATION.png,"[3,10]",0.99
regenerated_new/4/H/case-101074_JAY_ANNOTATION.png,"[12,4]",0.99
regenerated_new/5/H/case-101074_JAY_ANNOTATION.png,"[5,13]",0.99
regenerated_new/10/H/case-101074_JAY_ANNOTATION.png,"[11,10]",1.11
regenerated_new/11/H/case-101074_JAY_ANNOTATION.png,"[11,12]",1.11
regenerated_new/12/H/case-101074_JAY_ANNOTATION.png,"[12,14]",1.11
regenerated_new/13/H/case-101074_JAY_ANNOTATION.png,"[13,5]",0.99
regenerated_new/14/H/case-101074_JAY_ANNOTATION.png,"[14,13]",1.11
regenerated_new/1/H/case-101133_JAY_ANNOTATION.png,"[1,10]",0.99
regenerated_new/2/H/case-101133_JAY_ANNOTATION.png,"[2,10]",0.99
regenerated_new/3/H/case-101133_JAY_ANNOTATION.png,"[3,10]",0.99
regenerated_new/4/H/case-101133_JAY_ANNOTATION.png,"[4,12]",0.99
regenerated_new/5/H/case-101133_JAY_ANNOTATION.png,"[5,13]",0.99
regenerated_new/9/H/case-101133_JAY_ANNOTATION.png,"[12,9]",0.99
regenerated_new/10/H/case-101133_JAY_ANNOTATION.png,"[10,11]",1.11
regenerated_new/11/H/case-101133_JAY_ANNOTATION.png,"[11,10]",1.11
regenerated_new/12/H/case-101133_JAY_ANNOTATION.png,"[12,14]",1.11
regenerated_new/13/H/case-101133_JAY_ANNOTATION.png,"[13,14]",1.11
regenerated_new/14/H/case-101133_JAY_ANNOTATION.png,"[14,9]",0.99
regenerated_new/1/H/case-101195_JAY_ANNOTATION.png,"[1,10]",0.99
regenerated_new/2/H/case-101195_JAY_ANNOTATION.png,"[2,10]",0.98
regenerated_new/3/H/case-101195_JAY_ANNOTATION.png,"[3,10]",0.99
regenerated_new/4/H/case-101195_JAY_ANNOTATION.png,"[4,12]",0.99
regenerated_new/5/H/case-101195_JAY_ANNOTATION.png,"[13,5]",0.99
regenerated_new/10/H/case-101195_JAY_ANNOTATION.png,"[10,11]",1.11
regenerated_new/11/H/case-101195_JAY_ANNOTATION.png,"[11,12]",1.11
regenerated_new/12/H/case-101195_JAY_ANNOTATION.png,"[4,12]",0.99
regenerated_new/13/H/case-101195_JAY_ANNOTATION.png,"[13,5]",0.99
regenerated_new/14/H/case-101195_JAY_ANNOTATION.png,"[14,9]",0.99
regenerated_new/1/H/case-101206_JAY_ANNOTATION.png,"[1,10]",0.99
regenerated_new/2/H/case-101206_JAY_ANNOTATION.png,"[2,4]",0.86
regenerated_new/3/H/case-101206_JAY_ANNOTATION.png,"[3,10]",0.99
regenerated_new/4/H/case-101206_JAY_ANNOTATION.png,"[4,12]",0.99
regenerated_new/5/H/case-101206_JAY_ANNOTATION.png,"[5,13]",0.99
regenerated_new/10/H/case-101206_JAY_ANNOTATION.png,"[10,11]",1.11
regenerated_new/11/H/case-101206_JAY_ANNOTATION.png,"[11,10]",1.11
regenerated_new/12/H/case-101206_JAY_ANNOTATION.png,"[4,12]",0.99
regenerated_new/13/H/case-101206_JAY_ANNOTATION.png,"[13,5]",0.98
regenerated_new/14/H/case-101206_JAY_ANNOTATION.png,"[14,13]",1.11
regenerated_new/1/H/case-101362_JAY_ANNOTATION.png,"[1,10]",0.99
regenerated_new/2/H/case-101362_JAY_ANNOTATION.png,"[2,10]",0.99
regenerated_new/3/H/case-101362_JAY_ANNOTATION.png,"[3,10]",0.99
regenerated_new/4/H/case-101362_JAY_ANNOTATION.png,"[4,12]",0.98
regenerated_new/5/H/case-101362_JAY_ANNOTATION.png,"[13,5]",0.99
regenerated_new/10/H/case-101362_JAY_ANNOTATION.png,"[10,11]",1.11
regenerated_new/11/H/case-101362_JAY_ANNOTATION.png,"[11,12]",1.11
regenerated_new/12/H/case-101362_JAY_ANNOTATION.png,"[12,14]",1.11
regenerated_new/13/H/case-101362_JAY_ANNOTATION.png,"[13,5]",0.99
regenerated_new/14/H/case-101362_JAY_ANNOTATION.png,"[14,13]",1.11
regenerated_new/1/H/case-101367_JAY_ANNOTATION.png,"[1,10]",0.99
regenerated_new/2/H/case-101367_JAY_ANNOTATION.png,"[2,4]",0.86
regenerated_new/3/H/case-101367_JAY_ANNOTATION.png,"[3,10]",0.99
regenerated_new/4/H/case-101367_JAY_ANNOTATION.png,"[4,12]",0.99
regenerated_new/6/H/case-101367_JAY_ANNOTATION.png,"[6,12]",0.99
regenerated_new/10/H/case-101367_JAY_ANNOTATION.png,"[10,11]",1.11
regenerated_new/11/H/case-101367_JAY_ANNOTATION.png,"[11,10]",1.11
regenerated_new/12/H/case-101367_JAY_ANNOTATION.png,"[4,12]",0.99
regenerated_new/13/H/case-101367_JAY_ANNOTATION.png,"[13,5]",0.99
regenerated_new/14/H/case-101367_JAY_ANNOTATION.png,"[14,13]",1.11
regenerated_new/1/H/case-101409_JAY_ANNOTATION.png,"[1,10]",0.99
regenerated_new/2/H/case-101409_JAY_ANNOTATION.png,"[2,10]",0.99
regenerated_new/3/H/case-101409_JAY_ANNOTATION.png,"[3,10]",0.99
regenerated_new/4/H/case-101409_JAY_ANNOTATION.png,"[4,12]",0.99
regenerated_new/5/H/case-101409_JAY_ANNOTATION.png,"[5,13]",0.99
regenerated_new/10/H/case-101409_JAY_ANNOTATION.png,"[10,11]",1.11
regenerated_new/11/H/case-101409_JAY_ANNOTATION.png,"[11,12]",1.11
regenerated_new/12/H/case-101409_JAY_ANNOTATION.png,"[12,14]",1.11
regenerated_new/13/H/case-101409_JAY_ANNOTATION.png,"[13,5]",0.99
regenerated_new/14/H/case-101409_JAY_ANNOTATION.png,"[14,12]",1.11
regenerated_new/1/H/case-101413_JAY_ANNOTATION.png,"[1,10]",0.99
regenerated_new/2/H/case-101413_JAY_ANNOTATION.png,"[2,10]",0.99
regenerated_new/3/H/case-101413_JAY_ANNOTATION.png,"[3,10]",0.99
regenerated_new/4/H/case-101413_JAY_ANNOTATION.png,"[4,12]",0.99
regenerated_new/5/H/case-101413_JAY_ANNOTATION.png,"[5,13]",0.99
regenerated_new/10/H/case-101413_JAY_ANNOTATION.png,"[10,11]",1.11
regenerated_new/11/H/case-101413_JAY_ANNOTATION.png,"[11,12]",1.11
regenerated_new/12/H/case-101413_JAY_ANNOTATION.png,"[12,4]",0.99
regenerated_new/13/H/case-101413_JAY_ANNOTATION.png,"[13,5]",0.99
regenerated_new/14/H/case-101413_JAY_ANNOTATION.png,"[14,9]",0.99
regenerated_new/1/H/case-101447_JAY_ANNOTATION.png,"[1,10]",0.99
regenerated_new/2/H/case-101447_JAY_ANNOTATION.png,"[2,10]",0.99
regenerated_new/3/H/case-101447_JAY_ANNOTATION.png,"[3,10]",0.99
regenerated_new/4/H/case-101447_JAY_ANNOTATION.png,"[4,12]",0.99
regenerated_new/5/H/case-101447_JAY_ANNOTATION.png,"[13,5]",0.99
regenerated_new/8/H/case-101447_JAY_ANNOTATION.png,"[13,8]",0.99
regenerated_new/10/H/case-101447_JAY_ANNOTATION.png,"[10,11]",1.11
regenerated_new/11/H/case-101447_JAY_ANNOTATION.png,"[11,12]",1.11
regenerated_new/12/H/case-101447_JAY_ANNOTATION.png,"[4,12]",0.99
regenerated_new/13/H/case-101447_JAY_ANNOTATION.png,"[13,14]",1.11
regenerated_new/14/H/case-101447_JAY_ANNOTATION.png,"[14,13]",1.11
regenerated_new/1/H/case-101510_JAY_ANNOTATION.png,"[1,10]",0.99
regenerated_new/2/H/case-101510_JAY_ANNOTATION.png,"[2,4]",0.86
regenerated_new/3/H/case-101510_JAY_ANNOTATION.png,"[3,10]",0.99
regenerated_new/4/H/case-101510_JAY_ANNOTATION.png,"[4,12]",0.99
regenerated_new/5/H/case-101510_JAY_ANNOTATION.png,"[5,13]",0.99
regenerated_new/10/H/case-101510_JAY_ANNOTATION.png,"[10,11]",1.11
regenerated_new/11/H/case-101510_JAY_ANNOTATION.png,"[11,10]",1.11
regenerated_new/12/H/case-101510_JAY_ANNOTATION.png,"[4,12]",0.99
regenerated_new/13/H/case-101510_JAY_ANNOTATION.png,"[13,14]",1.11
regenerated_new/14/H/case-101510_JAY_ANNOTATION.png,"[14,13]",1.11
regenerated_new/1/H/case-101540_JAY_ANNOTATION.png,"[1,10]",0.99
regenerated_new/2/H/case-101540_JAY_ANNOTATION.png,"[2,4]",0.86
regenerated_new/3/H/case-101540_JAY_ANNOTATION.png,"[3,10]",0.99
regenerated_new/4/H/case-101540_JAY_ANNOTATION.png,"[4,12]",0.99
regenerated_new/5/H/case-101540_JAY_ANNOTATION.png,"[5,13]",0.99
regenerated_new/10/H/case-101540_JAY_ANNOTATION.png,"[10,11]",1.11
regenerated_new/11/H/case-101540_JAY_ANNOTATION.png,"[11,10]",1.11
regenerated_new/12/H/case-101540_JAY_ANNOTATION.png,"[12,14]",1.11
regenerated_new/13/H/case-101540_JAY_ANNOTATION.png,"[13,5]",0.99
regenerated_new/14/H/case-101540_JAY_ANNOTATION.png,"[14,9]",0.98
regenerated_new/1/H/case-101581_JAY_ANNOTATION.png,"[1,10]",0.99
regenerated_new/2/H/case-101581_JAY_ANNOTATION.png,"[2,10]",0.99
regenerated_new/3/H/case-101581_JAY_ANNOTATION.png,"[3,10]",0.99
regenerated_new/5/H/case-101581_JAY_ANNOTATION.png,"[5,13]",0.99
regenerated_new/10/H/case-101581_JAY_ANNOTATION.png,"[10,11]",1.11
regenerated_new/11/H/case-101581_JAY_ANNOTATION.png,"[11,12]",1.11
regenerated_new/13/H/case-101581_JAY_ANNOTATION.png,"[5,13]",0.99
regenerated_new/1/H/case-101599_JAY_ANNOTATION.png,"[1,10]",0.99
regenerated_new/2/H/case-101599_JAY_ANNOTATION.png,"[2,4]",0.86
regenerated_new/3/H/case-101599_JAY_ANNOTATION.png,"[3,10]",0.99
regenerated_new/4/H/case-101599_JAY_ANNOTATION.png,"[4,12]",0.99
regenerated_new/5/H/case-101599_JAY_ANNOTATION.png,"[5,13]",0.99
regenerated_new/9/H/case-101599_JAY_ANNOTATION.png,"[14,9]",0.99
regenerated_new/10/H/case-101599_JAY_ANNOTATION.png,"[10,11]",1.11
regenerated_new/11/H/case-101599_JAY_ANNOTATION.png,"[11,10]",1.11
regenerated_new/12/H/case-101599_JAY_ANNOTATION.png,"[4,12]",0.99
regenerated_new/13/H/case-101599_JAY_ANNOTATION.png,"[13,5]",0.99
regenerated_new/14/H/case-101599_JAY_ANNOTATION.png,"[14,13]",1.11
regenerated_new/1/H/case-101625_JAY_ANNOTATION.png,"[1,10]",0.99
regenerated_new/2/H/case-101625_JAY_ANNOTATION.png,"[2,10]",0.99
regenerated_new/3/H/case-101625_JAY_ANNOTATION.png,"[3,10]",0.99
regenerated_new/5/H/case-101625_JAY_ANNOTATION.png,"[5,13]",0.99
regenerated_new/10/H/case-101625_JAY_ANNOTATION.png,"[10,11]",1.11
regenerated_new/11/H/case-101625_JAY_ANNOTATION.png,"[11,10]",1.11
regenerated_new/13/H/case-101625_JAY_ANNOTATION.png,"[5,13]",0.99
regenerated_new/14/H/case-101625_JAY_ANNOTATION.png,"[14,13]",1.11
regenerated_new/1/H/case-101641_JAY_ANNOTATION.png,"[1,10]",0.99
regenerated_new/2/H/case-101641_JAY_ANNOTATION.png,"[2,10]",0.99
regenerated_new/3/H/case-101641_JAY_ANNOTATION.png,"[3,10]",0.99
regenerated_new/4/H/case-101641_JAY_ANNOTATION.png,"[4,12]",0.99
regenerated_new/10/H/case-101641_JAY_ANNOTATION.png,"[11,10]",1.1
regenerated_new/11/H/case-101641_JAY_ANNOTATION.png,"[11,10]",1.08
regenerated_new/12/H/case-101641_JAY_ANNOTATION.png,"[12,4]",0.96
regenerated_new/13/H/case-101641_JAY_ANNOTATION.png,"[5,13]",0.98
regenerated_new/14/H/case-101641_JAY_ANNOTATION.png,"[14,13]",1.11
regenerated_new/1/H/case-101857_JAY_ANNOTATION.png,"[1,10]",0.98
regenerated_new/2/H/case-101857_JAY_ANNOTATION.png,"[2,10]",0.99
regenerated_new/3/H/case-101857_JAY_ANNOTATION.png,"[3,10]",0.99
regenerated_new/4/H/case-101857_JAY_ANNOTATION.png,"[4,12]",0.99
regenerated_new/5/H/case-101857_JAY_ANNOTATION.png,"[5,13]",1.01
regenerated_new/10/H/case-101857_JAY_ANNOTATION.png,"[10,11]",1.12
regenerated_new/11/H/case-101857_JAY_ANNOTATION.png,"[11,12]",1.11
regenerated_new/12/H/case-101857_JAY_ANNOTATION.png,"[12,9]",0.99
regenerated_new/13/H/case-101857_JAY_ANNOTATION.png,"[13,5]",0.99
regenerated_new/1/H/case-101860_JAY_ANNOTATION.png,"[1,10]",0.99
regenerated_new/2/H/case-101860_JAY_ANNOTATION.png,"[2,4]",0.86
regenerated_new/3/H/case-101860_JAY_ANNOTATION.png,"[3,10]",0.99
regenerated_new/5/H/case-101860_JAY_ANNOTATION.png,"[5,13]",0.99
regenerated_new/10/H/case-101860_JAY_ANNOTATION.png,"[10,11]",1.11
regenerated_new/11/H/case-101860_JAY_ANNOTATION.png,"[11,10]",1.11
regenerated_new/12/H/case-101860_JAY_ANNOTATION.png,"[12,4]",0.99
regenerated_new/13/H/case-101860_JAY_ANNOTATION.png,"[13,14]",1.11
regenerated_new/1/H/case-101885_JAY_ANNOTATION.png,"[1,10]",0.99
regenerated_new/2/H/case-101885_JAY_ANNOTATION.png,"[2,10]",0.99
regenerated_new/3/H/case-101885_JAY_ANNOTATION.png,"[3,10]",0.99
regenerated_new/4/H/case-101885_JAY_ANNOTATION.png,"[4,12]",0.99
regenerated_new/5/H/case-101885_JAY_ANNOTATION.png,"[5,13]",0.99
regenerated_new/10/H/case-101885_JAY_ANNOTATION.png,"[10,11]",1.11
regenerated_new/11/H/case-101885_JAY_ANNOTATION.png,"[11,10]",1.11
regenerated_new/12/H/case-101885_JAY_ANNOTATION.png,"[12,4]",0.99
regenerated_new/13/H/case-101885_JAY_ANNOTATION.png,"[5,13]",0.99
regenerated_new/14/H/case-101885_JAY_ANNOTATION.png,"[14,12]",1.11
regenerated_new/1/H/case-101937_JAY_ANNOTATION.png,"[1,10]",0.99
regenerated_new/2/H/case-101937_JAY_ANNOTATION.png,"[2,10]",0.99
regenerated_new/3/H/case-101937_JAY_ANNOTATION.png,"[3,10]",0.99
regenerated_new/4/H/case-101937_JAY_ANNOTATION.png,"[4,12]",0.99
regenerated_new/5/H/case-101937_JAY_ANNOTATION.png,"[3,5]",0.87
regenerated_new/10/H/case-101937_JAY_ANNOTATION.png,"[10,11]",1.11
regenerated_new/11/H/case-101937_JAY_ANNOTATION.png,"[11,10]",1.11
regenerated_new/12/H/case-101937_JAY_ANNOTATION.png,"[12,6]",0.99
regenerated_new/13/H/case-101937_JAY_ANNOTATION.png,"[13,5]",0.99
regenerated_new/14/H/case-101937_JAY_ANNOTATION.png,"[14,9]",0.99
regenerated_new/1/H/case-101940_JAY_ANNOTATION.png,"[1,10]",0.99
regenerated_new/2/H/case-101940_JAY_ANNOTATION.png,"[2,10]",0.99
regenerated_new/3/H/case-101940_JAY_ANNOTATION.png,"[3,10]",0.98
regenerated_new/4/H/case-101940_JAY_ANNOTATION.png,"[4,12]",0.99
regenerated_new/5/H/case-101940_JAY_ANNOTATION.png,"[5,13]",0.99
regenerated_new/8/H/case-101940_JAY_ANNOTATION.png,"[13,8]",0.99
regenerated_new/9/H/case-101940_JAY_ANNOTATION.png,"[14,9]",0.99
regenerated_new/10/H/case-101940_JAY_ANNOTATION.png,"[10,11]",1.11
regenerated_new/11/H/case-101940_JAY_ANNOTATION.png,"[11,10]",1.11
regenerated_new/12/H/case-101940_JAY_ANNOTATION.png,"[12,4]",0.99
regenerated_new/13/H/case-101940_JAY_ANNOTATION.png,"[13,5]",0.99
regenerated_new/14/H/case-101940_JAY_ANNOTATION.png,"[14,13]",1.11
regenerated_new/1/H/case-101982_JAY_ANNOTATION.png,"[1,10]",0.99
regenerated_new/2/H/case-101982_JAY_ANNOTATION.png,"[2,10]",0.99
regenerated_new/3/H/case-101982_JAY_ANNOTATION.png,"[3,10]",0.99
regenerated_new/4/H/case-101982_JAY_ANNOTATION.png,"[4,12]",0.99
regenerated_new/5/H/case-101982_JAY_ANNOTATION.png,"[5,13]",0.99
regenerated_new/10/H/case-101982_JAY_ANNOTATION.png,"[10,11]",1.11
regenerated_new/11/H/case-101982_JAY_ANNOTATION.png,"[11,10]",1.11
regenerated_new/12/H/case-101982_JAY_ANNOTATION.png,"[12,4]",0.99
regenerated_new/13/H/case-101982_JAY_ANNOTATION.png,"[13,5]",0.99
regenerated_new/14/H/case-101982_JAY_ANNOTATION.png,"[14,9]",0.99
regenerated_new/1/H/case-102010_JAY_ANNOTATION.png,"[1,10]",0.99
regenerated_new/2/H/case-102010_JAY_ANNOTATION.png,"[2,10]",0.99
regenerated_new/3/H/case-102010_JAY_ANNOTATION.png,"[3,10]",0.99
regenerated_new/4/H/case-102010_JAY_ANNOTATION.png,"[4,12]",0.99
regenerated_new/5/H/case-102010_JAY_ANNOTATION.png,"[5,13]",0.99
regenerated_new/10/H/case-102010_JAY_ANNOTATION.png,"[10,11]",1.11
regenerated_new/11/H/case-102010_JAY_ANNOTATION.png,"[11,10]",1.11
regenerated_new/12/H/case-102010_JAY_ANNOTATION.png,"[12,4]",0.99
regenerated_new/13/H/case-102010_JAY_ANNOTATION.png,"[13,5]",0.99
regenerated_new/1/H/case-102041_JAY_ANNOTATION.png,"[1,10]",0.99
regenerated_new/2/H/case-102041_JAY_ANNOTATION.png,"[2,10]",0.99
regenerated_new/3/H/case-102041_JAY_ANNOTATION.png,"[3,10]",0.99
regenerated_new/4/H/case-102041_JAY_ANNOTATION.png,"[4,12]",0.99
regenerated_new/5/H/case-102041_JAY_ANNOTATION.png,"[5,13]",0.99
regenerated_new/10/H/case-102041_JAY_ANNOTATION.png,"[10,11]",1.11
regenerated_new/11/H/case-102041_JAY_ANNOTATION.png,"[10,11]",1.11
regenerated_new/12/H/case-102041_JAY_ANNOTATION.png,"[12,6]",0.99
regenerated_new/13/H/case-102041_JAY_ANNOTATION.png,"[13,14]",1.11
regenerated_new/14/H/case-102041_JAY_ANNOTATION.png,"[14,9]",0.99
regenerated_new/1/H/case-102093_JAY_ANNOTATION.png,"[1,10]",0.99
regenerated_new/2/H/case-102093_JAY_ANNOTATION.png,"[2,4]",0.87
regenerated_new/3/H/case-102093_JAY_ANNOTATION.png,"[3,10]",0.99
regenerated_new/4/H/case-102093_JAY_ANNOTATION.png,"[4,12]",0.99
regenerated_new/5/H/case-102093_JAY_ANNOTATION.png,"[5,13]",0.99
regenerated_new/9/H/case-102093_JAY_ANNOTATION.png,"[14,9]",0.99
regenerated_new/10/H/case-102093_JAY_ANNOTATION.png,"[10,11]",1.11
regenerated_new/11/H/case-102093_JAY_ANNOTATION.png,"[11,10]",1.11
regenerated_new/12/H/case-102093_JAY_ANNOTATION.png,"[12,4]",0.99
regenerated_new/13/H/case-102093_JAY_ANNOTATION.png,"[13,5]",0.99
regenerated_new/14/H/case-102093_JAY_ANNOTATION.png,"[14,13]",1.11
regenerated_new/1/H/case-102157_JAY_ANNOTATION.png,"[1,10]",0.99
regenerated_new/2/H/case-102157_JAY_ANNOTATION.png,"[2,10]",0.99
regenerated_new/3/H/case-102157_JAY_ANNOTATION.png,"[3,10]",0.99
regenerated_new/4/H/case-102157_JAY_ANNOTATION.png,"[4,12]",0.99
regenerated_new/5/H/case-102157_JAY_ANNOTATION.png,"[5,13]",0.99
regenerated_new/9/H/case-102157_JAY_ANNOTATION.png,"[14,9]",0.99
regenerated_new/10/H/case-102157_JAY_ANNOTATION.png,"[11,10]",1.11
regenerated_new/11/H/case-102157_JAY_ANNOTATION.png,"[11,12]",1.11
regenerated_new/12/H/case-102157_JAY_ANNOTATION.png,"[12,14]",1.11
regenerated_new/13/H/case-102157_JAY_ANNOTATION.png,"[13,5]",0.99
regenerated_new/14/H/case-102157_JAY_ANNOTATION.png,"[14,13]",1.11
regenerated_new/1/H/case-102183_JAY_ANNOTATION.png,"[1,10]",0.99
regenerated_new/2/H/case-102183_JAY_ANNOTATION.png,"[2,4]",0.86
regenerated_new/3/H/case-102183_JAY_ANNOTATION.png,"[3,10]",0.99
regenerated_new/4/H/case-102183_JAY_ANNOTATION.png,"[6,4]",0.86
regenerated_new/5/H/case-102183_JAY_ANNOTATION.png,"[5,13]",0.99
regenerated_new/10/H/case-102183_JAY_ANNOTATION.png,"[11,10]",1.11
regenerated_new/11/H/case-102183_JAY_ANNOTATION.png,"[11,12]",1.11
regenerated_new/12/H/case-102183_JAY_ANNOTATION.png,"[12,14]",1.11
regenerated_new/13/H/case-102183_JAY_ANNOTATION.png,"[13,5]",0.99
regenerated_new/14/H/case-102183_JAY_ANNOTATION.png,"[11,14]",1.11
regenerated_new/1/H/case-102224_JAY_ANNOTATION.png,"[1,10]",0.99
regenerated_new/2/H/case-102224_JAY_ANNOTATION.png,"[2,10]",0.99
regenerated_new/3/H/case-102224_JAY_ANNOTATION.png,"[3,10]",0.99
regenerated_new/4/H/case-102224_JAY_ANNOTATION.png,"[4,12]",0.99
regenerated_new/5/H/case-102224_JAY_ANNOTATION.png,"[13,5]",0.99
regenerated_new/10/H/case-102224_JAY_ANNOTATION.png,"[10,11]",1.11
regenerated_new/11/H/case-102224_JAY_ANNOTATION.png,"[11,10]",1.11
regenerated_new/12/H/case-102224_JAY_ANNOTATION.png,"[4,12]",0.99
regenerated_new/13/H/case-102224_JAY_ANNOTATION.png,"[13,5]",0.99
regenerated_new/14/H/case-102224_JAY_ANNOTATION.png,"[14,13]",1.11
regenerated_new/1/H/case-102308_JAY_ANNOTATION.png,"[1,10]",0.99
regenerated_new/2/H/case-102308_JAY_ANNOTATION.png,"[2,10]",0.99
regenerated_new/3/H/case-102308_JAY_ANNOTATION.png,"[3,10]",0.99
regenerated_new/4/H/case-102308_JAY_ANNOTATION.png,"[4,12]",0.99
regenerated_new/5/H/case-102308_JAY_ANNOTATION.png,"[5,13]",0.99
regenerated_new/9/H/case-102308_JAY_ANNOTATION.png,"[14,9]",0.99
regenerated_new/10/H/case-102308_JAY_ANNOTATION.png,"[10,11]",1.11
regenerated_new/11/H/case-102308_JAY_ANNOTATION.png,"[11,10]",1.11
regenerated_new/12/H/case-102308_JAY_ANNOTATION.png,"[12,4]",0.99
regenerated_new/13/H/case-102308_JAY_ANNOTATION.png,"[5,13]",0.99
regenerated_new/14/H/case-102308_JAY_ANNOTATION.png,"[14,13]",1.11
regenerated_new/1/H/case-102321_JAY_ANNOTATION.png,"[1,10]",0.99
regenerated_new/2/H/case-102321_JAY_ANNOTATION.png,"[2,10]",0.99
regenerated_new/3/H/case-102321_JAY_ANNOTATION.png,"[3,10]",0.99
regenerated_new/4/H/case-102321_JAY_ANNOTATION.png,"[4,2]",0.86
regenerated_new/5/H/case-102321_JAY_ANNOTATION.png,"[5,13]",0.99
regenerated_new/10/H/case-102321_JAY_ANNOTATION.png,"[10,11]",1.11
regenerated_new/11/H/case-102321_JAY_ANNOTATION.png,"[11,10]",1.11
regenerated_new/12/H/case-102321_JAY_ANNOTATION.png,"[12,6]",0.99
regenerated_new/13/H/case-102321_JAY_ANNOTATION.png,"[13,5]",0.99
regenerated_new/14/H/case-102321_JAY_ANNOTATION.png,"[14,13]",1.11
regenerated_new/1/H/case-102367_JAY_ANNOTATION.png,"[1,2]",0.87
regenerated_new/2/H/case-102367_JAY_ANNOTATION.png,"[2,4]",0.86
regenerated_new/3/H/case-102367_JAY_ANNOTATION.png,"[3,10]",0.99
regenerated_new/4/H/case-102367_JAY_ANNOTATION.png,"[4,12]",0.99
regenerated_new/5/H/case-102367_JAY_ANNOTATION.png,"[5,13]",0.99
regenerated_new/7/H/case-102367_JAY_ANNOTATION.png,"[3,7]",0.86
regenerated_new/10/H/case-102367_JAY_ANNOTATION.png,"[10,11]",1.11
regenerated_new/11/H/case-102367_JAY_ANNOTATION.png,"[11,5]",0.99
regenerated_new/12/H/case-102367_JAY_ANNOTATION.png,"[6,12]",0.99
regenerated_new/14/H/case-102367_JAY_ANNOTATION.png,"[14,13]",1.11
regenerated_new/1/H/case-102388_JAY_ANNOTATION.png,"[1,10]",0.99
regenerated_new/2/H/case-102388_JAY_ANNOTATION.png,"[2,10]",0.99
regenerated_new/3/H/case-102388_JAY_ANNOTATION.png,"[3,5]",0.87
regenerated_new/4/H/case-102388_JAY_ANNOTATION.png,"[4,12]",0.99
regenerated_new/5/H/case-102388_JAY_ANNOTATION.png,"[5,13]",0.99
regenerated_new/10/H/case-102388_JAY_ANNOTATION.png,"[11,10]",1.11
regenerated_new/11/H/case-102388_JAY_ANNOTATION.png,"[11,10]",1.11
regenerated_new/12/H/case-102388_JAY_ANNOTATION.png,"[12,4]",0.99
regenerated_new/13/H/case-102388_JAY_ANNOTATION.png,"[13,5]",0.99
regenerated_new/14/H/case-102388_JAY_ANNOTATION.png,"[14,9]",0.99
regenerated_new/1/H/case-104754_JAY_ANNOTATION.png,"[1,10]",0.99
regenerated_new/2/H/case-104754_JAY_ANNOTATION.png,"[2,10]",0.99
regenerated_new/3/H/case-104754_JAY_ANNOTATION.png,"[3,10]",0.99
regenerated_new/4/H/case-104754_JAY_ANNOTATION.png,"[4,12]",0.99
regenerated_new/5/H/case-104754_JAY_ANNOTATION.png,"[13,5]",0.99
regenerated_new/10/H/case-104754_JAY_ANNOTATION.png,"[10,11]",1.11
regenerated_new/11/H/case-104754_JAY_ANNOTATION.png,"[11,10]",1.11
regenerated_new/12/H/case-104754_JAY_ANNOTATION.png,"[12,14]",1.11
regenerated_new/13/H/case-104754_JAY_ANNOTATION.png,"[5,13]",0.99
regenerated_new/14/H/case-104754_JAY_ANNOTATION.png,"[14,13]",1.11
regenerated_new/1/H/case-104780_JAY_ANNOTATION.png,"[1,10]",0.99
regenerated_new/2/H/case-104780_JAY_ANNOTATION.png,"[2,10]",0.99
regenerated_new/3/H/case-104780_JAY_ANNOTATION.png,"[3,10]",0.99
regenerated_new/4/H/case-104780_JAY_ANNOTATION.png,"[4,12]",0.99
regenerated_new/5/H/case-104780_JAY_ANNOTATION.png,"[5,13]",0.99
regenerated_new/10/H/case-104780_JAY_ANNOTATION.png,"[10,11]",1.11
regenerated_new/11/H/case-104780_JAY_ANNOTATION.png,"[11,10]",1.11
regenerated_new/12/H/case-104780_JAY_ANNOTATION.png,"[12,4]",0.99
regenerated_new/13/H/case-104780_JAY_ANNOTATION.png,"[13,5]",0.99
regenerated_new/14/H/case-104780_JAY_ANNOTATION.png,"[14,12]",1.11
regenerated_new/1/H/case-104842_JAY_ANNOTATION.png,"[1,10]",0.99
regenerated_new/2/H/case-104842_JAY_ANNOTATION.png,"[2,10]",0.99
regenerated_new/3/H/case-104842_JAY_ANNOTATION.png,"[3,10]",0.99
regenerated_new/4/H/case-104842_JAY_ANNOTATION.png,"[4,12]",0.99
regenerated_new/5/H/case-104842_JAY_ANNOTATION.png,"[5,13]",0.99
regenerated_new/9/H/case-104842_JAY_ANNOTATION.png,"[14,9]",0.99
regenerated_new/10/H/case-104842_JAY_ANNOTATION.png,"[10,11]",1.11
regenerated_new/11/H/case-104842_JAY_ANNOTATION.png,"[11,10]",1.11
regenerated_new/12/H/case-104842_JAY_ANNOTATION.png,"[12,4]",0.99
regenerated_new/13/H/case-104842_JAY_ANNOTATION.png,"[13,6]",0.99
regenerated_new/14/H/case-104842_JAY_ANNOTATION.png,"[14,9]",0.99
regenerated_new/1/H/case-104941_JAY_ANNOTATION.png,"[1,10]",0.99
regenerated_new/2/H/case-104941_JAY_ANNOTATION.png,"[2,10]",0.99
regenerated_new/3/H/case-104941_JAY_ANNOTATION.png,"[3,10]",0.98
regenerated_new/4/H/case-104941_JAY_ANNOTATION.png,"[4,11]",0.99
regenerated_new/5/H/case-104941_JAY_ANNOTATION.png,"[3,5]",0.86
regenerated_new/10/H/case-104941_JAY_ANNOTATION.png,"[10,11]",1.11
regenerated_new/11/H/case-104941_JAY_ANNOTATION.png,"[11,12]",1.11
regenerated_new/12/H/case-104941_JAY_ANNOTATION.png,"[4,12]",0.99
regenerated_new/13/H/case-104941_JAY_ANNOTATION.png,"[13,5]",0.99
regenerated_new/14/H/case-104941_JAY_ANNOTATION.png,"[14,13]",1.62
regenerated_new/1/H/case-104979_JAY_ANNOTATION.png,"[1,10]",0.99
regenerated_new/2/H/case-104979_JAY_ANNOTATION.png,"[2,10]",0.99
regenerated_new/3/H/case-104979_JAY_ANNOTATION.png,"[3,10]",0.99
regenerated_new/4/H/case-104979_JAY_ANNOTATION.png,"[4,12]",0.99
regenerated_new/9/H/case-104979_JAY_ANNOTATION.png,"[14,9]",0.98
regenerated_new/10/H/case-104979_JAY_ANNOTATION.png,"[10,11]",1.11
regenerated_new/11/H/case-104979_JAY_ANNOTATION.png,"[11,12]",1.11
regenerated_new/12/H/case-104979_JAY_ANNOTATION.png,"[12,4]",0.98
regenerated_new/13/H/case-104979_JAY_ANNOTATION.png,"[5,13]",0.98
regenerated_new/14/H/case-104979_JAY_ANNOTATION.png,"[14,13]",1.11
regenerated_new/1/H/case-104990_JAY_ANNOTATION.png,"[1,10]",0.98
regenerated_new/2/H/case-104990_JAY_ANNOTATION.png,"[2,10]",0.98
regenerated_new/3/H/case-104990_JAY_ANNOTATION.png,"[3,10]",0.98
regenerated_new/5/H/case-104990_JAY_ANNOTATION.png,"[5,13]",0.98
regenerated_new/10/H/case-104990_JAY_ANNOTATION.png,"[10,11]",1.11
regenerated_new/11/H/case-104990_JAY_ANNOTATION.png,"[11,10]",1.11
regenerated_new/12/H/case-104990_JAY_ANNOTATION.png,"[12,11]",1.11
regenerated_new/13/H/case-104990_JAY_ANNOTATION.png,"[13,5]",0.99
regenerated_new/14/H/case-104990_JAY_ANNOTATION.png,"[14,13]",1.12
regenerated_new/1/H/case-105035_JAY_ANNOTATION.png,"[1,10]",0.99
regenerated_new/2/H/case-105035_JAY_ANNOTATION.png,"[2,4]",0.86
regenerated_new/3/H/case-105035_JAY_ANNOTATION.png,"[3,10]",0.99
regenerated_new/4/H/case-105035_JAY_ANNOTATION.png,"[4,12]",0.98
regenerated_new/5/H/case-105035_JAY_ANNOTATION.png,"[5,13]",0.99
regenerated_new/10/H/case-105035_JAY_ANNOTATION.png,"[10,11]",1.11
regenerated_new/11/H/case-105035_JAY_ANNOTATION.png,"[11,10]",1.11
regenerated_new/12/H/case-105035_JAY_ANNOTATION.png,"[12,14]",1.11
regenerated_new/13/H/case-105035_JAY_ANNOTATION.png,"[13,5]",0.99
regenerated_new/14/H/case-105035_JAY_ANNOTATION.png,"[14,13]",1.11
regenerated_new/1/H/case-105051_JAY_ANNOTATION.png,"[1,10]",0.99
regenerated_new/2/H/case-105051_JAY_ANNOTATION.png,"[2,4]",0.86
regenerated_new/3/H/case-105051_JAY_ANNOTATION.png,"[3,10]",0.98
regenerated_new/4/H/case-105051_JAY_ANNOTATION.png,"[4,12]",0.99
regenerated_new/5/H/case-105051_JAY_ANNOTATION.png,"[5,13]",0.99
regenerated_new/10/H/case-105051_JAY_ANNOTATION.png,"[10,11]",1.11
regenerated_new/11/H/case-105051_JAY_ANNOTATION.png,"[11,10]",1.11
regenerated_new/12/H/case-105051_JAY_ANNOTATION.png,"[12,14]",1.11
regenerated_new/13/H/case-105051_JAY_ANNOTATION.png,"[5,13]",0.98
regenerated_new/14/H/case-105051_JAY_ANNOTATION.png,"[14,13]",1.11
regenerated_new/1/H/case-105171_JAY_ANNOTATION.png,"[1,10]",0.99
regenerated_new/2/H/case-105171_JAY_ANNOTATION.png,"[2,4]",0.86
regenerated_new/3/H/case-105171_JAY_ANNOTATION.png,"[3,10]",0.99
regenerated_new/4/H/case-105171_JAY_ANNOTATION.png,"[4,12]",0.99
regenerated_new/5/H/case-105171_JAY_ANNOTATION.png,"[5,13]",0.99
regenerated_new/10/H/case-105171_JAY_ANNOTATION.png,"[10,11]",1.11
regenerated_new/11/H/case-105171_JAY_ANNOTATION.png,"[11,10]",1.11
regenerated_new/12/H/case-105171_JAY_ANNOTATION.png,"[4,12]",0.98
regenerated_new/13/H/case-105171_JAY_ANNOTATION.png,"[13,6]",0.99
regenerated_new/14/H/case-105171_JAY_ANNOTATION.png,"[13,14]",1.11
regenerated_new/1/H/case-105177_JAY_ANNOTATION.png,"[1,10]",0.99
regenerated_new/2/H/case-105177_JAY_ANNOTATION.png,"[2,4]",0.86
regenerated_new/3/H/case-105177_JAY_ANNOTATION.png,"[3,10]",0.98
regenerated_new/4/H/case-105177_JAY_ANNOTATION.png,"[4,12]",0.99
regenerated_new/5/H/case-105177_JAY_ANNOTATION.png,"[5,13]",0.99
regenerated_new/9/H/case-105177_JAY_ANNOTATION.png,"[14,9]",0.99
regenerated_new/10/H/case-105177_JAY_ANNOTATION.png,"[10,11]",1.11
regenerated_new/11/H/case-105177_JAY_ANNOTATION.png,"[11,10]",1.11
regenerated_new/12/H/case-105177_JAY_ANNOTATION.png,"[4,12]",0.98
regenerated_new/13/H/case-105177_JAY_ANNOTATION.png,"[13,5]",0.99
regenerated_new/14/H/case-105177_JAY_ANNOTATION.png,"[14,9]",0.99
regenerated_new/1/H/case-105234_JAY_ANNOTATION.png,"[1,10]",0.98
regenerated_new/2/H/case-105234_JAY_ANNOTATION.png,"[2,10]",0.99
regenerated_new/3/H/case-105234_JAY_ANNOTATION.png,"[3,10]",0.99
regenerated_new/4/H/case-105234_JAY_ANNOTATION.png,"[4,12]",0.99
regenerated_new/5/H/case-105234_JAY_ANNOTATION.png,"[13,5]",0.99
regenerated_new/10/H/case-105234_JAY_ANNOTATION.png,"[10,11]",1.11
regenerated_new/11/H/case-105234_JAY_ANNOTATION.png,"[11,10]",1.11
regenerated_new/12/H/case-105234_JAY_ANNOTATION.png,"[4,12]",0.99
regenerated_new/13/H/case-105234_JAY_ANNOTATION.png,"[13,5]",0.99
regenerated_new/14/H/case-105234_JAY_ANNOTATION.png,"[14,13]",1.11
regenerated_new/1/H/case-105246_JAY_ANNOTATION.png,"[1,10]",0.99
regenerated_new/2/H/case-105246_JAY_ANNOTATION.png,"[2,4]",0.87
regenerated_new/3/H/case-105246_JAY_ANNOTATION.png,"[3,10]",0.99
regenerated_new/5/H/case-105246_JAY_ANNOTATION.png,"[5,13]",0.99
regenerated_new/10/H/case-105246_JAY_ANNOTATION.png,"[10,11]",1.11
regenerated_new/11/H/case-105246_JAY_ANNOTATION.png,"[11,10]",1.11
regenerated_new/12/H/case-105246_JAY_ANNOTATION.png,"[12,11]",1.11
regenerated_new/13/H/case-105246_JAY_ANNOTATION.png,"[13,5]",0.99
regenerated_new/14/H/case-105246_JAY_ANNOTATION.png,"[14,13]",1.11
regenerated_new/1/H/case-105257_JAY_ANNOTATION.png,"[1,10]",0.99
regenerated_new/2/H/case-105257_JAY_ANNOTATION.png,"[2,10]",0.99
regenerated_new/3/H/case-105257_JAY_ANNOTATION.png,"[3,10]",0.99
regenerated_new/4/H/case-105257_JAY_ANNOTATION.png,"[4,12]",0.99
regenerated_new/5/H/case-105257_JAY_ANNOTATION.png,"[13,5]",0.99
regenerated_new/10/H/case-105257_JAY_ANNOTATION.png,"[10,11]",1.11
regenerated_new/11/H/case-105257_JAY_ANNOTATION.png,"[11,10]",1.11
regenerated_new/12/H/case-105257_JAY_ANNOTATION.png,"[12,14]",1.11
regenerated_new/13/H/case-105257_JAY_ANNOTATION.png,"[13,14]",1.11
regenerated_new/14/H/case-105257_JAY_ANNOTATION.png,"[14,13]",1.11
regenerated_new/1/H/case-105288_JAY_ANNOTATION.png,"[1,10]",0.99
regenerated_new/2/H/case-105288_JAY_ANNOTATION.png,"[2,10]",0.99
regenerated_new/3/H/case-105288_JAY_ANNOTATION.png,"[3,10]",0.99
regenerated_new/4/H/case-105288_JAY_ANNOTATION.png,"[4,12]",0.99
regenerated_new/5/H/case-105288_JAY_ANNOTATION.png,"[5,13]",0.99
regenerated_new/10/H/case-105288_JAY_ANNOTATION.png,"[10,11]",1.11
regenerated_new/11/H/case-105288_JAY_ANNOTATION.png,"[11,10]",1.11
regenerated_new/12/H/case-105288_JAY_ANNOTATION.png,"[12,14]",1.11
regenerated_new/13/H/case-105288_JAY_ANNOTATION.png,"[13,5]",0.99
regenerated_new/1/H/case-105318_JAY_ANNOTATION.png,"[1,10]",0.98
regenerated_new/2/H/case-105318_JAY_ANNOTATION.png,"[2,10]",0.99
regenerated_new/3/H/case-105318_JAY_ANNOTATION.png,"[3,10]",0.99
regenerated_new/4/H/case-105318_JAY_ANNOTATION.png,"[4,12]",0.98
regenerated_new/10/H/case-105318_JAY_ANNOTATION.png,"[10,11]",1.11
regenerated_new/11/H/case-105318_JAY_ANNOTATION.png,"[11,12]",1.11
regenerated_new/12/H/case-105318_JAY_ANNOTATION.png,"[12,11]",1.11
regenerated_new/13/H/case-105318_JAY_ANNOTATION.png,"[13,14]",1.11
regenerated_new/14/H/case-105318_JAY_ANNOTATION.png,"[14,13]",1.11
regenerated_new/1/H/case-105476_JAY_ANNOTATION.png,"[1,10]",0.99
regenerated_new/2/H/case-105476_JAY_ANNOTATION.png,"[2,4]",0.86
regenerated_new/3/H/case-105476_JAY_ANNOTATION.png,"[3,10]",0.99
regenerated_new/4/H/case-105476_JAY_ANNOTATION.png,"[4,12]",0.99
regenerated_new/5/H/case-105476_JAY_ANNOTATION.png,"[13,5]",0.99
regenerated_new/10/H/case-105476_JAY_ANNOTATION.png,"[10,11]",1.11
regenerated_new/11/H/case-105476_JAY_ANNOTATION.png,"[11,10]",1.11
regenerated_new/12/H/case-105476_JAY_ANNOTATION.png,"[12,4]",0.98
regenerated_new/13/H/case-105476_JAY_ANNOTATION.png,"[13,14]",1.11
regenerated_new/14/H/case-105476_JAY_ANNOTATION.png,"[14,13]",1.11
regenerated_new/1/H/case-105567_JAY_ANNOTATION.png,"[1,10]",0.99
regenerated_new/2/H/case-105567_JAY_ANNOTATION.png,"[2,10]",0.99
regenerated_new/3/H/case-105567_JAY_ANNOTATION.png,"[3,10]",0.98
regenerated_new/4/H/case-105567_JAY_ANNOTATION.png,"[4,12]",0.99
regenerated_new/5/H/case-105567_JAY_ANNOTATION.png,"[5,13]",0.99
regenerated_new/10/H/case-105567_JAY_ANNOTATION.png,"[10,11]",1.11
regenerated_new/11/H/case-105567_JAY_ANNOTATION.png,"[11,10]",1.11
regenerated_new/12/H/case-105567_JAY_ANNOTATION.png,"[12,4]",0.99
regenerated_new/13/H/case-105567_JAY_ANNOTATION.png,"[13,5]",0.98
regenerated_new/1/H/case-105579_JAY_ANNOTATION.png,"[1,10]",0.98
regenerated_new/2/H/case-105579_JAY_ANNOTATION.png,"[2,10]",0.99
regenerated_new/3/H/case-105579_JAY_ANNOTATION.png,"[3,10]",0.99
regenerated_new/4/H/case-105579_JAY_ANNOTATION.png,"[4,12]",0.99
regenerated_new/5/H/case-105579_JAY_ANNOTATION.png,"[13,5]",0.99
regenerated_new/10/H/case-105579_JAY_ANNOTATION.png,"[10,11]",1.11
regenerated_new/11/H/case-105579_JAY_ANNOTATION.png,"[11,10]",1.11
regenerated_new/12/H/case-105579_JAY_ANNOTATION.png,"[4,12]",0.99
regenerated_new/13/H/case-105579_JAY_ANNOTATION.png,"[13,5]",0.99
regenerated_new/14/H/case-105579_JAY_ANNOTATION.png,"[14,13]",1.11
regenerated_new/1/H/case-105586_JAY_ANNOTATION.png,"[1,10]",0.98
regenerated_new/2/H/case-105586_JAY_ANNOTATION.png,"[2,10]",0.99
regenerated_new/3/H/case-105586_JAY_ANNOTATION.png,"[3,5]",0.86
regenerated_new/4/H/case-105586_JAY_ANNOTATION.png,"[6,4]",0.87
regenerated_new/5/H/case-105586_JAY_ANNOTATION.png,"[13,5]",0.99
regenerated_new/10/H/case-105586_JAY_ANNOTATION.png,"[10,11]",1.11
regenerated_new/11/H/case-105586_JAY_ANNOTATION.png,"[11,10]",1.11
regenerated_new/12/H/case-105586_JAY_ANNOTATION.png,"[12,4]",0.99
regenerated_new/13/H/case-105586_JAY_ANNOTATION.png,"[13,5]",0.98
regenerated_new/14/H/case-105586_JAY_ANNOTATION.png,"[14,13]",1.11
regenerated_new/1/H/case-105592_JAY_ANNOTATION.png,"[1,10]",0.99
regenerated_new/2/H/case-105592_JAY_ANNOTATION.png,"[2,10]",0.98
regenerated_new/3/H/case-105592_JAY_ANNOTATION.png,"[3,10]",0.99
regenerated_new/4/H/case-105592_JAY_ANNOTATION.png,"[4,12]",0.99
regenerated_new/5/H/case-105592_JAY_ANNOTATION.png,"[5,13]",0.99
regenerated_new/10/H/case-105592_JAY_ANNOTATION.png,"[10,11]",1.11
regenerated_new/11/H/case-105592_JAY_ANNOTATION.png,"[11,10]",1.11
regenerated_new/12/H/case-105592_JAY_ANNOTATION.png,"[12,4]",0.99
regenerated_new/13/H/case-105592_JAY_ANNOTATION.png,"[13,5]",0.99
regenerated_new/1/H/case-105597_JAY_ANNOTATION.png,"[1,10]",0.99
regenerated_new/2/H/case-105597_JAY_ANNOTATION.png,"[2,10]",0.99
regenerated_new/3/H/case-105597_JAY_ANNOTATION.png,"[3,10]",0.99
regenerated_new/4/H/case-105597_JAY_ANNOTATION.png,"[4,12]",0.99
regenerated_new/5/H/case-105597_JAY_ANNOTATION.png,"[5,13]",0.99
regenerated_new/10/H/case-105597_JAY_ANNOTATION.png,"[10,11]",1.11
regenerated_new/11/H/case-105597_JAY_ANNOTATION.png,"[12,11]",1.11
regenerated_new/12/H/case-105597_JAY_ANNOTATION.png,"[12,14]",1.11
regenerated_new/13/H/case-105597_JAY_ANNOTATION.png,"[13,14]",1.11
regenerated_new/14/H/case-105597_JAY_ANNOTATION.png,"[14,13]",1.11
regenerated_new/1/H/case-105602_JAY_ANNOTATION.png,"[1,10]",0.99
regenerated_new/2/H/case-105602_JAY_ANNOTATION.png,"[2,10]",0.99
regenerated_new/3/H/case-105602_JAY_ANNOTATION.png,"[3,10]",0.99
regenerated_new/4/H/case-105602_JAY_ANNOTATION.png,"[4,12]",0.99
regenerated_new/10/H/case-105602_JAY_ANNOTATION.png,"[11,10]",1.11
regenerated_new/11/H/case-105602_JAY_ANNOTATION.png,"[11,12]",1.11
regenerated_new/12/H/case-105602_JAY_ANNOTATION.png,"[4,12]",0.99
regenerated_new/13/H/case-105602_JAY_ANNOTATION.png,"[13,14]",1.11
regenerated_new/1/H/case-105681_JAY_ANNOTATION.png,"[1,10]",0.99
regenerated_new/2/H/case-105681_JAY_ANNOTATION.png,"[2,4]",0.86
regenerated_new/3/H/case-105681_JAY_ANNOTATION.png,"[3,10]",0.99
regenerated_new/4/H/case-105681_JAY_ANNOTATION.png,"[4,12]",0.99
regenerated_new/5/H/case-105681_JAY_ANNOTATION.png,"[5,13]",0.99
regenerated_new/10/H/case-105681_JAY_ANNOTATION.png,"[10,11]",1.11
regenerated_new/11/H/case-105681_JAY_ANNOTATION.png,"[11,12]",1.11
regenerated_new/12/H/case-105681_JAY_ANNOTATION.png,"[12,14]",1.11
regenerated_new/13/H/case-105681_JAY_ANNOTATION.png,"[13,5]",0.99
regenerated_new/14/H/case-105681_JAY_ANNOTATION.png,"[14,13]",1.11
regenerated_new/1/H/case-105704_JAY_ANNOTATION.png,"[1,10]",0.99
regenerated_new/2/H/case-105704_JAY_ANNOTATION.png,"[2,4]",0.87
regenerated_new/3/H/case-105704_JAY_ANNOTATION.png,"[3,10]",0.99
regenerated_new/4/H/case-105704_JAY_ANNOTATION.png,"[4,2]",0.86
regenerated_new/10/H/case-105704_JAY_ANNOTATION.png,"[10,11]",1.11
regenerated_new/11/H/case-105704_JAY_ANNOTATION.png,"[11,12]",1.11
regenerated_new/12/H/case-105704_JAY_ANNOTATION.png,"[4,12]",0.98
regenerated_new/13/H/case-105704_JAY_ANNOTATION.png,"[13,14]",1.11
regenerated_new/1/H/case-105817_JAY_ANNOTATION.png,"[1,2]",0.86
regenerated_new/2/H/case-105817_JAY_ANNOTATION.png,"[2,10]",0.99
regenerated_new/3/H/case-105817_JAY_ANNOTATION.png,"[3,10]",0.99
regenerated_new/5/H/case-105817_JAY_ANNOTATION.png,"[5,13]",0.99
regenerated_new/10/H/case-105817_JAY_ANNOTATION.png,"[10,11]",1.11
regenerated_new/11/H/case-105817_JAY_ANNOTATION.png,"[11,10]",1.11
regenerated_new/12/H/case-105817_JAY_ANNOTATION.png,"[4,12]",0.99
regenerated_new/13/H/case-105817_JAY_ANNOTATION.png,"[5,13]",0.99
regenerated_new/14/H/case-105817_JAY_ANNOTATION.png,"[14,13]",1.11
regenerated_new/1/H/case-105839_JAY_ANNOTATION.png,"[1,10]",0.98
regenerated_new/2/H/case-105839_JAY_ANNOTATION.png,"[2,4]",0.86
regenerated_new/3/H/case-105839_JAY_ANNOTATION.png,"[3,10]",0.98
regenerated_new/4/H/case-105839_JAY_ANNOTATION.png,"[4,12]",0.99
regenerated_new/5/H/case-105839_JAY_ANNOTATION.png,"[5,13]",0.99
regenerated_new/9/H/case-105839_JAY_ANNOTATION.png,"[13,9]",0.98
regenerated_new/10/H/case-105839_JAY_ANNOTATION.png,"[11,10]",1.11
regenerated_new/11/H/case-105839_JAY_ANNOTATION.png,"[11,12]",1.11
regenerated_new/12/H/case-105839_JAY_ANNOTATION.png,"[4,12]",0.98
regenerated_new/13/H/case-105839_JAY_ANNOTATION.png,"[13,5]",0.99
regenerated_new/14/H/case-105839_JAY_ANNOTATION.png,"[14,12]",1.11
regenerated_new/1/H/case-105862_JAY_ANNOTATION.png,"[1,10]",0.99
regenerated_new/2/H/case-105862_JAY_ANNOTATION.png,"[2,10]",0.99
regenerated_new/3/H/case-105862_JAY_ANNOTATION.png,"[3,10]",0.99
regenerated_new/10/H/case-105862_JAY_ANNOTATION.png,"[11,10]",1.11
regenerated_new/11/H/case-105862_JAY_ANNOTATION.png,"[11,10]",1.11
regenerated_new/12/H/case-105862_JAY_ANNOTATION.png,"[4,12]",0.99
regenerated_new/13/H/case-105862_JAY_ANNOTATION.png,"[5,13]",0.99
regenerated_new/1/H/case-105915_JAY_ANNOTATION.png,"[1,10]",0.99
regenerated_new/2/H/case-105915_JAY_ANNOTATION.png,"[2,10]",0.99
regenerated_new/3/H/case-105915_JAY_ANNOTATION.png,"[3,10]",0.99
regenerated_new/4/H/case-105915_JAY_ANNOTATION.png,"[4,12]",0.98
regenerated_new/5/H/case-105915_JAY_ANNOTATION.png,"[13,5]",0.99
regenerated_new/10/H/case-105915_JAY_ANNOTATION.png,"[10,11]",1.11
regenerated_new/11/H/case-105915_JAY_ANNOTATION.png,"[11,10]",1.11
regenerated_new/12/H/case-105915_JAY_ANNOTATION.png,"[4,12]",0.99
regenerated_new/13/H/case-105915_JAY_ANNOTATION.png,"[13,5]",0.99
regenerated_new/14/H/case-105915_JAY_ANNOTATION.png,"[14,13]",1.11
regenerated_new/1/H/case-106012_JAY_ANNOTATION.png,"[1,10]",0.99
regenerated_new/2/H/case-106012_JAY_ANNOTATION.png,"[2,4]",0.87
regenerated_new/3/H/case-106012_JAY_ANNOTATION.png,"[3,10]",0.99
regenerated_new/4/H/case-106012_JAY_ANNOTATION.png,"[4,12]",0.99
regenerated_new/5/H/case-106012_JAY_ANNOTATION.png,"[13,5]",0.99
regenerated_new/6/H/case-106012_JAY_ANNOTATION.png,"[14,6]",0.99
regenerated_new/10/H/case-106012_JAY_ANNOTATION.png,"[11,10]",1.11
regenerated_new/11/H/case-106012_JAY_ANNOTATION.png,"[11,12]",1.11
regenerated_new/12/H/case-106012_JAY_ANNOTATION.png,"[4,12]",0.98
regenerated_new/13/H/case-106012_JAY_ANNOTATION.png,"[13,5]",0.99
regenerated_new/14/H/case-106012_JAY_ANNOTATION.png,"[14,9]",0.99
regenerated_new/1/H/case-106016_JAY_ANNOTATION.png,"[1,10]",0.99
regenerated_new/2/H/case-106016_JAY_ANNOTATION.png,"[2,4]",0.87
regenerated_new/3/H/case-106016_JAY_ANNOTATION.png,"[3,10]",0.99
regenerated_new/4/H/case-106016_JAY_ANNOTATION.png,"[4,12]",0.99
regenerated_new/10/H/case-106016_JAY_ANNOTATION.png,"[10,11]",1.11
regenerated_new/11/H/case-106016_JAY_ANNOTATION.png,"[11,12]",1.11
regenerated_new/12/H/case-106016_JAY_ANNOTATION.png,"[12,4]",0.99
regenerated_new/13/H/case-106016_JAY_ANNOTATION.png,"[13,8]",0.99
regenerated_new/14/H/case-106016_JAY_ANNOTATION.png,"[14,13]",1.11
regenerated_new/1/H/case-106081_JAY_ANNOTATION.png,"[1,10]",0.99
regenerated_new/2/H/case-106081_JAY_ANNOTATION.png,"[2,4]",0.87
regenerated_new/3/H/case-106081_JAY_ANNOTATION.png,"[3,10]",0.99
regenerated_new/4/H/case-106081_JAY_ANNOTATION.png,"[4,12]",0.99
regenerated_new/5/H/case-106081_JAY_ANNOTATION.png,"[13,5]",0.99
regenerated_new/10/H/case-106081_JAY_ANNOTATION.png,"[10,11]",1.11
regenerated_new/11/H/case-106081_JAY_ANNOTATION.png,"[11,5]",0.99
regenerated_new/12/H/case-106081_JAY_ANNOTATION.png,"[12,14]",1.11
regenerated_new/13/H/case-106081_JAY_ANNOTATION.png,"[13,6]",0.99
regenerated_new/14/H/case-106081_JAY_ANNOTATION.png,"[14,9]",0.99
regenerated_new/1/H/case-106101_JAY_ANNOTATION.png,"[1,10]",0.99
regenerated_new/2/H/case-106101_JAY_ANNOTATION.png,"[2,10]",0.99
regenerated_new/3/H/case-106101_JAY_ANNOTATION.png,"[3,10]",0.99
regenerated_new/4/H/case-106101_JAY_ANNOTATION.png,"[4,12]",0.99
regenerated_new/5/H/case-106101_JAY_ANNOTATION.png,"[5,13]",0.99
regenerated_new/10/H/case-106101_JAY_ANNOTATION.png,"[11,10]",1.11
regenerated_new/11/H/case-106101_JAY_ANNOTATION.png,"[11,12]",1.11
regenerated_new/12/H/case-106101_JAY_ANNOTATION.png,"[4,12]",0.99
regenerated_new/13/H/case-106101_JAY_ANNOTATION.png,"[13,5]",0.99
regenerated_new/14/H/case-106101_JAY_ANNOTATION.png,"[14,13]",1.11
regenerated_new/1/H/case-106127_JAY_ANNOTATION.png,"[1,10]",0.99
regenerated_new/2/H/case-106127_JAY_ANNOTATION.png,"[2,10]",0.99
regenerated_new/3/H/case-106127_JAY_ANNOTATION.png,"[3,10]",0.99
regenerated_new/4/H/case-106127_JAY_ANNOTATION.png,"[4,12]",0.99
regenerated_new/5/H/case-106127_JAY_ANNOTATION.png,"[5,13]",0.99
regenerated_new/10/H/case-106127_JAY_ANNOTATION.png,"[10,11]",1.11
regenerated_new/11/H/case-106127_JAY_ANNOTATION.png,"[11,10]",1.11
regenerated_new/12/H/case-106127_JAY_ANNOTATION.png,"[12,4]",0.99
regenerated_new/13/H/case-106127_JAY_ANNOTATION.png,"[13,5]",0.99
regenerated_new/1/H/case-106139_JAY_ANNOTATION.png,"[1,10]",0.98
regenerated_new/2/H/case-106139_JAY_ANNOTATION.png,"[2,4]",0.86
regenerated_new/3/H/case-106139_JAY_ANNOTATION.png,"[3,10]",0.99
regenerated_new/4/H/case-106139_JAY_ANNOTATION.png,"[12,4]",0.99
regenerated_new/5/H/case-106139_JAY_ANNOTATION.png,"[5,13]",0.99
regenerated_new/10/H/case-106139_JAY_ANNOTATION.png,"[10,11]",1.11
regenerated_new/11/H/case-106139_JAY_ANNOTATION.png,"[11,10]",1.11
regenerated_new/12/H/case-106139_JAY_ANNOTATION.png,"[12,4]",0.99
regenerated_new/13/H/case-106139_JAY_ANNOTATION.png,"[5,13]",0.99
regenerated_new/1/H/case-106141_JAY_ANNOTATION.png,"[1,10]",0.99
regenerated_new/2/H/case-106141_JAY_ANNOTATION.png,"[2,4]",0.87
regenerated_new/3/H/case-106141_JAY_ANNOTATION.png,"[3,10]",0.99
regenerated_new/4/H/case-106141_JAY_ANNOTATION.png,"[4,12]",0.99
regenerated_new/5/H/case-106141_JAY_ANNOTATION.png,"[13,5]",0.99
regenerated_new/9/H/case-106141_JAY_ANNOTATION.png,"[14,9]",0.99
regenerated_new/10/H/case-106141_JAY_ANNOTATION.png,"[10,11]",1.11
regenerated_new/11/H/case-106141_JAY_ANNOTATION.png,"[11,12]",1.11
regenerated_new/12/H/case-106141_JAY_ANNOTATION.png,"[12,14]",1.12
regenerated_new/14/H/case-106141_JAY_ANNOTATION.png,"[14,9]",0.99
regenerated_new/1/H/case-106157_JAY_ANNOTATION.png,"[1,10]",0.99
regenerated_new/2/H/case-106157_JAY_ANNOTATION.png,"[2,10]",0.99
regenerated_new/3/H/case-106157_JAY_ANNOTATION.png,"[3,10]",0.99
regenerated_new/4/H/case-106157_JAY_ANNOTATION.png,"[4,12]",0.99
regenerated_new/5/H/case-106157_JAY_ANNOTATION.png,"[5,13]",0.99
regenerated_new/10/H/case-106157_JAY_ANNOTATION.png,"[10,11]",1.11
regenerated_new/11/H/case-106157_JAY_ANNOTATION.png,"[11,10]",1.11
regenerated_new/12/H/case-106157_JAY_ANNOTATION.png,"[4,12]",0.99
regenerated_new/13/H/case-106157_JAY_ANNOTATION.png,"[5,13]",0.99
regenerated_new/1/H/case-106172_JAY_ANNOTATION.png,"[1,10]",0.99
regenerated_new/2/H/case-106172_JAY_ANNOTATION.png,"[2,10]",0.99
regenerated_new/3/H/case-106172_JAY_ANNOTATION.png,"[3,10]",0.99
regenerated_new/4/H/case-106172_JAY_ANNOTATION.png,"[4,12]",0.99
regenerated_new/5/H/case-106172_JAY_ANNOTATION.png,"[5,13]",0.99
regenerated_new/8/H/case-106172_JAY_ANNOTATION.png,"[13,8]",0.99
regenerated_new/10/H/case-106172_JAY_ANNOTATION.png,"[10,11]",1.11
regenerated_new/11/H/case-106172_JAY_ANNOTATION.png,"[11,10]",1.11
regenerated_new/12/H/case-106172_JAY_ANNOTATION.png,"[4,12]",0.99
regenerated_new/13/H/case-106172_JAY_ANNOTATION.png,"[13,5]",0.99
regenerated_new/14/H/case-106172_JAY_ANNOTATION.png,"[14,13]",1.11
regenerated_new/1/H/case-106301_JAY_ANNOTATION.png,"[1,10]",0.99
regenerated_new/2/H/case-106301_JAY_ANNOTATION.png,"[2,10]",0.99
regenerated_new/3/H/case-106301_JAY_ANNOTATION.png,"[3,10]",0.99
regenerated_new/4/H/case-106301_JAY_ANNOTATION.png,"[4,12]",0.99
regenerated_new/5/H/case-106301_JAY_ANNOTATION.png,"[5,13]",0.99
regenerated_new/10/H/case-106301_JAY_ANNOTATION.png,"[10,11]",1.11
regenerated_new/11/H/case-106301_JAY_ANNOTATION.png,"[11,13]",1.11
regenerated_new/12/H/case-106301_JAY_ANNOTATION.png,"[4,12]",0.99
regenerated_new/13/H/case-106301_JAY_ANNOTATION.png,"[13,14]",1.11
regenerated_new/1/H/case-106371_JAY_ANNOTATION.png,"[1,10]",0.99
regenerated_new/2/H/case-106371_JAY_ANNOTATION.png,"[2,10]",0.99
regenerated_new/3/H/case-106371_JAY_ANNOTATION.png,"[3,10]",0.99
regenerated_new/4/H/case-106371_JAY_ANNOTATION.png,"[4,12]",0.99
regenerated_new/5/H/case-106371_JAY_ANNOTATION.png,"[5,13]",0.99
regenerated_new/10/H/case-106371_JAY_ANNOTATION.png,"[10,11]",1.11
regenerated_new/11/H/case-106371_JAY_ANNOTATION.png,"[11,10]",1.11
regenerated_new/12/H/case-106371_JAY_ANNOTATION.png,"[4,12]",0.99
regenerated_new/13/H/case-106371_JAY_ANNOTATION.png,"[5,13]",0.99
regenerated_new/14/H/case-106371_JAY_ANNOTATION.png,"[14,13]",1.11
regenerated_new/1/H/case-106374_JAY_ANNOTATION.png,"[1,10]",0.99
regenerated_new/2/H/case-106374_JAY_ANNOTATION.png,"[2,4]",0.87
regenerated_new/3/H/case-106374_JAY_ANNOTATION.png,"[3,10]",0.99
regenerated_new/4/H/case-106374_JAY_ANNOTATION.png,"[4,12]",0.99
regenerated_new/5/H/case-106374_JAY_ANNOTATION.png,"[5,13]",0.99
regenerated_new/10/H/case-106374_JAY_ANNOTATION.png,"[11,10]",1.11
regenerated_new/11/H/case-106374_JAY_ANNOTATION.png,"[11,12]",1.11
regenerated_new/12/H/case-106374_JAY_ANNOTATION.png,"[12,14]",1.11
regenerated_new/13/H/case-106374_JAY_ANNOTATION.png,"[13,14]",1.11
regenerated_new/14/H/case-106374_JAY_ANNOTATION.png,"[14,9]",0.99
regenerated_new/1/H/case-106456_JAY_ANNOTATION.png,"[1,10]",0.99
regenerated_new/2/H/case-106456_JAY_ANNOTATION.png,"[2,10]",0.99
regenerated_new/3/H/case-106456_JAY_ANNOTATION.png,"[3,10]",0.99
regenerated_new/4/H/case-106456_JAY_ANNOTATION.png,"[12,4]",0.99
regenerated_new/10/H/case-106456_JAY_ANNOTATION.png,"[10,11]",1.11
regenerated_new/11/H/case-106456_JAY_ANNOTATION.png,"[11,10]",1.11
regenerated_new/12/H/case-106456_JAY_ANNOTATION.png,"[12,11]",1.11
regenerated_new/13/H/case-106456_JAY_ANNOTATION.png,"[13,5]",0.99
regenerated_new/14/H/case-106456_JAY_ANNOTATION.png,"[14,13]",1.11
regenerated_new/1/H/case-106464_JAY_ANNOTATION.png,"[1,10]",0.99
regenerated_new/2/H/case-106464_JAY_ANNOTATION.png,"[2,10]",0.99
regenerated_new/3/H/case-106464_JAY_ANNOTATION.png,"[3,10]",0.99
regenerated_new/4/H/case-106464_JAY_ANNOTATION.png,"[4,12]",0.99
regenerated_new/5/H/case-106464_JAY_ANNOTATION.png,"[5,13]",0.99
regenerated_new/10/H/case-106464_JAY_ANNOTATION.png,"[11,10]",1.11
regenerated_new/11/H/case-106464_JAY_ANNOTATION.png,"[11,12]",1.11
regenerated_new/12/H/case-106464_JAY_ANNOTATION.png,"[12,4]",0.99
regenerated_new/13/H/case-106464_JAY_ANNOTATION.png,"[13,5]",0.99
regenerated_new/14/H/case-106464_JAY_ANNOTATION.png,"[14,13]",1.11
regenerated_new/1/H/case-106541_JAY_ANNOTATION.png,"[1,2]",0.87
regenerated_new/2/H/case-106541_JAY_ANNOTATION.png,"[2,10]",0.99
regenerated_new/3/H/case-106541_JAY_ANNOTATION.png,"[3,10]",0.99
regenerated_new/4/H/case-106541_JAY_ANNOTATION.png,"[4,12]",0.99
regenerated_new/5/H/case-106541_JAY_ANNOTATION.png,"[5,13]",0.99
regenerated_new/9/H/case-106541_JAY_ANNOTATION.png,"[14,9]",0.99
regenerated_new/10/H/case-106541_JAY_ANNOTATION.png,"[11,10]",1.11
regenerated_new/11/H/case-106541_JAY_ANNOTATION.png,"[11,12]",1.11
regenerated_new/12/H/case-106541_JAY_ANNOTATION.png,"[12,4]",0.99
regenerated_new/13/H/case-106541_JAY_ANNOTATION.png,"[13,5]",0.99
regenerated_new/14/H/case-106541_JAY_ANNOTATION.png,"[14,13]",1.11
regenerated_new/1/H/case-106569_JAY_ANNOTATION.png,"[1,10]",0.99
regenerated_new/2/H/case-106569_JAY_ANNOTATION.png,"[2,10]",0.99
regenerated_new/3/H/case-106569_JAY_ANNOTATION.png,"[3,10]",0.99
regenerated_new/4/H/case-106569_JAY_ANNOTATION.png,"[4,12]",0.99
regenerated_new/5/H/case-106569_JAY_ANNOTATION.png,"[5,13]",0.99
regenerated_new/6/H/case-106569_JAY_ANNOTATION.png,"[14,6]",0.99
regenerated_new/10/H/case-106569_JAY_ANNOTATION.png,"[10,11]",1.11
regenerated_new/11/H/case-106569_JAY_ANNOTATION.png,"[11,12]",1.11
regenerated_new/12/H/case-106569_JAY_ANNOTATION.png,"[12,4]",0.99
regenerated_new/13/H/case-106569_JAY_ANNOTATION.png,"[5,13]",0.99
regenerated_new/14/H/case-106569_JAY_ANNOTATION.png,"[14,13]",1.11
regenerated_new/1/H/case-106811_JAY_ANNOTATION.png,"[1,10]",0.99
regenerated_new/2/H/case-106811_JAY_ANNOTATION.png,"[2,10]",0.99
regenerated_new/3/H/case-106811_JAY_ANNOTATION.png,"[3,10]",0.99
regenerated_new/5/H/case-106811_JAY_ANNOTATION.png,"[5,13]",0.99
regenerated_new/10/H/case-106811_JAY_ANNOTATION.png,"[10,11]",1.11
regenerated_new/11/H/case-106811_JAY_ANNOTATION.png,"[11,10]",1.11
regenerated_new/12/H/case-106811_JAY_ANNOTATION.png,"[12,14]",1.11
regenerated_new/13/H/case-106811_JAY_ANNOTATION.png,"[13,5]",0.99
regenerated_new/14/H/case-106811_JAY_ANNOTATION.png,"[14,9]",0.99
regenerated_new/1/H/case-106835_JAY_ANNOTATION.png,"[1,10]",0.99
regenerated_new/2/H/case-106835_JAY_ANNOTATION.png,"[2,10]",0.99
regenerated_new/3/H/case-106835_JAY_ANNOTATION.png,"[3,10]",0.99
regenerated_new/4/H/case-106835_JAY_ANNOTATION.png,"[4,12]",0.99
regenerated_new/5/H/case-106835_JAY_ANNOTATION.png,"[5,13]",0.99
regenerated_new/10/H/case-106835_JAY_ANNOTATION.png,"[11,10]",1.11
regenerated_new/11/H/case-106835_JAY_ANNOTATION.png,"[11,10]",1.11
regenerated_new/12/H/case-106835_JAY_ANNOTATION.png,"[12,14]",1.11
regenerated_new/13/H/case-106835_JAY_ANNOTATION.png,"[13,6]",0.99
regenerated_new/14/H/case-106835_JAY_ANNOTATION.png,"[14,13]",1.11
regenerated_new/1/H/case-106856_JAY_ANNOTATION.png,"[1,10]",0.99
regenerated_new/2/H/case-106856_JAY_ANNOTATION.png,"[2,10]",0.99
regenerated_new/3/H/case-106856_JAY_ANNOTATION.png,"[3,10]",0.99
regenerated_new/4/H/case-106856_JAY_ANNOTATION.png,"[2,4]",0.86
regenerated_new/5/H/case-106856_JAY_ANNOTATION.png,"[13,5]",0.99
regenerated_new/10/H/case-106856_JAY_ANNOTATION.png,"[10,11]",1.11
regenerated_new/11/H/case-106856_JAY_ANNOTATION.png,"[10,11]",1.11
regenerated_new/12/H/case-106856_JAY_ANNOTATION.png,"[12,4]",0.99
regenerated_new/13/H/case-106856_JAY_ANNOTATION.png,"[13,5]",0.99
regenerated_new/14/H/case-106856_JAY_ANNOTATION.png,"[14,13]",1.11
regenerated_new/1/H/case-106882_JAY_ANNOTATION.png,"[1,10]",0.99
regenerated_new/2/H/case-106882_JAY_ANNOTATION.png,"[2,10]",0.99
regenerated_new/3/H/case-106882_JAY_ANNOTATION.png,"[3,10]",0.99
regenerated_new/5/H/case-106882_JAY_ANNOTATION.png,"[5,13]",0.99
regenerated_new/10/H/case-106882_JAY_ANNOTATION.png,"[11,10]",1.11
regenerated_new/11/H/case-106882_JAY_ANNOTATION.png,"[11,10]",1.11
regenerated_new/12/H/case-106882_JAY_ANNOTATION.png,"[11,12]",1.11
regenerated_new/13/H/case-106882_JAY_ANNOTATION.png,"[5,13]",0.99
regenerated_new/14/H/case-106882_JAY_ANNOTATION.png,"[14,13]",1.11
regenerated_new/1/H/case-106963_JAY_ANNOTATION.png,"[1,10]",0.99
regenerated_new/2/H/case-106963_JAY_ANNOTATION.png,"[2,10]",0.99
regenerated_new/3/H/case-106963_JAY_ANNOTATION.png,"[3,10]",0.99
regenerated_new/5/H/case-106963_JAY_ANNOTATION.png,"[13,5]",0.99
regenerated_new/10/H/case-106963_JAY_ANNOTATION.png,"[10,11]",1.11
regenerated_new/11/H/case-106963_JAY_ANNOTATION.png,"[11,10]",1.11
regenerated_new/12/H/case-106963_JAY_ANNOTATION.png,"[12,4]",0.99
regenerated_new/13/H/case-106963_JAY_ANNOTATION.png,"[13,8]",0.99
regenerated_new/14/H/case-106963_JAY_ANNOTATION.png,"[14,13]",1.11
regenerated_new/1/H/case-106973_JAY_ANNOTATION.png,"[1,10]",0.99
regenerated_new/2/H/case-106973_JAY_ANNOTATION.png,"[2,10]",0.99
regenerated_new/3/H/case-106973_JAY_ANNOTATION.png,"[3,10]",0.99
regenerated_new/4/H/case-106973_JAY_ANNOTATION.png,"[4,12]",0.99
regenerated_new/5/H/case-106973_JAY_ANNOTATION.png,"[5,13]",0.99
regenerated_new/9/H/case-106973_JAY_ANNOTATION.png,"[14,9]",0.99
regenerated_new/10/H/case-106973_JAY_ANNOTATION.png,"[10,11]",1.11
regenerated_new/11/H/case-106973_JAY_ANNOTATION.png,"[11,10]",1.11
regenerated_new/12/H/case-106973_JAY_ANNOTATION.png,"[12,4]",0.99
regenerated_new/13/H/case-106973_JAY_ANNOTATION.png,"[5,13]",0.99
regenerated_new/14/H/case-106973_JAY_ANNOTATION.png,"[13,14]",1.11
regenerated_new/1/H/case-106991_JAY_ANNOTATION.png,"[1,10]",0.99
regenerated_new/2/H/case-106991_JAY_ANNOTATION.png,"[2,10]",0.99
regenerated_new/3/H/case-106991_JAY_ANNOTATION.png,"[3,10]",0.99
regenerated_new/5/H/case-106991_JAY_ANNOTATION.png,"[3,5]",0.86
regenerated_new/10/H/case-106991_JAY_ANNOTATION.png,"[10,11]",1.11
regenerated_new/11/H/case-106991_JAY_ANNOTATION.png,"[11,10]",1.11
regenerated_new/12/H/case-106991_JAY_ANNOTATION.png,"[4,12]",0.99
regenerated_new/13/H/case-106991_JAY_ANNOTATION.png,"[9,13]",0.99
regenerated_new/14/H/case-106991_JAY_ANNOTATION.png,"[14,13]",1.11
regenerated_new/1/H/case-107068_JAY_ANNOTATION.png,"[1,10]",0.99
regenerated_new/2/H/case-107068_JAY_ANNOTATION.png,"[2,10]",0.99
regenerated_new/3/H/case-107068_JAY_ANNOTATION.png,"[3,10]",0.99
regenerated_new/4/H/case-107068_JAY_ANNOTATION.png,"[4,12]",0.99
regenerated_new/5/H/case-107068_JAY_ANNOTATION.png,"[13,5]",0.99
regenerated_new/10/H/case-107068_JAY_ANNOTATION.png,"[10,11]",1.11
regenerated_new/11/H/case-107068_JAY_ANNOTATION.png,"[11,10]",1.11
regenerated_new/12/H/case-107068_JAY_ANNOTATION.png,"[4,12]",0.99
regenerated_new/13/H/case-107068_JAY_ANNOTATION.png,"[13,14]",1.11
regenerated_new/14/H/case-107068_JAY_ANNOTATION.png,"[14,9]",0.99
regenerated_new/1/H/case-107184_JAY_ANNOTATION.png,"[1,10]",0.99
regenerated_new/2/H/case-107184_JAY_ANNOTATION.png,"[2,4]",0.86
regenerated_new/3/H/case-107184_JAY_ANNOTATION.png,"[3,10]",0.99
regenerated_new/4/H/case-107184_JAY_ANNOTATION.png,"[4,12]",0.99
regenerated_new/5/H/case-107184_JAY_ANNOTATION.png,"[5,13]",0.99
regenerated_new/10/H/case-107184_JAY_ANNOTATION.png,"[11,10]",1.11
regenerated_new/11/H/case-107184_JAY_ANNOTATION.png,"[11,12]",1.11
regenerated_new/12/H/case-107184_JAY_ANNOTATION.png,"[12,4]",0.99
regenerated_new/13/H/case-107184_JAY_ANNOTATION.png,"[13,5]",0.99
regenerated_new/14/H/case-107184_JAY_ANNOTATION.png,"[14,13]",1.11
regenerated_new/1/H/case-107267_JAY_ANNOTATION.png,"[1,10]",0.99
regenerated_new/2/H/case-107267_JAY_ANNOTATION.png,"[2,10]",0.99
regenerated_new/3/H/case-107267_JAY_ANNOTATION.png,"[3,10]",0.99
regenerated_new/4/H/case-107267_JAY_ANNOTATION.png,"[4,12]",0.99
regenerated_new/5/H/case-107267_JAY_ANNOTATION.png,"[5,13]",0.99
regenerated_new/10/H/case-107267_JAY_ANNOTATION.png,"[10,11]",1.11
regenerated_new/11/H/case-107267_JAY_ANNOTATION.png,"[11,10]",1.11
regenerated_new/12/H/case-107267_JAY_ANNOTATION.png,"[12,4]",0.99
regenerated_new/13/H/case-107267_JAY_ANNOTATION.png,"[13,5]",0.99
regenerated_new/1/H/case-107296_JAY_ANNOTATION.png,"[1,10]",0.99
regenerated_new/2/H/case-107296_JAY_ANNOTATION.png,"[2,4]",0.86
regenerated_new/3/H/case-107296_JAY_ANNOTATION.png,"[3,10]",0.99
regenerated_new/4/H/case-107296_JAY_ANNOTATION.png,"[12,4]",0.99
regenerated_new/5/H/case-107296_JAY_ANNOTATION.png,"[5,13]",0.99
regenerated_new/10/H/case-107296_JAY_ANNOTATION.png,"[10,11]",1.11
regenerated_new/11/H/case-107296_JAY_ANNOTATION.png,"[11,10]",1.11
regenerated_new/13/H/case-107296_JAY_ANNOTATION.png,"[13,5]",0.99
regenerated_new/14/H/case-107296_JAY_ANNOTATION.png,"[14,13]",1.11
regenerated_new/1/H/case-110146_JAY_ANNOTATION.png,"[1,10]",0.99
regenerated_new/2/H/case-110146_JAY_ANNOTATION.png,"[2,10]",0.99
regenerated_new/3/H/case-110146_JAY_ANNOTATION.png,"[3,10]",0.99
regenerated_new/4/H/case-110146_JAY_ANNOTATION.png,"[12,4]",0.99
regenerated_new/5/H/case-110146_JAY_ANNOTATION.png,"[13,5]",0.99
regenerated_new/10/H/case-110146_JAY_ANNOTATION.png,"[10,11]",1.11
regenerated_new/11/H/case-110146_JAY_ANNOTATION.png,"[11,10]",1.11
regenerated_new/12/H/case-110146_JAY_ANNOTATION.png,"[12,4]",0.99
regenerated_new/13/H/case-110146_JAY_ANNOTATION.png,"[13,8]",0.99
regenerated_new/14/H/case-110146_JAY_ANNOTATION.png,"[14,13]",1.11
regenerated_new/1/H/case-110184_JAY_ANNOTATION.png,"[1,10]",0.99
regenerated_new/2/H/case-110184_JAY_ANNOTATION.png,"[2,10]",0.99
regenerated_new/3/H/case-110184_JAY_ANNOTATION.png,"[3,10]",0.99
regenerated_new/4/H/case-110184_JAY_ANNOTATION.png,"[4,12]",0.99
regenerated_new/10/H/case-110184_JAY_ANNOTATION.png,"[11,10]",1.11
regenerated_new/11/H/case-110184_JAY_ANNOTATION.png,"[11,12]",1.11
regenerated_new/12/H/case-110184_JAY_ANNOTATION.png,"[12,11]",1.11
regenerated_new/13/H/case-110184_JAY_ANNOTATION.png,"[13,14]",1.11
regenerated_new/14/H/case-110184_JAY_ANNOTATION.png,"[14,13]",1.11
regenerated_new/1/H/case-110307_JAY_ANNOTATION.png,"[1,10]",0.99
regenerated_new/2/H/case-110307_JAY_ANNOTATION.png,"[2,10]",0.99
regenerated_new/3/H/case-110307_JAY_ANNOTATION.png,"[3,10]",0.99
regenerated_new/4/H/case-110307_JAY_ANNOTATION.png,"[2,4]",0.86
regenerated_new/5/H/case-110307_JAY_ANNOTATION.png,"[5,13]",0.99
regenerated_new/10/H/case-110307_JAY_ANNOTATION.png,"[10,11]",1.11
regenerated_new/11/H/case-110307_JAY_ANNOTATION.png,"[11,10]",1.11
regenerated_new/12/H/case-110307_JAY_ANNOTATION.png,"[12,11]",1.11
regenerated_new/13/H/case-110307_JAY_ANNOTATION.png,"[13,5]",0.99
regenerated_new/1/H/case-110324_JAY_ANNOTATION.png,"[1,10]",0.99
regenerated_new/2/H/case-110324_JAY_ANNOTATION.png,"[2,10]",0.99
regenerated_new/3/H/case-110324_JAY_ANNOTATION.png,"[3,10]",0.99
regenerated_new/4/H/case-110324_JAY_ANNOTATION.png,"[4,12]",0.99
regenerated_new/5/H/case-110324_JAY_ANNOTATION.png,"[5,13]",0.99
regenerated_new/10/H/case-110324_JAY_ANNOTATION.png,"[10,11]",1.11
regenerated_new/11/H/case-110324_JAY_ANNOTATION.png,"[11,10]",1.11
regenerated_new/12/H/case-110324_JAY_ANNOTATION.png,"[12,4]",0.99
regenerated_new/13/H/case-110324_JAY_ANNOTATION.png,"[13,14]",1.11
regenerated_new/1/H/case-110378_JAY_ANNOTATION.png,"[1,10]",0.99
regenerated_new/2/H/case-110378_JAY_ANNOTATION.png,"[2,10]",0.99
regenerated_new/3/H/case-110378_JAY_ANNOTATION.png,"[3,10]",0.99
regenerated_new/5/H/case-110378_JAY_ANNOTATION.png,"[5,13]",0.99
regenerated_new/10/H/case-110378_JAY_ANNOTATION.png,"[11,10]",1.11
regenerated_new/11/H/case-110378_JAY_ANNOTATION.png,"[11,12]",1.11
regenerated_new/12/H/case-110378_JAY_ANNOTATION.png,"[12,8]",0.99
regenerated_new/13/H/case-110378_JAY_ANNOTATION.png,"[13,6]",0.99
regenerated_new/14/H/case-110378_JAY_ANNOTATION.png,"[14,13]",1.11
regenerated_new/1/H/case-110382_JAY_ANNOTATION.png,"[1,10]",0.99
regenerated_new/2/H/case-110382_JAY_ANNOTATION.png,"[2,10]",0.99
regenerated_new/3/H/case-110382_JAY_ANNOTATION.png,"[3,10]",0.99
regenerated_new/4/H/case-110382_JAY_ANNOTATION.png,"[4,12]",0.99
regenerated_new/5/H/case-110382_JAY_ANNOTATION.png,"[5,13]",0.99
regenerated_new/6/H/case-110382_JAY_ANNOTATION.png,"[2,6]",0.86
regenerated_new/9/H/case-110382_JAY_ANNOTATION.png,"[14,9]",0.99
regenerated_new/10/H/case-110382_JAY_ANNOTATION.png,"[10,11]",1.11
regenerated_new/11/H/case-110382_JAY_ANNOTATION.png,"[11,10]",1.11
regenerated_new/12/H/case-110382_JAY_ANNOTATION.png,"[12,4]",0.99
regenerated_new/13/H/case-110382_JAY_ANNOTATION.png,"[13,9]",0.99
regenerated_new/14/H/case-110382_JAY_ANNOTATION.png,"[14,13]",1.11
regenerated_new/1/H/case-110393_JAY_ANNOTATION.png,"[1,10]",0.99
regenerated_new/2/H/case-110393_JAY_ANNOTATION.png,"[2,10]",0.99
regenerated_new/3/H/case-110393_JAY_ANNOTATION.png,"[3,10]",0.99
regenerated_new/4/H/case-110393_JAY_ANNOTATION.png,"[4,12]",0.99
regenerated_new/10/H/case-110393_JAY_ANNOTATION.png,"[10,11]",1.11
regenerated_new/11/H/case-110393_JAY_ANNOTATION.png,"[11,12]",1.11
regenerated_new/12/H/case-110393_JAY_ANNOTATION.png,"[4,12]",0.99
regenerated_new/13/H/case-110393_JAY_ANNOTATION.png,"[13,5]",0.99
regenerated_new/14/H/case-110393_JAY_ANNOTATION.png,"[14,13]",1.11
regenerated_new/1/H/case-110447_JAY_ANNOTATION.png,"[1,10]",0.99
regenerated_new/2/H/case-110447_JAY_ANNOTATION.png,"[2,10]",0.99
regenerated_new/3/H/case-110447_JAY_ANNOTATION.png,"[3,10]",0.99
regenerated_new/4/H/case-110447_JAY_ANNOTATION.png,"[4,12]",0.99
regenerated_new/10/H/case-110447_JAY_ANNOTATION.png,"[11,10]",1.11
regenerated_new/11/H/case-110447_JAY_ANNOTATION.png,"[11,12]",1.11
regenerated_new/12/H/case-110447_JAY_ANNOTATION.png,"[4,12]",0.99
regenerated_new/13/H/case-110447_JAY_ANNOTATION.png,"[13,14]",1.11
regenerated_new/14/H/case-110447_JAY_ANNOTATION.png,"[14,13]",1.11
regenerated_new/1/H/case-110519_JAY_ANNOTATION.png,"[1,10]",0.99
regenerated_new/2/H/case-110519_JAY_ANNOTATION.png,"[2,10]",0.99
regenerated_new/3/H/case-110519_JAY_ANNOTATION.png,"[3,10]",0.99
regenerated_new/4/H/case-110519_JAY_ANNOTATION.png,"[12,4]",0.99
regenerated_new/5/H/case-110519_JAY_ANNOTATION.png,"[13,5]",0.98
regenerated_new/10/H/case-110519_JAY_ANNOTATION.png,"[10,11]",1.11
regenerated_new/11/H/case-110519_JAY_ANNOTATION.png,"[11,12]",1.1
regenerated_new/13/H/case-110519_JAY_ANNOTATION.png,"[13,14]",1.11
regenerated_new/1/H/case-110588_JAY_ANNOTATION.png,"[1,10]",0.98
regenerated_new/2/H/case-110588_JAY_ANNOTATION.png,"[2,4]",0.87
regenerated_new/3/H/case-110588_JAY_ANNOTATION.png,"[3,10]",1.47
regenerated_new/4/H/case-110588_JAY_ANNOTATION.png,"[4,12]",0.98
regenerated_new/5/H/case-110588_JAY_ANNOTATION.png,"[13,5]",0.98
regenerated_new/10/H/case-110588_JAY_ANNOTATION.png,"[10,11]",1.11
regenerated_new/11/H/case-110588_JAY_ANNOTATION.png,"[11,10]",1.1
regenerated_new/12/H/case-110588_JAY_ANNOTATION.png,"[12,4]",0.98
regenerated_new/13/H/case-110588_JAY_ANNOTATION.png,"[13,14]",1.1
regenerated_new/1/H/case-110636_JAY_ANNOTATION.png,"[1,10]",0.98
regenerated_new/2/H/case-110636_JAY_ANNOTATION.png,"[2,4]",0.86
regenerated_new/3/H/case-110636_JAY_ANNOTATION.png,"[3,10]",0.98
regenerated_new/4/H/case-110636_JAY_ANNOTATION.png,"[4,12]",0.98
regenerated_new/5/H/case-110636_JAY_ANNOTATION.png,"[13,5]",0.98
regenerated_new/10/H/case-110636_JAY_ANNOTATION.png,"[11,10]",1.11
regenerated_new/11/H/case-110636_JAY_ANNOTATION.png,"[11,12]",1.11
regenerated_new/12/H/case-110636_JAY_ANNOTATION.png,"[12,6]",0.98
regenerated_new/13/H/case-110636_JAY_ANNOTATION.png,"[13,5]",0.98
regenerated_new/1/H/case-110640_JAY_ANNOTATION.png,"[1,10]",0.98
regenerated_new/2/H/case-110640_JAY_ANNOTATION.png,"[2,10]",0.98
regenerated_new/3/H/case-110640_JAY_ANNOTATION.png,"[3,10]",0.98
regenerated_new/4/H/case-110640_JAY_ANNOTATION.png,"[4,12]",0.98
regenerated_new/5/H/case-110640_JAY_ANNOTATION.png,"[5,13]",0.98
regenerated_new/10/H/case-110640_JAY_ANNOTATION.png,"[10,11]",1.11
regenerated_new/11/H/case-110640_JAY_ANNOTATION.png,"[11,10]",1.11
regenerated_new/12/H/case-110640_JAY_ANNOTATION.png,"[12,11]",1.1
regenerated_new/13/H/case-110640_JAY_ANNOTATION.png,"[13,5]",0.98
regenerated_new/14/H/case-110640_JAY_ANNOTATION.png,"[14,9]",0.98
regenerated_new/1/H/case-110649_JAY_ANNOTATION.png,"[1,10]",0.98
regenerated_new/2/H/case-110649_JAY_ANNOTATION.png,"[2,10]",0.98
regenerated_new/3/H/case-110649_JAY_ANNOTATION.png,"[3,10]",0.99
regenerated_new/4/H/case-110649_JAY_ANNOTATION.png,"[4,12]",0.99
regenerated_new/5/H/case-110649_JAY_ANNOTATION.png,"[13,5]",0.98
regenerated_new/10/H/case-110649_JAY_ANNOTATION.png,"[10,11]",1.1
regenerated_new/11/H/case-110649_JAY_ANNOTATION.png,"[11,10]",1.11
regenerated_new/12/H/case-110649_JAY_ANNOTATION.png,"[12,14]",1.11
regenerated_new/13/H/case-110649_JAY_ANNOTATION.png,"[13,14]",1.11
regenerated_new/14/H/case-110649_JAY_ANNOTATION.png,"[14,13]",1.1
regenerated_new/1/H/case-110664_JAY_ANNOTATION.png,"[1,10]",0.98
regenerated_new/2/H/case-110664_JAY_ANNOTATION.png,"[2,10]",0.98
regenerated_new/3/H/case-110664_JAY_ANNOTATION.png,"[3,10]",0.98
regenerated_new/4/H/case-110664_JAY_ANNOTATION.png,"[2,4]",0.86
regenerated_new/5/H/case-110664_JAY_ANNOTATION.png,"[5,13]",0.98
regenerated_new/10/H/case-110664_JAY_ANNOTATION.png,"[10,11]",1.11
regenerated_new/11/H/case-110664_JAY_ANNOTATION.png,"[11,10]",1.11
regenerated_new/12/H/case-110664_JAY_ANNOTATION.png,"[12,13]",1.1
regenerated_new/13/H/case-110664_JAY_ANNOTATION.png,"[13,14]",1.11
regenerated_new/14/H/case-110664_JAY_ANNOTATION.png,"[14,13]",1.1
regenerated_new/1/H/case-110831_JAY_ANNOTATION.png,"[1,10]",0.98
regenerated_new/2/H/case-110831_JAY_ANNOTATION.png,"[2,10]",0.98
regenerated_new/3/H/case-110831_JAY_ANNOTATION.png,"[3,10]",0.98
regenerated_new/4/H/case-110831_JAY_ANNOTATION.png,"[4,12]",0.98
regenerated_new/5/H/case-110831_JAY_ANNOTATION.png,"[5,13]",0.99
regenerated_new/9/H/case-110831_JAY_ANNOTATION.png,"[14,9]",0.98
regenerated_new/10/H/case-110831_JAY_ANNOTATION.png,"[11,10]",1.11
regenerated_new/11/H/case-110831_JAY_ANNOTATION.png,"[11,10]",1.11
regenerated_new/12/H/case-110831_JAY_ANNOTATION.png,"[4,12]",0.98
regenerated_new/13/H/case-110831_JAY_ANNOTATION.png,"[13,5]",0.98
regenerated_new/14/H/case-110831_JAY_ANNOTATION.png,"[14,9]",0.98
regenerated_new/1/H/case-110870_JAY_ANNOTATION.png,"[1,10]",0.98
regenerated_new/2/H/case-110870_JAY_ANNOTATION.png,"[2,10]",0.98
regenerated_new/3/H/case-110870_JAY_ANNOTATION.png,"[3,10]",0.98
regenerated_new/4/H/case-110870_JAY_ANNOTATION.png,"[2,4]",0.86
regenerated_new/5/H/case-110870_JAY_ANNOTATION.png,"[5,13]",0.98
regenerated_new/10/H/case-110870_JAY_ANNOTATION.png,"[10,11]",1.11
regenerated_new/11/H/case-110870_JAY_ANNOTATION.png,"[11,10]",1.11
regenerated_new/12/H/case-110870_JAY_ANNOTATION.png,"[12,4]",0.99
regenerated_new/13/H/case-110870_JAY_ANNOTATION.png,"[13,5]",0.99
regenerated_new/14/H/case-110870_JAY_ANNOTATION.png,"[14,12]",1.11
regenerated_new/1/H/case-111040_JAY_ANNOTATION.png,"[1,10]",0.98
regenerated_new/2/H/case-111040_JAY_ANNOTATION.png,"[2,10]",0.98
regenerated_new/3/H/case-111040_JAY_ANNOTATION.png,"[3,10]",0.98
regenerated_new/4/H/case-111040_JAY_ANNOTATION.png,"[4,12]",0.98
regenerated_new/5/H/case-111040_JAY_ANNOTATION.png,"[5,13]",0.98
regenerated_new/9/H/case-111040_JAY_ANNOTATION.png,"[14,9]",0.98
regenerated_new/10/H/case-111040_JAY_ANNOTATION.png,"[10,11]",1.11
regenerated_new/11/H/case-111040_JAY_ANNOTATION.png,"[11,10]",1.11
regenerated_new/12/H/case-111040_JAY_ANNOTATION.png,"[12,4]",0.98
regenerated_new/13/H/case-111040_JAY_ANNOTATION.png,"[13,5]",0.99
regenerated_new/14/H/case-111040_JAY_ANNOTATION.png,"[14,13]",1.1
regenerated_new/1/H/case-111057_JAY_ANNOTATION.png,"[1,10]",0.98
regenerated_new/2/H/case-111057_JAY_ANNOTATION.png,"[2,10]",0.98
regenerated_new/3/H/case-111057_JAY_ANNOTATION.png,"[3,6]",0.86
regenerated_new/4/H/case-111057_JAY_ANNOTATION.png,"[4,12]",0.98
regenerated_new/5/H/case-111057_JAY_ANNOTATION.png,"[5,13]",0.98
regenerated_new/10/H/case-111057_JAY_ANNOTATION.png,"[10,11]",1.1
regenerated_new/11/H/case-111057_JAY_ANNOTATION.png,"[11,10]",1.11
regenerated_new/12/H/case-111057_JAY_ANNOTATION.png,"[12,6]",0.98
regenerated_new/13/H/case-111057_JAY_ANNOTATION.png,"[13,9]",0.98
regenerated_new/14/H/case-111057_JAY_ANNOTATION.png,"[14,13]",1.11
regenerated_new/1/H/case-111159_JAY_ANNOTATION.png,"[1,10]",0.98
regenerated_new/2/H/case-111159_JAY_ANNOTATION.png,"[2,4]",0.86
regenerated_new/3/H/case-111159_JAY_ANNOTATION.png,"[3,10]",0.98
regenerated_new/4/H/case-111159_JAY_ANNOTATION.png,"[4,12]",0.98
regenerated_new/5/H/case-111159_JAY_ANNOTATION.png,"[5,13]",0.98
regenerated_new/10/H/case-111159_JAY_ANNOTATION.png,"[10,11]",1.1
regenerated_new/11/H/case-111159_JAY_ANNOTATION.png,"[11,12]",1.11
regenerated_new/12/H/case-111159_JAY_ANNOTATION.png,"[12,4]",0.99
regenerated_new/13/H/case-111159_JAY_ANNOTATION.png,"[13,5]",0.98
regenerated_new/14/H/case-111159_JAY_ANNOTATION.png,"[14,12]",1.1
regenerated_new/1/H/case-111162_JAY_ANNOTATION.png,"[1,10]",0.98
regenerated_new/2/H/case-111162_JAY_ANNOTATION.png,"[2,10]",0.98
regenerated_new/3/H/case-111162_JAY_ANNOTATION.png,"[3,10]",0.98
regenerated_new/4/H/case-111162_JAY_ANNOTATION.png,"[4,12]",0.98
regenerated_new/5/H/case-111162_JAY_ANNOTATION.png,"[5,13]",0.98
regenerated_new/10/H/case-111162_JAY_ANNOTATION.png,"[10,11]",1.1
regenerated_new/11/H/case-111162_JAY_ANNOTATION.png,"[11,10]",1.1
regenerated_new/12/H/case-111162_JAY_ANNOTATION.png,"[12,4]",0.98
regenerated_new/13/H/case-111162_JAY_ANNOTATION.png,"[13,5]",0.98
regenerated_new/14/H/case-111162_JAY_ANNOTATION.png,"[14,13]",1.1
regenerated_new/1/H/case-111165_JAY_ANNOTATION.png,"[1,10]",0.99
regenerated_new/2/H/case-111165_JAY_ANNOTATION.png,"[2,10]",0.98
regenerated_new/3/H/case-111165_JAY_ANNOTATION.png,"[3,10]",0.98
regenerated_new/4/H/case-111165_JAY_ANNOTATION.png,"[4,12]",0.98
regenerated_new/5/H/case-111165_JAY_ANNOTATION.png,"[13,5]",0.98
regenerated_new/10/H/case-111165_JAY_ANNOTATION.png,"[10,11]",1.1
regenerated_new/11/H/case-111165_JAY_ANNOTATION.png,"[11,10]",1.11
regenerated_new/12/H/case-111165_JAY_ANNOTATION.png,"[12,4]",0.98
regenerated_new/13/H/case-111165_JAY_ANNOTATION.png,"[13,5]",0.98
regenerated_new/1/H/case-111178_JAY_ANNOTATION.png,"[1,10]",0.98
regenerated_new/2/H/case-111178_JAY_ANNOTATION.png,"[2,10]",0.99
regenerated_new/3/H/case-111178_JAY_ANNOTATION.png,"[3,10]",0.98
regenerated_new/4/H/case-111178_JAY_ANNOTATION.png,"[6,4]",0.86
regenerated_new/5/H/case-111178_JAY_ANNOTATION.png,"[5,13]",0.98
regenerated_new/10/H/case-111178_JAY_ANNOTATION.png,"[10,11]",1.11
regenerated_new/11/H/case-111178_JAY_ANNOTATION.png,"[11,10]",1.11
regenerated_new/12/H/case-111178_JAY_ANNOTATION.png,"[14,12]",1.11
regenerated_new/13/H/case-111178_JAY_ANNOTATION.png,"[13,14]",1.11
regenerated_new/14/H/case-111178_JAY_ANNOTATION.png,"[14,13]",1.11
regenerated_new/1/H/case-111246_JAY_ANNOTATION.png,"[1,10]",0.99
regenerated_new/2/H/case-111246_JAY_ANNOTATION.png,"[2,10]",0.98
regenerated_new/3/H/case-111246_JAY_ANNOTATION.png,"[3,10]",0.98
regenerated_new/4/H/case-111246_JAY_ANNOTATION.png,"[4,12]",0.98
regenerated_new/5/H/case-111246_JAY_ANNOTATION.png,"[13,5]",0.98
regenerated_new/10/H/case-111246_JAY_ANNOTATION.png,"[11,10]",1.11
regenerated_new/11/H/case-111246_JAY_ANNOTATION.png,"[11,10]",1.1
regenerated_new/12/H/case-111246_JAY_ANNOTATION.png,"[12,14]",1.11
regenerated_new/13/H/case-111246_JAY_ANNOTATION.png,"[13,5]",0.98
regenerated_new/14/H/case-111246_JAY_ANNOTATION.png,"[11,14]",1.11
regenerated_new/1/H/case-111273_JAY_ANNOTATION.png,"[1,10]",0.98
regenerated_new/2/H/case-111273_JAY_ANNOTATION.png,"[2,10]",0.99
regenerated_new/3/H/case-111273_JAY_ANNOTATION.png,"[3,10]",0.98
regenerated_new/4/H/case-111273_JAY_ANNOTATION.png,"[4,2]",0.86
regenerated_new/5/H/case-111273_JAY_ANNOTATION.png,"[5,13]",0.98
regenerated_new/10/H/case-111273_JAY_ANNOTATION.png,"[10,11]",1.11
regenerated_new/11/H/case-111273_JAY_ANNOTATION.png,"[11,10]",1.11
regenerated_new/13/H/case-111273_JAY_ANNOTATION.png,"[13,14]",1.11
regenerated_new/14/H/case-111273_JAY_ANNOTATION.png,"[14,13]",1.11
regenerated_new/1/H/case-111359_JAY_ANNOTATION.png,"[1,10]",0.98
regenerated_new/2/H/case-111359_JAY_ANNOTATION.png,"[2,4]",0.86
regenerated_new/3/H/case-111359_JAY_ANNOTATION.png,"[3,10]",0.98
regenerated_new/4/H/case-111359_JAY_ANNOTATION.png,"[4,12]",0.98
regenerated_new/5/H/case-111359_JAY_ANNOTATION.png,"[5,13]",0.98
regenerated_new/9/H/case-111359_JAY_ANNOTATION.png,"[14,9]",0.98
regenerated_new/10/H/case-111359_JAY_ANNOTATION.png,"[10,11]",1.11
regenerated_new/11/H/case-111359_JAY_ANNOTATION.png,"[11,10]",1.11
regenerated_new/13/H/case-111359_JAY_ANNOTATION.png,"[13,5]",0.98
regenerated_new/14/H/case-111359_JAY_ANNOTATION.png,"[14,13]",1.11
regenerated_new/1/H/case-111405_JAY_ANNOTATION.png,"[1,10]",0.98
regenerated_new/2/H/case-111405_JAY_ANNOTATION.png,"[2,10]",0.98
regenerated_new/3/H/case-111405_JAY_ANNOTATION.png,"[3,10]",0.98
regenerated_new/4/H/case-111405_JAY_ANNOTATION.png,"[4,12]",0.98
regenerated_new/5/H/case-111405_JAY_ANNOTATION.png,"[13,5]",0.98
regenerated_new/10/H/case-111405_JAY_ANNOTATION.png,"[11,10]",1.11
regenerated_new/11/H/case-111405_JAY_ANNOTATION.png,"[11,12]",1.11
regenerated_new/12/H/case-111405_JAY_ANNOTATION.png,"[4,12]",0.98
regenerated_new/13/H/case-111405_JAY_ANNOTATION.png,"[13,5]",0.98
regenerated_new/14/H/case-111405_JAY_ANNOTATION.png,"[14,9]",0.98
regenerated_new/1/H/case-111446_JAY_ANNOTATION.png,"[1,10]",0.98
regenerated_new/2/H/case-111446_JAY_ANNOTATION.png,"[2,4]",0.86
regenerated_new/3/H/case-111446_JAY_ANNOTATION.png,"[3,10]",0.98
regenerated_new/4/H/case-111446_JAY_ANNOTATION.png,"[4,12]",0.98
regenerated_new/5/H/case-111446_JAY_ANNOTATION.png,"[5,13]",0.98
regenerated_new/10/H/case-111446_JAY_ANNOTATION.png,"[10,11]",1.11
regenerated_new/11/H/case-111446_JAY_ANNOTATION.png,"[11,12]",1.11
regenerated_new/12/H/case-111446_JAY_ANNOTATION.png,"[14,12]",1.1
regenerated_new/13/H/case-111446_JAY_ANNOTATION.png,"[13,14]",1.1
regenerated_new/14/H/case-111446_JAY_ANNOTATION.png,"[14,13]",1.1
regenerated_new/1/H/case-111546_JAY_ANNOTATION.png,"[1,10]",0.98
regenerated_new/2/H/case-111546_JAY_ANNOTATION.png,"[2,4]",0.86
regenerated_new/3/H/case-111546_JAY_ANNOTATION.png,"[3,10]",0.98
regenerated_new/4/H/case-111546_JAY_ANNOTATION.png,"[4,12]",0.98
regenerated_new/5/H/case-111546_JAY_ANNOTATION.png,"[5,13]",0.98
regenerated_new/10/H/case-111546_JAY_ANNOTATION.png,"[10,11]",1.11
regenerated_new/11/H/case-111546_JAY_ANNOTATION.png,"[11,10]",1.11
regenerated_new/12/H/case-111546_JAY_ANNOTATION.png,"[4,12]",0.98
regenerated_new/13/H/case-111546_JAY_ANNOTATION.png,"[13,5]",0.98
regenerated_new/14/H/case-111546_JAY_ANNOTATION.png,"[14,9]",0.98
regenerated_new/1/H/case-111573_JAY_ANNOTATION.png,"[1,10]",0.98
regenerated_new/2/H/case-111573_JAY_ANNOTATION.png,"[2,4]",0.86
regenerated_new/3/H/case-111573_JAY_ANNOTATION.png,"[3,10]",0.98
regenerated_new/4/H/case-111573_JAY_ANNOTATION.png,"[4,12]",0.98
regenerated_new/5/H/case-111573_JAY_ANNOTATION.png,"[5,13]",0.99
regenerated_new/10/H/case-111573_JAY_ANNOTATION.png,"[10,11]",1.11
regenerated_new/11/H/case-111573_JAY_ANNOTATION.png,"[11,10]",1.1
regenerated_new/12/H/case-111573_JAY_ANNOTATION.png,"[12,14]",1.11
regenerated_new/13/H/case-111573_JAY_ANNOTATION.png,"[13,5]",0.98
regenerated_new/14/H/case-111573_JAY_ANNOTATION.png,"[14,13]",1.11
regenerated_new/1/H/case-111685_JAY_ANNOTATION.png,"[1,2]",0.86
regenerated_new/2/H/case-111685_JAY_ANNOTATION.png,"[2,4]",0.86
regenerated_new/3/H/case-111685_JAY_ANNOTATION.png,"[3,10]",0.98
regenerated_new/4/H/case-111685_JAY_ANNOTATION.png,"[4,12]",0.98
regenerated_new/10/H/case-111685_JAY_ANNOTATION.png,"[11,10]",1.1
regenerated_new/11/H/case-111685_JAY_ANNOTATION.png,"[11,6]",0.98
regenerated_new/12/H/case-111685_JAY_ANNOTATION.png,"[12,6]",0.98
regenerated_new/13/H/case-111685_JAY_ANNOTATION.png,"[13,5]",0.98
regenerated_new/14/H/case-111685_JAY_ANNOTATION.png,"[14,13]",1.11
regenerated_new/1/H/case-111755_JAY_ANNOTATION.png,"[1,10]",0.98
regenerated_new/2/H/case-111755_JAY_ANNOTATION.png,"[2,10]",0.98
regenerated_new/3/H/case-111755_JAY_ANNOTATION.png,"[3,10]",0.98
regenerated_new/4/H/case-111755_JAY_ANNOTATION.png,"[4,12]",0.98
regenerated_new/5/H/case-111755_JAY_ANNOTATION.png,"[5,13]",0.99
regenerated_new/10/H/case-111755_JAY_ANNOTATION.png,"[10,11]",1.1
regenerated_new/11/H/case-111755_JAY_ANNOTATION.png,"[11,12]",1.11
regenerated_new/12/H/case-111755_JAY_ANNOTATION.png,"[12,4]",0.98
regenerated_new/13/H/case-111755_JAY_ANNOTATION.png,"[13,14]",1.11
regenerated_new/1/H/case-111791_JAY_ANNOTATION.png,"[1,10]",0.98
regenerated_new/2/H/case-111791_JAY_ANNOTATION.png,"[2,4]",0.86
regenerated_new/3/H/case-111791_JAY_ANNOTATION.png,"[3,10]",0.98
regenerated_new/4/H/case-111791_JAY_ANNOTATION.png,"[4,12]",0.98
regenerated_new/5/H/case-111791_JAY_ANNOTATION.png,"[5,13]",0.98
regenerated_new/10/H/case-111791_JAY_ANNOTATION.png,"[10,11]",1.11
regenerated_new/11/H/case-111791_JAY_ANNOTATION.png,"[11,12]",1.1
regenerated_new/12/H/case-111791_JAY_ANNOTATION.png,"[12,4]",0.98
regenerated_new/13/H/case-111791_JAY_ANNOTATION.png,"[13,14]",1.11
regenerated_new/14/H/case-111791_JAY_ANNOTATION.png,"[14,13]",1.1
regenerated_new/1/H/case-111819_JAY_ANNOTATION.png,"[1,10]",0.98
regenerated_new/2/H/case-111819_JAY_ANNOTATION.png,"[2,10]",0.98
regenerated_new/3/H/case-111819_JAY_ANNOTATION.png,"[3,10]",0.98
regenerated_new/4/H/case-111819_JAY_ANNOTATION.png,"[4,12]",0.98
regenerated_new/5/H/case-111819_JAY_ANNOTATION.png,"[13,5]",0.98
regenerated_new/7/H/case-111819_JAY_ANNOTATION.png,"[3,7]",0.86
regenerated_new/10/H/case-111819_JAY_ANNOTATION.png,"[10,11]",1.11
regenerated_new/11/H/case-111819_JAY_ANNOTATION.png,"[11,10]",1.11
regenerated_new/12/H/case-111819_JAY_ANNOTATION.png,"[12,9]",0.98
regenerated_new/13/H/case-111819_JAY_ANNOTATION.png,"[13,5]",0.98
regenerated_new/14/H/case-111819_JAY_ANNOTATION.png,"[14,13]",1.11
regenerated_new/1/H/case-111830_JAY_ANNOTATION.png,"[1,10]",0.98
regenerated_new/2/H/case-111830_JAY_ANNOTATION.png,"[2,10]",0.98
regenerated_new/3/H/case-111830_JAY_ANNOTATION.png,"[3,10]",0.98
regenerated_new/10/H/case-111830_JAY_ANNOTATION.png,"[10,11]",1.11
regenerated_new/11/H/case-111830_JAY_ANNOTATION.png,"[11,12]",1.1
regenerated_new/13/H/case-111830_JAY_ANNOTATION.png,"[13,9]",0.98
regenerated_new/1/H/case-111863_JAY_ANNOTATION.png,"[1,10]",0.98
regenerated_new/2/H/case-111863_JAY_ANNOTATION.png,"[2,10]",0.98
regenerated_new/3/H/case-111863_JAY_ANNOTATION.png,"[3,10]",0.98
regenerated_new/4/H/case-111863_JAY_ANNOTATION.png,"[4,12]",0.98
regenerated_new/5/H/case-111863_JAY_ANNOTATION.png,"[5,13]",0.98
regenerated_new/10/H/case-111863_JAY_ANNOTATION.png,"[10,11]",1.1
regenerated_new/11/H/case-111863_JAY_ANNOTATION.png,"[11,10]",1.11
regenerated_new/12/H/case-111863_JAY_ANNOTATION.png,"[4,12]",0.98
regenerated_new/13/H/case-111863_JAY_ANNOTATION.png,"[13,14]",1.1
regenerated_new/14/H/case-111863_JAY_ANNOTATION.png,"[14,9]",0.99
regenerated_new/1/H/case-111923_JAY_ANNOTATION.png,"[1,10]",0.98
regenerated_new/2/H/case-111923_JAY_ANNOTATION.png,"[2,10]",0.98
regenerated_new/3/H/case-111923_JAY_ANNOTATION.png,"[3,10]",0.98
regenerated_new/4/H/case-111923_JAY_ANNOTATION.png,"[4,12]",0.98
regenerated_new/5/H/case-111923_JAY_ANNOTATION.png,"[5,13]",0.98
regenerated_new/10/H/case-111923_JAY_ANNOTATION.png,"[10,11]",1.1
regenerated_new/11/H/case-111923_JAY_ANNOTATION.png,"[11,10]",1.1
regenerated_new/12/H/case-111923_JAY_ANNOTATION.png,"[12,4]",0.98
regenerated_new/13/H/case-111923_JAY_ANNOTATION.png,"[13,5]",0.98
regenerated_new/14/H/case-111923_JAY_ANNOTATION.png,"[14,13]",1.1
regenerated_new/1/H/case-112038_JAY_ANNOTATION.png,"[1,10]",0.98
regenerated_new/2/H/case-112038_JAY_ANNOTATION.png,"[2,4]",0.86
regenerated_new/3/H/case-112038_JAY_ANNOTATION.png,"[3,10]",0.98
regenerated_new/4/H/case-112038_JAY_ANNOTATION.png,"[4,12]",0.98
regenerated_new/5/H/case-112038_JAY_ANNOTATION.png,"[13,5]",0.98
regenerated_new/10/H/case-112038_JAY_ANNOTATION.png,"[10,11]",1.1
regenerated_new/11/H/case-112038_JAY_ANNOTATION.png,"[11,10]",1.1
regenerated_new/12/H/case-112038_JAY_ANNOTATION.png,"[12,14]",1.11
regenerated_new/13/H/case-112038_JAY_ANNOTATION.png,"[13,14]",1.1
regenerated_new/14/H/case-112038_JAY_ANNOTATION.png,"[14,13]",1.11
regenerated_new/1/H/case-112071_JAY_ANNOTATION.png,"[1,10]",0.99
regenerated_new/2/H/case-112071_JAY_ANNOTATION.png,"[2,10]",0.98
regenerated_new/3/H/case-112071_JAY_ANNOTATION.png,"[3,10]",0.99
regenerated_new/4/H/case-112071_JAY_ANNOTATION.png,"[4,12]",0.98
regenerated_new/5/H/case-112071_JAY_ANNOTATION.png,"[5,13]",0.98
regenerated_new/10/H/case-112071_JAY_ANNOTATION.png,"[10,11]",1.11
regenerated_new/11/H/case-112071_JAY_ANNOTATION.png,"[11,10]",1.11
regenerated_new/12/H/case-112071_JAY_ANNOTATION.png,"[12,14]",1.11
regenerated_new/13/H/case-112071_JAY_ANNOTATION.png,"[13,14]",1.11
regenerated_new/1/H/case-112086_JAY_ANNOTATION.png,"[1,10]",0.98
regenerated_new/2/H/case-112086_JAY_ANNOTATION.png,"[2,4]",0.86
regenerated_new/3/H/case-112086_JAY_ANNOTATION.png,"[3,10]",0.99
regenerated_new/4/H/case-112086_JAY_ANNOTATION.png,"[4,12]",0.98
regenerated_new/5/H/case-112086_JAY_ANNOTATION.png,"[5,13]",0.98
regenerated_new/10/H/case-112086_JAY_ANNOTATION.png,"[10,11]",1.1
regenerated_new/11/H/case-112086_JAY_ANNOTATION.png,"[11,12]",1.1
regenerated_new/12/H/case-112086_JAY_ANNOTATION.png,"[12,4]",0.99
regenerated_new/13/H/case-112086_JAY_ANNOTATION.png,"[13,6]",0.98
regenerated_new/1/H/case-112092_JAY_ANNOTATION.png,"[1,10]",0.98
regenerated_new/2/H/case-112092_JAY_ANNOTATION.png,"[2,10]",0.98
regenerated_new/3/H/case-112092_JAY_ANNOTATION.png,"[3,10]",0.98
regenerated_new/4/H/case-112092_JAY_ANNOTATION.png,"[4,12]",0.98
regenerated_new/5/H/case-112092_JAY_ANNOTATION.png,"[5,13]",0.98
regenerated_new/6/H/case-112092_JAY_ANNOTATION.png,"[6,12]",0.98
regenerated_new/10/H/case-112092_JAY_ANNOTATION.png,"[11,10]",1.11
regenerated_new/11/H/case-112092_JAY_ANNOTATION.png,"[11,12]",1.11
regenerated_new/12/H/case-112092_JAY_ANNOTATION.png,"[12,4]",0.98
regenerated_new/13/H/case-112092_JAY_ANNOTATION.png,"[13,5]",0.98
regenerated_new/1/H/case-112132_JAY_ANNOTATION.png,"[1,10]",0.99
regenerated_new/2/H/case-112132_JAY_ANNOTATION.png,"[2,4]",0.86
regenerated_new/3/H/case-112132_JAY_ANNOTATION.png,"[3,5]",0.86
regenerated_new/4/H/case-112132_JAY_ANNOTATION.png,"[4,12]",0.98
regenerated_new/5/H/case-112132_JAY_ANNOTATION.png,"[5,13]",0.98
regenerated_new/9/H/case-112132_JAY_ANNOTATION.png,"[14,9]",0.98
regenerated_new/10/H/case-112132_JAY_ANNOTATION.png,"[11,10]",1.11
regenerated_new/11/H/case-112132_JAY_ANNOTATION.png,"[11,12]",1.11
regenerated_new/12/H/case-112132_JAY_ANNOTATION.png,"[12,14]",1.11
regenerated_new/13/H/case-112132_JAY_ANNOTATION.png,"[13,5]",0.98
regenerated_new/1/H/case-112180_JAY_ANNOTATION.png,"[1,10]",0.98
regenerated_new/2/H/case-112180_JAY_ANNOTATION.png,"[2,4]",0.86
regenerated_new/3/H/case-112180_JAY_ANNOTATION.png,"[3,10]",0.99
regenerated_new/4/H/case-112180_JAY_ANNOTATION.png,"[4,12]",0.98
regenerated_new/5/H/case-112180_JAY_ANNOTATION.png,"[5,13]",0.98
regenerated_new/6/H/case-112180_JAY_ANNOTATION.png,"[6,12]",0.98
regenerated_new/10/H/case-112180_JAY_ANNOTATION.png,"[10,11]",1.1
regenerated_new/11/H/case-112180_JAY_ANNOTATION.png,"[11,12]",1.11
regenerated_new/12/H/case-112180_JAY_ANNOTATION.png,"[12,14]",1.11
regenerated_new/13/H/case-112180_JAY_ANNOTATION.png,"[13,5]",0.98
regenerated_new/14/H/case-112180_JAY_ANNOTATION.png,"[14,13]",1.11
regenerated_new/1/H/case-112208_JAY_ANNOTATION.png,"[1,10]",0.98
regenerated_new/2/H/case-112208_JAY_ANNOTATION.png,"[2,10]",0.98
regenerated_new/3/H/case-112208_JAY_ANNOTATION.png,"[3,10]",0.98
regenerated_new/4/H/case-112208_JAY_ANNOTATION.png,"[4,12]",0.99
regenerated_new/5/H/case-112208_JAY_ANNOTATION.png,"[13,5]",0.98
regenerated_new/9/H/case-112208_JAY_ANNOTATION.png,"[14,9]",0.98
regenerated_new/10/H/case-112208_JAY_ANNOTATION.png,"[11,10]",1.1
regenerated_new/11/H/case-112208_JAY_ANNOTATION.png,"[11,10]",1.1
regenerated_new/12/H/case-112208_JAY_ANNOTATION.png,"[12,14]",1.11
regenerated_new/13/H/case-112208_JAY_ANNOTATION.png,"[13,14]",1.11
regenerated_new/14/H/case-112208_JAY_ANNOTATION.png,"[14,13]",1.11
regenerated_new/1/H/case-112234_JAY_ANNOTATION.png,"[1,10]",0.98
regenerated_new/2/H/case-112234_JAY_ANNOTATION.png,"[2,4]",0.86
regenerated_new/3/H/case-112234_JAY_ANNOTATION.png,"[3,10]",0.98
regenerated_new/4/H/case-112234_JAY_ANNOTATION.png,"[4,12]",0.98
regenerated_new/5/H/case-112234_JAY_ANNOTATION.png,"[13,5]",0.98
regenerated_new/6/H/case-112234_JAY_ANNOTATION.png,"[14,6]",0.98
regenerated_new/10/H/case-112234_JAY_ANNOTATION.png,"[10,11]",1.11
regenerated_new/11/H/case-112234_JAY_ANNOTATION.png,"[11,10]",1.11
regenerated_new/12/H/case-112234_JAY_ANNOTATION.png,"[12,14]",1.1
regenerated_new/13/H/case-112234_JAY_ANNOTATION.png,"[13,14]",1.11
regenerated_new/14/H/case-112234_JAY_ANNOTATION.png,"[14,13]",1.11
regenerated_new/1/H/case-112249_JAY_ANNOTATION.png,"[1,10]",0.98
regenerated_new/2/H/case-112249_JAY_ANNOTATION.png,"[2,10]",0.99
regenerated_new/3/H/case-112249_JAY_ANNOTATION.png,"[3,10]",0.98
regenerated_new/4/H/case-112249_JAY_ANNOTATION.png,"[4,12]",0.99
regenerated_new/10/H/case-112249_JAY_ANNOTATION.png,"[10,11]",1.1
regenerated_new/11/H/case-112249_JAY_ANNOTATION.png,"[11,10]",1.11
regenerated_new/12/H/case-112249_JAY_ANNOTATION.png,"[4,12]",0.98
regenerated_new/13/H/case-112249_JAY_ANNOTATION.png,"[13,5]",0.99
regenerated_new/1/H/case-112292_JAY_ANNOTATION.png,"[1,10]",0.99
regenerated_new/2/H/case-112292_JAY_ANNOTATION.png,"[2,4]",0.86
regenerated_new/3/H/case-112292_JAY_ANNOTATION.png,"[3,10]",0.98
regenerated_new/4/H/case-112292_JAY_ANNOTATION.png,"[4,12]",0.98
regenerated_new/5/H/case-112292_JAY_ANNOTATION.png,"[5,13]",0.99
regenerated_new/10/H/case-112292_JAY_ANNOTATION.png,"[10,11]",1.11
regenerated_new/11/H/case-112292_JAY_ANNOTATION.png,"[11,12]",1.11
regenerated_new/12/H/case-112292_JAY_ANNOTATION.png,"[12,4]",0.99
regenerated_new/13/H/case-112292_JAY_ANNOTATION.png,"[13,5]",0.98
regenerated_new/14/H/case-112292_JAY_ANNOTATION.png,"[14,13]",1.11
regenerated_new/1/H/case-112297_JAY_ANNOTATION.png,"[1,10]",0.99
regenerated_new/2/H/case-112297_JAY_ANNOTATION.png,"[2,10]",0.98
regenerated_new/3/H/case-112297_JAY_ANNOTATION.png,"[3,10]",0.98
regenerated_new/4/H/case-112297_JAY_ANNOTATION.png,"[4,12]",0.98
regenerated_new/5/H/case-112297_JAY_ANNOTATION.png,"[5,13]",0.98
regenerated_new/10/H/case-112297_JAY_ANNOTATION.png,"[10,11]",1.11
regenerated_new/11/H/case-112297_JAY_ANNOTATION.png,"[11,12]",1.1
regenerated_new/12/H/case-112297_JAY_ANNOTATION.png,"[4,12]",0.98
regenerated_new/13/H/case-112297_JAY_ANNOTATION.png,"[13,5]",0.99
regenerated_new/14/H/case-112297_JAY_ANNOTATION.png,"[14,12]",1.1
regenerated_new/1/H/case-112348_JAY_ANNOTATION.png,"[1,10]",0.98
regenerated_new/2/H/case-112348_JAY_ANNOTATION.png,"[2,10]",0.98
regenerated_new/3/H/case-112348_JAY_ANNOTATION.png,"[3,10]",0.98
regenerated_new/4/H/case-112348_JAY_ANNOTATION.png,"[4,12]",0.98
regenerated_new/5/H/case-112348_JAY_ANNOTATION.png,"[5,13]",0.98
regenerated_new/10/H/case-112348_JAY_ANNOTATION.png,"[10,11]",1.1
regenerated_new/11/H/case-112348_JAY_ANNOTATION.png,"[11,12]",1.11
regenerated_new/12/H/case-112348_JAY_ANNOTATION.png,"[12,4]",0.98
regenerated_new/14/H/case-112348_JAY_ANNOTATION.png,"[14,13]",1.11
regenerated_new/1/H/case-112364_JAY_ANNOTATION.png,"[1,10]",0.98
regenerated_new/2/H/case-112364_JAY_ANNOTATION.png,"[2,10]",0.98
regenerated_new/3/H/case-112364_JAY_ANNOTATION.png,"[3,10]",0.98
regenerated_new/4/H/case-112364_JAY_ANNOTATION.png,"[4,12]",0.98
regenerated_new/5/H/case-112364_JAY_ANNOTATION.png,"[5,13]",0.98
regenerated_new/10/H/case-112364_JAY_ANNOTATION.png,"[10,11]",1.11
regenerated_new/11/H/case-112364_JAY_ANNOTATION.png,"[11,10]",1.11
regenerated_new/12/H/case-112364_JAY_ANNOTATION.png,"[4,12]",0.99
regenerated_new/13/H/case-112364_JAY_ANNOTATION.png,"[13,6]",0.99
regenerated_new/14/H/case-112364_JAY_ANNOTATION.png,"[14,13]",1.11
regenerated_new/1/H/case-112387_JAY_ANNOTATION.png,"[1,10]",0.98
regenerated_new/2/H/case-112387_JAY_ANNOTATION.png,"[2,10]",0.99
regenerated_new/3/H/case-112387_JAY_ANNOTATION.png,"[3,10]",0.98
regenerated_new/4/H/case-112387_JAY_ANNOTATION.png,"[4,12]",0.98
regenerated_new/5/H/case-112387_JAY_ANNOTATION.png,"[5,13]",0.99
regenerated_new/6/H/case-112387_JAY_ANNOTATION.png,"[6,14]",0.99
regenerated_new/10/H/case-112387_JAY_ANNOTATION.png,"[10,11]",1.11
regenerated_new/11/H/case-112387_JAY_ANNOTATION.png,"[11,12]",1.11
regenerated_new/12/H/case-112387_JAY_ANNOTATION.png,"[12,9]",0.98
regenerated_new/13/H/case-112387_JAY_ANNOTATION.png,"[13,14]",1.11
regenerated_new/14/H/case-112387_JAY_ANNOTATION.png,"[14,13]",1.11
regenerated_new/1/H/case-112425_JAY_ANNOTATION.png,"[1,10]",0.98
regenerated_new/2/H/case-112425_JAY_ANNOTATION.png,"[2,10]",0.98
regenerated_new/3/H/case-112425_JAY_ANNOTATION.png,"[3,10]",0.98
regenerated_new/4/H/case-112425_JAY_ANNOTATION.png,"[4,12]",0.98
regenerated_new/5/H/case-112425_JAY_ANNOTATION.png,"[5,13]",0.99
regenerated_new/10/H/case-112425_JAY_ANNOTATION.png,"[10,11]",1.11
regenerated_new/11/H/case-112425_JAY_ANNOTATION.png,"[11,10]",1.11
regenerated_new/12/H/case-112425_JAY_ANNOTATION.png,"[12,14]",1.1
regenerated_new/13/H/case-112425_JAY_ANNOTATION.png,"[13,14]",1.11
regenerated_new/14/H/case-112425_JAY_ANNOTATION.png,"[14,13]",1.11
regenerated_new/1/H/case-112437_JAY_ANNOTATION.png,"[1,10]",0.98
regenerated_new/2/H/case-112437_JAY_ANNOTATION.png,"[2,10]",0.98
regenerated_new/3/H/case-112437_JAY_ANNOTATION.png,"[3,10]",0.98
regenerated_new/4/H/case-112437_JAY_ANNOTATION.png,"[2,4]",0.86
regenerated_new/10/H/case-112437_JAY_ANNOTATION.png,"[10,11]",1.1
regenerated_new/11/H/case-112437_JAY_ANNOTATION.png,"[11,10]",1.11
regenerated_new/12/H/case-112437_JAY_ANNOTATION.png,"[4,12]",0.98
regenerated_new/13/H/case-112437_JAY_ANNOTATION.png,"[13,14]",1.1
regenerated_new/1/H/case-112453_JAY_ANNOTATION.png,"[1,10]",0.98
regenerated_new/2/H/case-112453_JAY_ANNOTATION.png,"[2,4]",0.86
regenerated_new/3/H/case-112453_JAY_ANNOTATION.png,"[3,10]",0.98
regenerated_new/4/H/case-112453_JAY_ANNOTATION.png,"[4,12]",0.98
regenerated_new/5/H/case-112453_JAY_ANNOTATION.png,"[13,5]",0.98
regenerated_new/9/H/case-112453_JAY_ANNOTATION.png,"[14,9]",0.98
regenerated_new/10/H/case-112453_JAY_ANNOTATION.png,"[10,11]",1.11
regenerated_new/11/H/case-112453_JAY_ANNOTATION.png,"[11,10]",1.11
regenerated_new/12/H/case-112453_JAY_ANNOTATION.png,"[12,4]",0.99
regenerated_new/13/H/case-112453_JAY_ANNOTATION.png,"[13,5]",0.99
regenerated_new/14/H/case-112453_JAY_ANNOTATION.png,"[14,13]",1.11
regenerated_new/1/H/case-112536_JAY_ANNOTATION.png,"[1,10]",0.99
regenerated_new/2/H/case-112536_JAY_ANNOTATION.png,"[2,10]",0.99
regenerated_new/3/H/case-112536_JAY_ANNOTATION.png,"[3,10]",0.98
regenerated_new/4/H/case-112536_JAY_ANNOTATION.png,"[2,4]",0.86
regenerated_new/5/H/case-112536_JAY_ANNOTATION.png,"[5,13]",0.99
regenerated_new/10/H/case-112536_JAY_ANNOTATION.png,"[10,11]",1.11
regenerated_new/11/H/case-112536_JAY_ANNOTATION.png,"[11,12]",1.11
regenerated_new/12/H/case-112536_JAY_ANNOTATION.png,"[12,14]",1.11
regenerated_new/13/H/case-112536_JAY_ANNOTATION.png,"[5,13]",0.98
regenerated_new/14/H/case-112536_JAY_ANNOTATION.png,"[14,13]",1.1
regenerated_new/1/H/case-112545_JAY_ANNOTATION.png,"[1,10]",0.99
regenerated_new/2/H/case-112545_JAY_ANNOTATION.png,"[2,10]",0.98
regenerated_new/3/H/case-112545_JAY_ANNOTATION.png,"[3,10]",0.98
regenerated_new/4/H/case-112545_JAY_ANNOTATION.png,"[4,12]",0.98
regenerated_new/5/H/case-112545_JAY_ANNOTATION.png,"[13,5]",0.98
regenerated_new/9/H/case-112545_JAY_ANNOTATION.png,"[13,9]",0.99
regenerated_new/10/H/case-112545_JAY_ANNOTATION.png,"[10,11]",1.11
regenerated_new/11/H/case-112545_JAY_ANNOTATION.png,"[11,10]",1.1
regenerated_new/12/H/case-112545_JAY_ANNOTATION.png,"[12,4]",0.98
regenerated_new/13/H/case-112545_JAY_ANNOTATION.png,"[13,14]",1.11
regenerated_new/1/H/case-112559_JAY_ANNOTATION.png,"[1,10]",0.98
regenerated_new/2/H/case-112559_JAY_ANNOTATION.png,"[2,4]",0.87
regenerated_new/3/H/case-112559_JAY_ANNOTATION.png,"[3,10]",0.98
regenerated_new/4/H/case-112559_JAY_ANNOTATION.png,"[4,12]",0.98
regenerated_new/5/H/case-112559_JAY_ANNOTATION.png,"[5,13]",0.98
regenerated_new/10/H/case-112559_JAY_ANNOTATION.png,"[11,10]",1.11
regenerated_new/11/H/case-112559_JAY_ANNOTATION.png,"[11,12]",1.11
regenerated_new/12/H/case-112559_JAY_ANNOTATION.png,"[12,9]",0.98
regenerated_new/13/H/case-112559_JAY_ANNOTATION.png,"[13,14]",1.11
regenerated_new/14/H/case-112559_JAY_ANNOTATION.png,"[14,9]",0.98
regenerated_new/7/H/case-100114_JAY_ANNOTATION.png,"[3,5]",20.54
regenerated_new/8/H/case-100114_JAY_ANNOTATION.png,"[12,4]",20.82
regenerated_new/14/H/case-100114_JAY_ANNOTATION.png,"[4,12]",21.41
regenerated_new/6/H/case-100129_JAY_ANNOTATION.png,"[2,1]",18.86
regenerated_new/7/H/case-100129_JAY_ANNOTATION.png,"[1,2]",15.83
regenerated_new/8/H/case-100129_JAY_ANNOTATION.png,"[12,4]",20.46
regenerated_new/9/H/case-100129_JAY_ANNOTATION.png,"[12,4]",17.93
regenerated_new/6/H/case-100164_JAY_ANNOTATION.png,"[2,1]",18.87
regenerated_new/7/H/case-100164_JAY_ANNOTATION.png,"[13,3]",27.24
regenerated_new/8/H/case-100164_JAY_ANNOTATION.png,"[12,4]",20.13
regenerated_new/9/H/case-100164_JAY_ANNOTATION.png,"[6,2]",22.13
regenerated_new/6/H/case-100229_JAY_ANNOTATION.png,"[2,4]",22.01
regenerated_new/7/H/case-100229_JAY_ANNOTATION.png,"[3,5]",23.27
regenerated_new/8/H/case-100229_JAY_ANNOTATION.png,"[1,3]",16.66
regenerated_new/9/H/case-100229_JAY_ANNOTATION.png,"[4,12]",19.33
regenerated_new/14/H/case-100229_JAY_ANNOTATION.png,"[4,12]",21.11
regenerated_new/6/H/case-100245_JAY_ANNOTATION.png,"[2,1]",17.01
regenerated_new/7/H/case-100245_JAY_ANNOTATION.png,"[3,5]",19.94
regenerated_new/8/H/case-100245_JAY_ANNOTATION.png,"[10,11]",18.98
regenerated_new/9/H/case-100245_JAY_ANNOTATION.png,"[4,12]",23.19
regenerated_new/14/H/case-100245_JAY_ANNOTATION.png,"[2,4]",18.19
regenerated_new/6/H/case-100247_JAY_ANNOTATION.png,"[4,2]",22.26
regenerated_new/7/H/case-100247_JAY_ANNOTATION.png,"[3,5]",20.94
regenerated_new/8/H/case-100247_JAY_ANNOTATION.png,"[4,12]",19.95
regenerated_new/9/H/case-100247_JAY_ANNOTATION.png,"[4,6]",18.25
regenerated_new/4/H/case-100254_JAY_ANNOTATION.png,"[2,4]",22.3
regenerated_new/6/H/case-100254_JAY_ANNOTATION.png,"[2,6]",16.3
regenerated_new/7/H/case-100254_JAY_ANNOTATION.png,"[1,2]",17.26
regenerated_new/8/H/case-100254_JAY_ANNOTATION.png,"[4,2]",23.43
regenerated_new/9/H/case-100254_JAY_ANNOTATION.png,"[4,12]",20.23
regenerated_new/6/H/case-100265_JAY_ANNOTATION.png,"[2,1]",18.76
regenerated_new/7/H/case-100265_JAY_ANNOTATION.png,"[1,2]",16.43
regenerated_new/8/H/case-100265_JAY_ANNOTATION.png,"[4,12]",43.32
regenerated_new/9/H/case-100265_JAY_ANNOTATION.png,"[12,4]",19.59
regenerated_new/6/H/case-100304_JAY_ANNOTATION.png,"[1,2]",15.52
regenerated_new/7/H/case-100304_JAY_ANNOTATION.png,"[8,2]",19.95
regenerated_new/8/H/case-100304_JAY_ANNOTATION.png,"[8,12]",24.28
regenerated_new/9/H/case-100304_JAY_ANNOTATION.png,"[14,4]",21.5
regenerated_new/6/H/case-100308_JAY_ANNOTATION.png,"[2,1]",18.73
regenerated_new/7/H/case-100308_JAY_ANNOTATION.png,"[3,5]",18.31
regenerated_new/8/H/case-100308_JAY_ANNOTATION.png,"[4,12]",20.75
regenerated_new/4/H/case-100359_JAY_ANNOTATION.png,"[4,3]",18.88
regenerated_new/6/H/case-100359_JAY_ANNOTATION.png,"[1,2]",10.84
regenerated_new/7/H/case-100359_JAY_ANNOTATION.png,"[5,3]",20.28
regenerated_new/8/H/case-100359_JAY_ANNOTATION.png,"[4,12]",20.74
regenerated_new/9/H/case-100359_JAY_ANNOTATION.png,"[12,4]",17.73
regenerated_new/4/H/case-100366_JAY_ANNOTATION.png,"[5,3]",22.18
regenerated_new/5/H/case-100366_JAY_ANNOTATION.png,"[3,5]",19.23
regenerated_new/6/H/case-100366_JAY_ANNOTATION.png,"[1,4]",21.58
regenerated_new/7/H/case-100366_JAY_ANNOTATION.png,"[1,2]",19.01
regenerated_new/8/H/case-100366_JAY_ANNOTATION.png,"[12,4]",19.47
regenerated_new/9/H/case-100366_JAY_ANNOTATION.png,"[4,12]",25.23
regenerated_new/13/H/case-100366_JAY_ANNOTATION.png,"[12,4]",19.44
regenerated_new/14/H/case-100366_JAY_ANNOTATION.png,"[10,11]",27.55
regenerated_new/6/H/case-100369_JAY_ANNOTATION.png,"[2,4]",19.04
regenerated_new/7/H/case-100369_JAY_ANNOTATION.png,"[3,5]",17.27
regenerated_new/9/H/case-100369_JAY_ANNOTATION.png,"[3,4]",21.6
regenerated_new/14/H/case-100369_JAY_ANNOTATION.png,"[11,10]",29.68
regenerated_new/6/H/case-100371_JAY_ANNOTATION.png,"[4,2]",14.09
regenerated_new/7/H/case-100371_JAY_ANNOTATION.png,"[2,4]",18.18
regenerated_new/8/H/case-100371_JAY_ANNOTATION.png,"[4,3]",19.55
regenerated_new/7/H/case-100515_JAY_ANNOTATION.png,"[1,2]",17.04
regenerated_new/8/H/case-100515_JAY_ANNOTATION.png,"[3,6]",20.79
regenerated_new/9/H/case-100515_JAY_ANNOTATION.png,"[12,4]",26.08
regenerated_new/6/H/case-100518_JAY_ANNOTATION.png,"[2,6]",17.88
regenerated_new/7/H/case-100518_JAY_ANNOTATION.png,"[3,6]",16.35
regenerated_new/8/H/case-100518_JAY_ANNOTATION.png,"[4,12]",27.09
regenerated_new/9/H/case-100518_JAY_ANNOTATION.png,"[12,4]",37.61
regenerated_new/5/H/case-100541_JAY_ANNOTATION.png,"[5,3]",17.27
regenerated_new/6/H/case-100541_JAY_ANNOTATION.png,"[2,4]",20.17
regenerated_new/7/H/case-100541_JAY_ANNOTATION.png,"[14,4]",38.15
regenerated_new/8/H/case-100541_JAY_ANNOTATION.png,"[4,12]",26.22
regenerated_new/9/H/case-100541_JAY_ANNOTATION.png,"[4,2]",16.1
regenerated_new/4/H/case-100585_JAY_ANNOTATION.png,"[4,12]",23.92
regenerated_new/6/H/case-100585_JAY_ANNOTATION.png,"[1,2]",11.0
regenerated_new/7/H/case-100585_JAY_ANNOTATION.png,"[2,10]",16.72
regenerated_new/8/H/case-100585_JAY_ANNOTATION.png,"[12,4]",45.37
regenerated_new/9/H/case-100585_JAY_ANNOTATION.png,"[4,2]",21.47
regenerated_new/14/H/case-100585_JAY_ANNOTATION.png,"[1,2]",14.8
regenerated_new/6/H/case-100591_JAY_ANNOTATION.png,"[2,1]",18.88
regenerated_new/7/H/case-100591_JAY_ANNOTATION.png,"[3,5]",22.53
regenerated_new/8/H/case-100591_JAY_ANNOTATION.png,"[3,7]",18.44
regenerated_new/9/H/case-100591_JAY_ANNOTATION.png,"[4,12]",39.85
regenerated_new/6/H/case-100702_JAY_ANNOTATION.png,"[1,2]",15.74
regenerated_new/7/H/case-100702_JAY_ANNOTATION.png,"[3,5]",20.53
regenerated_new/8/H/case-100702_JAY_ANNOTATION.png,"[4,12]",20.65
regenerated_new/9/H/case-100702_JAY_ANNOTATION.png,"[4,12]",18.76
regenerated_new/12/H/case-100702_JAY_ANNOTATION.png,"[4,12]",20.74
regenerated_new/6/H/case-100770_JAY_ANNOTATION.png,"[2,1]",18.88
regenerated_new/7/H/case-100770_JAY_ANNOTATION.png,"[13,11]",23.79
regenerated_new/8/H/case-100770_JAY_ANNOTATION.png,"[6,12]",22.52
regenerated_new/9/H/case-100770_JAY_ANNOTATION.png,"[4,6]",20.65
regenerated_new/5/H/case-100779_JAY_ANNOTATION.png,"[3,5]",17.59
regenerated_new/6/H/case-100779_JAY_ANNOTATION.png,"[2,1]",18.72
regenerated_new/7/H/case-100779_JAY_ANNOTATION.png,"[2,1]",18.05
regenerated_new/8/H/case-100779_JAY_ANNOTATION.png,"[4,12]",29.75
regenerated_new/9/H/case-100779_JAY_ANNOTATION.png,"[4,2]",23.38
regenerated_new/6/H/case-100863_JAY_ANNOTATION.png,"[14,4]",30.23
regenerated_new/7/H/case-100863_JAY_ANNOTATION.png,"[3,5]",16.75
regenerated_new/8/H/case-100863_JAY_ANNOTATION.png,"[3,6]",18.4
regenerated_new/9/H/case-100863_JAY_ANNOTATION.png,"[12,14]",33.97
regenerated_new/6/H/case-100915_JAY_ANNOTATION.png,"[2,4]",21.77
regenerated_new/7/H/case-100915_JAY_ANNOTATION.png,"[1,2]",15.96
regenerated_new/8/H/case-100915_JAY_ANNOTATION.png,"[12,4]",44.59
regenerated_new/9/H/case-100915_JAY_ANNOTATION.png,"[4,6]",17.82
regenerated_new/7/H/case-100917_JAY_ANNOTATION.png,"[5,3]",21.87
regenerated_new/8/H/case-100917_JAY_ANNOTATION.png,"[5,13]",20.84
regenerated_new/9/H/case-100917_JAY_ANNOTATION.png,"[4,12]",19.45
regenerated_new/14/H/case-100917_JAY_ANNOTATION.png,"[14,4]",20.29
regenerated_new/6/H/case-101045_JAY_ANNOTATION.png,"[2,1]",19.37
regenerated_new/7/H/case-101045_JAY_ANNOTATION.png,"[1,2]",15.99
regenerated_new/8/H/case-101045_JAY_ANNOTATION.png,"[4,12]",19.92
regenerated_new/9/H/case-101045_JAY_ANNOTATION.png,"[4,12]",27.14
regenerated_new/6/H/case-101074_JAY_ANNOTATION.png,"[1,2]",20.74
regenerated_new/7/H/case-101074_JAY_ANNOTATION.png,"[3,5]",21.64
regenerated_new/8/H/case-101074_JAY_ANNOTATION.png,"[4,12]",37.72
regenerated_new/9/H/case-101074_JAY_ANNOTATION.png,"[12,11]",27.99
regenerated_new/6/H/case-101133_JAY_ANNOTATION.png,"[1,2]",10.95
regenerated_new/7/H/case-101133_JAY_ANNOTATION.png,"[1,3]",17.71
regenerated_new/8/H/case-101133_JAY_ANNOTATION.png,"[12,4]",19.7
regenerated_new/6/H/case-101195_JAY_ANNOTATION.png,"[2,4]",20.06
regenerated_new/7/H/case-101195_JAY_ANNOTATION.png,"[3,5]",20.52
regenerated_new/8/H/case-101195_JAY_ANNOTATION.png,"[10,11]",23.54
regenerated_new/9/H/case-101195_JAY_ANNOTATION.png,"[12,6]",31.56
regenerated_new/6/H/case-101206_JAY_ANNOTATION.png,"[2,1]",15.74
regenerated_new/7/H/case-101206_JAY_ANNOTATION.png,"[1,2]",15.3
regenerated_new/8/H/case-101206_JAY_ANNOTATION.png,"[4,12]",32.82
regenerated_new/9/H/case-101206_JAY_ANNOTATION.png,"[4,12]",20.81
regenerated_new/6/H/case-101362_JAY_ANNOTATION.png,"[2,1]",18.86
regenerated_new/7/H/case-101362_JAY_ANNOTATION.png,"[2,4]",19.09
regenerated_new/8/H/case-101362_JAY_ANNOTATION.png,"[12,14]",31.74
regenerated_new/9/H/case-101362_JAY_ANNOTATION.png,"[11,12]",23.98
regenerated_new/5/H/case-101367_JAY_ANNOTATION.png,"[7,3]",14.37
regenerated_new/7/H/case-101367_JAY_ANNOTATION.png,"[3,5]",18.57
regenerated_new/8/H/case-101367_JAY_ANNOTATION.png,"[3,6]",22.51
regenerated_new/9/H/case-101367_JAY_ANNOTATION.png,"[11,2]",16.91
regenerated_new/6/H/case-101409_JAY_ANNOTATION.png,"[8,2]",20.3
regenerated_new/7/H/case-101409_JAY_ANNOTATION.png,"[2,4]",24.24
regenerated_new/8/H/case-101409_JAY_ANNOTATION.png,"[5,13]",28.82
regenerated_new/9/H/case-101409_JAY_ANNOTATION.png,"[12,14]",34.64
regenerated_new/6/H/case-101413_JAY_ANNOTATION.png,"[2,1]",18.64
regenerated_new/7/H/case-101413_JAY_ANNOTATION.png,"[5,3]",21.56
regenerated_new/8/H/case-101413_JAY_ANNOTATION.png,"[12,6]",19.68
regenerated_new/9/H/case-101413_JAY_ANNOTATION.png,"[12,4]",18.42
regenerated_new/6/H/case-101447_JAY_ANNOTATION.png,"[2,4]",18.63
regenerated_new/7/H/case-101447_JAY_ANNOTATION.png,"[3,5]",17.91
regenerated_new/9/H/case-101447_JAY_ANNOTATION.png,"[4,2]",21.91
regenerated_new/6/H/case-101510_JAY_ANNOTATION.png,"[2,1]",16.94
regenerated_new/7/H/case-101510_JAY_ANNOTATION.png,"[3,5]",22.43
regenerated_new/8/H/case-101510_JAY_ANNOTATION.png,"[12,4]",25.93
regenerated_new/9/H/case-101510_JAY_ANNOTATION.png,"[4,6]",26.65
regenerated_new/6/H/case-101540_JAY_ANNOTATION.png,"[2,4]",16.69
regenerated_new/7/H/case-101540_JAY_ANNOTATION.png,"[2,1]",16.21
regenerated_new/8/H/case-101540_JAY_ANNOTATION.png,"[3,6]",24.48
regenerated_new/9/H/case-101540_JAY_ANNOTATION.png,"[12,4]",19.58
regenerated_new/4/H/case-101581_JAY_ANNOTATION.png,"[2,1]",18.67
regenerated_new/6/H/case-101581_JAY_ANNOTATION.png,"[1,3]",16.9
regenerated_new/7/H/case-101581_JAY_ANNOTATION.png,"[1,2]",15.88
regenerated_new/8/H/case-101581_JAY_ANNOTATION.png,"[5,3]",25.8
regenerated_new/9/H/case-101581_JAY_ANNOTATION.png,"[2,4]",19.6
regenerated_new/12/H/case-101581_JAY_ANNOTATION.png,"[2,4]",16.92
regenerated_new/14/H/case-101581_JAY_ANNOTATION.png,"[1,2]",13.29
regenerated_new/6/H/case-101599_JAY_ANNOTATION.png,"[2,4]",21.44
regenerated_new/7/H/case-101599_JAY_ANNOTATION.png,"[1,2]",17.96
regenerated_new/8/H/case-101599_JAY_ANNOTATION.png,"[5,3]",16.31
regenerated_new/4/H/case-101625_JAY_ANNOTATION.png,"[3,4]",18.93
regenerated_new/6/H/case-101625_JAY_ANNOTATION.png,"[12,4]",19.19
regenerated_new/7/H/case-101625_JAY_ANNOTATION.png,"[3,5]",17.22
regenerated_new/8/H/case-101625_JAY_ANNOTATION.png,"[3,5]",21.68
regenerated_new/9/H/case-101625_JAY_ANNOTATION.png,"[12,14]",51.43
regenerated_new/12/H/case-101625_JAY_ANNOTATION.png,"[2,4]",16.43
regenerated_new/5/H/case-101641_JAY_ANNOTATION.png,"[6,3]",18.67
regenerated_new/6/H/case-101641_JAY_ANNOTATION.png,"[1,2]",14.6
regenerated_new/7/H/case-101641_JAY_ANNOTATION.png,"[1,2]",17.06
regenerated_new/8/H/case-101641_JAY_ANNOTATION.png,"[4,12]",19.03
regenerated_new/9/H/case-101641_JAY_ANNOTATION.png,"[12,4]",37.47
regenerated_new/6/H/case-101857_JAY_ANNOTATION.png,"[1,2]",13.92
regenerated_new/7/H/case-101857_JAY_ANNOTATION.png,"[2,1]",14.74
regenerated_new/8/H/case-101857_JAY_ANNOTATION.png,"[12,4]",40.58
regenerated_new/9/H/case-101857_JAY_ANNOTATION.png,"[12,4]",19.4
regenerated_new/14/H/case-101857_JAY_ANNOTATION.png,"[4,2]",22.14
regenerated_new/4/H/case-101860_JAY_ANNOTATION.png,"[13,5]",28.22
regenerated_new/6/H/case-101860_JAY_ANNOTATION.png,"[2,1]",15.76
regenerated_new/7/H/case-101860_JAY_ANNOTATION.png,"[2,1]",19.11
regenerated_new/8/H/case-101860_JAY_ANNOTATION.png,"[4,2]",20.64
regenerated_new/9/H/case-101860_JAY_ANNOTATION.png,"[12,4]",19.69
regenerated_new/14/H/case-101860_JAY_ANNOTATION.png,"[1,2]",17.28
regenerated_new/6/H/case-101885_JAY_ANNOTATION.png,"[4,2]",20.06
regenerated_new/7/H/case-101885_JAY_ANNOTATION.png,"[2,4]",18.32
regenerated_new/8/H/case-101885_JAY_ANNOTATION.png,"[5,3]",25.01
regenerated_new/9/H/case-101885_JAY_ANNOTATION.png,"[11,10]",20.6
regenerated_new/6/H/case-101937_JAY_ANNOTATION.png,"[2,4]",18.17
regenerated_new/7/H/case-101937_JAY_ANNOTATION.png,"[3,5]",18.05
regenerated_new/8/H/case-101937_JAY_ANNOTATION.png,"[4,12]",35.19
regenerated_new/9/H/case-101937_JAY_ANNOTATION.png,"[4,12]",26.08
regenerated_new/6/H/case-101940_JAY_ANNOTATION.png,"[2,4]",16.48
regenerated_new/7/H/case-101940_JAY_ANNOTATION.png,"[3,5]",18.69
regenerated_new/6/H/case-101982_JAY_ANNOTATION.png,"[2,4]",20.03
regenerated_new/7/H/case-101982_JAY_ANNOTATION.png,"[3,5]",18.4
regenerated_new/8/H/case-101982_JAY_ANNOTATION.png,"[12,4]",21.04
regenerated_new/9/H/case-101982_JAY_ANNOTATION.png,"[12,4]",17.71
regenerated_new/6/H/case-102010_JAY_ANNOTATION.png,"[2,1]",18.43
regenerated_new/7/H/case-102010_JAY_ANNOTATION.png,"[4,12]",22.41
regenerated_new/8/H/case-102010_JAY_ANNOTATION.png,"[12,4]",19.67
regenerated_new/9/H/case-102010_JAY_ANNOTATION.png,"[4,2]",20.11
regenerated_new/14/H/case-102010_JAY_ANNOTATION.png,"[4,12]",24.23
regenerated_new/6/H/case-102041_JAY_ANNOTATION.png,"[2,1]",17.77
regenerated_new/7/H/case-102041_JAY_ANNOTATION.png,"[2,1]",18.48
regenerated_new/8/H/case-102041_JAY_ANNOTATION.png,"[4,12]",24.21
regenerated_new/9/H/case-102041_JAY_ANNOTATION.png,"[12,4]",55.53
regenerated_new/6/H/case-102093_JAY_ANNOTATION.png,"[2,4]",18.16
regenerated_new/7/H/case-102093_JAY_ANNOTATION.png,"[1,2]",16.21
regenerated_new/8/H/case-102093_JAY_ANNOTATION.png,"[5,13]",21.9
regenerated_new/6/H/case-102157_JAY_ANNOTATION.png,"[1,2]",18.31
regenerated_new/7/H/case-102157_JAY_ANNOTATION.png,"[1,3]",14.82
regenerated_new/8/H/case-102157_JAY_ANNOTATION.png,"[14,12]",29.48
regenerated_new/6/H/case-102183_JAY_ANNOTATION.png,"[2,1]",18.12
regenerated_new/7/H/case-102183_JAY_ANNOTATION.png,"[3,5]",23.39
regenerated_new/8/H/case-102183_JAY_ANNOTATION.png,"[4,12]",28.47
regenerated_new/9/H/case-102183_JAY_ANNOTATION.png,"[4,12]",25.2
regenerated_new/6/H/case-102224_JAY_ANNOTATION.png,"[2,4]",20.32
regenerated_new/7/H/case-102224_JAY_ANNOTATION.png,"[3,7]",17.64
regenerated_new/8/H/case-102224_JAY_ANNOTATION.png,"[2,1]",22.28
regenerated_new/9/H/case-102224_JAY_ANNOTATION.png,"[12,14]",23.33
regenerated_new/6/H/case-102308_JAY_ANNOTATION.png,"[4,2]",19.85
regenerated_new/7/H/case-102308_JAY_ANNOTATION.png,"[2,1]",20.49
regenerated_new/8/H/case-102308_JAY_ANNOTATION.png,"[12,4]",20.39
regenerated_new/6/H/case-102321_JAY_ANNOTATION.png,"[1,2]",21.09
regenerated_new/7/H/case-102321_JAY_ANNOTATION.png,"[3,5]",21.8
regenerated_new/8/H/case-102321_JAY_ANNOTATION.png,"[5,13]",25.48
regenerated_new/9/H/case-102321_JAY_ANNOTATION.png,"[4,12]",27.65
regenerated_new/6/H/case-102367_JAY_ANNOTATION.png,"[1,2]",15.88
regenerated_new/8/H/case-102367_JAY_ANNOTATION.png,"[1,2]",15.86
regenerated_new/9/H/case-102367_JAY_ANNOTATION.png,"[1,2]",17.03
regenerated_new/13/H/case-102367_JAY_ANNOTATION.png,"[3,5]",22.51
regenerated_new/6/H/case-102388_JAY_ANNOTATION.png,"[2,4]",15.92
regenerated_new/7/H/case-102388_JAY_ANNOTATION.png,"[2,1]",13.04
regenerated_new/8/H/case-102388_JAY_ANNOTATION.png,"[12,4]",19.48
regenerated_new/9/H/case-102388_JAY_ANNOTATION.png,"[4,12]",19.44
regenerated_new/6/H/case-104754_JAY_ANNOTATION.png,"[1,2]",21.3
regenerated_new/7/H/case-104754_JAY_ANNOTATION.png,"[1,4]",19.9
regenerated_new/8/H/case-104754_JAY_ANNOTATION.png,"[12,4]",24.37
regenerated_new/9/H/case-104754_JAY_ANNOTATION.png,"[4,12]",21.19
regenerated_new/6/H/case-104780_JAY_ANNOTATION.png,"[1,2]",14.09
regenerated_new/7/H/case-104780_JAY_ANNOTATION.png,"[2,1]",14.11
regenerated_new/8/H/case-104780_JAY_ANNOTATION.png,"[4,12]",23.42
regenerated_new/9/H/case-104780_JAY_ANNOTATION.png,"[12,14]",32.96
regenerated_new/6/H/case-104842_JAY_ANNOTATION.png,"[1,2]",15.73
regenerated_new/7/H/case-104842_JAY_ANNOTATION.png,"[1,2]",14.33
regenerated_new/8/H/case-104842_JAY_ANNOTATION.png,"[12,4]",19.49
regenerated_new/6/H/case-104941_JAY_ANNOTATION.png,"[8,2]",15.44
regenerated_new/7/H/case-104941_JAY_ANNOTATION.png,"[13,5]",18.82
regenerated_new/8/H/case-104941_JAY_ANNOTATION.png,"[4,2]",20.22
regenerated_new/9/H/case-104941_JAY_ANNOTATION.png,"[11,13]",24.22
regenerated_new/5/H/case-104979_JAY_ANNOTATION.png,"[5,13]",25.95
regenerated_new/6/H/case-104979_JAY_ANNOTATION.png,"[2,4]",22.47
regenerated_new/7/H/case-104979_JAY_ANNOTATION.png,"[3,5]",20.01
regenerated_new/8/H/case-104979_JAY_ANNOTATION.png,"[9,3]",19.89
regenerated_new/4/H/case-104990_JAY_ANNOTATION.png,"[4,2]",18.86
regenerated_new/6/H/case-104990_JAY_ANNOTATION.png,"[2,4]",17.74
regenerated_new/7/H/case-104990_JAY_ANNOTATION.png,"[1,3]",15.61
regenerated_new/8/H/case-104990_JAY_ANNOTATION.png,"[5,3]",20.67
regenerated_new/9/H/case-104990_JAY_ANNOTATION.png,"[6,8]",20.72
regenerated_new/6/H/case-105035_JAY_ANNOTATION.png,"[1,10]",20.59
regenerated_new/7/H/case-105035_JAY_ANNOTATION.png,"[1,2]",17.16
regenerated_new/8/H/case-105035_JAY_ANNOTATION.png,"[4,12]",20.82
regenerated_new/9/H/case-105035_JAY_ANNOTATION.png,"[4,12]",19.69
regenerated_new/6/H/case-105051_JAY_ANNOTATION.png,"[1,2]",18.03
regenerated_new/7/H/case-105051_JAY_ANNOTATION.png,"[3,5]",19.92
regenerated_new/8/H/case-105051_JAY_ANNOTATION.png,"[4,12]",34.28
regenerated_new/9/H/case-105051_JAY_ANNOTATION.png,"[13,14]",37.54
regenerated_new/6/H/case-105171_JAY_ANNOTATION.png,"[2,1]",17.38
regenerated_new/7/H/case-105171_JAY_ANNOTATION.png,"[2,4]",19.23
regenerated_new/8/H/case-105171_JAY_ANNOTATION.png,"[2,6]",17.14
regenerated_new/9/H/case-105171_JAY_ANNOTATION.png,"[12,4]",18.16
regenerated_new/6/H/case-105177_JAY_ANNOTATION.png,"[2,4]",19.82
regenerated_new/7/H/case-105177_JAY_ANNOTATION.png,"[5,3]",21.1
regenerated_new/8/H/case-105177_JAY_ANNOTATION.png,"[3,13]",26.69
regenerated_new/6/H/case-105234_JAY_ANNOTATION.png,"[2,4]",20.06
regenerated_new/7/H/case-105234_JAY_ANNOTATION.png,"[3,5]",19.93
regenerated_new/8/H/case-105234_JAY_ANNOTATION.png,"[12,4]",24.13
regenerated_new/9/H/case-105234_JAY_ANNOTATION.png,"[12,4]",20.18
regenerated_new/4/H/case-105246_JAY_ANNOTATION.png,"[2,4]",18.32
regenerated_new/6/H/case-105246_JAY_ANNOTATION.png,"[2,4]",23.49
regenerated_new/7/H/case-105246_JAY_ANNOTATION.png,"[3,5]",19.07
regenerated_new/8/H/case-105246_JAY_ANNOTATION.png,"[5,9]",25.83
regenerated_new/9/H/case-105246_JAY_ANNOTATION.png,"[15,15]",58.36
regenerated_new/6/H/case-105257_JAY_ANNOTATION.png,"[2,10]",17.95
regenerated_new/7/H/case-105257_JAY_ANNOTATION.png,"[3,5]",18.05
regenerated_new/8/H/case-105257_JAY_ANNOTATION.png,"[4,14]",47.03
regenerated_new/9/H/case-105257_JAY_ANNOTATION.png,"[4,12]",25.37
regenerated_new/6/H/case-105288_JAY_ANNOTATION.png,"[2,1]",19.54
regenerated_new/7/H/case-105288_JAY_ANNOTATION.png,"[2,1]",14.75
regenerated_new/8/H/case-105288_JAY_ANNOTATION.png,"[11,13]",25.36
regenerated_new/9/H/case-105288_JAY_ANNOTATION.png,"[4,2]",21.78
regenerated_new/14/H/case-105288_JAY_ANNOTATION.png,"[4,2]",17.27
regenerated_new/5/H/case-105318_JAY_ANNOTATION.png,"[2,1]",14.76
regenerated_new/6/H/case-105318_JAY_ANNOTATION.png,"[4,6]",18.62
regenerated_new/7/H/case-105318_JAY_ANNOTATION.png,"[1,10]",22.23
regenerated_new/8/H/case-105318_JAY_ANNOTATION.png,"[4,12]",25.86
regenerated_new/9/H/case-105318_JAY_ANNOTATION.png,"[12,4]",17.76
regenerated_new/6/H/case-105476_JAY_ANNOTATION.png,"[4,2]",20.48
regenerated_new/7/H/case-105476_JAY_ANNOTATION.png,"[1,2]",16.5
regenerated_new/8/H/case-105476_JAY_ANNOTATION.png,"[4,12]",31.0
regenerated_new/9/H/case-105476_JAY_ANNOTATION.png,"[4,12]",24.39
regenerated_new/6/H/case-105567_JAY_ANNOTATION.png,"[2,1]",21.72
regenerated_new/7/H/case-105567_JAY_ANNOTATION.png,"[3,5]",18.76
regenerated_new/8/H/case-105567_JAY_ANNOTATION.png,"[11,4]",22.47
regenerated_new/9/H/case-105567_JAY_ANNOTATION.png,"[4,12]",20.83
regenerated_new/14/H/case-105567_JAY_ANNOTATION.png,"[14,5]",22.71
regenerated_new/6/H/case-105579_JAY_ANNOTATION.png,"[2,1]",16.73
regenerated_new/7/H/case-105579_JAY_ANNOTATION.png,"[1,3]",14.07
regenerated_new/8/H/case-105579_JAY_ANNOTATION.png,"[12,14]",20.61
regenerated_new/9/H/case-105579_JAY_ANNOTATION.png,"[4,12]",25.09
regenerated_new/6/H/case-105586_JAY_ANNOTATION.png,"[6,2]",18.66
regenerated_new/7/H/case-105586_JAY_ANNOTATION.png,"[3,5]",21.96
regenerated_new/8/H/case-105586_JAY_ANNOTATION.png,"[12,4]",19.94
regenerated_new/9/H/case-105586_JAY_ANNOTATION.png,"[4,2]",46.93
regenerated_new/6/H/case-105592_JAY_ANNOTATION.png,"[1,2]",18.32
regenerated_new/7/H/case-105592_JAY_ANNOTATION.png,"[1,2]",17.04
regenerated_new/8/H/case-105592_JAY_ANNOTATION.png,"[11,12]",19.85
regenerated_new/9/H/case-105592_JAY_ANNOTATION.png,"[3,12]",19.25
regenerated_new/14/H/case-105592_JAY_ANNOTATION.png,"[4,12]",19.14
regenerated_new/6/H/case-105597_JAY_ANNOTATION.png,"[2,4]",20.34
regenerated_new/7/H/case-105597_JAY_ANNOTATION.png,"[2,4]",19.16
regenerated_new/8/H/case-105597_JAY_ANNOTATION.png,"[12,4]",19.85
regenerated_new/9/H/case-105597_JAY_ANNOTATION.png,"[6,8]",25.94
regenerated_new/5/H/case-105602_JAY_ANNOTATION.png,"[13,5]",17.65
regenerated_new/6/H/case-105602_JAY_ANNOTATION.png,"[2,4]",17.74
regenerated_new/7/H/case-105602_JAY_ANNOTATION.png,"[1,2]",18.42
regenerated_new/8/H/case-105602_JAY_ANNOTATION.png,"[10,11]",17.48
regenerated_new/9/H/case-105602_JAY_ANNOTATION.png,"[2,4]",19.69
regenerated_new/14/H/case-105602_JAY_ANNOTATION.png,"[1,2]",15.38
regenerated_new/6/H/case-105681_JAY_ANNOTATION.png,"[1,2]",15.8
regenerated_new/7/H/case-105681_JAY_ANNOTATION.png,"[3,5]",20.29
regenerated_new/8/H/case-105681_JAY_ANNOTATION.png,"[4,2]",22.08
regenerated_new/9/H/case-105681_JAY_ANNOTATION.png,"[4,12]",22.07
regenerated_new/5/H/case-105704_JAY_ANNOTATION.png,"[3,5]",22.67
regenerated_new/6/H/case-105704_JAY_ANNOTATION.png,"[2,1]",18.46
regenerated_new/7/H/case-105704_JAY_ANNOTATION.png,"[3,5]",19.19
regenerated_new/8/H/case-105704_JAY_ANNOTATION.png,"[12,14]",33.79
regenerated_new/9/H/case-105704_JAY_ANNOTATION.png,"[12,4]",20.5
regenerated_new/14/H/case-105704_JAY_ANNOTATION.png,"[1,2]",18.3
regenerated_new/6/H/case-105817_JAY_ANNOTATION.png,"[4,2]",20.05
regenerated_new/7/H/case-105817_JAY_ANNOTATION.png,"[3,5]",21.78
regenerated_new/8/H/case-105817_JAY_ANNOTATION.png,"[13,5]",19.32
regenerated_new/9/H/case-105817_JAY_ANNOTATION.png,"[4,2]",52.04
regenerated_new/6/H/case-105839_JAY_ANNOTATION.png,"[2,4]",19.82
regenerated_new/7/H/case-105839_JAY_ANNOTATION.png,"[3,1]",15.97
regenerated_new/8/H/case-105839_JAY_ANNOTATION.png,"[4,3]",19.83
regenerated_new/4/H/case-105862_JAY_ANNOTATION.png,"[12,4]",20.05
regenerated_new/5/H/case-105862_JAY_ANNOTATION.png,"[3,5]",19.15
regenerated_new/6/H/case-105862_JAY_ANNOTATION.png,"[2,4]",18.29
regenerated_new/7/H/case-105862_JAY_ANNOTATION.png,"[3,5]",18.72
regenerated_new/8/H/case-105862_JAY_ANNOTATION.png,"[12,4]",19.42
regenerated_new/9/H/case-105862_JAY_ANNOTATION.png,"[4,12]",18.85
regenerated_new/14/H/case-105862_JAY_ANNOTATION.png,"[1,2]",13.8
regenerated_new/6/H/case-105915_JAY_ANNOTATION.png,"[2,1]",17.38
regenerated_new/7/H/case-105915_JAY_ANNOTATION.png,"[13,5]",22.83
regenerated_new/8/H/case-105915_JAY_ANNOTATION.png,"[11,10]",19.06
regenerated_new/9/H/case-105915_JAY_ANNOTATION.png,"[3,5]",16.85
regenerated_new/7/H/case-106012_JAY_ANNOTATION.png,"[3,6]",16.99
regenerated_new/8/H/case-106012_JAY_ANNOTATION.png,"[13,5]",20.22
regenerated_new/9/H/case-106012_JAY_ANNOTATION.png,"[4,14]",20.07
regenerated_new/5/H/case-106016_JAY_ANNOTATION.png,"[3,5]",19.12
regenerated_new/6/H/case-106016_JAY_ANNOTATION.png,"[2,6]",18.45
regenerated_new/7/H/case-106016_JAY_ANNOTATION.png,"[3,5]",22.49
regenerated_new/8/H/case-106016_JAY_ANNOTATION.png,"[4,12]",43.26
regenerated_new/9/H/case-106016_JAY_ANNOTATION.png,"[2,6]",19.66
regenerated_new/6/H/case-106081_JAY_ANNOTATION.png,"[1,2]",15.45
regenerated_new/7/H/case-106081_JAY_ANNOTATION.png,"[12,4]",28.04
regenerated_new/8/H/case-106081_JAY_ANNOTATION.png,"[12,14]",41.83
regenerated_new/9/H/case-106081_JAY_ANNOTATION.png,"[4,3]",20.77
regenerated_new/6/H/case-106101_JAY_ANNOTATION.png,"[2,1]",17.15
regenerated_new/7/H/case-106101_JAY_ANNOTATION.png,"[1,2]",15.76
regenerated_new/8/H/case-106101_JAY_ANNOTATION.png,"[14,4]",21.12
regenerated_new/9/H/case-106101_JAY_ANNOTATION.png,"[14,12]",18.95
regenerated_new/6/H/case-106127_JAY_ANNOTATION.png,"[1,2]",15.84
regenerated_new/7/H/case-106127_JAY_ANNOTATION.png,"[2,4]",17.73
regenerated_new/8/H/case-106127_JAY_ANNOTATION.png,"[5,3]",21.01
regenerated_new/9/H/case-106127_JAY_ANNOTATION.png,"[11,10]",25.56
regenerated_new/14/H/case-106127_JAY_ANNOTATION.png,"[1,2]",18.44
regenerated_new/6/H/case-106139_JAY_ANNOTATION.png,"[1,2]",14.68
regenerated_new/7/H/case-106139_JAY_ANNOTATION.png,"[3,5]",29.02
regenerated_new/8/H/case-106139_JAY_ANNOTATION.png,"[13,5]",20.07
regenerated_new/9/H/case-106139_JAY_ANNOTATION.png,"[12,4]",17.94
regenerated_new/14/H/case-106139_JAY_ANNOTATION.png,"[1,2]",16.66
regenerated_new/6/H/case-106141_JAY_ANNOTATION.png,"[2,4]",19.81
regenerated_new/7/H/case-106141_JAY_ANNOTATION.png,"[1,2]",18.87
regenerated_new/8/H/case-106141_JAY_ANNOTATION.png,"[13,5]",18.32
regenerated_new/13/H/case-106141_JAY_ANNOTATION.png,"[3,5]",17.16
regenerated_new/6/H/case-106157_JAY_ANNOTATION.png,"[1,2]",14.7
regenerated_new/7/H/case-106157_JAY_ANNOTATION.png,"[2,1]",14.82
regenerated_new/8/H/case-106157_JAY_ANNOTATION.png,"[3,5]",20.43
regenerated_new/9/H/case-106157_JAY_ANNOTATION.png,"[12,4]",19.35
regenerated_new/14/H/case-106157_JAY_ANNOTATION.png,"[12,4]",20.68
regenerated_new/6/H/case-106172_JAY_ANNOTATION.png,"[1,2]",16.67
regenerated_new/7/H/case-106172_JAY_ANNOTATION.png,"[3,1]",13.19
regenerated_new/9/H/case-106172_JAY_ANNOTATION.png,"[4,12]",21.58
regenerated_new/6/H/case-106301_JAY_ANNOTATION.png,"[2,1]",15.86
regenerated_new/7/H/case-106301_JAY_ANNOTATION.png,"[5,3]",17.13
regenerated_new/8/H/case-106301_JAY_ANNOTATION.png,"[12,4]",22.4
regenerated_new/9/H/case-106301_JAY_ANNOTATION.png,"[4,12]",21.56
regenerated_new/14/H/case-106301_JAY_ANNOTATION.png,"[1,2]",17.4
regenerated_new/6/H/case-106371_JAY_ANNOTATION.png,"[2,1]",17.13
regenerated_new/7/H/case-106371_JAY_ANNOTATION.png,"[3,5]",21.26
regenerated_new/8/H/case-106371_JAY_ANNOTATION.png,"[4,12]",23.77
regenerated_new/9/H/case-106371_JAY_ANNOTATION.png,"[10,11]",20.21
regenerated_new/6/H/case-106374_JAY_ANNOTATION.png,"[2,4]",19.41
regenerated_new/7/H/case-106374_JAY_ANNOTATION.png,"[2,4]",19.76
regenerated_new/8/H/case-106374_JAY_ANNOTATION.png,"[14,4]",19.19
regenerated_new/9/H/case-106374_JAY_ANNOTATION.png,"[12,4]",17.76
regenerated_new/5/H/case-106456_JAY_ANNOTATION.png,"[2,4]",28.44
regenerated_new/6/H/case-106456_JAY_ANNOTATION.png,"[1,2]",17.18
regenerated_new/7/H/case-106456_JAY_ANNOTATION.png,"[1,2]",14.12
regenerated_new/8/H/case-106456_JAY_ANNOTATION.png,"[12,4]",18.26
regenerated_new/9/H/case-106456_JAY_ANNOTATION.png,"[4,12]",21.59
regenerated_new/6/H/case-106464_JAY_ANNOTATION.png,"[2,4]",15.81
regenerated_new/7/H/case-106464_JAY_ANNOTATION.png,"[1,2]",14.67
regenerated_new/8/H/case-106464_JAY_ANNOTATION.png,"[5,13]",20.11
regenerated_new/9/H/case-106464_JAY_ANNOTATION.png,"[4,12]",22.91
regenerated_new/6/H/case-106541_JAY_ANNOTATION.png,"[2,4]",18.2
regenerated_new/7/H/case-106541_JAY_ANNOTATION.png,"[2,4]",21.7
regenerated_new/8/H/case-106541_JAY_ANNOTATION.png,"[12,4]",18.08
regenerated_new/7/H/case-106569_JAY_ANNOTATION.png,"[1,2]",15.19
regenerated_new/8/H/case-106569_JAY_ANNOTATION.png,"[5,13]",27.25
regenerated_new/9/H/case-106569_JAY_ANNOTATION.png,"[12,14]",19.04
regenerated_new/4/H/case-106811_JAY_ANNOTATION.png,"[4,12]",32.61
regenerated_new/6/H/case-106811_JAY_ANNOTATION.png,"[2,1]",17.29
regenerated_new/7/H/case-106811_JAY_ANNOTATION.png,"[3,5]",22.12
regenerated_new/8/H/case-106811_JAY_ANNOTATION.png,"[12,4]",20.01
regenerated_new/9/H/case-106811_JAY_ANNOTATION.png,"[12,4]",34.48
regenerated_new/6/H/case-106835_JAY_ANNOTATION.png,"[2,6]",19.69
regenerated_new/7/H/case-106835_JAY_ANNOTATION.png,"[1,2]",15.61
regenerated_new/8/H/case-106835_JAY_ANNOTATION.png,"[4,12]",23.12
regenerated_new/9/H/case-106835_JAY_ANNOTATION.png,"[2,4]",22.29
regenerated_new/6/H/case-106856_JAY_ANNOTATION.png,"[2,4]",21.35
regenerated_new/7/H/case-106856_JAY_ANNOTATION.png,"[3,5]",21.75
regenerated_new/8/H/case-106856_JAY_ANNOTATION.png,"[12,4]",18.22
regenerated_new/9/H/case-106856_JAY_ANNOTATION.png,"[4,2]",38.36
regenerated_new/4/H/case-106882_JAY_ANNOTATION.png,"[4,3]",37.35
regenerated_new/6/H/case-106882_JAY_ANNOTATION.png,"[1,3]",21.57
regenerated_new/7/H/case-106882_JAY_ANNOTATION.png,"[1,2]",16.34
regenerated_new/8/H/case-106882_JAY_ANNOTATION.png,"[4,12]",17.41
regenerated_new/9/H/case-106882_JAY_ANNOTATION.png,"[4,2]",22.36
regenerated_new/4/H/case-106963_JAY_ANNOTATION.png,"[2,4]",17.33
regenerated_new/6/H/case-106963_JAY_ANNOTATION.png,"[4,6]",18.32
regenerated_new/7/H/case-106963_JAY_ANNOTATION.png,"[3,5]",19.98
regenerated_new/8/H/case-106963_JAY_ANNOTATION.png,"[12,4]",18.47
regenerated_new/9/H/case-106963_JAY_ANNOTATION.png,"[12,4]",19.04
regenerated_new/6/H/case-106973_JAY_ANNOTATION.png,"[2,4]",19.39
regenerated_new/7/H/case-106973_JAY_ANNOTATION.png,"[2,4]",21.37
regenerated_new/8/H/case-106973_JAY_ANNOTATION.png,"[4,12]",28.17
regenerated_new/4/H/case-106991_JAY_ANNOTATION.png,"[3,4]",18.22
regenerated_new/6/H/case-106991_JAY_ANNOTATION.png,"[1,2]",17.21
regenerated_new/7/H/case-106991_JAY_ANNOTATION.png,"[3,5]",17.83
regenerated_new/8/H/case-106991_JAY_ANNOTATION.png,"[6,8]",23.95
regenerated_new/9/H/case-106991_JAY_ANNOTATION.png,"[3,4]",17.48
regenerated_new/6/H/case-107068_JAY_ANNOTATION.png,"[2,1]",19.01
regenerated_new/7/H/case-107068_JAY_ANNOTATION.png,"[1,2]",14.72
regenerated_new/8/H/case-107068_JAY_ANNOTATION.png,"[11,6]",49.5
regenerated_new/9/H/case-107068_JAY_ANNOTATION.png,"[12,4]",20.22
regenerated_new/6/H/case-107184_JAY_ANNOTATION.png,"[2,1]",18.46
regenerated_new/7/H/case-107184_JAY_ANNOTATION.png,"[2,4]",21.86
regenerated_new/8/H/case-107184_JAY_ANNOTATION.png,"[4,6]",26.29
regenerated_new/9/H/case-107184_JAY_ANNOTATION.png,"[12,4]",20.91
regenerated_new/6/H/case-107267_JAY_ANNOTATION.png,"[2,4]",19.51
regenerated_new/7/H/case-107267_JAY_ANNOTATION.png,"[10,11]",27.35
regenerated_new/8/H/case-107267_JAY_ANNOTATION.png,"[12,4]",24.2
regenerated_new/9/H/case-107267_JAY_ANNOTATION.png,"[2,4]",18.71
regenerated_new/14/H/case-107267_JAY_ANNOTATION.png,"[1,10]",18.45
regenerated_new/6/H/case-107296_JAY_ANNOTATION.png,"[2,4]",20.35
regenerated_new/7/H/case-107296_JAY_ANNOTATION.png,"[2,1]",16.48
regenerated_new/8/H/case-107296_JAY_ANNOTATION.png,"[3,5]",19.43
regenerated_new/9/H/case-107296_JAY_ANNOTATION.png,"[4,12]",23.39
regenerated_new/12/H/case-107296_JAY_ANNOTATION.png,"[4,2]",18.01
regenerated_new/6/H/case-110146_JAY_ANNOTATION.png,"[6,2]",19.71
regenerated_new/7/H/case-110146_JAY_ANNOTATION.png,"[1,2]",15.89
regenerated_new/8/H/case-110146_JAY_ANNOTATION.png,"[12,4]",18.32
regenerated_new/9/H/case-110146_JAY_ANNOTATION.png,"[12,4]",17.74
regenerated_new/5/H/case-110184_JAY_ANNOTATION.png,"[3,5]",24.28
regenerated_new/6/H/case-110184_JAY_ANNOTATION.png,"[2,1]",18.22
regenerated_new/7/H/case-110184_JAY_ANNOTATION.png,"[1,2]",15.55
regenerated_new/8/H/case-110184_JAY_ANNOTATION.png,"[6,3]",20.09
regenerated_new/9/H/case-110184_JAY_ANNOTATION.png,"[13,3]",26.52
regenerated_new/6/H/case-110307_JAY_ANNOTATION.png,"[1,2]",15.3
regenerated_new/7/H/case-110307_JAY_ANNOTATION.png,"[3,1]",16.71
regenerated_new/8/H/case-110307_JAY_ANNOTATION.png,"[4,12]",19.24
regenerated_new/9/H/case-110307_JAY_ANNOTATION.png,"[4,12]",18.55
regenerated_new/14/H/case-110307_JAY_ANNOTATION.png,"[1,2]",22.54
regenerated_new/6/H/case-110324_JAY_ANNOTATION.png,"[4,12]",23.35
regenerated_new/7/H/case-110324_JAY_ANNOTATION.png,"[2,1]",18.91
regenerated_new/8/H/case-110324_JAY_ANNOTATION.png,"[3,5]",17.17
regenerated_new/9/H/case-110324_JAY_ANNOTATION.png,"[11,12]",22.78
regenerated_new/14/H/case-110324_JAY_ANNOTATION.png,"[14,4]",18.24
regenerated_new/6/H/case-110378_JAY_ANNOTATION.png,"[1,2]",10.87
regenerated_new/7/H/case-110378_JAY_ANNOTATION.png,"[2,4]",16.48
regenerated_new/8/H/case-110378_JAY_ANNOTATION.png,"[4,12]",32.72
regenerated_new/9/H/case-110378_JAY_ANNOTATION.png,"[6,12]",22.05
regenerated_new/7/H/case-110382_JAY_ANNOTATION.png,"[3,5]",16.7
regenerated_new/8/H/case-110382_JAY_ANNOTATION.png,"[4,12]",24.55
regenerated_new/5/H/case-110393_JAY_ANNOTATION.png,"[4,12]",32.47
regenerated_new/6/H/case-110393_JAY_ANNOTATION.png,"[1,2]",14.37
regenerated_new/7/H/case-110393_JAY_ANNOTATION.png,"[1,2]",14.74
regenerated_new/8/H/case-110393_JAY_ANNOTATION.png,"[11,6]",49.55
regenerated_new/9/H/case-110393_JAY_ANNOTATION.png,"[6,12]",28.53
regenerated_new/5/H/case-110447_JAY_ANNOTATION.png,"[5,13]",21.72
regenerated_new/6/H/case-110447_JAY_ANNOTATION.png,"[1,2]",16.48
regenerated_new/7/H/case-110447_JAY_ANNOTATION.png,"[2,4]",19.87
regenerated_new/8/H/case-110447_JAY_ANNOTATION.png,"[13,5]",19.98
regenerated_new/9/H/case-110447_JAY_ANNOTATION.png,"[12,4]",19.04
regenerated_new/6/H/case-110519_JAY_ANNOTATION.png,"[2,1]",17.06
regenerated_new/7/H/case-110519_JAY_ANNOTATION.png,"[3,5]",20.45
regenerated_new/8/H/case-110519_JAY_ANNOTATION.png,"[4,12]",23.71
regenerated_new/9/H/case-110519_JAY_ANNOTATION.png,"[10,11]",22.55
regenerated_new/12/H/case-110519_JAY_ANNOTATION.png,"[12,4]",20.67
regenerated_new/14/H/case-110519_JAY_ANNOTATION.png,"[1,2]",14.83
regenerated_new/6/H/case-110588_JAY_ANNOTATION.png,"[2,4]",21.38
regenerated_new/7/H/case-110588_JAY_ANNOTATION.png,"[3,5]",18.92
regenerated_new/8/H/case-110588_JAY_ANNOTATION.png,"[5,13]",22.89
regenerated_new/9/H/case-110588_JAY_ANNOTATION.png,"[12,4]",20.11
regenerated_new/14/H/case-110588_JAY_ANNOTATION.png,"[4,10]",16.46
regenerated_new/6/H/case-110636_JAY_ANNOTATION.png,"[2,4]",20.09
regenerated_new/7/H/case-110636_JAY_ANNOTATION.png,"[3,7]",16.02
regenerated_new/8/H/case-110636_JAY_ANNOTATION.png,"[13,5]",23.59
regenerated_new/9/H/case-110636_JAY_ANNOTATION.png,"[12,10]",50.74
regenerated_new/14/H/case-110636_JAY_ANNOTATION.png,"[4,2]",20.45
regenerated_new/6/H/case-110640_JAY_ANNOTATION.png,"[2,4]",20.32
regenerated_new/7/H/case-110640_JAY_ANNOTATION.png,"[1,2]",17.28
regenerated_new/8/H/case-110640_JAY_ANNOTATION.png,"[5,13]",23.84
regenerated_new/9/H/case-110640_JAY_ANNOTATION.png,"[12,4]",18.73
regenerated_new/6/H/case-110649_JAY_ANNOTATION.png,"[2,1]",19.78
regenerated_new/7/H/case-110649_JAY_ANNOTATION.png,"[1,2]",14.39
regenerated_new/8/H/case-110649_JAY_ANNOTATION.png,"[10,11]",22.82
regenerated_new/9/H/case-110649_JAY_ANNOTATION.png,"[4,12]",21.53
regenerated_new/6/H/case-110664_JAY_ANNOTATION.png,"[1,2]",12.83
regenerated_new/7/H/case-110664_JAY_ANNOTATION.png,"[5,3]",21.69
regenerated_new/8/H/case-110664_JAY_ANNOTATION.png,"[12,4]",31.31
regenerated_new/9/H/case-110664_JAY_ANNOTATION.png,"[4,12]",25.95
regenerated_new/6/H/case-110831_JAY_ANNOTATION.png,"[6,2]",17.64
regenerated_new/7/H/case-110831_JAY_ANNOTATION.png,"[2,1]",13.22
regenerated_new/8/H/case-110831_JAY_ANNOTATION.png,"[10,4]",20.69
regenerated_new/6/H/case-110870_JAY_ANNOTATION.png,"[2,4]",16.94
regenerated_new/7/H/case-110870_JAY_ANNOTATION.png,"[2,4]",17.41
regenerated_new/8/H/case-110870_JAY_ANNOTATION.png,"[5,13]",24.39
regenerated_new/9/H/case-110870_JAY_ANNOTATION.png,"[2,4]",25.09
regenerated_new/6/H/case-111040_JAY_ANNOTATION.png,"[2,4]",19.36
regenerated_new/7/H/case-111040_JAY_ANNOTATION.png,"[3,5]",20.88
regenerated_new/8/H/case-111040_JAY_ANNOTATION.png,"[13,5]",19.49
regenerated_new/6/H/case-111057_JAY_ANNOTATION.png,"[12,2]",18.55
regenerated_new/7/H/case-111057_JAY_ANNOTATION.png,"[1,2]",15.87
regenerated_new/8/H/case-111057_JAY_ANNOTATION.png,"[4,3]",19.38
regenerated_new/9/H/case-111057_JAY_ANNOTATION.png,"[1,2]",14.82
regenerated_new/6/H/case-111159_JAY_ANNOTATION.png,"[2,4]",17.41
regenerated_new/7/H/case-111159_JAY_ANNOTATION.png,"[3,6]",24.07
regenerated_new/8/H/case-111159_JAY_ANNOTATION.png,"[3,1]",17.3
regenerated_new/9/H/case-111159_JAY_ANNOTATION.png,"[2,4]",18.66
regenerated_new/6/H/case-111162_JAY_ANNOTATION.png,"[2,4]",15.42
regenerated_new/7/H/case-111162_JAY_ANNOTATION.png,"[5,3]",23.44
regenerated_new/8/H/case-111162_JAY_ANNOTATION.png,"[3,5]",25.81
regenerated_new/9/H/case-111162_JAY_ANNOTATION.png,"[12,4]",20.19
regenerated_new/6/H/case-111165_JAY_ANNOTATION.png,"[3,4]",19.72
regenerated_new/7/H/case-111165_JAY_ANNOTATION.png,"[2,4]",20.65
regenerated_new/8/H/case-111165_JAY_ANNOTATION.png,"[13,9]",12.96
regenerated_new/9/H/case-111165_JAY_ANNOTATION.png,"[14,12]",20.34
regenerated_new/14/H/case-111165_JAY_ANNOTATION.png,"[1,2]",16.58
regenerated_new/6/H/case-111178_JAY_ANNOTATION.png,"[2,1]",18.9
regenerated_new/7/H/case-111178_JAY_ANNOTATION.png,"[3,14]",19.63
regenerated_new/8/H/case-111178_JAY_ANNOTATION.png,"[12,4]",20.57
regenerated_new/9/H/case-111178_JAY_ANNOTATION.png,"[4,12]",27.1
regenerated_new/6/H/case-111246_JAY_ANNOTATION.png,"[2,6]",17.41
regenerated_new/7/H/case-111246_JAY_ANNOTATION.png,"[5,3]",21.75
regenerated_new/8/H/case-111246_JAY_ANNOTATION.png,"[4,12]",23.96
regenerated_new/9/H/case-111246_JAY_ANNOTATION.png,"[12,4]",21.05
regenerated_new/6/H/case-111273_JAY_ANNOTATION.png,"[1,2]",10.97
regenerated_new/7/H/case-111273_JAY_ANNOTATION.png,"[2,1]",18.64
regenerated_new/8/H/case-111273_JAY_ANNOTATION.png,"[4,2]",27.49
regenerated_new/9/H/case-111273_JAY_ANNOTATION.png,"[4,12]",32.14
regenerated_new/12/H/case-111273_JAY_ANNOTATION.png,"[14,6]",32.02
regenerated_new/6/H/case-111359_JAY_ANNOTATION.png,"[12,3]",30.06
regenerated_new/7/H/case-111359_JAY_ANNOTATION.png,"[2,6]",20.85
regenerated_new/8/H/case-111359_JAY_ANNOTATION.png,"[5,13]",21.94
regenerated_new/12/H/case-111359_JAY_ANNOTATION.png,"[4,12]",22.3
regenerated_new/6/H/case-111405_JAY_ANNOTATION.png,"[2,1]",19.26
regenerated_new/7/H/case-111405_JAY_ANNOTATION.png,"[5,7]",21.56
regenerated_new/8/H/case-111405_JAY_ANNOTATION.png,"[4,12]",19.26
regenerated_new/9/H/case-111405_JAY_ANNOTATION.png,"[11,5]",22.08
regenerated_new/6/H/case-111446_JAY_ANNOTATION.png,"[2,4]",15.43
regenerated_new/7/H/case-111446_JAY_ANNOTATION.png,"[2,1]",17.28
regenerated_new/8/H/case-111446_JAY_ANNOTATION.png,"[14,2]",36.09
regenerated_new/9/H/case-111446_JAY_ANNOTATION.png,"[4,12]",45.1
regenerated_new/6/H/case-111546_JAY_ANNOTATION.png,"[2,1]",18.93
regenerated_new/7/H/case-111546_JAY_ANNOTATION.png,"[3,1]",18.57
regenerated_new/8/H/case-111546_JAY_ANNOTATION.png,"[14,12]",18.8
regenerated_new/9/H/case-111546_JAY_ANNOTATION.png,"[12,4]",18.0
regenerated_new/6/H/case-111573_JAY_ANNOTATION.png,"[4,2]",18.0
regenerated_new/7/H/case-111573_JAY_ANNOTATION.png,"[2,6]",19.76
regenerated_new/8/H/case-111573_JAY_ANNOTATION.png,"[4,12]",46.5
regenerated_new/9/H/case-111573_JAY_ANNOTATION.png,"[12,4]",16.95
regenerated_new/5/H/case-111685_JAY_ANNOTATION.png,"[12,4]",35.63
regenerated_new/6/H/case-111685_JAY_ANNOTATION.png,"[2,1]",18.47
regenerated_new/7/H/case-111685_JAY_ANNOTATION.png,"[2,4]",17.53
regenerated_new/8/H/case-111685_JAY_ANNOTATION.png,"[12,4]",18.47
regenerated_new/9/H/case-111685_JAY_ANNOTATION.png,"[12,4]",18.0
regenerated_new/6/H/case-111755_JAY_ANNOTATION.png,"[2,1]",18.82
regenerated_new/7/H/case-111755_JAY_ANNOTATION.png,"[2,1]",19.66
regenerated_new/8/H/case-111755_JAY_ANNOTATION.png,"[10,4]",20.82
regenerated_new/9/H/case-111755_JAY_ANNOTATION.png,"[12,4]",23.95
regenerated_new/14/H/case-111755_JAY_ANNOTATION.png,"[11,10]",18.61
regenerated_new/6/H/case-111791_JAY_ANNOTATION.png,"[2,1]",17.67
regenerated_new/7/H/case-111791_JAY_ANNOTATION.png,"[3,5]",18.82
regenerated_new/8/H/case-111791_JAY_ANNOTATION.png,"[8,11]",51.34
regenerated_new/9/H/case-111791_JAY_ANNOTATION.png,"[4,2]",20.91
regenerated_new/6/H/case-111819_JAY_ANNOTATION.png,"[2,1]",18.5
regenerated_new/8/H/case-111819_JAY_ANNOTATION.png,"[5,3]",20.72
regenerated_new/9/H/case-111819_JAY_ANNOTATION.png,"[4,12]",23.65
regenerated_new/4/H/case-111830_JAY_ANNOTATION.png,"[2,4]",21.73
regenerated_new/5/H/case-111830_JAY_ANNOTATION.png,"[5,13]",19.76
regenerated_new/6/H/case-111830_JAY_ANNOTATION.png,"[1,2]",14.21
regenerated_new/7/H/case-111830_JAY_ANNOTATION.png,"[2,1]",16.57
regenerated_new/8/H/case-111830_JAY_ANNOTATION.png,"[2,1]",16.4
regenerated_new/9/H/case-111830_JAY_ANNOTATION.png,"[4,12]",19.46
regenerated_new/12/H/case-111830_JAY_ANNOTATION.png,"[13,5]",34.11
regenerated_new/14/H/case-111830_JAY_ANNOTATION.png,"[6,2]",19.98
regenerated_new/6/H/case-111863_JAY_ANNOTATION.png,"[2,4]",15.66
regenerated_new/7/H/case-111863_JAY_ANNOTATION.png,"[3,6]",17.0
regenerated_new/8/H/case-111863_JAY_ANNOTATION.png,"[12,4]",19.41
regenerated_new/9/H/case-111863_JAY_ANNOTATION.png,"[12,4]",19.88
regenerated_new/6/H/case-111923_JAY_ANNOTATION.png,"[1,2]",14.73
regenerated_new/7/H/case-111923_JAY_ANNOTATION.png,"[1,2]",14.75
regenerated_new/8/H/case-111923_JAY_ANNOTATION.png,"[5,6]",25.11
regenerated_new/9/H/case-111923_JAY_ANNOTATION.png,"[4,12]",26.58
regenerated_new/6/H/case-112038_JAY_ANNOTATION.png,"[3,5]",23.29
regenerated_new/7/H/case-112038_JAY_ANNOTATION.png,"[3,5]",18.42
regenerated_new/8/H/case-112038_JAY_ANNOTATION.png,"[12,14]",34.25
regenerated_new/9/H/case-112038_JAY_ANNOTATION.png,"[12,4]",18.43
regenerated_new/6/H/case-112071_JAY_ANNOTATION.png,"[2,1]",17.36
regenerated_new/7/H/case-112071_JAY_ANNOTATION.png,"[1,3]",13.31
regenerated_new/8/H/case-112071_JAY_ANNOTATION.png,"[12,4]",21.79
regenerated_new/9/H/case-112071_JAY_ANNOTATION.png,"[4,12]",24.64
regenerated_new/14/H/case-112071_JAY_ANNOTATION.png,"[1,2]",16.1
regenerated_new/6/H/case-112086_JAY_ANNOTATION.png,"[10,11]",18.66
regenerated_new/7/H/case-112086_JAY_ANNOTATION.png,"[1,2]",15.4
regenerated_new/8/H/case-112086_JAY_ANNOTATION.png,"[5,13]",56.29
regenerated_new/9/H/case-112086_JAY_ANNOTATION.png,"[4,12]",31.02
regenerated_new/14/H/case-112086_JAY_ANNOTATION.png,"[11,12]",23.46
regenerated_new/7/H/case-112092_JAY_ANNOTATION.png,"[1,2]",14.74
regenerated_new/9/H/case-112092_JAY_ANNOTATION.png,"[11,12]",23.42
regenerated_new/14/H/case-112092_JAY_ANNOTATION.png,"[4,2]",22.5
regenerated_new/6/H/case-112132_JAY_ANNOTATION.png,"[2,1]",16.66
regenerated_new/7/H/case-112132_JAY_ANNOTATION.png,"[2,1]",13.19
regenerated_new/8/H/case-112132_JAY_ANNOTATION.png,"[12,4]",20.17
regenerated_new/14/H/case-112132_JAY_ANNOTATION.png,"[14,13]",21.46
regenerated_new/7/H/case-112180_JAY_ANNOTATION.png,"[5,3]",19.67
regenerated_new/8/H/case-112180_JAY_ANNOTATION.png,"[3,5]",20.99
regenerated_new/9/H/case-112180_JAY_ANNOTATION.png,"[12,4]",50.38
regenerated_new/6/H/case-112208_JAY_ANNOTATION.png,"[2,1]",15.04
regenerated_new/7/H/case-112208_JAY_ANNOTATION.png,"[2,1]",15.52
regenerated_new/8/H/case-112208_JAY_ANNOTATION.png,"[5,13]",24.39
regenerated_new/7/H/case-112234_JAY_ANNOTATION.png,"[13,5]",27.46
regenerated_new/8/H/case-112234_JAY_ANNOTATION.png,"[12,14]",49.46
regenerated_new/9/H/case-112234_JAY_ANNOTATION.png,"[4,12]",34.32
regenerated_new/5/H/case-112249_JAY_ANNOTATION.png,"[5,9]",18.62
regenerated_new/6/H/case-112249_JAY_ANNOTATION.png,"[6,8]",17.8
regenerated_new/7/H/case-112249_JAY_ANNOTATION.png,"[3,5]",17.11
regenerated_new/8/H/case-112249_JAY_ANNOTATION.png,"[4,12]",19.32
regenerated_new/9/H/case-112249_JAY_ANNOTATION.png,"[13,5]",23.43
regenerated_new/14/H/case-112249_JAY_ANNOTATION.png,"[1,2]",14.83
regenerated_new/6/H/case-112292_JAY_ANNOTATION.png,"[2,4]",16.46
regenerated_new/7/H/case-112292_JAY_ANNOTATION.png,"[1,2]",12.86
regenerated_new/8/H/case-112292_JAY_ANNOTATION.png,"[14,12]",25.24
regenerated_new/9/H/case-112292_JAY_ANNOTATION.png,"[10,11]",25.1
regenerated_new/6/H/case-112297_JAY_ANNOTATION.png,"[2,4]",20.67
regenerated_new/7/H/case-112297_JAY_ANNOTATION.png,"[3,5]",21.02
regenerated_new/8/H/case-112297_JAY_ANNOTATION.png,"[12,4]",32.33
regenerated_new/9/H/case-112297_JAY_ANNOTATION.png,"[11,4]",16.43
regenerated_new/6/H/case-112348_JAY_ANNOTATION.png,"[6,4]",18.54
regenerated_new/7/H/case-112348_JAY_ANNOTATION.png,"[1,2]",15.86
regenerated_new/8/H/case-112348_JAY_ANNOTATION.png,"[12,4]",19.59
regenerated_new/9/H/case-112348_JAY_ANNOTATION.png,"[4,12]",24.6
regenerated_new/13/H/case-112348_JAY_ANNOTATION.png,"[3,5]",19.83
regenerated_new/6/H/case-112364_JAY_ANNOTATION.png,"[2,1]",15.74
regenerated_new/7/H/case-112364_JAY_ANNOTATION.png,"[3,5]",21.21
regenerated_new/8/H/case-112364_JAY_ANNOTATION.png,"[12,3]",31.41
regenerated_new/9/H/case-112364_JAY_ANNOTATION.png,"[6,12]",30.4
regenerated_new/7/H/case-112387_JAY_ANNOTATION.png,"[1,2]",15.84
regenerated_new/8/H/case-112387_JAY_ANNOTATION.png,"[12,4]",36.81
regenerated_new/9/H/case-112387_JAY_ANNOTATION.png,"[4,2]",19.92
regenerated_new/6/H/case-112425_JAY_ANNOTATION.png,"[1,2]",17.28
regenerated_new/7/H/case-112425_JAY_ANNOTATION.png,"[3,5]",17.58
regenerated_new/8/H/case-112425_JAY_ANNOTATION.png,"[5,3]",25.87
regenerated_new/9/H/case-112425_JAY_ANNOTATION.png,"[12,4]",45.75
regenerated_new/5/H/case-112437_JAY_ANNOTATION.png,"[3,5]",17.15
regenerated_new/6/H/case-112437_JAY_ANNOTATION.png,"[1,2]",15.72
regenerated_new/7/H/case-112437_JAY_ANNOTATION.png,"[2,4]",18.42
regenerated_new/8/H/case-112437_JAY_ANNOTATION.png,"[13,5]",19.23
regenerated_new/9/H/case-112437_JAY_ANNOTATION.png,"[4,12]",21.68
regenerated_new/14/H/case-112437_JAY_ANNOTATION.png,"[4,12]",19.12
regenerated_new/6/H/case-112453_JAY_ANNOTATION.png,"[2,6]",26.12
regenerated_new/7/H/case-112453_JAY_ANNOTATION.png,"[2,4]",17.97
regenerated_new/8/H/case-112453_JAY_ANNOTATION.png,"[4,2]",27.87
regenerated_new/6/H/case-112536_JAY_ANNOTATION.png,"[2,4]",15.76
regenerated_new/7/H/case-112536_JAY_ANNOTATION.png,"[9,13]",21.36
regenerated_new/8/H/case-112536_JAY_ANNOTATION.png,"[5,9]",21.68
regenerated_new/9/H/case-112536_JAY_ANNOTATION.png,"[4,2]",17.73
regenerated_new/6/H/case-112545_JAY_ANNOTATION.png,"[4,2]",23.32
regenerated_new/7/H/case-112545_JAY_ANNOTATION.png,"[1,2]",17.61
regenerated_new/8/H/case-112545_JAY_ANNOTATION.png,"[4,12]",27.16
regenerated_new/14/H/case-112545_JAY_ANNOTATION.png,"[1,2]",17.2
regenerated_new/6/H/case-112559_JAY_ANNOTATION.png,"[1,2]",15.95
regenerated_new/7/H/case-112559_JAY_ANNOTATION.png,"[3,5]",22.09
regenerated_new/8/H/case-112559_JAY_ANNOTATION.png,"[2,4]",18.16
regenerated_new/9/H/case-112559_JAY_ANNOTATION.png,"[10,11]",20.25
