filename,output,inference_time_sec
regenerated_new/1/H/case-100114_JAY_ANNOTATION.png,"[1,2]",0.95
regenerated_new/2/H/case-100114_JAY_ANNOTATION.png,"[2,3]",0.4
regenerated_new/3/H/case-100114_JAY_ANNOTATION.png,"[3,2]",0.4
regenerated_new/6/H/case-100114_JAY_ANNOTATION.png,"[6,2]",0.4
regenerated_new/9/H/case-100114_JAY_ANNOTATION.png,"[14,9]",0.45
regenerated_new/10/H/case-100114_JAY_ANNOTATION.png,"[10,11]",0.51
regenerated_new/11/H/case-100114_JAY_ANNOTATION.png,"[11,12]",0.51
regenerated_new/12/H/case-100114_JAY_ANNOTATION.png,"[12,2]",0.45
regenerated_new/14/H/case-100114_JAY_ANNOTATION.png,"[14,9]",0.45
regenerated_new/1/H/case-100129_JAY_ANNOTATION.png,"[1,2]",0.4
regenerated_new/2/H/case-100129_JAY_ANNOTATION.png,"[2,3]",0.4
regenerated_new/3/H/case-100129_JAY_ANNOTATION.png,"[3,2]",0.4
regenerated_new/5/H/case-100129_JAY_ANNOTATION.png,"[5,12]",0.45
regenerated_new/6/H/case-100129_JAY_ANNOTATION.png,"[6,2]",0.4
regenerated_new/9/H/case-100129_JAY_ANNOTATION.png,"[12,9]",0.45
regenerated_new/10/H/case-100129_JAY_ANNOTATION.png,"[10,11]",0.51
regenerated_new/11/H/case-100129_JAY_ANNOTATION.png,"[11,12]",0.51
regenerated_new/12/H/case-100129_JAY_ANNOTATION.png,"[12,4]",0.45
regenerated_new/14/H/case-100129_JAY_ANNOTATION.png,"[14,9]",0.45
regenerated_new/1/H/case-100164_JAY_ANNOTATION.png,"[1,2]",0.4
regenerated_new/2/H/case-100164_JAY_ANNOTATION.png,"[2,3]",0.4
regenerated_new/3/H/case-100164_JAY_ANNOTATION.png,"[3,2]",0.4
regenerated_new/4/H/case-100164_JAY_ANNOTATION.png,"[4,12]",0.45
regenerated_new/5/H/case-100164_JAY_ANNOTATION.png,"[5,12]",0.45
regenerated_new/6/H/case-100164_JAY_ANNOTATION.png,"[6,2]",0.4
regenerated_new/10/H/case-100164_JAY_ANNOTATION.png,"[10,11]",0.51
regenerated_new/11/H/case-100164_JAY_ANNOTATION.png,"[11,10]",0.51
regenerated_new/12/H/case-100164_JAY_ANNOTATION.png,"[12,2]",0.45
regenerated_new/13/H/case-100164_JAY_ANNOTATION.png,"[13,5]",0.45
regenerated_new/14/H/case-100164_JAY_ANNOTATION.png,"[14,9]",0.45
regenerated_new/1/H/case-100229_JAY_ANNOTATION.png,"[1,2]",0.4
regenerated_new/2/H/case-100229_JAY_ANNOTATION.png,"[2,3]",0.4
regenerated_new/3/H/case-100229_JAY_ANNOTATION.png,"[2,3]",0.4
regenerated_new/6/H/case-100229_JAY_ANNOTATION.png,"[6,12]",0.45
regenerated_new/10/H/case-100229_JAY_ANNOTATION.png,"[10,11]",0.51
regenerated_new/11/H/case-100229_JAY_ANNOTATION.png,"[11,10]",0.51
regenerated_new/12/H/case-100229_JAY_ANNOTATION.png,"[12,2]",0.45
regenerated_new/13/H/case-100229_JAY_ANNOTATION.png,"[13,5]",0.45
regenerated_new/14/H/case-100229_JAY_ANNOTATION.png,"[14,9]",0.45
regenerated_new/1/H/case-100245_JAY_ANNOTATION.png,"[1,2]",0.4
regenerated_new/2/H/case-100245_JAY_ANNOTATION.png,"[2,3]",0.4
regenerated_new/3/H/case-100245_JAY_ANNOTATION.png,"[3,2]",0.4
regenerated_new/10/H/case-100245_JAY_ANNOTATION.png,"[10,11]",0.51
regenerated_new/11/H/case-100245_JAY_ANNOTATION.png,"[11,10]",0.51
regenerated_new/12/H/case-100245_JAY_ANNOTATION.png,"[12,14]",0.51
regenerated_new/1/H/case-100247_JAY_ANNOTATION.png,"[1,2]",0.4
regenerated_new/2/H/case-100247_JAY_ANNOTATION.png,"[2,3]",0.4
regenerated_new/3/H/case-100247_JAY_ANNOTATION.png,"[2,3]",0.4
regenerated_new/6/H/case-100247_JAY_ANNOTATION.png,"[6,2]",0.4
regenerated_new/10/H/case-100247_JAY_ANNOTATION.png,"[10,11]",0.51
regenerated_new/11/H/case-100247_JAY_ANNOTATION.png,"[11,12]",0.51
regenerated_new/12/H/case-100247_JAY_ANNOTATION.png,"[12,2]",0.45
regenerated_new/14/H/case-100247_JAY_ANNOTATION.png,"[14,9]",0.46
regenerated_new/1/H/case-100254_JAY_ANNOTATION.png,"[1,2]",0.4
regenerated_new/2/H/case-100254_JAY_ANNOTATION.png,"[2,3]",0.4
regenerated_new/3/H/case-100254_JAY_ANNOTATION.png,"[3,2]",0.4
regenerated_new/4/H/case-100254_JAY_ANNOTATION.png,"[4,12]",0.45
regenerated_new/5/H/case-100254_JAY_ANNOTATION.png,"[5,12]",0.45
regenerated_new/6/H/case-100254_JAY_ANNOTATION.png,"[6,2]",0.4
regenerated_new/10/H/case-100254_JAY_ANNOTATION.png,"[10,3]",0.45
regenerated_new/11/H/case-100254_JAY_ANNOTATION.png,"[11,12]",0.51
regenerated_new/12/H/case-100254_JAY_ANNOTATION.png,"[12,9]",0.45
regenerated_new/14/H/case-100254_JAY_ANNOTATION.png,"[12,14]",0.51
regenerated_new/1/H/case-100265_JAY_ANNOTATION.png,"[1,2]",0.4
regenerated_new/2/H/case-100265_JAY_ANNOTATION.png,"[2,3]",0.4
regenerated_new/3/H/case-100265_JAY_ANNOTATION.png,"[3,2]",0.4
regenerated_new/6/H/case-100265_JAY_ANNOTATION.png,"[6,2]",0.4
regenerated_new/9/H/case-100265_JAY_ANNOTATION.png,"[12,9]",0.45
regenerated_new/10/H/case-100265_JAY_ANNOTATION.png,"[10,11]",0.51
regenerated_new/11/H/case-100265_JAY_ANNOTATION.png,"[11,12]",0.51
regenerated_new/12/H/case-100265_JAY_ANNOTATION.png,"[12,9]",0.45
regenerated_new/13/H/case-100265_JAY_ANNOTATION.png,"[13,5]",0.45
regenerated_new/14/H/case-100265_JAY_ANNOTATION.png,"[14,12]",0.51
regenerated_new/1/H/case-100304_JAY_ANNOTATION.png,"[1,2]",0.4
regenerated_new/2/H/case-100304_JAY_ANNOTATION.png,"[2,4]",0.4
regenerated_new/3/H/case-100304_JAY_ANNOTATION.png,"[3,2]",0.4
regenerated_new/4/H/case-100304_JAY_ANNOTATION.png,"[4,12]",0.45
regenerated_new/5/H/case-100304_JAY_ANNOTATION.png,"[5,12]",0.45
regenerated_new/9/H/case-100304_JAY_ANNOTATION.png,"[12,9]",0.45
regenerated_new/10/H/case-100304_JAY_ANNOTATION.png,"[10,11]",0.51
regenerated_new/11/H/case-100304_JAY_ANNOTATION.png,"[11,12]",0.51
regenerated_new/12/H/case-100304_JAY_ANNOTATION.png,"[12,2]",0.45
regenerated_new/14/H/case-100304_JAY_ANNOTATION.png,"[14,9]",0.45
regenerated_new/1/H/case-100308_JAY_ANNOTATION.png,"[1,2]",0.4
regenerated_new/2/H/case-100308_JAY_ANNOTATION.png,"[2,3]",0.4
regenerated_new/3/H/case-100308_JAY_ANNOTATION.png,"[3,2]",0.4
regenerated_new/6/H/case-100308_JAY_ANNOTATION.png,"[6,2]",0.4
regenerated_new/9/H/case-100308_JAY_ANNOTATION.png,"[14,9]",0.45
regenerated_new/10/H/case-100308_JAY_ANNOTATION.png,"[10,11]",0.51
regenerated_new/11/H/case-100308_JAY_ANNOTATION.png,"[11,12]",0.51
regenerated_new/12/H/case-100308_JAY_ANNOTATION.png,"[12,2]",0.45
regenerated_new/14/H/case-100308_JAY_ANNOTATION.png,"[14,12]",0.51
regenerated_new/1/H/case-100359_JAY_ANNOTATION.png,"[1,2]",0.4
regenerated_new/2/H/case-100359_JAY_ANNOTATION.png,"[2,3]",0.4
regenerated_new/3/H/case-100359_JAY_ANNOTATION.png,"[3,2]",0.4
regenerated_new/9/H/case-100359_JAY_ANNOTATION.png,"[12,9]",0.45
regenerated_new/10/H/case-100359_JAY_ANNOTATION.png,"[10,11]",0.51
regenerated_new/11/H/case-100359_JAY_ANNOTATION.png,"[11,10]",0.51
regenerated_new/12/H/case-100359_JAY_ANNOTATION.png,"[12,9]",0.45
regenerated_new/13/H/case-100359_JAY_ANNOTATION.png,"[13,5]",0.45
regenerated_new/14/H/case-100359_JAY_ANNOTATION.png,"[14,9]",0.45
regenerated_new/1/H/case-100366_JAY_ANNOTATION.png,"[1,2]",0.4
regenerated_new/2/H/case-100366_JAY_ANNOTATION.png,"[2,3]",0.4
regenerated_new/3/H/case-100366_JAY_ANNOTATION.png,"[3,2]",0.4
regenerated_new/9/H/case-100366_JAY_ANNOTATION.png,"[14,9]",0.45
regenerated_new/10/H/case-100366_JAY_ANNOTATION.png,"[11,10]",0.51
regenerated_new/11/H/case-100366_JAY_ANNOTATION.png,"[11,10]",0.51
regenerated_new/12/H/case-100366_JAY_ANNOTATION.png,"[12,2]",0.45
regenerated_new/14/H/case-100366_JAY_ANNOTATION.png,"[14,9]",0.45
regenerated_new/1/H/case-100369_JAY_ANNOTATION.png,"[1,2]",0.4
regenerated_new/2/H/case-100369_JAY_ANNOTATION.png,"[2,3]",0.4
regenerated_new/3/H/case-100369_JAY_ANNOTATION.png,"[3,2]",0.4
regenerated_new/4/H/case-100369_JAY_ANNOTATION.png,"[4,12]",0.45
regenerated_new/6/H/case-100369_JAY_ANNOTATION.png,"[6,12]",0.46
regenerated_new/10/H/case-100369_JAY_ANNOTATION.png,"[10,11]",0.51
regenerated_new/11/H/case-100369_JAY_ANNOTATION.png,"[11,12]",0.51
regenerated_new/12/H/case-100369_JAY_ANNOTATION.png,"[12,2]",0.45
regenerated_new/13/H/case-100369_JAY_ANNOTATION.png,"[13,5]",0.45
regenerated_new/14/H/case-100369_JAY_ANNOTATION.png,"[14,9]",0.45
regenerated_new/1/H/case-100371_JAY_ANNOTATION.png,"[1,2]",0.4
regenerated_new/2/H/case-100371_JAY_ANNOTATION.png,"[2,3]",0.4
regenerated_new/3/H/case-100371_JAY_ANNOTATION.png,"[3,2]",0.4
regenerated_new/6/H/case-100371_JAY_ANNOTATION.png,"[6,2]",0.4
regenerated_new/10/H/case-100371_JAY_ANNOTATION.png,"[10,11]",0.51
regenerated_new/11/H/case-100371_JAY_ANNOTATION.png,"[11,10]",0.51
regenerated_new/12/H/case-100371_JAY_ANNOTATION.png,"[12,2]",0.45
regenerated_new/14/H/case-100371_JAY_ANNOTATION.png,"[14,9]",0.45
regenerated_new/1/H/case-100515_JAY_ANNOTATION.png,"[1,2]",0.4
regenerated_new/2/H/case-100515_JAY_ANNOTATION.png,"[2,3]",0.4
regenerated_new/3/H/case-100515_JAY_ANNOTATION.png,"[3,2]",0.4
regenerated_new/4/H/case-100515_JAY_ANNOTATION.png,"[12,4]",0.45
regenerated_new/6/H/case-100515_JAY_ANNOTATION.png,"[6,12]",0.45
regenerated_new/10/H/case-100515_JAY_ANNOTATION.png,"[10,11]",0.51
regenerated_new/11/H/case-100515_JAY_ANNOTATION.png,"[11,10]",0.51
regenerated_new/12/H/case-100515_JAY_ANNOTATION.png,"[12,2]",0.45
regenerated_new/13/H/case-100515_JAY_ANNOTATION.png,"[13,5]",0.45
regenerated_new/14/H/case-100515_JAY_ANNOTATION.png,"[14,9]",0.45
regenerated_new/1/H/case-100518_JAY_ANNOTATION.png,"[1,2]",0.4
regenerated_new/2/H/case-100518_JAY_ANNOTATION.png,"[2,3]",0.4
regenerated_new/3/H/case-100518_JAY_ANNOTATION.png,"[3,2]",0.4
regenerated_new/4/H/case-100518_JAY_ANNOTATION.png,"[4,12]",0.45
regenerated_new/5/H/case-100518_JAY_ANNOTATION.png,"[5,12]",0.45
regenerated_new/6/H/case-100518_JAY_ANNOTATION.png,"[6,2]",0.4
regenerated_new/10/H/case-100518_JAY_ANNOTATION.png,"[10,11]",0.51
regenerated_new/11/H/case-100518_JAY_ANNOTATION.png,"[11,10]",0.51
regenerated_new/12/H/case-100518_JAY_ANNOTATION.png,"[12,2]",0.45
regenerated_new/14/H/case-100518_JAY_ANNOTATION.png,"[14,9]",0.45
regenerated_new/1/H/case-100541_JAY_ANNOTATION.png,"[1,2]",0.4
regenerated_new/2/H/case-100541_JAY_ANNOTATION.png,"[2,3]",0.4
regenerated_new/3/H/case-100541_JAY_ANNOTATION.png,"[3,2]",0.4
regenerated_new/7/H/case-100541_JAY_ANNOTATION.png,"[7,12]",0.45
regenerated_new/10/H/case-100541_JAY_ANNOTATION.png,"[11,10]",0.51
regenerated_new/11/H/case-100541_JAY_ANNOTATION.png,"[11,10]",0.51
regenerated_new/12/H/case-100541_JAY_ANNOTATION.png,"[12,9]",0.45
regenerated_new/13/H/case-100541_JAY_ANNOTATION.png,"[13,5]",0.45
regenerated_new/14/H/case-100541_JAY_ANNOTATION.png,"[14,3]",0.45
regenerated_new/1/H/case-100585_JAY_ANNOTATION.png,"[1,2]",0.4
regenerated_new/2/H/case-100585_JAY_ANNOTATION.png,"[2,3]",0.4
regenerated_new/3/H/case-100585_JAY_ANNOTATION.png,"[3,2]",0.4
regenerated_new/5/H/case-100585_JAY_ANNOTATION.png,"[12,5]",0.45
regenerated_new/9/H/case-100585_JAY_ANNOTATION.png,"[14,9]",0.45
regenerated_new/10/H/case-100585_JAY_ANNOTATION.png,"[10,11]",0.51
regenerated_new/11/H/case-100585_JAY_ANNOTATION.png,"[11,10]",0.51
regenerated_new/12/H/case-100585_JAY_ANNOTATION.png,"[12,9]",0.45
regenerated_new/14/H/case-100585_JAY_ANNOTATION.png,"[14,9]",0.46
regenerated_new/1/H/case-100591_JAY_ANNOTATION.png,"[1,2]",0.4
regenerated_new/2/H/case-100591_JAY_ANNOTATION.png,"[2,3]",0.4
regenerated_new/3/H/case-100591_JAY_ANNOTATION.png,"[3,2]",0.4
regenerated_new/4/H/case-100591_JAY_ANNOTATION.png,"[12,4]",0.45
regenerated_new/6/H/case-100591_JAY_ANNOTATION.png,"[6,2]",0.4
regenerated_new/10/H/case-100591_JAY_ANNOTATION.png,"[10,11]",0.51
regenerated_new/11/H/case-100591_JAY_ANNOTATION.png,"[11,12]",0.51
regenerated_new/12/H/case-100591_JAY_ANNOTATION.png,"[12,2]",0.45
regenerated_new/13/H/case-100591_JAY_ANNOTATION.png,"[13,5]",0.45
regenerated_new/14/H/case-100591_JAY_ANNOTATION.png,"[14,9]",0.45
regenerated_new/1/H/case-100702_JAY_ANNOTATION.png,"[1,2]",0.4
regenerated_new/2/H/case-100702_JAY_ANNOTATION.png,"[2,3]",0.4
regenerated_new/3/H/case-100702_JAY_ANNOTATION.png,"[3,2]",0.4
regenerated_new/5/H/case-100702_JAY_ANNOTATION.png,"[12,5]",0.45
regenerated_new/6/H/case-100702_JAY_ANNOTATION.png,"[6,2]",0.4
regenerated_new/7/H/case-100702_JAY_ANNOTATION.png,"[7,3]",0.4
regenerated_new/9/H/case-100702_JAY_ANNOTATION.png,"[12,9]",0.45
regenerated_new/10/H/case-100702_JAY_ANNOTATION.png,"[10,11]",0.51
regenerated_new/11/H/case-100702_JAY_ANNOTATION.png,"[11,10]",0.51
regenerated_new/12/H/case-100702_JAY_ANNOTATION.png,"[12,9]",0.45
regenerated_new/14/H/case-100702_JAY_ANNOTATION.png,"[14,9]",0.45
regenerated_new/1/H/case-100770_JAY_ANNOTATION.png,"[1,2]",0.4
regenerated_new/2/H/case-100770_JAY_ANNOTATION.png,"[2,3]",0.4
regenerated_new/3/H/case-100770_JAY_ANNOTATION.png,"[3,2]",0.4
regenerated_new/4/H/case-100770_JAY_ANNOTATION.png,"[4,12]",0.45
regenerated_new/6/H/case-100770_JAY_ANNOTATION.png,"[6,2]",0.4
regenerated_new/10/H/case-100770_JAY_ANNOTATION.png,"[10,11]",0.51
regenerated_new/11/H/case-100770_JAY_ANNOTATION.png,"[11,10]",0.51
regenerated_new/12/H/case-100770_JAY_ANNOTATION.png,"[12,2]",0.45
regenerated_new/14/H/case-100770_JAY_ANNOTATION.png,"[14,9]",0.46
regenerated_new/1/H/case-100779_JAY_ANNOTATION.png,"[1,2]",0.4
regenerated_new/2/H/case-100779_JAY_ANNOTATION.png,"[2,3]",0.4
regenerated_new/3/H/case-100779_JAY_ANNOTATION.png,"[3,2]",0.4
regenerated_new/6/H/case-100779_JAY_ANNOTATION.png,"[6,2]",0.4
regenerated_new/10/H/case-100779_JAY_ANNOTATION.png,"[10,11]",0.51
regenerated_new/11/H/case-100779_JAY_ANNOTATION.png,"[11,10]",0.51
regenerated_new/12/H/case-100779_JAY_ANNOTATION.png,"[12,2]",0.45
regenerated_new/14/H/case-100779_JAY_ANNOTATION.png,"[14,3]",0.45
regenerated_new/1/H/case-100863_JAY_ANNOTATION.png,"[1,2]",0.4
regenerated_new/2/H/case-100863_JAY_ANNOTATION.png,"[2,3]",0.4
regenerated_new/3/H/case-100863_JAY_ANNOTATION.png,"[3,2]",0.4
regenerated_new/10/H/case-100863_JAY_ANNOTATION.png,"[10,11]",0.51
regenerated_new/11/H/case-100863_JAY_ANNOTATION.png,"[11,10]",0.51
regenerated_new/12/H/case-100863_JAY_ANNOTATION.png,"[12,2]",0.45
regenerated_new/14/H/case-100863_JAY_ANNOTATION.png,"[14,3]",0.45
regenerated_new/1/H/case-100915_JAY_ANNOTATION.png,"[1,2]",0.4
regenerated_new/2/H/case-100915_JAY_ANNOTATION.png,"[2,3]",0.4
regenerated_new/3/H/case-100915_JAY_ANNOTATION.png,"[3,2]",0.4
regenerated_new/5/H/case-100915_JAY_ANNOTATION.png,"[12,5]",0.45
regenerated_new/6/H/case-100915_JAY_ANNOTATION.png,"[6,2]",0.4
regenerated_new/9/H/case-100915_JAY_ANNOTATION.png,"[12,9]",0.45
regenerated_new/10/H/case-100915_JAY_ANNOTATION.png,"[10,11]",0.51
regenerated_new/11/H/case-100915_JAY_ANNOTATION.png,"[11,10]",0.51
regenerated_new/12/H/case-100915_JAY_ANNOTATION.png,"[12,2]",0.45
regenerated_new/13/H/case-100915_JAY_ANNOTATION.png,"[13,5]",0.45
regenerated_new/14/H/case-100915_JAY_ANNOTATION.png,"[14,12]",0.51
regenerated_new/1/H/case-100917_JAY_ANNOTATION.png,"[1,2]",0.4
regenerated_new/2/H/case-100917_JAY_ANNOTATION.png,"[2,3]",0.4
regenerated_new/3/H/case-100917_JAY_ANNOTATION.png,"[3,2]",0.4
regenerated_new/10/H/case-100917_JAY_ANNOTATION.png,"[10,11]",0.51
regenerated_new/11/H/case-100917_JAY_ANNOTATION.png,"[11,10]",0.51
regenerated_new/12/H/case-100917_JAY_ANNOTATION.png,"[12,4]",0.45
regenerated_new/14/H/case-100917_JAY_ANNOTATION.png,"[14,12]",0.51
regenerated_new/1/H/case-101045_JAY_ANNOTATION.png,"[1,2]",0.4
regenerated_new/2/H/case-101045_JAY_ANNOTATION.png,"[2,3]",0.4
regenerated_new/3/H/case-101045_JAY_ANNOTATION.png,"[3,2]",0.4
regenerated_new/5/H/case-101045_JAY_ANNOTATION.png,"[5,12]",0.45
regenerated_new/9/H/case-101045_JAY_ANNOTATION.png,"[12,9]",0.45
regenerated_new/10/H/case-101045_JAY_ANNOTATION.png,"[10,11]",0.51
regenerated_new/11/H/case-101045_JAY_ANNOTATION.png,"[11,12]",0.51
regenerated_new/12/H/case-101045_JAY_ANNOTATION.png,"[12,2]",0.45
regenerated_new/13/H/case-101045_JAY_ANNOTATION.png,"[13,5]",0.45
regenerated_new/14/H/case-101045_JAY_ANNOTATION.png,"[14,9]",0.45
regenerated_new/1/H/case-101074_JAY_ANNOTATION.png,"[1,2]",0.4
regenerated_new/2/H/case-101074_JAY_ANNOTATION.png,"[2,3]",0.4
regenerated_new/3/H/case-101074_JAY_ANNOTATION.png,"[3,2]",0.4
regenerated_new/9/H/case-101074_JAY_ANNOTATION.png,"[12,9]",0.45
regenerated_new/10/H/case-101074_JAY_ANNOTATION.png,"[10,11]",0.51
regenerated_new/11/H/case-101074_JAY_ANNOTATION.png,"[11,10]",0.51
regenerated_new/12/H/case-101074_JAY_ANNOTATION.png,"[12,9]",0.45
regenerated_new/13/H/case-101074_JAY_ANNOTATION.png,"[13,5]",0.45
regenerated_new/14/H/case-101074_JAY_ANNOTATION.png,"[14,3]",0.45
regenerated_new/1/H/case-101133_JAY_ANNOTATION.png,"[1,2]",0.4
regenerated_new/2/H/case-101133_JAY_ANNOTATION.png,"[2,3]",0.4
regenerated_new/3/H/case-101133_JAY_ANNOTATION.png,"[2,3]",0.4
regenerated_new/9/H/case-101133_JAY_ANNOTATION.png,"[12,9]",0.45
regenerated_new/10/H/case-101133_JAY_ANNOTATION.png,"[10,11]",0.51
regenerated_new/11/H/case-101133_JAY_ANNOTATION.png,"[11,10]",0.51
regenerated_new/12/H/case-101133_JAY_ANNOTATION.png,"[12,5]",0.45
regenerated_new/13/H/case-101133_JAY_ANNOTATION.png,"[13,5]",0.45
regenerated_new/14/H/case-101133_JAY_ANNOTATION.png,"[14,12]",0.51
regenerated_new/1/H/case-101195_JAY_ANNOTATION.png,"[1,2]",0.4
regenerated_new/2/H/case-101195_JAY_ANNOTATION.png,"[2,3]",0.4
regenerated_new/3/H/case-101195_JAY_ANNOTATION.png,"[3,2]",0.4
regenerated_new/5/H/case-101195_JAY_ANNOTATION.png,"[12,5]",0.45
regenerated_new/6/H/case-101195_JAY_ANNOTATION.png,"[6,2]",0.4
regenerated_new/10/H/case-101195_JAY_ANNOTATION.png,"[10,11]",0.51
regenerated_new/11/H/case-101195_JAY_ANNOTATION.png,"[11,12]",0.51
regenerated_new/12/H/case-101195_JAY_ANNOTATION.png,"[12,2]",0.45
regenerated_new/14/H/case-101195_JAY_ANNOTATION.png,"[14,9]",0.45
regenerated_new/1/H/case-101206_JAY_ANNOTATION.png,"[1,2]",0.4
regenerated_new/2/H/case-101206_JAY_ANNOTATION.png,"[2,3]",0.4
regenerated_new/3/H/case-101206_JAY_ANNOTATION.png,"[3,2]",0.4
regenerated_new/4/H/case-101206_JAY_ANNOTATION.png,"[4,12]",0.45
regenerated_new/6/H/case-101206_JAY_ANNOTATION.png,"[6,2]",0.4
regenerated_new/10/H/case-101206_JAY_ANNOTATION.png,"[10,11]",0.51
regenerated_new/11/H/case-101206_JAY_ANNOTATION.png,"[11,10]",0.51
regenerated_new/12/H/case-101206_JAY_ANNOTATION.png,"[12,2]",0.45
regenerated_new/13/H/case-101206_JAY_ANNOTATION.png,"[13,5]",0.45
regenerated_new/14/H/case-101206_JAY_ANNOTATION.png,"[14,9]",0.45
regenerated_new/1/H/case-101362_JAY_ANNOTATION.png,"[1,2]",0.4
regenerated_new/2/H/case-101362_JAY_ANNOTATION.png,"[2,3]",0.4
regenerated_new/3/H/case-101362_JAY_ANNOTATION.png,"[3,2]",0.4
regenerated_new/5/H/case-101362_JAY_ANNOTATION.png,"[13,5]",0.45
regenerated_new/6/H/case-101362_JAY_ANNOTATION.png,"[6,2]",0.4
regenerated_new/9/H/case-101362_JAY_ANNOTATION.png,"[9,14]",0.45
regenerated_new/10/H/case-101362_JAY_ANNOTATION.png,"[10,11]",0.51
regenerated_new/11/H/case-101362_JAY_ANNOTATION.png,"[11,10]",0.51
regenerated_new/12/H/case-101362_JAY_ANNOTATION.png,"[12,9]",0.45
regenerated_new/13/H/case-101362_JAY_ANNOTATION.png,"[13,2]",0.45
regenerated_new/14/H/case-101362_JAY_ANNOTATION.png,"[14,12]",0.51
regenerated_new/1/H/case-101367_JAY_ANNOTATION.png,"[1,2]",0.4
regenerated_new/2/H/case-101367_JAY_ANNOTATION.png,"[2,3]",0.4
regenerated_new/3/H/case-101367_JAY_ANNOTATION.png,"[3,2]",0.4
regenerated_new/5/H/case-101367_JAY_ANNOTATION.png,"[5,12]",0.45
regenerated_new/6/H/case-101367_JAY_ANNOTATION.png,"[6,2]",0.4
regenerated_new/10/H/case-101367_JAY_ANNOTATION.png,"[10,11]",0.51
regenerated_new/11/H/case-101367_JAY_ANNOTATION.png,"[11,10]",0.51
regenerated_new/12/H/case-101367_JAY_ANNOTATION.png,"[12,4]",0.45
regenerated_new/14/H/case-101367_JAY_ANNOTATION.png,"[14,3]",0.46
regenerated_new/1/H/case-101409_JAY_ANNOTATION.png,"[1,2]",0.4
regenerated_new/2/H/case-101409_JAY_ANNOTATION.png,"[2,3]",0.4
regenerated_new/3/H/case-101409_JAY_ANNOTATION.png,"[3,2]",0.4
regenerated_new/6/H/case-101409_JAY_ANNOTATION.png,"[6,12]",0.45
regenerated_new/7/H/case-101409_JAY_ANNOTATION.png,"[7,3]",0.4
regenerated_new/9/H/case-101409_JAY_ANNOTATION.png,"[12,9]",0.45
regenerated_new/10/H/case-101409_JAY_ANNOTATION.png,"[10,11]",0.51
regenerated_new/11/H/case-101409_JAY_ANNOTATION.png,"[11,10]",0.51
regenerated_new/12/H/case-101409_JAY_ANNOTATION.png,"[12,2]",0.45
regenerated_new/13/H/case-101409_JAY_ANNOTATION.png,"[13,5]",0.45
regenerated_new/14/H/case-101409_JAY_ANNOTATION.png,"[14,2]",0.45
regenerated_new/1/H/case-101413_JAY_ANNOTATION.png,"[1,2]",0.4
regenerated_new/2/H/case-101413_JAY_ANNOTATION.png,"[2,3]",0.4
regenerated_new/3/H/case-101413_JAY_ANNOTATION.png,"[3,2]",0.4
regenerated_new/4/H/case-101413_JAY_ANNOTATION.png,"[4,12]",0.45
regenerated_new/6/H/case-101413_JAY_ANNOTATION.png,"[6,2]",0.4
regenerated_new/9/H/case-101413_JAY_ANNOTATION.png,"[12,9]",0.45
regenerated_new/10/H/case-101413_JAY_ANNOTATION.png,"[10,11]",0.51
regenerated_new/11/H/case-101413_JAY_ANNOTATION.png,"[11,10]",0.51
regenerated_new/12/H/case-101413_JAY_ANNOTATION.png,"[12,9]",0.45
regenerated_new/13/H/case-101413_JAY_ANNOTATION.png,"[13,5]",0.45
regenerated_new/14/H/case-101413_JAY_ANNOTATION.png,"[14,9]",0.45
regenerated_new/1/H/case-101447_JAY_ANNOTATION.png,"[1,2]",0.4
regenerated_new/2/H/case-101447_JAY_ANNOTATION.png,"[2,3]",0.4
regenerated_new/3/H/case-101447_JAY_ANNOTATION.png,"[3,2]",0.4
regenerated_new/5/H/case-101447_JAY_ANNOTATION.png,"[5,12]",0.45
regenerated_new/6/H/case-101447_JAY_ANNOTATION.png,"[6,2]",0.4
regenerated_new/10/H/case-101447_JAY_ANNOTATION.png,"[10,11]",0.51
regenerated_new/11/H/case-101447_JAY_ANNOTATION.png,"[11,10]",0.51
regenerated_new/12/H/case-101447_JAY_ANNOTATION.png,"[12,2]",0.45
regenerated_new/13/H/case-101447_JAY_ANNOTATION.png,"[13,5]",0.45
regenerated_new/14/H/case-101447_JAY_ANNOTATION.png,"[14,12]",0.51
regenerated_new/1/H/case-101510_JAY_ANNOTATION.png,"[1,2]",0.4
regenerated_new/2/H/case-101510_JAY_ANNOTATION.png,"[2,3]",0.4
regenerated_new/3/H/case-101510_JAY_ANNOTATION.png,"[3,2]",0.4
regenerated_new/5/H/case-101510_JAY_ANNOTATION.png,"[5,12]",0.45
regenerated_new/10/H/case-101510_JAY_ANNOTATION.png,"[10,11]",0.51
regenerated_new/11/H/case-101510_JAY_ANNOTATION.png,"[11,10]",0.51
regenerated_new/12/H/case-101510_JAY_ANNOTATION.png,"[12,3]",0.45
regenerated_new/13/H/case-101510_JAY_ANNOTATION.png,"[13,5]",0.45
regenerated_new/14/H/case-101510_JAY_ANNOTATION.png,"[14,9]",0.45
regenerated_new/1/H/case-101540_JAY_ANNOTATION.png,"[1,2]",0.4
regenerated_new/2/H/case-101540_JAY_ANNOTATION.png,"[2,3]",0.4
regenerated_new/3/H/case-101540_JAY_ANNOTATION.png,"[3,2]",0.4
regenerated_new/9/H/case-101540_JAY_ANNOTATION.png,"[12,9]",0.45
regenerated_new/10/H/case-101540_JAY_ANNOTATION.png,"[10,11]",0.51
regenerated_new/11/H/case-101540_JAY_ANNOTATION.png,"[11,12]",0.51
regenerated_new/12/H/case-101540_JAY_ANNOTATION.png,"[12,2]",0.45
regenerated_new/14/H/case-101540_JAY_ANNOTATION.png,"[14,9]",0.45
regenerated_new/1/H/case-101581_JAY_ANNOTATION.png,"[1,2]",0.4
regenerated_new/2/H/case-101581_JAY_ANNOTATION.png,"[2,10]",0.45
regenerated_new/3/H/case-101581_JAY_ANNOTATION.png,"[3,2]",0.4
regenerated_new/10/H/case-101581_JAY_ANNOTATION.png,"[10,11]",0.51
regenerated_new/13/H/case-101581_JAY_ANNOTATION.png,"[3,13]",0.45
regenerated_new/1/H/case-101599_JAY_ANNOTATION.png,"[1,2]",0.4
regenerated_new/2/H/case-101599_JAY_ANNOTATION.png,"[2,3]",0.4
regenerated_new/3/H/case-101599_JAY_ANNOTATION.png,"[2,3]",0.4
regenerated_new/6/H/case-101599_JAY_ANNOTATION.png,"[6,2]",0.4
regenerated_new/9/H/case-101599_JAY_ANNOTATION.png,"[14,9]",0.45
regenerated_new/10/H/case-101599_JAY_ANNOTATION.png,"[10,11]",0.51
regenerated_new/11/H/case-101599_JAY_ANNOTATION.png,"[11,10]",0.51
regenerated_new/12/H/case-101599_JAY_ANNOTATION.png,"[12,2]",0.45
regenerated_new/14/H/case-101599_JAY_ANNOTATION.png,"[14,12]",0.51
regenerated_new/1/H/case-101625_JAY_ANNOTATION.png,"[1,2]",0.4
regenerated_new/2/H/case-101625_JAY_ANNOTATION.png,"[2,3]",0.4
regenerated_new/3/H/case-101625_JAY_ANNOTATION.png,"[3,2]",0.4
regenerated_new/5/H/case-101625_JAY_ANNOTATION.png,"[5,12]",0.45
regenerated_new/10/H/case-101625_JAY_ANNOTATION.png,"[10,11]",0.51
regenerated_new/11/H/case-101625_JAY_ANNOTATION.png,"[11,10]",0.51
regenerated_new/12/H/case-101625_JAY_ANNOTATION.png,"[6,12]",0.45
regenerated_new/13/H/case-101625_JAY_ANNOTATION.png,"[13,5]",0.45
regenerated_new/14/H/case-101625_JAY_ANNOTATION.png,"[14,12]",0.51
regenerated_new/1/H/case-101641_JAY_ANNOTATION.png,"[1,2]",0.4
regenerated_new/2/H/case-101641_JAY_ANNOTATION.png,"[2,3]",0.4
regenerated_new/3/H/case-101641_JAY_ANNOTATION.png,"[2,3]",0.4
regenerated_new/6/H/case-101641_JAY_ANNOTATION.png,"[2,6]",0.4
regenerated_new/9/H/case-101641_JAY_ANNOTATION.png,"[12,9]",0.45
regenerated_new/10/H/case-101641_JAY_ANNOTATION.png,"[10,11]",0.51
regenerated_new/11/H/case-101641_JAY_ANNOTATION.png,"[11,10]",0.51
regenerated_new/12/H/case-101641_JAY_ANNOTATION.png,"[12,2]",0.45
regenerated_new/14/H/case-101641_JAY_ANNOTATION.png,"[14,12]",0.51
regenerated_new/1/H/case-101857_JAY_ANNOTATION.png,"[1,2]",0.4
regenerated_new/2/H/case-101857_JAY_ANNOTATION.png,"[2,3]",0.4
regenerated_new/3/H/case-101857_JAY_ANNOTATION.png,"[3,2]",0.4
regenerated_new/4/H/case-101857_JAY_ANNOTATION.png,"[4,12]",0.46
regenerated_new/5/H/case-101857_JAY_ANNOTATION.png,"[13,5]",0.45
regenerated_new/6/H/case-101857_JAY_ANNOTATION.png,"[6,2]",0.4
regenerated_new/9/H/case-101857_JAY_ANNOTATION.png,"[12,9]",0.45
regenerated_new/10/H/case-101857_JAY_ANNOTATION.png,"[10,11]",0.51
regenerated_new/11/H/case-101857_JAY_ANNOTATION.png,"[11,12]",0.51
regenerated_new/12/H/case-101857_JAY_ANNOTATION.png,"[12,9]",0.45
regenerated_new/13/H/case-101857_JAY_ANNOTATION.png,"[13,5]",0.45
regenerated_new/14/H/case-101857_JAY_ANNOTATION.png,"[14,9]",0.45
regenerated_new/1/H/case-101860_JAY_ANNOTATION.png,"[1,2]",0.4
regenerated_new/2/H/case-101860_JAY_ANNOTATION.png,"[2,3]",0.4
regenerated_new/3/H/case-101860_JAY_ANNOTATION.png,"[3,2]",0.4
regenerated_new/6/H/case-101860_JAY_ANNOTATION.png,"[6,2]",0.4
regenerated_new/10/H/case-101860_JAY_ANNOTATION.png,"[10,11]",0.51
regenerated_new/11/H/case-101860_JAY_ANNOTATION.png,"[10,11]",0.51
regenerated_new/12/H/case-101860_JAY_ANNOTATION.png,"[12,2]",0.45
regenerated_new/13/H/case-101860_JAY_ANNOTATION.png,"[13,5]",0.46
regenerated_new/14/H/case-101860_JAY_ANNOTATION.png,"[14,9]",0.45
regenerated_new/1/H/case-101885_JAY_ANNOTATION.png,"[1,2]",0.4
regenerated_new/2/H/case-101885_JAY_ANNOTATION.png,"[2,3]",0.4
regenerated_new/3/H/case-101885_JAY_ANNOTATION.png,"[3,2]",0.4
regenerated_new/6/H/case-101885_JAY_ANNOTATION.png,"[6,12]",0.46
regenerated_new/10/H/case-101885_JAY_ANNOTATION.png,"[10,11]",0.51
regenerated_new/11/H/case-101885_JAY_ANNOTATION.png,"[11,10]",0.51
regenerated_new/12/H/case-101885_JAY_ANNOTATION.png,"[12,9]",0.46
regenerated_new/13/H/case-101885_JAY_ANNOTATION.png,"[13,5]",0.45
regenerated_new/14/H/case-101885_JAY_ANNOTATION.png,"[14,12]",0.51
regenerated_new/1/H/case-101937_JAY_ANNOTATION.png,"[1,2]",0.4
regenerated_new/2/H/case-101937_JAY_ANNOTATION.png,"[2,3]",0.4
regenerated_new/3/H/case-101937_JAY_ANNOTATION.png,"[3,2]",0.4
regenerated_new/5/H/case-101937_JAY_ANNOTATION.png,"[5,12]",0.46
regenerated_new/10/H/case-101937_JAY_ANNOTATION.png,"[10,11]",0.51
regenerated_new/11/H/case-101937_JAY_ANNOTATION.png,"[11,10]",0.51
regenerated_new/12/H/case-101937_JAY_ANNOTATION.png,"[12,2]",0.45
regenerated_new/13/H/case-101937_JAY_ANNOTATION.png,"[13,5]",0.45
regenerated_new/14/H/case-101937_JAY_ANNOTATION.png,"[14,9]",0.45
regenerated_new/1/H/case-101940_JAY_ANNOTATION.png,"[1,2]",0.4
regenerated_new/2/H/case-101940_JAY_ANNOTATION.png,"[2,3]",0.4
regenerated_new/3/H/case-101940_JAY_ANNOTATION.png,"[3,2]",0.4
regenerated_new/6/H/case-101940_JAY_ANNOTATION.png,"[6,2]",0.4
regenerated_new/9/H/case-101940_JAY_ANNOTATION.png,"[14,9]",0.45
regenerated_new/10/H/case-101940_JAY_ANNOTATION.png,"[10,11]",0.51
regenerated_new/11/H/case-101940_JAY_ANNOTATION.png,"[11,10]",0.51
regenerated_new/12/H/case-101940_JAY_ANNOTATION.png,"[12,3]",0.45
regenerated_new/14/H/case-101940_JAY_ANNOTATION.png,"[14,9]",0.45
regenerated_new/1/H/case-101982_JAY_ANNOTATION.png,"[1,2]",0.4
regenerated_new/2/H/case-101982_JAY_ANNOTATION.png,"[2,3]",0.4
regenerated_new/3/H/case-101982_JAY_ANNOTATION.png,"[3,2]",0.4
regenerated_new/6/H/case-101982_JAY_ANNOTATION.png,"[6,2]",0.4
regenerated_new/10/H/case-101982_JAY_ANNOTATION.png,"[10,11]",0.51
regenerated_new/11/H/case-101982_JAY_ANNOTATION.png,"[11,10]",0.51
regenerated_new/12/H/case-101982_JAY_ANNOTATION.png,"[12,9]",0.45
regenerated_new/13/H/case-101982_JAY_ANNOTATION.png,"[13,5]",0.45
regenerated_new/14/H/case-101982_JAY_ANNOTATION.png,"[14,9]",0.45
regenerated_new/1/H/case-102010_JAY_ANNOTATION.png,"[1,2]",0.4
regenerated_new/2/H/case-102010_JAY_ANNOTATION.png,"[2,3]",0.4
regenerated_new/3/H/case-102010_JAY_ANNOTATION.png,"[3,2]",0.4
regenerated_new/6/H/case-102010_JAY_ANNOTATION.png,"[6,2]",0.4
regenerated_new/7/H/case-102010_JAY_ANNOTATION.png,"[7,12]",0.45
regenerated_new/10/H/case-102010_JAY_ANNOTATION.png,"[10,11]",0.51
regenerated_new/11/H/case-102010_JAY_ANNOTATION.png,"[11,10]",0.51
regenerated_new/12/H/case-102010_JAY_ANNOTATION.png,"[12,3]",0.45
regenerated_new/14/H/case-102010_JAY_ANNOTATION.png,"[14,9]",0.45
regenerated_new/1/H/case-102041_JAY_ANNOTATION.png,"[1,2]",0.4
regenerated_new/2/H/case-102041_JAY_ANNOTATION.png,"[2,3]",0.4
regenerated_new/3/H/case-102041_JAY_ANNOTATION.png,"[3,2]",0.4
regenerated_new/4/H/case-102041_JAY_ANNOTATION.png,"[4,12]",0.45
regenerated_new/6/H/case-102041_JAY_ANNOTATION.png,"[6,2]",0.4
regenerated_new/9/H/case-102041_JAY_ANNOTATION.png,"[12,9]",0.45
regenerated_new/10/H/case-102041_JAY_ANNOTATION.png,"[10,2]",0.45
regenerated_new/11/H/case-102041_JAY_ANNOTATION.png,"[10,11]",0.51
regenerated_new/12/H/case-102041_JAY_ANNOTATION.png,"[12,9]",0.45
regenerated_new/14/H/case-102041_JAY_ANNOTATION.png,"[14,9]",0.45
regenerated_new/1/H/case-102093_JAY_ANNOTATION.png,"[1,2]",0.4
regenerated_new/2/H/case-102093_JAY_ANNOTATION.png,"[2,3]",0.4
regenerated_new/3/H/case-102093_JAY_ANNOTATION.png,"[3,2]",0.4
regenerated_new/5/H/case-102093_JAY_ANNOTATION.png,"[5,12]",0.45
regenerated_new/6/H/case-102093_JAY_ANNOTATION.png,"[6,12]",0.45
regenerated_new/10/H/case-102093_JAY_ANNOTATION.png,"[10,11]",0.51
regenerated_new/11/H/case-102093_JAY_ANNOTATION.png,"[10,11]",0.51
regenerated_new/12/H/case-102093_JAY_ANNOTATION.png,"[12,2]",0.45
regenerated_new/14/H/case-102093_JAY_ANNOTATION.png,"[14,9]",0.45
regenerated_new/1/H/case-102157_JAY_ANNOTATION.png,"[1,2]",0.4
regenerated_new/2/H/case-102157_JAY_ANNOTATION.png,"[2,3]",0.4
regenerated_new/3/H/case-102157_JAY_ANNOTATION.png,"[2,3]",0.4
regenerated_new/6/H/case-102157_JAY_ANNOTATION.png,"[6,2]",0.4
regenerated_new/10/H/case-102157_JAY_ANNOTATION.png,"[10,11]",0.51
regenerated_new/11/H/case-102157_JAY_ANNOTATION.png,"[11,10]",0.51
regenerated_new/12/H/case-102157_JAY_ANNOTATION.png,"[12,2]",0.45
regenerated_new/14/H/case-102157_JAY_ANNOTATION.png,"[14,9]",0.45
regenerated_new/1/H/case-102183_JAY_ANNOTATION.png,"[1,2]",0.4
regenerated_new/2/H/case-102183_JAY_ANNOTATION.png,"[2,3]",0.4
regenerated_new/3/H/case-102183_JAY_ANNOTATION.png,"[3,2]",0.4
regenerated_new/4/H/case-102183_JAY_ANNOTATION.png,"[4,12]",0.45
regenerated_new/6/H/case-102183_JAY_ANNOTATION.png,"[6,2]",0.4
regenerated_new/10/H/case-102183_JAY_ANNOTATION.png,"[10,11]",0.51
regenerated_new/11/H/case-102183_JAY_ANNOTATION.png,"[11,12]",0.51
regenerated_new/12/H/case-102183_JAY_ANNOTATION.png,"[12,2]",0.45
regenerated_new/14/H/case-102183_JAY_ANNOTATION.png,"[14,9]",0.45
regenerated_new/1/H/case-102224_JAY_ANNOTATION.png,"[1,2]",0.4
regenerated_new/2/H/case-102224_JAY_ANNOTATION.png,"[2,3]",0.4
regenerated_new/3/H/case-102224_JAY_ANNOTATION.png,"[3,2]",0.4
regenerated_new/5/H/case-102224_JAY_ANNOTATION.png,"[12,5]",0.45
regenerated_new/6/H/case-102224_JAY_ANNOTATION.png,"[6,12]",0.45
regenerated_new/10/H/case-102224_JAY_ANNOTATION.png,"[10,11]",0.51
regenerated_new/11/H/case-102224_JAY_ANNOTATION.png,"[11,10]",0.51
regenerated_new/12/H/case-102224_JAY_ANNOTATION.png,"[12,2]",0.45
regenerated_new/14/H/case-102224_JAY_ANNOTATION.png,"[14,9]",0.45
regenerated_new/1/H/case-102308_JAY_ANNOTATION.png,"[1,2]",0.4
regenerated_new/2/H/case-102308_JAY_ANNOTATION.png,"[2,3]",0.4
regenerated_new/3/H/case-102308_JAY_ANNOTATION.png,"[3,2]",0.4
regenerated_new/4/H/case-102308_JAY_ANNOTATION.png,"[4,12]",0.45
regenerated_new/5/H/case-102308_JAY_ANNOTATION.png,"[5,12]",0.45
regenerated_new/10/H/case-102308_JAY_ANNOTATION.png,"[10,11]",0.51
regenerated_new/11/H/case-102308_JAY_ANNOTATION.png,"[11,10]",0.51
regenerated_new/12/H/case-102308_JAY_ANNOTATION.png,"[12,2]",0.45
regenerated_new/13/H/case-102308_JAY_ANNOTATION.png,"[13,5]",0.45
regenerated_new/14/H/case-102308_JAY_ANNOTATION.png,"[14,12]",0.51
regenerated_new/1/H/case-102321_JAY_ANNOTATION.png,"[1,2]",0.4
regenerated_new/2/H/case-102321_JAY_ANNOTATION.png,"[2,3]",0.4
regenerated_new/3/H/case-102321_JAY_ANNOTATION.png,"[3,2]",0.4
regenerated_new/10/H/case-102321_JAY_ANNOTATION.png,"[10,11]",0.51
regenerated_new/11/H/case-102321_JAY_ANNOTATION.png,"[11,10]",0.51
regenerated_new/12/H/case-102321_JAY_ANNOTATION.png,"[12,9]",0.46
regenerated_new/14/H/case-102321_JAY_ANNOTATION.png,"[14,12]",0.51
regenerated_new/1/H/case-102367_JAY_ANNOTATION.png,"[1,2]",0.4
regenerated_new/2/H/case-102367_JAY_ANNOTATION.png,"[2,3]",0.4
regenerated_new/3/H/case-102367_JAY_ANNOTATION.png,"[3,2]",0.4
regenerated_new/6/H/case-102367_JAY_ANNOTATION.png,"[6,2]",0.4
regenerated_new/9/H/case-102367_JAY_ANNOTATION.png,"[6,9]",0.4
regenerated_new/10/H/case-102367_JAY_ANNOTATION.png,"[10,11]",0.51
regenerated_new/11/H/case-102367_JAY_ANNOTATION.png,"[11,10]",0.51
regenerated_new/12/H/case-102367_JAY_ANNOTATION.png,"[12,2]",0.45
regenerated_new/13/H/case-102367_JAY_ANNOTATION.png,"[13,3]",0.45
regenerated_new/1/H/case-102388_JAY_ANNOTATION.png,"[1,2]",0.4
regenerated_new/2/H/case-102388_JAY_ANNOTATION.png,"[2,3]",0.4
regenerated_new/3/H/case-102388_JAY_ANNOTATION.png,"[3,2]",0.4
regenerated_new/4/H/case-102388_JAY_ANNOTATION.png,"[4,12]",0.45
regenerated_new/5/H/case-102388_JAY_ANNOTATION.png,"[12,5]",0.45
regenerated_new/6/H/case-102388_JAY_ANNOTATION.png,"[6,2]",0.4
regenerated_new/10/H/case-102388_JAY_ANNOTATION.png,"[10,11]",0.51
regenerated_new/11/H/case-102388_JAY_ANNOTATION.png,"[11,10]",0.5
regenerated_new/12/H/case-102388_JAY_ANNOTATION.png,"[12,2]",0.45
regenerated_new/13/H/case-102388_JAY_ANNOTATION.png,"[13,5]",0.45
regenerated_new/14/H/case-102388_JAY_ANNOTATION.png,"[14,12]",0.51
regenerated_new/1/H/case-104754_JAY_ANNOTATION.png,"[1,2]",0.4
regenerated_new/2/H/case-104754_JAY_ANNOTATION.png,"[2,3]",0.4
regenerated_new/3/H/case-104754_JAY_ANNOTATION.png,"[3,2]",0.4
regenerated_new/5/H/case-104754_JAY_ANNOTATION.png,"[12,5]",0.45
regenerated_new/10/H/case-104754_JAY_ANNOTATION.png,"[10,11]",0.51
regenerated_new/11/H/case-104754_JAY_ANNOTATION.png,"[11,10]",0.51
regenerated_new/12/H/case-104754_JAY_ANNOTATION.png,"[12,3]",0.46
regenerated_new/14/H/case-104754_JAY_ANNOTATION.png,"[12,14]",0.51
regenerated_new/1/H/case-104780_JAY_ANNOTATION.png,"[1,2]",0.4
regenerated_new/2/H/case-104780_JAY_ANNOTATION.png,"[2,3]",0.4
regenerated_new/3/H/case-104780_JAY_ANNOTATION.png,"[3,2]",0.4
regenerated_new/5/H/case-104780_JAY_ANNOTATION.png,"[5,12]",0.45
regenerated_new/6/H/case-104780_JAY_ANNOTATION.png,"[6,2]",0.4
regenerated_new/10/H/case-104780_JAY_ANNOTATION.png,"[10,11]",0.51
regenerated_new/11/H/case-104780_JAY_ANNOTATION.png,"[11,12]",0.51
regenerated_new/12/H/case-104780_JAY_ANNOTATION.png,"[4,12]",0.45
regenerated_new/14/H/case-104780_JAY_ANNOTATION.png,"[14,12]",0.51
regenerated_new/1/H/case-104842_JAY_ANNOTATION.png,"[1,2]",0.4
regenerated_new/2/H/case-104842_JAY_ANNOTATION.png,"[2,3]",0.4
regenerated_new/3/H/case-104842_JAY_ANNOTATION.png,"[3,2]",0.4
regenerated_new/9/H/case-104842_JAY_ANNOTATION.png,"[12,9]",0.45
regenerated_new/10/H/case-104842_JAY_ANNOTATION.png,"[10,11]",0.51
regenerated_new/11/H/case-104842_JAY_ANNOTATION.png,"[11,10]",0.51
regenerated_new/12/H/case-104842_JAY_ANNOTATION.png,"[12,2]",0.45
regenerated_new/14/H/case-104842_JAY_ANNOTATION.png,"[14,9]",0.45
regenerated_new/1/H/case-104941_JAY_ANNOTATION.png,"[1,2]",0.4
regenerated_new/2/H/case-104941_JAY_ANNOTATION.png,"[2,3]",0.4
regenerated_new/3/H/case-104941_JAY_ANNOTATION.png,"[3,2]",0.4
regenerated_new/5/H/case-104941_JAY_ANNOTATION.png,"[5,12]",0.45
regenerated_new/6/H/case-104941_JAY_ANNOTATION.png,"[6,2]",0.4
regenerated_new/10/H/case-104941_JAY_ANNOTATION.png,"[10,11]",0.51
regenerated_new/11/H/case-104941_JAY_ANNOTATION.png,"[11,12]",0.51
regenerated_new/12/H/case-104941_JAY_ANNOTATION.png,"[12,9]",0.45
regenerated_new/13/H/case-104941_JAY_ANNOTATION.png,"[13,5]",0.45
regenerated_new/14/H/case-104941_JAY_ANNOTATION.png,"[12,14]",0.51
regenerated_new/1/H/case-104979_JAY_ANNOTATION.png,"[1,2]",0.4
regenerated_new/2/H/case-104979_JAY_ANNOTATION.png,"[2,3]",0.4
regenerated_new/3/H/case-104979_JAY_ANNOTATION.png,"[3,2]",0.4
regenerated_new/5/H/case-104979_JAY_ANNOTATION.png,"[12,5]",0.45
regenerated_new/6/H/case-104979_JAY_ANNOTATION.png,"[6,2]",0.4
regenerated_new/10/H/case-104979_JAY_ANNOTATION.png,"[10,11]",0.51
regenerated_new/11/H/case-104979_JAY_ANNOTATION.png,"[11,10]",0.51
regenerated_new/12/H/case-104979_JAY_ANNOTATION.png,"[12,3]",0.45
regenerated_new/14/H/case-104979_JAY_ANNOTATION.png,"[14,9]",0.46
regenerated_new/1/H/case-104990_JAY_ANNOTATION.png,"[1,2]",0.4
regenerated_new/2/H/case-104990_JAY_ANNOTATION.png,"[2,3]",0.4
regenerated_new/3/H/case-104990_JAY_ANNOTATION.png,"[3,2]",0.4
regenerated_new/6/H/case-104990_JAY_ANNOTATION.png,"[6,12]",0.45
regenerated_new/10/H/case-104990_JAY_ANNOTATION.png,"[10,11]",0.51
regenerated_new/11/H/case-104990_JAY_ANNOTATION.png,"[10,11]",0.51
regenerated_new/12/H/case-104990_JAY_ANNOTATION.png,"[12,9]",0.46
regenerated_new/13/H/case-104990_JAY_ANNOTATION.png,"[13,5]",0.45
regenerated_new/14/H/case-104990_JAY_ANNOTATION.png,"[14,9]",0.46
regenerated_new/1/H/case-105035_JAY_ANNOTATION.png,"[1,2]",0.4
regenerated_new/2/H/case-105035_JAY_ANNOTATION.png,"[2,3]",0.4
regenerated_new/3/H/case-105035_JAY_ANNOTATION.png,"[3,2]",0.4
regenerated_new/5/H/case-105035_JAY_ANNOTATION.png,"[5,12]",0.46
regenerated_new/10/H/case-105035_JAY_ANNOTATION.png,"[10,11]",0.51
regenerated_new/11/H/case-105035_JAY_ANNOTATION.png,"[11,10]",0.51
regenerated_new/12/H/case-105035_JAY_ANNOTATION.png,"[12,2]",0.45
regenerated_new/14/H/case-105035_JAY_ANNOTATION.png,"[14,12]",0.51
regenerated_new/1/H/case-105051_JAY_ANNOTATION.png,"[1,2]",0.4
regenerated_new/2/H/case-105051_JAY_ANNOTATION.png,"[2,3]",0.4
regenerated_new/3/H/case-105051_JAY_ANNOTATION.png,"[3,2]",0.4
regenerated_new/7/H/case-105051_JAY_ANNOTATION.png,"[7,3]",0.4
regenerated_new/9/H/case-105051_JAY_ANNOTATION.png,"[12,9]",0.45
regenerated_new/10/H/case-105051_JAY_ANNOTATION.png,"[10,11]",0.51
regenerated_new/11/H/case-105051_JAY_ANNOTATION.png,"[10,11]",0.51
regenerated_new/12/H/case-105051_JAY_ANNOTATION.png,"[12,2]",0.45
regenerated_new/13/H/case-105051_JAY_ANNOTATION.png,"[13,5]",0.46
regenerated_new/14/H/case-105051_JAY_ANNOTATION.png,"[14,12]",0.51
regenerated_new/1/H/case-105171_JAY_ANNOTATION.png,"[1,2]",0.4
regenerated_new/2/H/case-105171_JAY_ANNOTATION.png,"[2,3]",0.4
regenerated_new/3/H/case-105171_JAY_ANNOTATION.png,"[3,2]",0.4
regenerated_new/6/H/case-105171_JAY_ANNOTATION.png,"[6,2]",0.4
regenerated_new/9/H/case-105171_JAY_ANNOTATION.png,"[12,9]",0.45
regenerated_new/10/H/case-105171_JAY_ANNOTATION.png,"[10,11]",0.51
regenerated_new/11/H/case-105171_JAY_ANNOTATION.png,"[11,10]",0.51
regenerated_new/12/H/case-105171_JAY_ANNOTATION.png,"[12,9]",0.45
regenerated_new/14/H/case-105171_JAY_ANNOTATION.png,"[14,12]",0.51
regenerated_new/1/H/case-105177_JAY_ANNOTATION.png,"[1,2]",0.4
regenerated_new/2/H/case-105177_JAY_ANNOTATION.png,"[2,3]",0.4
regenerated_new/3/H/case-105177_JAY_ANNOTATION.png,"[3,2]",0.4
regenerated_new/4/H/case-105177_JAY_ANNOTATION.png,"[4,12]",0.45
regenerated_new/6/H/case-105177_JAY_ANNOTATION.png,"[6,2]",0.4
regenerated_new/9/H/case-105177_JAY_ANNOTATION.png,"[14,9]",0.46
regenerated_new/10/H/case-105177_JAY_ANNOTATION.png,"[10,11]",0.51
regenerated_new/11/H/case-105177_JAY_ANNOTATION.png,"[11,10]",0.51
regenerated_new/12/H/case-105177_JAY_ANNOTATION.png,"[12,2]",0.46
regenerated_new/13/H/case-105177_JAY_ANNOTATION.png,"[13,12]",0.51
regenerated_new/14/H/case-105177_JAY_ANNOTATION.png,"[14,9]",0.46
regenerated_new/1/H/case-105234_JAY_ANNOTATION.png,"[1,2]",0.4
regenerated_new/2/H/case-105234_JAY_ANNOTATION.png,"[2,3]",0.4
regenerated_new/3/H/case-105234_JAY_ANNOTATION.png,"[3,2]",0.4
regenerated_new/4/H/case-105234_JAY_ANNOTATION.png,"[4,12]",0.45
regenerated_new/5/H/case-105234_JAY_ANNOTATION.png,"[12,5]",0.45
regenerated_new/6/H/case-105234_JAY_ANNOTATION.png,"[6,2]",0.4
regenerated_new/10/H/case-105234_JAY_ANNOTATION.png,"[10,11]",0.51
regenerated_new/11/H/case-105234_JAY_ANNOTATION.png,"[11,10]",0.51
regenerated_new/12/H/case-105234_JAY_ANNOTATION.png,"[12,2]",0.45
regenerated_new/14/H/case-105234_JAY_ANNOTATION.png,"[14,12]",0.51
regenerated_new/1/H/case-105246_JAY_ANNOTATION.png,"[1,2]",0.4
regenerated_new/2/H/case-105246_JAY_ANNOTATION.png,"[2,3]",0.4
regenerated_new/3/H/case-105246_JAY_ANNOTATION.png,"[3,2]",0.4
regenerated_new/6/H/case-105246_JAY_ANNOTATION.png,"[6,2]",0.4
regenerated_new/9/H/case-105246_JAY_ANNOTATION.png,"[14,9]",0.45
regenerated_new/10/H/case-105246_JAY_ANNOTATION.png,"[10,11]",0.51
regenerated_new/11/H/case-105246_JAY_ANNOTATION.png,"[11,10]",0.51
regenerated_new/12/H/case-105246_JAY_ANNOTATION.png,"[12,2]",0.46
regenerated_new/13/H/case-105246_JAY_ANNOTATION.png,"[13,5]",0.45
regenerated_new/14/H/case-105246_JAY_ANNOTATION.png,"[14,9]",0.46
regenerated_new/1/H/case-105257_JAY_ANNOTATION.png,"[1,2]",0.4
regenerated_new/2/H/case-105257_JAY_ANNOTATION.png,"[2,3]",0.4
regenerated_new/3/H/case-105257_JAY_ANNOTATION.png,"[3,2]",0.4
regenerated_new/4/H/case-105257_JAY_ANNOTATION.png,"[4,12]",0.45
regenerated_new/10/H/case-105257_JAY_ANNOTATION.png,"[10,11]",0.51
regenerated_new/11/H/case-105257_JAY_ANNOTATION.png,"[10,11]",0.51
regenerated_new/12/H/case-105257_JAY_ANNOTATION.png,"[12,2]",0.45
regenerated_new/14/H/case-105257_JAY_ANNOTATION.png,"[14,9]",0.45
regenerated_new/1/H/case-105288_JAY_ANNOTATION.png,"[1,2]",0.4
regenerated_new/2/H/case-105288_JAY_ANNOTATION.png,"[2,3]",0.4
regenerated_new/3/H/case-105288_JAY_ANNOTATION.png,"[3,2]",0.4
regenerated_new/4/H/case-105288_JAY_ANNOTATION.png,"[4,12]",0.45
regenerated_new/5/H/case-105288_JAY_ANNOTATION.png,"[5,12]",0.46
regenerated_new/10/H/case-105288_JAY_ANNOTATION.png,"[10,11]",0.51
regenerated_new/11/H/case-105288_JAY_ANNOTATION.png,"[11,10]",0.51
regenerated_new/12/H/case-105288_JAY_ANNOTATION.png,"[12,9]",0.46
regenerated_new/14/H/case-105288_JAY_ANNOTATION.png,"[14,9]",0.46
regenerated_new/1/H/case-105318_JAY_ANNOTATION.png,"[1,2]",0.4
regenerated_new/2/H/case-105318_JAY_ANNOTATION.png,"[2,3]",0.4
regenerated_new/3/H/case-105318_JAY_ANNOTATION.png,"[3,2]",0.4
regenerated_new/10/H/case-105318_JAY_ANNOTATION.png,"[10,11]",0.51
regenerated_new/11/H/case-105318_JAY_ANNOTATION.png,"[11,10]",0.51
regenerated_new/12/H/case-105318_JAY_ANNOTATION.png,"[12,5]",0.46
regenerated_new/13/H/case-105318_JAY_ANNOTATION.png,"[13,5]",0.45
regenerated_new/14/H/case-105318_JAY_ANNOTATION.png,"[14,9]",0.46
regenerated_new/1/H/case-105476_JAY_ANNOTATION.png,"[1,2]",0.4
regenerated_new/2/H/case-105476_JAY_ANNOTATION.png,"[2,3]",0.4
regenerated_new/3/H/case-105476_JAY_ANNOTATION.png,"[3,2]",0.4
regenerated_new/6/H/case-105476_JAY_ANNOTATION.png,"[6,12]",0.45
regenerated_new/10/H/case-105476_JAY_ANNOTATION.png,"[10,11]",0.51
regenerated_new/11/H/case-105476_JAY_ANNOTATION.png,"[11,10]",0.51
regenerated_new/12/H/case-105476_JAY_ANNOTATION.png,"[12,2]",0.45
regenerated_new/13/H/case-105476_JAY_ANNOTATION.png,"[13,5]",0.45
regenerated_new/14/H/case-105476_JAY_ANNOTATION.png,"[14,12]",0.51
regenerated_new/1/H/case-105567_JAY_ANNOTATION.png,"[1,2]",0.4
regenerated_new/2/H/case-105567_JAY_ANNOTATION.png,"[2,3]",0.4
regenerated_new/3/H/case-105567_JAY_ANNOTATION.png,"[3,2]",0.4
regenerated_new/6/H/case-105567_JAY_ANNOTATION.png,"[6,2]",0.4
regenerated_new/9/H/case-105567_JAY_ANNOTATION.png,"[12,9]",0.45
regenerated_new/10/H/case-105567_JAY_ANNOTATION.png,"[10,11]",0.51
regenerated_new/11/H/case-105567_JAY_ANNOTATION.png,"[11,10]",0.51
regenerated_new/12/H/case-105567_JAY_ANNOTATION.png,"[12,2]",0.46
regenerated_new/13/H/case-105567_JAY_ANNOTATION.png,"[13,5]",0.45
regenerated_new/14/H/case-105567_JAY_ANNOTATION.png,"[14,3]",0.45
regenerated_new/1/H/case-105579_JAY_ANNOTATION.png,"[1,2]",0.4
regenerated_new/2/H/case-105579_JAY_ANNOTATION.png,"[2,3]",0.4
regenerated_new/3/H/case-105579_JAY_ANNOTATION.png,"[3,2]",0.4
regenerated_new/10/H/case-105579_JAY_ANNOTATION.png,"[10,11]",0.51
regenerated_new/11/H/case-105579_JAY_ANNOTATION.png,"[11,10]",0.51
regenerated_new/12/H/case-105579_JAY_ANNOTATION.png,"[12,3]",0.45
regenerated_new/14/H/case-105579_JAY_ANNOTATION.png,"[14,9]",0.45
regenerated_new/1/H/case-105586_JAY_ANNOTATION.png,"[1,2]",0.4
regenerated_new/2/H/case-105586_JAY_ANNOTATION.png,"[2,3]",0.4
regenerated_new/3/H/case-105586_JAY_ANNOTATION.png,"[3,2]",0.4
regenerated_new/4/H/case-105586_JAY_ANNOTATION.png,"[4,12]",0.45
regenerated_new/5/H/case-105586_JAY_ANNOTATION.png,"[5,12]",0.45
regenerated_new/6/H/case-105586_JAY_ANNOTATION.png,"[6,2]",0.4
regenerated_new/9/H/case-105586_JAY_ANNOTATION.png,"[12,9]",0.45
regenerated_new/10/H/case-105586_JAY_ANNOTATION.png,"[10,11]",0.51
regenerated_new/11/H/case-105586_JAY_ANNOTATION.png,"[11,10]",0.51
regenerated_new/12/H/case-105586_JAY_ANNOTATION.png,"[12,4]",0.45
regenerated_new/13/H/case-105586_JAY_ANNOTATION.png,"[13,5]",0.45
regenerated_new/14/H/case-105586_JAY_ANNOTATION.png,"[14,12]",0.51
regenerated_new/1/H/case-105592_JAY_ANNOTATION.png,"[1,2]",0.4
regenerated_new/2/H/case-105592_JAY_ANNOTATION.png,"[2,3]",0.4
regenerated_new/3/H/case-105592_JAY_ANNOTATION.png,"[3,2]",0.4
regenerated_new/5/H/case-105592_JAY_ANNOTATION.png,"[5,12]",0.45
regenerated_new/9/H/case-105592_JAY_ANNOTATION.png,"[14,9]",0.45
regenerated_new/10/H/case-105592_JAY_ANNOTATION.png,"[10,11]",0.51
regenerated_new/11/H/case-105592_JAY_ANNOTATION.png,"[11,10]",0.51
regenerated_new/12/H/case-105592_JAY_ANNOTATION.png,"[12,2]",0.45
regenerated_new/13/H/case-105592_JAY_ANNOTATION.png,"[13,5]",0.45
regenerated_new/14/H/case-105592_JAY_ANNOTATION.png,"[14,3]",0.45
regenerated_new/1/H/case-105597_JAY_ANNOTATION.png,"[1,2]",0.4
regenerated_new/2/H/case-105597_JAY_ANNOTATION.png,"[2,3]",0.4
regenerated_new/3/H/case-105597_JAY_ANNOTATION.png,"[3,2]",0.4
regenerated_new/4/H/case-105597_JAY_ANNOTATION.png,"[4,12]",0.45
regenerated_new/6/H/case-105597_JAY_ANNOTATION.png,"[6,2]",0.4
regenerated_new/10/H/case-105597_JAY_ANNOTATION.png,"[10,11]",0.51
regenerated_new/11/H/case-105597_JAY_ANNOTATION.png,"[12,11]",0.51
regenerated_new/12/H/case-105597_JAY_ANNOTATION.png,"[12,9]",0.45
regenerated_new/14/H/case-105597_JAY_ANNOTATION.png,"[14,9]",0.45
regenerated_new/1/H/case-105602_JAY_ANNOTATION.png,"[1,2]",0.4
regenerated_new/2/H/case-105602_JAY_ANNOTATION.png,"[2,3]",0.4
regenerated_new/3/H/case-105602_JAY_ANNOTATION.png,"[3,2]",0.4
regenerated_new/4/H/case-105602_JAY_ANNOTATION.png,"[4,12]",0.45
regenerated_new/5/H/case-105602_JAY_ANNOTATION.png,"[5,12]",0.45
regenerated_new/6/H/case-105602_JAY_ANNOTATION.png,"[6,2]",0.4
regenerated_new/10/H/case-105602_JAY_ANNOTATION.png,"[10,11]",0.51
regenerated_new/11/H/case-105602_JAY_ANNOTATION.png,"[11,12]",0.51
regenerated_new/12/H/case-105602_JAY_ANNOTATION.png,"[12,9]",0.45
regenerated_new/13/H/case-105602_JAY_ANNOTATION.png,"[5,13]",0.45
regenerated_new/14/H/case-105602_JAY_ANNOTATION.png,"[14,3]",0.45
regenerated_new/1/H/case-105681_JAY_ANNOTATION.png,"[1,2]",0.4
regenerated_new/2/H/case-105681_JAY_ANNOTATION.png,"[2,3]",0.4
regenerated_new/3/H/case-105681_JAY_ANNOTATION.png,"[3,2]",0.4
regenerated_new/4/H/case-105681_JAY_ANNOTATION.png,"[4,12]",0.45
regenerated_new/9/H/case-105681_JAY_ANNOTATION.png,"[12,9]",0.45
regenerated_new/10/H/case-105681_JAY_ANNOTATION.png,"[10,11]",0.51
regenerated_new/11/H/case-105681_JAY_ANNOTATION.png,"[11,12]",0.51
regenerated_new/12/H/case-105681_JAY_ANNOTATION.png,"[12,9]",0.45
regenerated_new/14/H/case-105681_JAY_ANNOTATION.png,"[14,9]",0.45
regenerated_new/1/H/case-105704_JAY_ANNOTATION.png,"[1,2]",0.4
regenerated_new/2/H/case-105704_JAY_ANNOTATION.png,"[2,3]",0.4
regenerated_new/3/H/case-105704_JAY_ANNOTATION.png,"[3,2]",0.4
regenerated_new/6/H/case-105704_JAY_ANNOTATION.png,"[6,2]",0.4
regenerated_new/10/H/case-105704_JAY_ANNOTATION.png,"[10,11]",0.52
regenerated_new/11/H/case-105704_JAY_ANNOTATION.png,"[11,12]",0.51
regenerated_new/12/H/case-105704_JAY_ANNOTATION.png,"[12,2]",0.45
regenerated_new/14/H/case-105704_JAY_ANNOTATION.png,"[14,3]",0.45
regenerated_new/1/H/case-105817_JAY_ANNOTATION.png,"[1,2]",0.4
regenerated_new/2/H/case-105817_JAY_ANNOTATION.png,"[2,3]",0.4
regenerated_new/3/H/case-105817_JAY_ANNOTATION.png,"[3,2]",0.4
regenerated_new/6/H/case-105817_JAY_ANNOTATION.png,"[6,2]",0.4
regenerated_new/9/H/case-105817_JAY_ANNOTATION.png,"[12,9]",0.45
regenerated_new/10/H/case-105817_JAY_ANNOTATION.png,"[10,11]",0.51
regenerated_new/11/H/case-105817_JAY_ANNOTATION.png,"[11,12]",0.51
regenerated_new/12/H/case-105817_JAY_ANNOTATION.png,"[12,9]",0.45
regenerated_new/14/H/case-105817_JAY_ANNOTATION.png,"[14,9]",0.45
regenerated_new/1/H/case-105839_JAY_ANNOTATION.png,"[1,2]",0.4
regenerated_new/2/H/case-105839_JAY_ANNOTATION.png,"[2,3]",0.4
regenerated_new/3/H/case-105839_JAY_ANNOTATION.png,"[3,2]",0.4
regenerated_new/6/H/case-105839_JAY_ANNOTATION.png,"[6,2]",0.4
regenerated_new/10/H/case-105839_JAY_ANNOTATION.png,"[10,11]",0.51
regenerated_new/11/H/case-105839_JAY_ANNOTATION.png,"[11,12]",0.51
regenerated_new/12/H/case-105839_JAY_ANNOTATION.png,"[12,2]",0.45
regenerated_new/13/H/case-105839_JAY_ANNOTATION.png,"[13,5]",0.45
regenerated_new/14/H/case-105839_JAY_ANNOTATION.png,"[14,9]",0.45
regenerated_new/1/H/case-105862_JAY_ANNOTATION.png,"[1,2]",0.4
regenerated_new/2/H/case-105862_JAY_ANNOTATION.png,"[3,2]",0.4
regenerated_new/3/H/case-105862_JAY_ANNOTATION.png,"[3,2]",0.4
regenerated_new/4/H/case-105862_JAY_ANNOTATION.png,"[4,12]",0.45
regenerated_new/6/H/case-105862_JAY_ANNOTATION.png,"[6,2]",0.4
regenerated_new/10/H/case-105862_JAY_ANNOTATION.png,"[10,11]",0.51
regenerated_new/11/H/case-105862_JAY_ANNOTATION.png,"[11,12]",0.51
regenerated_new/12/H/case-105862_JAY_ANNOTATION.png,"[12,4]",0.45
regenerated_new/14/H/case-105862_JAY_ANNOTATION.png,"[14,3]",0.45
regenerated_new/1/H/case-105915_JAY_ANNOTATION.png,"[1,2]",0.4
regenerated_new/2/H/case-105915_JAY_ANNOTATION.png,"[2,3]",0.4
regenerated_new/3/H/case-105915_JAY_ANNOTATION.png,"[3,2]",0.4
regenerated_new/10/H/case-105915_JAY_ANNOTATION.png,"[10,11]",0.51
regenerated_new/11/H/case-105915_JAY_ANNOTATION.png,"[11,10]",0.51
regenerated_new/12/H/case-105915_JAY_ANNOTATION.png,"[12,2]",0.45
regenerated_new/13/H/case-105915_JAY_ANNOTATION.png,"[13,5]",0.45
regenerated_new/14/H/case-105915_JAY_ANNOTATION.png,"[14,9]",0.46
regenerated_new/1/H/case-106012_JAY_ANNOTATION.png,"[1,2]",0.4
regenerated_new/2/H/case-106012_JAY_ANNOTATION.png,"[2,3]",0.4
regenerated_new/3/H/case-106012_JAY_ANNOTATION.png,"[3,2]",0.4
regenerated_new/6/H/case-106012_JAY_ANNOTATION.png,"[6,2]",0.4
regenerated_new/10/H/case-106012_JAY_ANNOTATION.png,"[10,11]",0.51
regenerated_new/11/H/case-106012_JAY_ANNOTATION.png,"[11,12]",0.51
regenerated_new/12/H/case-106012_JAY_ANNOTATION.png,"[12,2]",0.45
regenerated_new/13/H/case-106012_JAY_ANNOTATION.png,"[13,2]",0.46
regenerated_new/14/H/case-106012_JAY_ANNOTATION.png,"[14,9]",0.45
regenerated_new/1/H/case-106016_JAY_ANNOTATION.png,"[1,2]",0.4
regenerated_new/2/H/case-106016_JAY_ANNOTATION.png,"[2,3]",0.4
regenerated_new/3/H/case-106016_JAY_ANNOTATION.png,"[3,2]",0.4
regenerated_new/6/H/case-106016_JAY_ANNOTATION.png,"[6,2]",0.4
regenerated_new/10/H/case-106016_JAY_ANNOTATION.png,"[10,11]",0.51
regenerated_new/11/H/case-106016_JAY_ANNOTATION.png,"[11,12]",0.51
regenerated_new/12/H/case-106016_JAY_ANNOTATION.png,"[12,5]",0.45
regenerated_new/14/H/case-106016_JAY_ANNOTATION.png,"[14,9]",0.45
regenerated_new/1/H/case-106081_JAY_ANNOTATION.png,"[1,2]",0.4
regenerated_new/2/H/case-106081_JAY_ANNOTATION.png,"[2,3]",0.4
regenerated_new/3/H/case-106081_JAY_ANNOTATION.png,"[3,2]",0.4
regenerated_new/5/H/case-106081_JAY_ANNOTATION.png,"[5,12]",0.45
regenerated_new/10/H/case-106081_JAY_ANNOTATION.png,"[10,11]",0.51
regenerated_new/11/H/case-106081_JAY_ANNOTATION.png,"[12,11]",0.51
regenerated_new/12/H/case-106081_JAY_ANNOTATION.png,"[12,9]",0.45
regenerated_new/14/H/case-106081_JAY_ANNOTATION.png,"[14,9]",0.45
regenerated_new/1/H/case-106101_JAY_ANNOTATION.png,"[1,2]",0.4
regenerated_new/2/H/case-106101_JAY_ANNOTATION.png,"[2,3]",0.9
regenerated_new/3/H/case-106101_JAY_ANNOTATION.png,"[3,2]",0.4
regenerated_new/9/H/case-106101_JAY_ANNOTATION.png,"[12,9]",0.45
regenerated_new/10/H/case-106101_JAY_ANNOTATION.png,"[10,11]",0.51
regenerated_new/11/H/case-106101_JAY_ANNOTATION.png,"[11,12]",0.51
regenerated_new/12/H/case-106101_JAY_ANNOTATION.png,"[12,2]",0.45
regenerated_new/13/H/case-106101_JAY_ANNOTATION.png,"[13,2]",0.45
regenerated_new/14/H/case-106101_JAY_ANNOTATION.png,"[14,12]",0.51
regenerated_new/1/H/case-106127_JAY_ANNOTATION.png,"[1,2]",0.4
regenerated_new/2/H/case-106127_JAY_ANNOTATION.png,"[2,3]",0.4
regenerated_new/3/H/case-106127_JAY_ANNOTATION.png,"[3,2]",0.4
regenerated_new/10/H/case-106127_JAY_ANNOTATION.png,"[10,11]",0.51
regenerated_new/11/H/case-106127_JAY_ANNOTATION.png,"[11,10]",0.51
regenerated_new/12/H/case-106127_JAY_ANNOTATION.png,"[12,2]",0.45
regenerated_new/14/H/case-106127_JAY_ANNOTATION.png,"[14,2]",0.45
regenerated_new/1/H/case-106139_JAY_ANNOTATION.png,"[1,2]",0.4
regenerated_new/2/H/case-106139_JAY_ANNOTATION.png,"[3,2]",0.4
regenerated_new/3/H/case-106139_JAY_ANNOTATION.png,"[3,2]",0.4
regenerated_new/4/H/case-106139_JAY_ANNOTATION.png,"[4,12]",0.45
regenerated_new/5/H/case-106139_JAY_ANNOTATION.png,"[12,5]",0.45
regenerated_new/9/H/case-106139_JAY_ANNOTATION.png,"[12,9]",0.45
regenerated_new/10/H/case-106139_JAY_ANNOTATION.png,"[10,11]",0.51
regenerated_new/11/H/case-106139_JAY_ANNOTATION.png,"[11,10]",0.51
regenerated_new/12/H/case-106139_JAY_ANNOTATION.png,"[12,14]",0.51
regenerated_new/1/H/case-106141_JAY_ANNOTATION.png,"[1,2]",0.4
regenerated_new/2/H/case-106141_JAY_ANNOTATION.png,"[2,3]",0.4
regenerated_new/3/H/case-106141_JAY_ANNOTATION.png,"[3,2]",0.4
regenerated_new/5/H/case-106141_JAY_ANNOTATION.png,"[5,12]",0.45
regenerated_new/6/H/case-106141_JAY_ANNOTATION.png,"[6,2]",0.4
regenerated_new/10/H/case-106141_JAY_ANNOTATION.png,"[10,11]",0.51
regenerated_new/11/H/case-106141_JAY_ANNOTATION.png,"[11,12]",0.51
regenerated_new/12/H/case-106141_JAY_ANNOTATION.png,"[12,2]",0.45
regenerated_new/14/H/case-106141_JAY_ANNOTATION.png,"[12,14]",0.51
regenerated_new/1/H/case-106157_JAY_ANNOTATION.png,"[1,2]",0.4
regenerated_new/2/H/case-106157_JAY_ANNOTATION.png,"[2,3]",0.4
regenerated_new/3/H/case-106157_JAY_ANNOTATION.png,"[3,2]",0.4
regenerated_new/10/H/case-106157_JAY_ANNOTATION.png,"[10,11]",0.5
regenerated_new/11/H/case-106157_JAY_ANNOTATION.png,"[11,10]",0.51
regenerated_new/12/H/case-106157_JAY_ANNOTATION.png,"[12,2]",0.45
regenerated_new/14/H/case-106157_JAY_ANNOTATION.png,"[14,12]",0.51
regenerated_new/1/H/case-106172_JAY_ANNOTATION.png,"[1,2]",0.4
regenerated_new/2/H/case-106172_JAY_ANNOTATION.png,"[2,3]",0.4
regenerated_new/3/H/case-106172_JAY_ANNOTATION.png,"[3,2]",0.4
regenerated_new/5/H/case-106172_JAY_ANNOTATION.png,"[5,12]",0.45
regenerated_new/10/H/case-106172_JAY_ANNOTATION.png,"[10,11]",0.51
regenerated_new/11/H/case-106172_JAY_ANNOTATION.png,"[11,10]",0.51
regenerated_new/12/H/case-106172_JAY_ANNOTATION.png,"[12,4]",0.45
regenerated_new/13/H/case-106172_JAY_ANNOTATION.png,"[13,5]",0.45
regenerated_new/14/H/case-106172_JAY_ANNOTATION.png,"[14,3]",0.45
regenerated_new/1/H/case-106301_JAY_ANNOTATION.png,"[1,2]",0.4
regenerated_new/2/H/case-106301_JAY_ANNOTATION.png,"[2,3]",0.4
regenerated_new/3/H/case-106301_JAY_ANNOTATION.png,"[3,2]",0.4
regenerated_new/6/H/case-106301_JAY_ANNOTATION.png,"[6,2]",0.4
regenerated_new/10/H/case-106301_JAY_ANNOTATION.png,"[10,11]",0.51
regenerated_new/11/H/case-106301_JAY_ANNOTATION.png,"[11,12]",0.51
regenerated_new/12/H/case-106301_JAY_ANNOTATION.png,"[12,5]",0.45
regenerated_new/14/H/case-106301_JAY_ANNOTATION.png,"[14,2]",0.45
regenerated_new/1/H/case-106371_JAY_ANNOTATION.png,"[1,2]",0.4
regenerated_new/2/H/case-106371_JAY_ANNOTATION.png,"[2,3]",0.4
regenerated_new/3/H/case-106371_JAY_ANNOTATION.png,"[3,2]",0.4
regenerated_new/4/H/case-106371_JAY_ANNOTATION.png,"[4,12]",0.45
regenerated_new/9/H/case-106371_JAY_ANNOTATION.png,"[12,9]",0.45
regenerated_new/10/H/case-106371_JAY_ANNOTATION.png,"[10,11]",0.51
regenerated_new/11/H/case-106371_JAY_ANNOTATION.png,"[11,10]",0.51
regenerated_new/12/H/case-106371_JAY_ANNOTATION.png,"[12,2]",0.45
regenerated_new/14/H/case-106371_JAY_ANNOTATION.png,"[14,9]",0.45
regenerated_new/1/H/case-106374_JAY_ANNOTATION.png,"[1,2]",0.4
regenerated_new/2/H/case-106374_JAY_ANNOTATION.png,"[2,3]",0.4
regenerated_new/3/H/case-106374_JAY_ANNOTATION.png,"[3,2]",0.4
regenerated_new/6/H/case-106374_JAY_ANNOTATION.png,"[6,12]",0.45
regenerated_new/9/H/case-106374_JAY_ANNOTATION.png,"[12,9]",0.45
regenerated_new/10/H/case-106374_JAY_ANNOTATION.png,"[10,11]",0.51
regenerated_new/11/H/case-106374_JAY_ANNOTATION.png,"[11,10]",0.51
regenerated_new/12/H/case-106374_JAY_ANNOTATION.png,"[12,2]",0.45
regenerated_new/13/H/case-106374_JAY_ANNOTATION.png,"[13,5]",0.45
regenerated_new/14/H/case-106374_JAY_ANNOTATION.png,"[14,9]",0.45
regenerated_new/1/H/case-106456_JAY_ANNOTATION.png,"[1,2]",0.4
regenerated_new/2/H/case-106456_JAY_ANNOTATION.png,"[2,3]",0.4
regenerated_new/3/H/case-106456_JAY_ANNOTATION.png,"[3,2]",0.4
regenerated_new/10/H/case-106456_JAY_ANNOTATION.png,"[10,11]",0.51
regenerated_new/11/H/case-106456_JAY_ANNOTATION.png,"[11,10]",0.51
regenerated_new/12/H/case-106456_JAY_ANNOTATION.png,"[12,5]",0.45
regenerated_new/14/H/case-106456_JAY_ANNOTATION.png,"[14,12]",0.51
regenerated_new/1/H/case-106464_JAY_ANNOTATION.png,"[1,2]",0.4
regenerated_new/2/H/case-106464_JAY_ANNOTATION.png,"[2,3]",0.4
regenerated_new/3/H/case-106464_JAY_ANNOTATION.png,"[3,2]",0.4
regenerated_new/5/H/case-106464_JAY_ANNOTATION.png,"[5,12]",0.45
regenerated_new/6/H/case-106464_JAY_ANNOTATION.png,"[6,12]",0.45
regenerated_new/10/H/case-106464_JAY_ANNOTATION.png,"[10,11]",0.51
regenerated_new/11/H/case-106464_JAY_ANNOTATION.png,"[11,12]",0.51
regenerated_new/12/H/case-106464_JAY_ANNOTATION.png,"[12,9]",0.45
regenerated_new/13/H/case-106464_JAY_ANNOTATION.png,"[13,5]",0.45
regenerated_new/14/H/case-106464_JAY_ANNOTATION.png,"[14,9]",0.45
regenerated_new/1/H/case-106541_JAY_ANNOTATION.png,"[1,2]",0.4
regenerated_new/2/H/case-106541_JAY_ANNOTATION.png,"[2,3]",0.4
regenerated_new/3/H/case-106541_JAY_ANNOTATION.png,"[2,3]",0.4
regenerated_new/6/H/case-106541_JAY_ANNOTATION.png,"[6,2]",0.4
regenerated_new/9/H/case-106541_JAY_ANNOTATION.png,"[14,9]",0.45
regenerated_new/10/H/case-106541_JAY_ANNOTATION.png,"[10,11]",0.51
regenerated_new/11/H/case-106541_JAY_ANNOTATION.png,"[11,12]",0.51
regenerated_new/12/H/case-106541_JAY_ANNOTATION.png,"[12,2]",0.45
regenerated_new/13/H/case-106541_JAY_ANNOTATION.png,"[13,5]",0.45
regenerated_new/14/H/case-106541_JAY_ANNOTATION.png,"[14,12]",0.51
regenerated_new/1/H/case-106569_JAY_ANNOTATION.png,"[1,2]",0.4
regenerated_new/2/H/case-106569_JAY_ANNOTATION.png,"[2,3]",0.4
regenerated_new/3/H/case-106569_JAY_ANNOTATION.png,"[3,2]",0.4
regenerated_new/6/H/case-106569_JAY_ANNOTATION.png,"[6,2]",0.4
regenerated_new/10/H/case-106569_JAY_ANNOTATION.png,"[10,11]",0.51
regenerated_new/11/H/case-106569_JAY_ANNOTATION.png,"[11,12]",0.51
regenerated_new/12/H/case-106569_JAY_ANNOTATION.png,"[12,2]",0.45
regenerated_new/14/H/case-106569_JAY_ANNOTATION.png,"[14,9]",0.45
regenerated_new/1/H/case-106811_JAY_ANNOTATION.png,"[1,2]",0.4
regenerated_new/2/H/case-106811_JAY_ANNOTATION.png,"[2,3]",0.4
regenerated_new/3/H/case-106811_JAY_ANNOTATION.png,"[2,3]",0.4
regenerated_new/5/H/case-106811_JAY_ANNOTATION.png,"[5,12]",0.46
regenerated_new/6/H/case-106811_JAY_ANNOTATION.png,"[6,2]",0.4
regenerated_new/9/H/case-106811_JAY_ANNOTATION.png,"[12,9]",0.45
regenerated_new/10/H/case-106811_JAY_ANNOTATION.png,"[11,10]",0.51
regenerated_new/11/H/case-106811_JAY_ANNOTATION.png,"[11,10]",0.51
regenerated_new/12/H/case-106811_JAY_ANNOTATION.png,"[12,14]",0.51
regenerated_new/14/H/case-106811_JAY_ANNOTATION.png,"[14,12]",0.51
regenerated_new/1/H/case-106835_JAY_ANNOTATION.png,"[1,2]",0.4
regenerated_new/2/H/case-106835_JAY_ANNOTATION.png,"[2,3]",0.4
regenerated_new/3/H/case-106835_JAY_ANNOTATION.png,"[3,2]",0.4
regenerated_new/5/H/case-106835_JAY_ANNOTATION.png,"[5,12]",0.45
regenerated_new/10/H/case-106835_JAY_ANNOTATION.png,"[10,11]",0.51
regenerated_new/11/H/case-106835_JAY_ANNOTATION.png,"[11,10]",0.51
regenerated_new/12/H/case-106835_JAY_ANNOTATION.png,"[12,5]",0.45
regenerated_new/14/H/case-106835_JAY_ANNOTATION.png,"[14,12]",0.51
regenerated_new/1/H/case-106856_JAY_ANNOTATION.png,"[1,2]",0.4
regenerated_new/2/H/case-106856_JAY_ANNOTATION.png,"[2,3]",0.4
regenerated_new/3/H/case-106856_JAY_ANNOTATION.png,"[3,2]",0.4
regenerated_new/5/H/case-106856_JAY_ANNOTATION.png,"[5,12]",0.45
regenerated_new/6/H/case-106856_JAY_ANNOTATION.png,"[6,12]",0.45
regenerated_new/9/H/case-106856_JAY_ANNOTATION.png,"[12,9]",0.45
regenerated_new/10/H/case-106856_JAY_ANNOTATION.png,"[10,11]",0.51
regenerated_new/11/H/case-106856_JAY_ANNOTATION.png,"[11,10]",0.51
regenerated_new/12/H/case-106856_JAY_ANNOTATION.png,"[12,9]",0.45
regenerated_new/13/H/case-106856_JAY_ANNOTATION.png,"[13,5]",0.45
regenerated_new/1/H/case-106882_JAY_ANNOTATION.png,"[1,2]",0.4
regenerated_new/2/H/case-106882_JAY_ANNOTATION.png,"[2,4]",0.4
regenerated_new/3/H/case-106882_JAY_ANNOTATION.png,"[3,2]",0.4
regenerated_new/4/H/case-106882_JAY_ANNOTATION.png,"[4,12]",0.45
regenerated_new/5/H/case-106882_JAY_ANNOTATION.png,"[12,5]",0.45
regenerated_new/10/H/case-106882_JAY_ANNOTATION.png,"[10,11]",0.51
regenerated_new/11/H/case-106882_JAY_ANNOTATION.png,"[11,10]",0.51
regenerated_new/12/H/case-106882_JAY_ANNOTATION.png,"[12,5]",0.45
regenerated_new/14/H/case-106882_JAY_ANNOTATION.png,"[14,9]",0.45
regenerated_new/1/H/case-106963_JAY_ANNOTATION.png,"[1,2]",0.4
regenerated_new/2/H/case-106963_JAY_ANNOTATION.png,"[2,3]",0.4
regenerated_new/3/H/case-106963_JAY_ANNOTATION.png,"[3,2]",0.4
regenerated_new/5/H/case-106963_JAY_ANNOTATION.png,"[5,12]",0.45
regenerated_new/9/H/case-106963_JAY_ANNOTATION.png,"[12,9]",0.45
regenerated_new/10/H/case-106963_JAY_ANNOTATION.png,"[10,11]",0.51
regenerated_new/11/H/case-106963_JAY_ANNOTATION.png,"[11,10]",0.51
regenerated_new/12/H/case-106963_JAY_ANNOTATION.png,"[12,9]",0.45
regenerated_new/1/H/case-106973_JAY_ANNOTATION.png,"[1,2]",0.4
regenerated_new/2/H/case-106973_JAY_ANNOTATION.png,"[2,3]",0.4
regenerated_new/3/H/case-106973_JAY_ANNOTATION.png,"[3,2]",0.4
regenerated_new/4/H/case-106973_JAY_ANNOTATION.png,"[4,12]",0.45
regenerated_new/5/H/case-106973_JAY_ANNOTATION.png,"[5,12]",0.45
regenerated_new/6/H/case-106973_JAY_ANNOTATION.png,"[6,2]",0.4
regenerated_new/10/H/case-106973_JAY_ANNOTATION.png,"[10,11]",0.51
regenerated_new/11/H/case-106973_JAY_ANNOTATION.png,"[11,10]",0.51
regenerated_new/12/H/case-106973_JAY_ANNOTATION.png,"[12,2]",0.45
regenerated_new/14/H/case-106973_JAY_ANNOTATION.png,"[14,12]",0.51
regenerated_new/1/H/case-106991_JAY_ANNOTATION.png,"[1,2]",0.4
regenerated_new/2/H/case-106991_JAY_ANNOTATION.png,"[2,3]",0.4
regenerated_new/3/H/case-106991_JAY_ANNOTATION.png,"[3,2]",0.4
regenerated_new/5/H/case-106991_JAY_ANNOTATION.png,"[5,12]",0.45
regenerated_new/6/H/case-106991_JAY_ANNOTATION.png,"[6,2]",0.4
regenerated_new/10/H/case-106991_JAY_ANNOTATION.png,"[10,11]",0.51
regenerated_new/11/H/case-106991_JAY_ANNOTATION.png,"[10,11]",0.51
regenerated_new/12/H/case-106991_JAY_ANNOTATION.png,"[12,2]",0.45
regenerated_new/14/H/case-106991_JAY_ANNOTATION.png,"[14,12]",0.51
regenerated_new/1/H/case-107068_JAY_ANNOTATION.png,"[1,2]",0.4
regenerated_new/2/H/case-107068_JAY_ANNOTATION.png,"[2,3]",0.4
regenerated_new/3/H/case-107068_JAY_ANNOTATION.png,"[2,3]",0.4
regenerated_new/5/H/case-107068_JAY_ANNOTATION.png,"[13,5]",0.45
regenerated_new/6/H/case-107068_JAY_ANNOTATION.png,"[6,2]",0.4
regenerated_new/9/H/case-107068_JAY_ANNOTATION.png,"[14,9]",0.45
regenerated_new/10/H/case-107068_JAY_ANNOTATION.png,"[10,11]",0.51
regenerated_new/11/H/case-107068_JAY_ANNOTATION.png,"[11,10]",0.51
regenerated_new/12/H/case-107068_JAY_ANNOTATION.png,"[12,2]",0.46
regenerated_new/13/H/case-107068_JAY_ANNOTATION.png,"[13,5]",0.45
regenerated_new/14/H/case-107068_JAY_ANNOTATION.png,"[14,9]",0.45
regenerated_new/1/H/case-107184_JAY_ANNOTATION.png,"[1,2]",0.4
regenerated_new/2/H/case-107184_JAY_ANNOTATION.png,"[2,3]",0.4
regenerated_new/3/H/case-107184_JAY_ANNOTATION.png,"[3,2]",0.4
regenerated_new/6/H/case-107184_JAY_ANNOTATION.png,"[2,6]",0.4
regenerated_new/10/H/case-107184_JAY_ANNOTATION.png,"[10,11]",0.51
regenerated_new/11/H/case-107184_JAY_ANNOTATION.png,"[11,10]",0.51
regenerated_new/12/H/case-107184_JAY_ANNOTATION.png,"[12,9]",0.45
regenerated_new/13/H/case-107184_JAY_ANNOTATION.png,"[13,5]",0.45
regenerated_new/14/H/case-107184_JAY_ANNOTATION.png,"[14,9]",0.45
regenerated_new/1/H/case-107267_JAY_ANNOTATION.png,"[1,2]",0.4
regenerated_new/2/H/case-107267_JAY_ANNOTATION.png,"[3,2]",0.4
regenerated_new/3/H/case-107267_JAY_ANNOTATION.png,"[3,2]",0.4
regenerated_new/6/H/case-107267_JAY_ANNOTATION.png,"[6,2]",0.4
regenerated_new/10/H/case-107267_JAY_ANNOTATION.png,"[10,11]",0.51
regenerated_new/11/H/case-107267_JAY_ANNOTATION.png,"[11,3]",0.45
regenerated_new/12/H/case-107267_JAY_ANNOTATION.png,"[12,9]",0.45
regenerated_new/14/H/case-107267_JAY_ANNOTATION.png,"[14,3]",0.45
regenerated_new/1/H/case-107296_JAY_ANNOTATION.png,"[1,2]",0.4
regenerated_new/2/H/case-107296_JAY_ANNOTATION.png,"[2,3]",0.4
regenerated_new/3/H/case-107296_JAY_ANNOTATION.png,"[3,2]",0.4
regenerated_new/5/H/case-107296_JAY_ANNOTATION.png,"[13,5]",0.45
regenerated_new/6/H/case-107296_JAY_ANNOTATION.png,"[6,2]",0.4
regenerated_new/9/H/case-107296_JAY_ANNOTATION.png,"[12,9]",0.45
regenerated_new/10/H/case-107296_JAY_ANNOTATION.png,"[10,11]",0.51
regenerated_new/11/H/case-107296_JAY_ANNOTATION.png,"[11,10]",0.51
regenerated_new/12/H/case-107296_JAY_ANNOTATION.png,"[12,2]",0.45
regenerated_new/14/H/case-107296_JAY_ANNOTATION.png,"[14,12]",0.51
regenerated_new/1/H/case-110146_JAY_ANNOTATION.png,"[1,2]",0.4
regenerated_new/2/H/case-110146_JAY_ANNOTATION.png,"[2,3]",0.4
regenerated_new/3/H/case-110146_JAY_ANNOTATION.png,"[2,3]",0.4
regenerated_new/4/H/case-110146_JAY_ANNOTATION.png,"[4,12]",0.45
regenerated_new/5/H/case-110146_JAY_ANNOTATION.png,"[13,5]",0.45
regenerated_new/6/H/case-110146_JAY_ANNOTATION.png,"[6,2]",0.4
regenerated_new/9/H/case-110146_JAY_ANNOTATION.png,"[12,9]",0.45
regenerated_new/10/H/case-110146_JAY_ANNOTATION.png,"[10,11]",0.51
regenerated_new/11/H/case-110146_JAY_ANNOTATION.png,"[11,10]",0.51
regenerated_new/12/H/case-110146_JAY_ANNOTATION.png,"[12,2]",0.45
regenerated_new/13/H/case-110146_JAY_ANNOTATION.png,"[13,5]",0.45
regenerated_new/14/H/case-110146_JAY_ANNOTATION.png,"[14,12]",0.51
regenerated_new/1/H/case-110184_JAY_ANNOTATION.png,"[1,2]",0.4
regenerated_new/2/H/case-110184_JAY_ANNOTATION.png,"[2,3]",0.4
regenerated_new/3/H/case-110184_JAY_ANNOTATION.png,"[3,2]",0.4
regenerated_new/6/H/case-110184_JAY_ANNOTATION.png,"[6,2]",0.4
regenerated_new/10/H/case-110184_JAY_ANNOTATION.png,"[10,11]",0.51
regenerated_new/11/H/case-110184_JAY_ANNOTATION.png,"[11,10]",0.51
regenerated_new/12/H/case-110184_JAY_ANNOTATION.png,"[12,4]",0.45
regenerated_new/14/H/case-110184_JAY_ANNOTATION.png,"[14,12]",0.51
regenerated_new/1/H/case-110307_JAY_ANNOTATION.png,"[1,2]",0.4
regenerated_new/2/H/case-110307_JAY_ANNOTATION.png,"[2,3]",0.4
regenerated_new/3/H/case-110307_JAY_ANNOTATION.png,"[2,3]",0.4
regenerated_new/10/H/case-110307_JAY_ANNOTATION.png,"[10,11]",0.51
regenerated_new/11/H/case-110307_JAY_ANNOTATION.png,"[11,10]",0.51
regenerated_new/12/H/case-110307_JAY_ANNOTATION.png,"[12,9]",0.45
regenerated_new/14/H/case-110307_JAY_ANNOTATION.png,"[14,3]",0.45
regenerated_new/1/H/case-110324_JAY_ANNOTATION.png,"[1,2]",0.4
regenerated_new/2/H/case-110324_JAY_ANNOTATION.png,"[2,3]",0.4
regenerated_new/3/H/case-110324_JAY_ANNOTATION.png,"[3,2]",0.4
regenerated_new/9/H/case-110324_JAY_ANNOTATION.png,"[12,9]",0.45
regenerated_new/10/H/case-110324_JAY_ANNOTATION.png,"[10,11]",0.51
regenerated_new/11/H/case-110324_JAY_ANNOTATION.png,"[11,10]",0.51
regenerated_new/12/H/case-110324_JAY_ANNOTATION.png,"[12,2]",0.45
regenerated_new/14/H/case-110324_JAY_ANNOTATION.png,"[14,9]",0.45
regenerated_new/1/H/case-110378_JAY_ANNOTATION.png,"[1,2]",0.4
regenerated_new/2/H/case-110378_JAY_ANNOTATION.png,"[2,3]",0.4
regenerated_new/3/H/case-110378_JAY_ANNOTATION.png,"[3,2]",0.4
regenerated_new/8/H/case-110378_JAY_ANNOTATION.png,"[8,3]",0.4
regenerated_new/9/H/case-110378_JAY_ANNOTATION.png,"[12,9]",0.45
regenerated_new/10/H/case-110378_JAY_ANNOTATION.png,"[10,11]",0.51
regenerated_new/11/H/case-110378_JAY_ANNOTATION.png,"[11,10]",0.51
regenerated_new/12/H/case-110378_JAY_ANNOTATION.png,"[12,2]",0.45
regenerated_new/13/H/case-110378_JAY_ANNOTATION.png,"[13,5]",0.45
regenerated_new/14/H/case-110378_JAY_ANNOTATION.png,"[14,9]",0.45
regenerated_new/1/H/case-110382_JAY_ANNOTATION.png,"[1,2]",0.4
regenerated_new/2/H/case-110382_JAY_ANNOTATION.png,"[2,3]",0.4
regenerated_new/3/H/case-110382_JAY_ANNOTATION.png,"[3,2]",0.4
regenerated_new/6/H/case-110382_JAY_ANNOTATION.png,"[6,2]",0.4
regenerated_new/10/H/case-110382_JAY_ANNOTATION.png,"[10,11]",0.51
regenerated_new/11/H/case-110382_JAY_ANNOTATION.png,"[11,10]",0.51
regenerated_new/12/H/case-110382_JAY_ANNOTATION.png,"[12,9]",0.45
regenerated_new/13/H/case-110382_JAY_ANNOTATION.png,"[13,5]",0.45
regenerated_new/14/H/case-110382_JAY_ANNOTATION.png,"[14,9]",0.45
regenerated_new/1/H/case-110393_JAY_ANNOTATION.png,"[1,2]",0.4
regenerated_new/2/H/case-110393_JAY_ANNOTATION.png,"[2,3]",0.4
regenerated_new/3/H/case-110393_JAY_ANNOTATION.png,"[3,2]",0.4
regenerated_new/5/H/case-110393_JAY_ANNOTATION.png,"[13,5]",0.45
regenerated_new/6/H/case-110393_JAY_ANNOTATION.png,"[6,2]",0.4
regenerated_new/10/H/case-110393_JAY_ANNOTATION.png,"[10,11]",0.51
regenerated_new/11/H/case-110393_JAY_ANNOTATION.png,"[11,10]",0.51
regenerated_new/12/H/case-110393_JAY_ANNOTATION.png,"[12,3]",0.45
regenerated_new/13/H/case-110393_JAY_ANNOTATION.png,"[12,13]",0.51
regenerated_new/14/H/case-110393_JAY_ANNOTATION.png,"[14,12]",0.51
regenerated_new/1/H/case-110447_JAY_ANNOTATION.png,"[1,2]",0.4
regenerated_new/2/H/case-110447_JAY_ANNOTATION.png,"[2,3]",0.4
regenerated_new/3/H/case-110447_JAY_ANNOTATION.png,"[3,2]",0.4
regenerated_new/4/H/case-110447_JAY_ANNOTATION.png,"[4,12]",0.45
regenerated_new/5/H/case-110447_JAY_ANNOTATION.png,"[13,5]",0.45
regenerated_new/9/H/case-110447_JAY_ANNOTATION.png,"[12,9]",0.45
regenerated_new/10/H/case-110447_JAY_ANNOTATION.png,"[10,11]",0.51
regenerated_new/11/H/case-110447_JAY_ANNOTATION.png,"[11,10]",0.51
regenerated_new/12/H/case-110447_JAY_ANNOTATION.png,"[12,2]",0.45
regenerated_new/13/H/case-110447_JAY_ANNOTATION.png,"[13,5]",0.45
regenerated_new/14/H/case-110447_JAY_ANNOTATION.png,"[14,3]",0.45
regenerated_new/1/H/case-110519_JAY_ANNOTATION.png,"[1,2]",0.4
regenerated_new/2/H/case-110519_JAY_ANNOTATION.png,"[2,3]",0.4
regenerated_new/3/H/case-110519_JAY_ANNOTATION.png,"[3,2]",0.4
regenerated_new/10/H/case-110519_JAY_ANNOTATION.png,"[10,11]",0.51
regenerated_new/11/H/case-110519_JAY_ANNOTATION.png,"[11,12]",0.51
regenerated_new/12/H/case-110519_JAY_ANNOTATION.png,"[12,2]",0.45
regenerated_new/14/H/case-110519_JAY_ANNOTATION.png,"[14,3]",0.45
regenerated_new/1/H/case-110588_JAY_ANNOTATION.png,"[1,2]",0.4
regenerated_new/2/H/case-110588_JAY_ANNOTATION.png,"[2,3]",0.4
regenerated_new/3/H/case-110588_JAY_ANNOTATION.png,"[3,2]",0.4
regenerated_new/4/H/case-110588_JAY_ANNOTATION.png,"[4,12]",0.45
regenerated_new/5/H/case-110588_JAY_ANNOTATION.png,"[5,12]",0.45
regenerated_new/9/H/case-110588_JAY_ANNOTATION.png,"[12,9]",0.45
regenerated_new/10/H/case-110588_JAY_ANNOTATION.png,"[10,11]",0.51
regenerated_new/11/H/case-110588_JAY_ANNOTATION.png,"[11,10]",0.51
regenerated_new/12/H/case-110588_JAY_ANNOTATION.png,"[12,9]",0.45
regenerated_new/13/H/case-110588_JAY_ANNOTATION.png,"[13,5]",0.45
regenerated_new/14/H/case-110588_JAY_ANNOTATION.png,"[14,9]",0.45
regenerated_new/1/H/case-110636_JAY_ANNOTATION.png,"[1,2]",0.4
regenerated_new/2/H/case-110636_JAY_ANNOTATION.png,"[2,3]",0.4
regenerated_new/3/H/case-110636_JAY_ANNOTATION.png,"[3,2]",0.4
regenerated_new/5/H/case-110636_JAY_ANNOTATION.png,"[5,12]",0.45
regenerated_new/10/H/case-110636_JAY_ANNOTATION.png,"[10,11]",0.51
regenerated_new/11/H/case-110636_JAY_ANNOTATION.png,"[11,12]",0.51
regenerated_new/12/H/case-110636_JAY_ANNOTATION.png,"[12,9]",0.45
regenerated_new/14/H/case-110636_JAY_ANNOTATION.png,"[14,9]",0.45
regenerated_new/1/H/case-110640_JAY_ANNOTATION.png,"[1,2]",0.4
regenerated_new/2/H/case-110640_JAY_ANNOTATION.png,"[2,3]",0.4
regenerated_new/3/H/case-110640_JAY_ANNOTATION.png,"[3,2]",0.4
regenerated_new/5/H/case-110640_JAY_ANNOTATION.png,"[13,5]",0.45
regenerated_new/10/H/case-110640_JAY_ANNOTATION.png,"[10,11]",0.51
regenerated_new/11/H/case-110640_JAY_ANNOTATION.png,"[11,10]",0.51
regenerated_new/12/H/case-110640_JAY_ANNOTATION.png,"[12,9]",0.45
regenerated_new/13/H/case-110640_JAY_ANNOTATION.png,"[13,5]",0.45
regenerated_new/14/H/case-110640_JAY_ANNOTATION.png,"[14,9]",0.45
regenerated_new/1/H/case-110649_JAY_ANNOTATION.png,"[1,2]",0.4
regenerated_new/2/H/case-110649_JAY_ANNOTATION.png,"[2,3]",0.4
regenerated_new/3/H/case-110649_JAY_ANNOTATION.png,"[3,2]",0.4
regenerated_new/5/H/case-110649_JAY_ANNOTATION.png,"[5,12]",0.45
regenerated_new/6/H/case-110649_JAY_ANNOTATION.png,"[6,2]",0.4
regenerated_new/10/H/case-110649_JAY_ANNOTATION.png,"[10,11]",0.51
regenerated_new/11/H/case-110649_JAY_ANNOTATION.png,"[11,10]",0.51
regenerated_new/12/H/case-110649_JAY_ANNOTATION.png,"[12,5]",0.45
regenerated_new/14/H/case-110649_JAY_ANNOTATION.png,"[14,12]",0.51
regenerated_new/1/H/case-110664_JAY_ANNOTATION.png,"[1,2]",0.4
regenerated_new/2/H/case-110664_JAY_ANNOTATION.png,"[2,3]",0.4
regenerated_new/3/H/case-110664_JAY_ANNOTATION.png,"[3,2]",0.4
regenerated_new/5/H/case-110664_JAY_ANNOTATION.png,"[5,12]",0.45
regenerated_new/6/H/case-110664_JAY_ANNOTATION.png,"[2,6]",0.4
regenerated_new/10/H/case-110664_JAY_ANNOTATION.png,"[10,11]",0.51
regenerated_new/11/H/case-110664_JAY_ANNOTATION.png,"[11,10]",0.51
regenerated_new/12/H/case-110664_JAY_ANNOTATION.png,"[12,2]",0.46
regenerated_new/13/H/case-110664_JAY_ANNOTATION.png,"[13,5]",0.45
regenerated_new/14/H/case-110664_JAY_ANNOTATION.png,"[14,9]",0.45
regenerated_new/1/H/case-110831_JAY_ANNOTATION.png,"[1,2]",0.4
regenerated_new/2/H/case-110831_JAY_ANNOTATION.png,"[2,3]",0.4
regenerated_new/3/H/case-110831_JAY_ANNOTATION.png,"[3,2]",0.4
regenerated_new/4/H/case-110831_JAY_ANNOTATION.png,"[4,12]",0.45
regenerated_new/5/H/case-110831_JAY_ANNOTATION.png,"[5,12]",0.45
regenerated_new/9/H/case-110831_JAY_ANNOTATION.png,"[12,9]",0.45
regenerated_new/10/H/case-110831_JAY_ANNOTATION.png,"[10,11]",0.51
regenerated_new/11/H/case-110831_JAY_ANNOTATION.png,"[11,10]",0.51
regenerated_new/12/H/case-110831_JAY_ANNOTATION.png,"[12,2]",0.45
regenerated_new/13/H/case-110831_JAY_ANNOTATION.png,"[13,5]",0.45
regenerated_new/14/H/case-110831_JAY_ANNOTATION.png,"[14,9]",0.45
regenerated_new/1/H/case-110870_JAY_ANNOTATION.png,"[1,2]",0.4
regenerated_new/2/H/case-110870_JAY_ANNOTATION.png,"[2,3]",0.4
regenerated_new/3/H/case-110870_JAY_ANNOTATION.png,"[3,2]",0.4
regenerated_new/4/H/case-110870_JAY_ANNOTATION.png,"[4,12]",0.45
regenerated_new/6/H/case-110870_JAY_ANNOTATION.png,"[6,2]",0.4
regenerated_new/10/H/case-110870_JAY_ANNOTATION.png,"[10,11]",0.51
regenerated_new/11/H/case-110870_JAY_ANNOTATION.png,"[10,11]",0.51
regenerated_new/12/H/case-110870_JAY_ANNOTATION.png,"[12,2]",0.45
regenerated_new/13/H/case-110870_JAY_ANNOTATION.png,"[13,5]",0.45
regenerated_new/14/H/case-110870_JAY_ANNOTATION.png,"[14,2]",0.45
regenerated_new/1/H/case-111040_JAY_ANNOTATION.png,"[1,2]",0.4
regenerated_new/2/H/case-111040_JAY_ANNOTATION.png,"[2,3]",0.4
regenerated_new/3/H/case-111040_JAY_ANNOTATION.png,"[3,2]",0.4
regenerated_new/6/H/case-111040_JAY_ANNOTATION.png,"[6,2]",0.4
regenerated_new/9/H/case-111040_JAY_ANNOTATION.png,"[14,9]",0.46
regenerated_new/10/H/case-111040_JAY_ANNOTATION.png,"[10,11]",0.51
regenerated_new/11/H/case-111040_JAY_ANNOTATION.png,"[11,10]",0.51
regenerated_new/12/H/case-111040_JAY_ANNOTATION.png,"[12,2]",0.45
regenerated_new/14/H/case-111040_JAY_ANNOTATION.png,"[14,9]",0.45
regenerated_new/1/H/case-111057_JAY_ANNOTATION.png,"[1,2]",0.4
regenerated_new/2/H/case-111057_JAY_ANNOTATION.png,"[2,3]",0.4
regenerated_new/3/H/case-111057_JAY_ANNOTATION.png,"[3,2]",0.4
regenerated_new/4/H/case-111057_JAY_ANNOTATION.png,"[4,12]",0.45
regenerated_new/6/H/case-111057_JAY_ANNOTATION.png,"[6,12]",0.45
regenerated_new/10/H/case-111057_JAY_ANNOTATION.png,"[10,11]",0.51
regenerated_new/11/H/case-111057_JAY_ANNOTATION.png,"[11,10]",0.51
regenerated_new/12/H/case-111057_JAY_ANNOTATION.png,"[12,4]",0.45
regenerated_new/14/H/case-111057_JAY_ANNOTATION.png,"[12,14]",0.51
regenerated_new/1/H/case-111159_JAY_ANNOTATION.png,"[1,2]",0.4
regenerated_new/2/H/case-111159_JAY_ANNOTATION.png,"[2,3]",0.4
regenerated_new/3/H/case-111159_JAY_ANNOTATION.png,"[3,2]",0.4
regenerated_new/6/H/case-111159_JAY_ANNOTATION.png,"[6,2]",0.4
regenerated_new/10/H/case-111159_JAY_ANNOTATION.png,"[10,2]",0.45
regenerated_new/11/H/case-111159_JAY_ANNOTATION.png,"[11,12]",0.51
regenerated_new/12/H/case-111159_JAY_ANNOTATION.png,"[12,2]",0.45
regenerated_new/13/H/case-111159_JAY_ANNOTATION.png,"[13,5]",0.45
regenerated_new/14/H/case-111159_JAY_ANNOTATION.png,"[14,12]",0.51
regenerated_new/1/H/case-111162_JAY_ANNOTATION.png,"[1,2]",0.4
regenerated_new/2/H/case-111162_JAY_ANNOTATION.png,"[2,3]",0.4
regenerated_new/3/H/case-111162_JAY_ANNOTATION.png,"[3,2]",0.4
regenerated_new/5/H/case-111162_JAY_ANNOTATION.png,"[13,5]",0.45
regenerated_new/6/H/case-111162_JAY_ANNOTATION.png,"[6,2]",0.4
regenerated_new/10/H/case-111162_JAY_ANNOTATION.png,"[10,11]",0.51
regenerated_new/11/H/case-111162_JAY_ANNOTATION.png,"[11,12]",0.51
regenerated_new/12/H/case-111162_JAY_ANNOTATION.png,"[12,2]",0.45
regenerated_new/13/H/case-111162_JAY_ANNOTATION.png,"[13,5]",0.45
regenerated_new/14/H/case-111162_JAY_ANNOTATION.png,"[14,9]",0.45
regenerated_new/1/H/case-111165_JAY_ANNOTATION.png,"[1,2]",0.4
regenerated_new/2/H/case-111165_JAY_ANNOTATION.png,"[2,3]",0.4
regenerated_new/3/H/case-111165_JAY_ANNOTATION.png,"[3,2]",0.4
regenerated_new/6/H/case-111165_JAY_ANNOTATION.png,"[6,2]",0.4
regenerated_new/10/H/case-111165_JAY_ANNOTATION.png,"[10,11]",0.51
regenerated_new/11/H/case-111165_JAY_ANNOTATION.png,"[11,10]",0.51
regenerated_new/12/H/case-111165_JAY_ANNOTATION.png,"[12,13]",0.51
regenerated_new/14/H/case-111165_JAY_ANNOTATION.png,"[14,3]",0.45
regenerated_new/1/H/case-111178_JAY_ANNOTATION.png,"[1,2]",0.4
regenerated_new/2/H/case-111178_JAY_ANNOTATION.png,"[2,3]",0.4
regenerated_new/3/H/case-111178_JAY_ANNOTATION.png,"[3,2]",0.4
regenerated_new/5/H/case-111178_JAY_ANNOTATION.png,"[5,12]",0.45
regenerated_new/10/H/case-111178_JAY_ANNOTATION.png,"[10,11]",0.51
regenerated_new/11/H/case-111178_JAY_ANNOTATION.png,"[11,10]",0.51
regenerated_new/12/H/case-111178_JAY_ANNOTATION.png,"[12,2]",0.45
regenerated_new/13/H/case-111178_JAY_ANNOTATION.png,"[13,3]",0.45
regenerated_new/14/H/case-111178_JAY_ANNOTATION.png,"[14,12]",0.51
regenerated_new/1/H/case-111246_JAY_ANNOTATION.png,"[1,2]",0.4
regenerated_new/2/H/case-111246_JAY_ANNOTATION.png,"[2,3]",0.4
regenerated_new/3/H/case-111246_JAY_ANNOTATION.png,"[3,2]",0.4
regenerated_new/4/H/case-111246_JAY_ANNOTATION.png,"[12,4]",0.45
regenerated_new/6/H/case-111246_JAY_ANNOTATION.png,"[6,2]",0.4
regenerated_new/10/H/case-111246_JAY_ANNOTATION.png,"[10,11]",0.51
regenerated_new/11/H/case-111246_JAY_ANNOTATION.png,"[11,10]",0.51
regenerated_new/12/H/case-111246_JAY_ANNOTATION.png,"[12,9]",0.45
regenerated_new/14/H/case-111246_JAY_ANNOTATION.png,"[14,9]",0.45
regenerated_new/1/H/case-111273_JAY_ANNOTATION.png,"[1,2]",0.4
regenerated_new/2/H/case-111273_JAY_ANNOTATION.png,"[2,3]",0.4
regenerated_new/3/H/case-111273_JAY_ANNOTATION.png,"[3,2]",0.4
regenerated_new/10/H/case-111273_JAY_ANNOTATION.png,"[10,11]",0.51
regenerated_new/11/H/case-111273_JAY_ANNOTATION.png,"[11,10]",0.51
regenerated_new/12/H/case-111273_JAY_ANNOTATION.png,"[12,9]",0.45
regenerated_new/14/H/case-111273_JAY_ANNOTATION.png,"[14,12]",0.51
regenerated_new/1/H/case-111359_JAY_ANNOTATION.png,"[1,2]",0.4
regenerated_new/2/H/case-111359_JAY_ANNOTATION.png,"[2,3]",0.4
regenerated_new/3/H/case-111359_JAY_ANNOTATION.png,"[3,2]",0.4
regenerated_new/5/H/case-111359_JAY_ANNOTATION.png,"[12,5]",0.45
regenerated_new/6/H/case-111359_JAY_ANNOTATION.png,"[6,12]",0.45
regenerated_new/9/H/case-111359_JAY_ANNOTATION.png,"[14,9]",0.45
regenerated_new/10/H/case-111359_JAY_ANNOTATION.png,"[10,11]",0.51
regenerated_new/11/H/case-111359_JAY_ANNOTATION.png,"[11,10]",0.51
regenerated_new/12/H/case-111359_JAY_ANNOTATION.png,"[12,5]",0.45
regenerated_new/1/H/case-111405_JAY_ANNOTATION.png,"[1,2]",0.4
regenerated_new/2/H/case-111405_JAY_ANNOTATION.png,"[2,3]",0.4
regenerated_new/3/H/case-111405_JAY_ANNOTATION.png,"[3,2]",0.4
regenerated_new/4/H/case-111405_JAY_ANNOTATION.png,"[4,12]",0.45
regenerated_new/5/H/case-111405_JAY_ANNOTATION.png,"[5,12]",0.45
regenerated_new/6/H/case-111405_JAY_ANNOTATION.png,"[6,2]",0.4
regenerated_new/9/H/case-111405_JAY_ANNOTATION.png,"[14,9]",0.45
regenerated_new/10/H/case-111405_JAY_ANNOTATION.png,"[10,11]",0.51
regenerated_new/11/H/case-111405_JAY_ANNOTATION.png,"[11,10]",0.51
regenerated_new/12/H/case-111405_JAY_ANNOTATION.png,"[12,4]",0.45
regenerated_new/14/H/case-111405_JAY_ANNOTATION.png,"[14,9]",0.45
regenerated_new/1/H/case-111446_JAY_ANNOTATION.png,"[1,2]",0.4
regenerated_new/2/H/case-111446_JAY_ANNOTATION.png,"[2,3]",0.4
regenerated_new/3/H/case-111446_JAY_ANNOTATION.png,"[3,2]",0.4
regenerated_new/9/H/case-111446_JAY_ANNOTATION.png,"[12,9]",0.45
regenerated_new/10/H/case-111446_JAY_ANNOTATION.png,"[10,11]",0.51
regenerated_new/11/H/case-111446_JAY_ANNOTATION.png,"[11,10]",0.51
regenerated_new/12/H/case-111446_JAY_ANNOTATION.png,"[12,14]",0.51
regenerated_new/14/H/case-111446_JAY_ANNOTATION.png,"[14,9]",0.45
regenerated_new/1/H/case-111546_JAY_ANNOTATION.png,"[1,3]",0.4
regenerated_new/2/H/case-111546_JAY_ANNOTATION.png,"[2,3]",0.4
regenerated_new/3/H/case-111546_JAY_ANNOTATION.png,"[2,3]",0.4
regenerated_new/6/H/case-111546_JAY_ANNOTATION.png,"[6,2]",0.4
regenerated_new/9/H/case-111546_JAY_ANNOTATION.png,"[12,9]",0.45
regenerated_new/10/H/case-111546_JAY_ANNOTATION.png,"[10,11]",0.51
regenerated_new/11/H/case-111546_JAY_ANNOTATION.png,"[11,10]",0.51
regenerated_new/12/H/case-111546_JAY_ANNOTATION.png,"[12,2]",0.45
regenerated_new/14/H/case-111546_JAY_ANNOTATION.png,"[14,9]",0.45
regenerated_new/1/H/case-111573_JAY_ANNOTATION.png,"[1,2]",0.4
regenerated_new/2/H/case-111573_JAY_ANNOTATION.png,"[2,3]",0.4
regenerated_new/3/H/case-111573_JAY_ANNOTATION.png,"[3,2]",0.4
regenerated_new/6/H/case-111573_JAY_ANNOTATION.png,"[6,2]",0.4
regenerated_new/10/H/case-111573_JAY_ANNOTATION.png,"[10,11]",0.51
regenerated_new/11/H/case-111573_JAY_ANNOTATION.png,"[11,10]",0.51
regenerated_new/12/H/case-111573_JAY_ANNOTATION.png,"[12,3]",0.45
regenerated_new/14/H/case-111573_JAY_ANNOTATION.png,"[14,9]",0.45
regenerated_new/1/H/case-111685_JAY_ANNOTATION.png,"[1,2]",0.4
regenerated_new/2/H/case-111685_JAY_ANNOTATION.png,"[2,3]",0.4
regenerated_new/3/H/case-111685_JAY_ANNOTATION.png,"[3,2]",0.4
regenerated_new/5/H/case-111685_JAY_ANNOTATION.png,"[5,12]",0.45
regenerated_new/10/H/case-111685_JAY_ANNOTATION.png,"[10,11]",0.51
regenerated_new/11/H/case-111685_JAY_ANNOTATION.png,"[11,12]",0.51
regenerated_new/12/H/case-111685_JAY_ANNOTATION.png,"[12,5]",0.45
regenerated_new/13/H/case-111685_JAY_ANNOTATION.png,"[13,5]",0.45
regenerated_new/14/H/case-111685_JAY_ANNOTATION.png,"[14,12]",0.51
regenerated_new/1/H/case-111755_JAY_ANNOTATION.png,"[1,2]",0.4
regenerated_new/2/H/case-111755_JAY_ANNOTATION.png,"[2,3]",0.4
regenerated_new/3/H/case-111755_JAY_ANNOTATION.png,"[3,2]",0.4
regenerated_new/6/H/case-111755_JAY_ANNOTATION.png,"[6,2]",0.4
regenerated_new/9/H/case-111755_JAY_ANNOTATION.png,"[12,9]",0.45
regenerated_new/10/H/case-111755_JAY_ANNOTATION.png,"[10,11]",0.51
regenerated_new/11/H/case-111755_JAY_ANNOTATION.png,"[11,10]",0.51
regenerated_new/12/H/case-111755_JAY_ANNOTATION.png,"[12,5]",0.45
regenerated_new/13/H/case-111755_JAY_ANNOTATION.png,"[13,5]",0.45
regenerated_new/14/H/case-111755_JAY_ANNOTATION.png,"[14,3]",0.45
regenerated_new/1/H/case-111791_JAY_ANNOTATION.png,"[1,2]",0.4
regenerated_new/2/H/case-111791_JAY_ANNOTATION.png,"[2,3]",0.4
regenerated_new/3/H/case-111791_JAY_ANNOTATION.png,"[3,2]",0.4
regenerated_new/10/H/case-111791_JAY_ANNOTATION.png,"[10,11]",0.51
regenerated_new/11/H/case-111791_JAY_ANNOTATION.png,"[11,10]",0.51
regenerated_new/12/H/case-111791_JAY_ANNOTATION.png,"[12,2]",0.45
regenerated_new/13/H/case-111791_JAY_ANNOTATION.png,"[13,5]",0.45
regenerated_new/14/H/case-111791_JAY_ANNOTATION.png,"[14,12]",0.51
regenerated_new/1/H/case-111819_JAY_ANNOTATION.png,"[1,2]",0.4
regenerated_new/2/H/case-111819_JAY_ANNOTATION.png,"[2,3]",0.4
regenerated_new/3/H/case-111819_JAY_ANNOTATION.png,"[3,2]",0.4
regenerated_new/5/H/case-111819_JAY_ANNOTATION.png,"[13,5]",0.45
regenerated_new/6/H/case-111819_JAY_ANNOTATION.png,"[6,2]",0.4
regenerated_new/9/H/case-111819_JAY_ANNOTATION.png,"[12,9]",0.45
regenerated_new/10/H/case-111819_JAY_ANNOTATION.png,"[10,11]",0.51
regenerated_new/11/H/case-111819_JAY_ANNOTATION.png,"[11,10]",0.51
regenerated_new/12/H/case-111819_JAY_ANNOTATION.png,"[12,9]",0.45
regenerated_new/13/H/case-111819_JAY_ANNOTATION.png,"[13,5]",0.45
regenerated_new/14/H/case-111819_JAY_ANNOTATION.png,"[14,9]",0.45
regenerated_new/1/H/case-111830_JAY_ANNOTATION.png,"[1,2]",0.4
regenerated_new/2/H/case-111830_JAY_ANNOTATION.png,"[2,3]",0.4
regenerated_new/3/H/case-111830_JAY_ANNOTATION.png,"[3,2]",0.4
regenerated_new/5/H/case-111830_JAY_ANNOTATION.png,"[5,12]",0.45
regenerated_new/6/H/case-111830_JAY_ANNOTATION.png,"[6,2]",0.4
regenerated_new/10/H/case-111830_JAY_ANNOTATION.png,"[10,11]",0.51
regenerated_new/11/H/case-111830_JAY_ANNOTATION.png,"[11,10]",0.51
regenerated_new/12/H/case-111830_JAY_ANNOTATION.png,"[12,3]",0.45
regenerated_new/1/H/case-111863_JAY_ANNOTATION.png,"[1,2]",0.4
regenerated_new/2/H/case-111863_JAY_ANNOTATION.png,"[2,3]",0.4
regenerated_new/3/H/case-111863_JAY_ANNOTATION.png,"[3,2]",0.4
regenerated_new/9/H/case-111863_JAY_ANNOTATION.png,"[12,9]",0.45
regenerated_new/10/H/case-111863_JAY_ANNOTATION.png,"[10,11]",0.51
regenerated_new/11/H/case-111863_JAY_ANNOTATION.png,"[11,10]",0.51
regenerated_new/12/H/case-111863_JAY_ANNOTATION.png,"[12,2]",0.45
regenerated_new/13/H/case-111863_JAY_ANNOTATION.png,"[13,5]",0.45
regenerated_new/14/H/case-111863_JAY_ANNOTATION.png,"[14,9]",0.45
regenerated_new/1/H/case-111923_JAY_ANNOTATION.png,"[1,2]",0.4
regenerated_new/2/H/case-111923_JAY_ANNOTATION.png,"[2,3]",0.4
regenerated_new/3/H/case-111923_JAY_ANNOTATION.png,"[3,2]",0.4
regenerated_new/4/H/case-111923_JAY_ANNOTATION.png,"[4,12]",0.45
regenerated_new/5/H/case-111923_JAY_ANNOTATION.png,"[5,12]",0.45
regenerated_new/10/H/case-111923_JAY_ANNOTATION.png,"[10,11]",0.51
regenerated_new/11/H/case-111923_JAY_ANNOTATION.png,"[11,10]",0.51
regenerated_new/12/H/case-111923_JAY_ANNOTATION.png,"[12,2]",0.45
regenerated_new/14/H/case-111923_JAY_ANNOTATION.png,"[14,9]",0.45
regenerated_new/1/H/case-112038_JAY_ANNOTATION.png,"[1,2]",0.4
regenerated_new/2/H/case-112038_JAY_ANNOTATION.png,"[2,3]",0.4
regenerated_new/3/H/case-112038_JAY_ANNOTATION.png,"[3,2]",0.4
regenerated_new/4/H/case-112038_JAY_ANNOTATION.png,"[12,4]",0.45
regenerated_new/6/H/case-112038_JAY_ANNOTATION.png,"[3,6]",0.4
regenerated_new/9/H/case-112038_JAY_ANNOTATION.png,"[12,9]",0.45
regenerated_new/10/H/case-112038_JAY_ANNOTATION.png,"[10,11]",0.51
regenerated_new/11/H/case-112038_JAY_ANNOTATION.png,"[11,10]",0.51
regenerated_new/12/H/case-112038_JAY_ANNOTATION.png,"[12,5]",0.45
regenerated_new/13/H/case-112038_JAY_ANNOTATION.png,"[13,5]",0.45
regenerated_new/14/H/case-112038_JAY_ANNOTATION.png,"[14,9]",0.45
regenerated_new/1/H/case-112071_JAY_ANNOTATION.png,"[1,2]",0.4
regenerated_new/2/H/case-112071_JAY_ANNOTATION.png,"[2,3]",0.4
regenerated_new/3/H/case-112071_JAY_ANNOTATION.png,"[3,2]",0.4
regenerated_new/4/H/case-112071_JAY_ANNOTATION.png,"[4,12]",0.46
regenerated_new/5/H/case-112071_JAY_ANNOTATION.png,"[5,12]",0.45
regenerated_new/6/H/case-112071_JAY_ANNOTATION.png,"[6,2]",0.4
regenerated_new/10/H/case-112071_JAY_ANNOTATION.png,"[10,11]",0.51
regenerated_new/11/H/case-112071_JAY_ANNOTATION.png,"[11,10]",0.51
regenerated_new/12/H/case-112071_JAY_ANNOTATION.png,"[12,2]",0.45
regenerated_new/14/H/case-112071_JAY_ANNOTATION.png,"[14,3]",0.45
regenerated_new/1/H/case-112086_JAY_ANNOTATION.png,"[1,2]",0.41
regenerated_new/2/H/case-112086_JAY_ANNOTATION.png,"[2,3]",0.4
regenerated_new/3/H/case-112086_JAY_ANNOTATION.png,"[3,2]",0.4
regenerated_new/6/H/case-112086_JAY_ANNOTATION.png,"[6,2]",0.4
regenerated_new/10/H/case-112086_JAY_ANNOTATION.png,"[10,11]",0.51
regenerated_new/11/H/case-112086_JAY_ANNOTATION.png,"[11,10]",0.51
regenerated_new/12/H/case-112086_JAY_ANNOTATION.png,"[12,2]",0.45
regenerated_new/13/H/case-112086_JAY_ANNOTATION.png,"[13,5]",0.45
regenerated_new/14/H/case-112086_JAY_ANNOTATION.png,"[14,9]",0.45
regenerated_new/1/H/case-112092_JAY_ANNOTATION.png,"[1,2]",0.4
regenerated_new/2/H/case-112092_JAY_ANNOTATION.png,"[2,3]",0.4
regenerated_new/3/H/case-112092_JAY_ANNOTATION.png,"[3,2]",0.4
regenerated_new/6/H/case-112092_JAY_ANNOTATION.png,"[6,2]",0.4
regenerated_new/9/H/case-112092_JAY_ANNOTATION.png,"[12,9]",0.45
regenerated_new/10/H/case-112092_JAY_ANNOTATION.png,"[10,11]",0.51
regenerated_new/11/H/case-112092_JAY_ANNOTATION.png,"[11,12]",0.51
regenerated_new/12/H/case-112092_JAY_ANNOTATION.png,"[12,2]",0.45
regenerated_new/13/H/case-112092_JAY_ANNOTATION.png,"[13,5]",0.45
regenerated_new/14/H/case-112092_JAY_ANNOTATION.png,"[14,2]",0.45
regenerated_new/1/H/case-112132_JAY_ANNOTATION.png,"[1,2]",0.4
regenerated_new/2/H/case-112132_JAY_ANNOTATION.png,"[2,3]",0.4
regenerated_new/3/H/case-112132_JAY_ANNOTATION.png,"[3,2]",0.4
regenerated_new/9/H/case-112132_JAY_ANNOTATION.png,"[12,9]",0.45
regenerated_new/10/H/case-112132_JAY_ANNOTATION.png,"[10,11]",0.51
regenerated_new/11/H/case-112132_JAY_ANNOTATION.png,"[11,12]",0.51
regenerated_new/12/H/case-112132_JAY_ANNOTATION.png,"[12,2]",0.45
regenerated_new/13/H/case-112132_JAY_ANNOTATION.png,"[13,5]",0.45
regenerated_new/14/H/case-112132_JAY_ANNOTATION.png,"[9,14]",0.45
regenerated_new/1/H/case-112180_JAY_ANNOTATION.png,"[1,2]",0.4
regenerated_new/2/H/case-112180_JAY_ANNOTATION.png,"[2,3]",0.4
regenerated_new/3/H/case-112180_JAY_ANNOTATION.png,"[3,2]",0.4
regenerated_new/6/H/case-112180_JAY_ANNOTATION.png,"[6,12]",0.45
regenerated_new/9/H/case-112180_JAY_ANNOTATION.png,"[12,9]",0.45
regenerated_new/10/H/case-112180_JAY_ANNOTATION.png,"[10,11]",0.51
regenerated_new/11/H/case-112180_JAY_ANNOTATION.png,"[11,12]",0.51
regenerated_new/12/H/case-112180_JAY_ANNOTATION.png,"[12,5]",0.45
regenerated_new/13/H/case-112180_JAY_ANNOTATION.png,"[13,5]",0.45
regenerated_new/14/H/case-112180_JAY_ANNOTATION.png,"[14,2]",0.45
regenerated_new/1/H/case-112208_JAY_ANNOTATION.png,"[1,2]",0.4
regenerated_new/2/H/case-112208_JAY_ANNOTATION.png,"[2,4]",0.4
regenerated_new/3/H/case-112208_JAY_ANNOTATION.png,"[3,2]",0.4
regenerated_new/6/H/case-112208_JAY_ANNOTATION.png,"[6,2]",0.4
regenerated_new/10/H/case-112208_JAY_ANNOTATION.png,"[10,11]",0.51
regenerated_new/11/H/case-112208_JAY_ANNOTATION.png,"[11,10]",0.51
regenerated_new/12/H/case-112208_JAY_ANNOTATION.png,"[12,2]",0.45
regenerated_new/13/H/case-112208_JAY_ANNOTATION.png,"[13,5]",0.45
regenerated_new/14/H/case-112208_JAY_ANNOTATION.png,"[14,9]",0.45
regenerated_new/1/H/case-112234_JAY_ANNOTATION.png,"[1,2]",0.4
regenerated_new/2/H/case-112234_JAY_ANNOTATION.png,"[2,3]",0.4
regenerated_new/3/H/case-112234_JAY_ANNOTATION.png,"[3,2]",0.4
regenerated_new/5/H/case-112234_JAY_ANNOTATION.png,"[5,12]",0.46
regenerated_new/10/H/case-112234_JAY_ANNOTATION.png,"[10,11]",0.51
regenerated_new/11/H/case-112234_JAY_ANNOTATION.png,"[11,10]",0.51
regenerated_new/12/H/case-112234_JAY_ANNOTATION.png,"[12,2]",0.45
regenerated_new/14/H/case-112234_JAY_ANNOTATION.png,"[14,9]",0.45
regenerated_new/1/H/case-112249_JAY_ANNOTATION.png,"[1,2]",0.4
regenerated_new/2/H/case-112249_JAY_ANNOTATION.png,"[2,3]",0.4
regenerated_new/3/H/case-112249_JAY_ANNOTATION.png,"[3,2]",0.4
regenerated_new/5/H/case-112249_JAY_ANNOTATION.png,"[13,5]",0.45
regenerated_new/6/H/case-112249_JAY_ANNOTATION.png,"[6,2]",0.4
regenerated_new/10/H/case-112249_JAY_ANNOTATION.png,"[10,11]",0.51
regenerated_new/11/H/case-112249_JAY_ANNOTATION.png,"[11,10]",0.51
regenerated_new/12/H/case-112249_JAY_ANNOTATION.png,"[12,5]",0.46
regenerated_new/1/H/case-112292_JAY_ANNOTATION.png,"[1,2]",0.4
regenerated_new/2/H/case-112292_JAY_ANNOTATION.png,"[2,3]",0.41
regenerated_new/3/H/case-112292_JAY_ANNOTATION.png,"[3,2]",0.4
regenerated_new/9/H/case-112292_JAY_ANNOTATION.png,"[14,9]",0.45
regenerated_new/10/H/case-112292_JAY_ANNOTATION.png,"[10,11]",0.51
regenerated_new/11/H/case-112292_JAY_ANNOTATION.png,"[11,12]",0.51
regenerated_new/12/H/case-112292_JAY_ANNOTATION.png,"[12,9]",0.45
regenerated_new/13/H/case-112292_JAY_ANNOTATION.png,"[13,5]",0.45
regenerated_new/14/H/case-112292_JAY_ANNOTATION.png,"[14,9]",0.45
regenerated_new/1/H/case-112297_JAY_ANNOTATION.png,"[1,2]",0.4
regenerated_new/2/H/case-112297_JAY_ANNOTATION.png,"[2,3]",0.4
regenerated_new/3/H/case-112297_JAY_ANNOTATION.png,"[3,2]",0.4
regenerated_new/4/H/case-112297_JAY_ANNOTATION.png,"[4,12]",0.45
regenerated_new/5/H/case-112297_JAY_ANNOTATION.png,"[5,12]",0.45
regenerated_new/6/H/case-112297_JAY_ANNOTATION.png,"[6,2]",0.4
regenerated_new/9/H/case-112297_JAY_ANNOTATION.png,"[9,12]",0.45
regenerated_new/10/H/case-112297_JAY_ANNOTATION.png,"[10,2]",0.45
regenerated_new/11/H/case-112297_JAY_ANNOTATION.png,"[11,12]",0.51
regenerated_new/12/H/case-112297_JAY_ANNOTATION.png,"[12,9]",0.45
regenerated_new/13/H/case-112297_JAY_ANNOTATION.png,"[13,5]",0.45
regenerated_new/14/H/case-112297_JAY_ANNOTATION.png,"[14,9]",0.45
regenerated_new/1/H/case-112348_JAY_ANNOTATION.png,"[1,2]",0.4
regenerated_new/2/H/case-112348_JAY_ANNOTATION.png,"[2,3]",0.4
regenerated_new/3/H/case-112348_JAY_ANNOTATION.png,"[3,2]",0.4
regenerated_new/5/H/case-112348_JAY_ANNOTATION.png,"[5,12]",0.45
regenerated_new/6/H/case-112348_JAY_ANNOTATION.png,"[6,2]",0.4
regenerated_new/7/H/case-112348_JAY_ANNOTATION.png,"[7,3]",0.4
regenerated_new/10/H/case-112348_JAY_ANNOTATION.png,"[10,11]",0.51
regenerated_new/11/H/case-112348_JAY_ANNOTATION.png,"[11,10]",0.51
regenerated_new/12/H/case-112348_JAY_ANNOTATION.png,"[12,2]",0.45
regenerated_new/14/H/case-112348_JAY_ANNOTATION.png,"[14,9]",0.45
regenerated_new/1/H/case-112364_JAY_ANNOTATION.png,"[1,2]",0.4
regenerated_new/2/H/case-112364_JAY_ANNOTATION.png,"[2,3]",0.4
regenerated_new/3/H/case-112364_JAY_ANNOTATION.png,"[3,2]",0.4
regenerated_new/5/H/case-112364_JAY_ANNOTATION.png,"[13,5]",0.45
regenerated_new/10/H/case-112364_JAY_ANNOTATION.png,"[10,11]",0.51
regenerated_new/11/H/case-112364_JAY_ANNOTATION.png,"[11,10]",0.51
regenerated_new/12/H/case-112364_JAY_ANNOTATION.png,"[12,3]",0.45
regenerated_new/14/H/case-112364_JAY_ANNOTATION.png,"[14,12]",0.51
regenerated_new/1/H/case-112387_JAY_ANNOTATION.png,"[1,2]",0.4
regenerated_new/2/H/case-112387_JAY_ANNOTATION.png,"[2,3]",0.4
regenerated_new/3/H/case-112387_JAY_ANNOTATION.png,"[3,2]",0.4
regenerated_new/6/H/case-112387_JAY_ANNOTATION.png,"[6,2]",0.4
regenerated_new/10/H/case-112387_JAY_ANNOTATION.png,"[10,11]",0.51
regenerated_new/11/H/case-112387_JAY_ANNOTATION.png,"[11,10]",0.51
regenerated_new/12/H/case-112387_JAY_ANNOTATION.png,"[12,9]",0.45
regenerated_new/14/H/case-112387_JAY_ANNOTATION.png,"[14,9]",0.45
regenerated_new/1/H/case-112425_JAY_ANNOTATION.png,"[1,2]",0.4
regenerated_new/2/H/case-112425_JAY_ANNOTATION.png,"[2,3]",0.4
regenerated_new/3/H/case-112425_JAY_ANNOTATION.png,"[3,2]",0.4
regenerated_new/4/H/case-112425_JAY_ANNOTATION.png,"[4,12]",0.46
regenerated_new/5/H/case-112425_JAY_ANNOTATION.png,"[5,12]",0.45
regenerated_new/10/H/case-112425_JAY_ANNOTATION.png,"[10,11]",0.51
regenerated_new/11/H/case-112425_JAY_ANNOTATION.png,"[11,10]",0.51
regenerated_new/12/H/case-112425_JAY_ANNOTATION.png,"[12,9]",0.45
regenerated_new/13/H/case-112425_JAY_ANNOTATION.png,"[13,5]",0.45
regenerated_new/14/H/case-112425_JAY_ANNOTATION.png,"[14,9]",0.45
regenerated_new/1/H/case-112437_JAY_ANNOTATION.png,"[1,2]",0.4
regenerated_new/2/H/case-112437_JAY_ANNOTATION.png,"[2,3]",0.4
regenerated_new/3/H/case-112437_JAY_ANNOTATION.png,"[3,2]",0.4
regenerated_new/9/H/case-112437_JAY_ANNOTATION.png,"[14,9]",0.45
regenerated_new/10/H/case-112437_JAY_ANNOTATION.png,"[10,11]",0.51
regenerated_new/11/H/case-112437_JAY_ANNOTATION.png,"[10,11]",0.51
regenerated_new/12/H/case-112437_JAY_ANNOTATION.png,"[12,2]",0.45
regenerated_new/13/H/case-112437_JAY_ANNOTATION.png,"[13,5]",0.45
regenerated_new/14/H/case-112437_JAY_ANNOTATION.png,"[14,3]",0.45
regenerated_new/1/H/case-112453_JAY_ANNOTATION.png,"[1,2]",0.4
regenerated_new/2/H/case-112453_JAY_ANNOTATION.png,"[2,3]",0.4
regenerated_new/3/H/case-112453_JAY_ANNOTATION.png,"[3,2]",0.4
regenerated_new/4/H/case-112453_JAY_ANNOTATION.png,"[4,12]",0.45
regenerated_new/5/H/case-112453_JAY_ANNOTATION.png,"[5,12]",0.45
regenerated_new/6/H/case-112453_JAY_ANNOTATION.png,"[6,2]",0.4
regenerated_new/10/H/case-112453_JAY_ANNOTATION.png,"[10,11]",0.51
regenerated_new/11/H/case-112453_JAY_ANNOTATION.png,"[10,11]",0.51
regenerated_new/12/H/case-112453_JAY_ANNOTATION.png,"[12,2]",0.45
regenerated_new/14/H/case-112453_JAY_ANNOTATION.png,"[14,9]",0.45
regenerated_new/1/H/case-112536_JAY_ANNOTATION.png,"[1,2]",0.4
regenerated_new/2/H/case-112536_JAY_ANNOTATION.png,"[2,3]",0.4
regenerated_new/3/H/case-112536_JAY_ANNOTATION.png,"[3,2]",0.41
regenerated_new/6/H/case-112536_JAY_ANNOTATION.png,"[6,2]",0.4
regenerated_new/9/H/case-112536_JAY_ANNOTATION.png,"[12,9]",0.45
regenerated_new/10/H/case-112536_JAY_ANNOTATION.png,"[10,11]",0.51
regenerated_new/11/H/case-112536_JAY_ANNOTATION.png,"[11,12]",0.51
regenerated_new/12/H/case-112536_JAY_ANNOTATION.png,"[12,2]",0.45
regenerated_new/14/H/case-112536_JAY_ANNOTATION.png,"[14,12]",0.51
regenerated_new/1/H/case-112545_JAY_ANNOTATION.png,"[1,2]",0.4
regenerated_new/2/H/case-112545_JAY_ANNOTATION.png,"[2,3]",0.4
regenerated_new/3/H/case-112545_JAY_ANNOTATION.png,"[3,2]",0.4
regenerated_new/5/H/case-112545_JAY_ANNOTATION.png,"[13,5]",0.45
regenerated_new/6/H/case-112545_JAY_ANNOTATION.png,"[6,2]",0.4
regenerated_new/10/H/case-112545_JAY_ANNOTATION.png,"[10,11]",0.51
regenerated_new/11/H/case-112545_JAY_ANNOTATION.png,"[10,11]",0.51
regenerated_new/12/H/case-112545_JAY_ANNOTATION.png,"[12,5]",0.45
regenerated_new/14/H/case-112545_JAY_ANNOTATION.png,"[14,3]",0.45
regenerated_new/1/H/case-112559_JAY_ANNOTATION.png,"[1,2]",0.4
regenerated_new/2/H/case-112559_JAY_ANNOTATION.png,"[2,3]",0.4
regenerated_new/3/H/case-112559_JAY_ANNOTATION.png,"[3,2]",0.4
regenerated_new/6/H/case-112559_JAY_ANNOTATION.png,"[6,2]",0.4
regenerated_new/10/H/case-112559_JAY_ANNOTATION.png,"[10,11]",0.51
regenerated_new/11/H/case-112559_JAY_ANNOTATION.png,"[11,12]",0.51
regenerated_new/12/H/case-112559_JAY_ANNOTATION.png,"[12,9]",0.45
regenerated_new/13/H/case-112559_JAY_ANNOTATION.png,"[13,5]",0.45
regenerated_new/14/H/case-112559_JAY_ANNOTATION.png,"[14,9]",0.45
regenerated_new/4/H/case-100114_JAY_ANNOTATION.png,"[12,10]",10.52
regenerated_new/5/H/case-100114_JAY_ANNOTATION.png,"[4,5]",9.28
regenerated_new/7/H/case-100114_JAY_ANNOTATION.png,"[4,10]",6.54
regenerated_new/8/H/case-100114_JAY_ANNOTATION.png,"[10,12]",7.68
regenerated_new/13/H/case-100114_JAY_ANNOTATION.png,"[12,4]",9.68
regenerated_new/4/H/case-100129_JAY_ANNOTATION.png,"[4,12]",9.77
regenerated_new/7/H/case-100129_JAY_ANNOTATION.png,"[3,10]",12.14
regenerated_new/8/H/case-100129_JAY_ANNOTATION.png,"[14,13]",12.25
regenerated_new/13/H/case-100129_JAY_ANNOTATION.png,"[10,12]",12.34
regenerated_new/7/H/case-100164_JAY_ANNOTATION.png,"[14,4]",8.02
regenerated_new/8/H/case-100164_JAY_ANNOTATION.png,"[14,12]",9.03
regenerated_new/9/H/case-100164_JAY_ANNOTATION.png,"[14,4]",8.62
regenerated_new/4/H/case-100229_JAY_ANNOTATION.png,"[4,6]",9.17
regenerated_new/5/H/case-100229_JAY_ANNOTATION.png,"[10,4]",8.78
regenerated_new/7/H/case-100229_JAY_ANNOTATION.png,"[14,4]",8.53
regenerated_new/8/H/case-100229_JAY_ANNOTATION.png,"[14,10]",14.53
regenerated_new/9/H/case-100229_JAY_ANNOTATION.png,"[4,14]",8.38
regenerated_new/4/H/case-100245_JAY_ANNOTATION.png,"[3,11]",13.62
regenerated_new/5/H/case-100245_JAY_ANNOTATION.png,"[10,12]",9.49
regenerated_new/6/H/case-100245_JAY_ANNOTATION.png,"[4,14]",6.93
regenerated_new/7/H/case-100245_JAY_ANNOTATION.png,"[6,2]",7.82
regenerated_new/8/H/case-100245_JAY_ANNOTATION.png,"[14,5]",13.12
regenerated_new/9/H/case-100245_JAY_ANNOTATION.png,"[3,10]",7.53
regenerated_new/13/H/case-100245_JAY_ANNOTATION.png,"[5,14]",11.71
regenerated_new/14/H/case-100245_JAY_ANNOTATION.png,"[14,12]",9.18
regenerated_new/4/H/case-100247_JAY_ANNOTATION.png,"[10,4]",7.58
regenerated_new/5/H/case-100247_JAY_ANNOTATION.png,"[4,12]",9.96
regenerated_new/7/H/case-100247_JAY_ANNOTATION.png,"[4,6]",10.96
regenerated_new/8/H/case-100247_JAY_ANNOTATION.png,"[12,4]",6.94
regenerated_new/9/H/case-100247_JAY_ANNOTATION.png,"[4,12]",9.36
regenerated_new/13/H/case-100247_JAY_ANNOTATION.png,"[14,12]",7.64
regenerated_new/7/H/case-100254_JAY_ANNOTATION.png,"[2,1]",7.59
regenerated_new/8/H/case-100254_JAY_ANNOTATION.png,"[12,10]",19.18
regenerated_new/9/H/case-100254_JAY_ANNOTATION.png,"[4,10]",7.89
regenerated_new/13/H/case-100254_JAY_ANNOTATION.png,"[4,14]",8.2
regenerated_new/4/H/case-100265_JAY_ANNOTATION.png,"[12,3]",9.45
regenerated_new/5/H/case-100265_JAY_ANNOTATION.png,"[5,10]",8.79
regenerated_new/7/H/case-100265_JAY_ANNOTATION.png,"[10,2]",9.4
regenerated_new/8/H/case-100265_JAY_ANNOTATION.png,"[12,4]",8.64
regenerated_new/6/H/case-100304_JAY_ANNOTATION.png,"[4,6]",7.57
regenerated_new/7/H/case-100304_JAY_ANNOTATION.png,"[10,14]",7.94
regenerated_new/8/H/case-100304_JAY_ANNOTATION.png,"[10,12]",8.9
regenerated_new/13/H/case-100304_JAY_ANNOTATION.png,"[14,12]",10.05
regenerated_new/4/H/case-100308_JAY_ANNOTATION.png,"[10,2]",9.65
regenerated_new/5/H/case-100308_JAY_ANNOTATION.png,"[4,2]",9.05
regenerated_new/7/H/case-100308_JAY_ANNOTATION.png,"[4,14]",8.8
regenerated_new/8/H/case-100308_JAY_ANNOTATION.png,"[14,12]",8.06
regenerated_new/13/H/case-100308_JAY_ANNOTATION.png,"[12,4]",7.77
regenerated_new/4/H/case-100359_JAY_ANNOTATION.png,"[4,12]",14.44
regenerated_new/5/H/case-100359_JAY_ANNOTATION.png,"[5,14]",8.32
regenerated_new/6/H/case-100359_JAY_ANNOTATION.png,"[4,6]",9.18
regenerated_new/7/H/case-100359_JAY_ANNOTATION.png,"[2,11]",9.08
regenerated_new/8/H/case-100359_JAY_ANNOTATION.png,"[14,4]",10.69
regenerated_new/4/H/case-100366_JAY_ANNOTATION.png,"[3,4]",8.03
regenerated_new/5/H/case-100366_JAY_ANNOTATION.png,"[4,2]",9.77
regenerated_new/6/H/case-100366_JAY_ANNOTATION.png,"[10,2]",7.93
regenerated_new/7/H/case-100366_JAY_ANNOTATION.png,"[2,1]",9.65
regenerated_new/8/H/case-100366_JAY_ANNOTATION.png,"[14,12]",7.24
regenerated_new/13/H/case-100366_JAY_ANNOTATION.png,"[4,12]",9.12
regenerated_new/5/H/case-100369_JAY_ANNOTATION.png,"[4,12]",11.41
regenerated_new/7/H/case-100369_JAY_ANNOTATION.png,"[4,14]",8.99
regenerated_new/8/H/case-100369_JAY_ANNOTATION.png,"[12,14]",7.03
regenerated_new/9/H/case-100369_JAY_ANNOTATION.png,"[14,11]",13.52
regenerated_new/4/H/case-100371_JAY_ANNOTATION.png,"[5,12]",9.3
regenerated_new/5/H/case-100371_JAY_ANNOTATION.png,"[10,4]",8.04
regenerated_new/7/H/case-100371_JAY_ANNOTATION.png,"[2,6]",8.35
regenerated_new/8/H/case-100371_JAY_ANNOTATION.png,"[12,5]",8.99
regenerated_new/9/H/case-100371_JAY_ANNOTATION.png,"[12,4]",8.64
regenerated_new/13/H/case-100371_JAY_ANNOTATION.png,"[12,5]",8.09
regenerated_new/5/H/case-100515_JAY_ANNOTATION.png,"[4,2]",9.5
regenerated_new/7/H/case-100515_JAY_ANNOTATION.png,"[2,4]",8.33
regenerated_new/8/H/case-100515_JAY_ANNOTATION.png,"[4,12]",8.61
regenerated_new/9/H/case-100515_JAY_ANNOTATION.png,"[14,4]",8.01
regenerated_new/7/H/case-100518_JAY_ANNOTATION.png,"[11,12]",14.12
regenerated_new/8/H/case-100518_JAY_ANNOTATION.png,"[14,4]",10.74
regenerated_new/9/H/case-100518_JAY_ANNOTATION.png,"[4,12]",8.53
regenerated_new/13/H/case-100518_JAY_ANNOTATION.png,"[10,12]",7.51
regenerated_new/4/H/case-100541_JAY_ANNOTATION.png,"[4,2]",9.83
regenerated_new/5/H/case-100541_JAY_ANNOTATION.png,"[4,2]",9.54
regenerated_new/6/H/case-100541_JAY_ANNOTATION.png,"[2,10]",13.54
regenerated_new/8/H/case-100541_JAY_ANNOTATION.png,"[4,12]",7.99
regenerated_new/9/H/case-100541_JAY_ANNOTATION.png,"[4,11]",7.67
regenerated_new/4/H/case-100585_JAY_ANNOTATION.png,"[4,12]",11.35
regenerated_new/6/H/case-100585_JAY_ANNOTATION.png,"[2,10]",8.4
regenerated_new/7/H/case-100585_JAY_ANNOTATION.png,"[12,10]",9.97
regenerated_new/8/H/case-100585_JAY_ANNOTATION.png,"[11,12]",7.76
regenerated_new/13/H/case-100585_JAY_ANNOTATION.png,"[10,12]",9.47
regenerated_new/5/H/case-100591_JAY_ANNOTATION.png,"[14,12]",14.46
regenerated_new/7/H/case-100591_JAY_ANNOTATION.png,"[10,3]",9.25
regenerated_new/8/H/case-100591_JAY_ANNOTATION.png,"[4,14]",8.21
regenerated_new/9/H/case-100591_JAY_ANNOTATION.png,"[14,12]",7.5
regenerated_new/4/H/case-100702_JAY_ANNOTATION.png,"[14,4]",7.79
regenerated_new/8/H/case-100702_JAY_ANNOTATION.png,"[14,12]",7.49
regenerated_new/13/H/case-100702_JAY_ANNOTATION.png,"[14,12]",8.24
regenerated_new/5/H/case-100770_JAY_ANNOTATION.png,"[4,12]",8.69
regenerated_new/7/H/case-100770_JAY_ANNOTATION.png,"[10,12]",9.08
regenerated_new/8/H/case-100770_JAY_ANNOTATION.png,"[10,12]",8.6
regenerated_new/9/H/case-100770_JAY_ANNOTATION.png,"[15,15]",8.36
regenerated_new/13/H/case-100770_JAY_ANNOTATION.png,"[14,12]",8.2
regenerated_new/4/H/case-100779_JAY_ANNOTATION.png,"[5,12]",8.25
regenerated_new/5/H/case-100779_JAY_ANNOTATION.png,"[4,12]",10.2
regenerated_new/7/H/case-100779_JAY_ANNOTATION.png,"[14,12]",9.38
regenerated_new/8/H/case-100779_JAY_ANNOTATION.png,"[4,12]",8.31
regenerated_new/9/H/case-100779_JAY_ANNOTATION.png,"[14,12]",8.22
regenerated_new/13/H/case-100779_JAY_ANNOTATION.png,"[4,12]",8.36
regenerated_new/4/H/case-100863_JAY_ANNOTATION.png,"[11,4]",8.56
regenerated_new/5/H/case-100863_JAY_ANNOTATION.png,"[12,4]",8.86
regenerated_new/6/H/case-100863_JAY_ANNOTATION.png,"[4,12]",7.29
regenerated_new/7/H/case-100863_JAY_ANNOTATION.png,"[3,5]",13.16
regenerated_new/8/H/case-100863_JAY_ANNOTATION.png,"[4,12]",8.77
regenerated_new/9/H/case-100863_JAY_ANNOTATION.png,"[12,4]",10.78
regenerated_new/13/H/case-100863_JAY_ANNOTATION.png,"[14,12]",7.5
regenerated_new/4/H/case-100915_JAY_ANNOTATION.png,"[10,13]",15.98
regenerated_new/7/H/case-100915_JAY_ANNOTATION.png,"[14,5]",7.83
regenerated_new/8/H/case-100915_JAY_ANNOTATION.png,"[12,3]",8.65
regenerated_new/4/H/case-100917_JAY_ANNOTATION.png,"[10,2]",11.98
regenerated_new/5/H/case-100917_JAY_ANNOTATION.png,"[5,10]",13.92
regenerated_new/6/H/case-100917_JAY_ANNOTATION.png,"[11,12]",13.93
regenerated_new/7/H/case-100917_JAY_ANNOTATION.png,"[10,4]",8.14
regenerated_new/8/H/case-100917_JAY_ANNOTATION.png,"[14,4]",8.9
regenerated_new/9/H/case-100917_JAY_ANNOTATION.png,"[10,3]",8.14
regenerated_new/13/H/case-100917_JAY_ANNOTATION.png,"[14,12]",7.64
regenerated_new/4/H/case-101045_JAY_ANNOTATION.png,"[14,4]",9.85
regenerated_new/6/H/case-101045_JAY_ANNOTATION.png,"[14,11]",13.56
regenerated_new/7/H/case-101045_JAY_ANNOTATION.png,"[2,1]",8.1
regenerated_new/8/H/case-101045_JAY_ANNOTATION.png,"[12,5]",11.94
regenerated_new/4/H/case-101074_JAY_ANNOTATION.png,"[14,12]",8.51
regenerated_new/5/H/case-101074_JAY_ANNOTATION.png,"[14,12]",11.27
regenerated_new/6/H/case-101074_JAY_ANNOTATION.png,"[4,6]",17.81
regenerated_new/7/H/case-101074_JAY_ANNOTATION.png,"[6,1]",9.81
regenerated_new/8/H/case-101074_JAY_ANNOTATION.png,"[5,14]",9.86
regenerated_new/4/H/case-101133_JAY_ANNOTATION.png,"[4,2]",8.56
regenerated_new/5/H/case-101133_JAY_ANNOTATION.png,"[4,2]",12.98
regenerated_new/6/H/case-101133_JAY_ANNOTATION.png,"[2,4]",14.59
regenerated_new/7/H/case-101133_JAY_ANNOTATION.png,"[10,2]",8.31
regenerated_new/8/H/case-101133_JAY_ANNOTATION.png,"[13,10]",10.34
regenerated_new/4/H/case-101195_JAY_ANNOTATION.png,"[4,13]",12.26
regenerated_new/7/H/case-101195_JAY_ANNOTATION.png,"[14,5]",8.02
regenerated_new/8/H/case-101195_JAY_ANNOTATION.png,"[12,13]",7.84
regenerated_new/9/H/case-101195_JAY_ANNOTATION.png,"[12,4]",8.05
regenerated_new/13/H/case-101195_JAY_ANNOTATION.png,"[12,3]",13.22
regenerated_new/5/H/case-101206_JAY_ANNOTATION.png,"[4,10]",14.58
regenerated_new/7/H/case-101206_JAY_ANNOTATION.png,"[4,10]",9.16
regenerated_new/8/H/case-101206_JAY_ANNOTATION.png,"[4,14]",7.56
regenerated_new/9/H/case-101206_JAY_ANNOTATION.png,"[14,12]",7.65
regenerated_new/4/H/case-101362_JAY_ANNOTATION.png,"[4,10]",17.44
regenerated_new/7/H/case-101362_JAY_ANNOTATION.png,"[12,10]",10.61
regenerated_new/8/H/case-101362_JAY_ANNOTATION.png,"[10,12]",7.73
regenerated_new/4/H/case-101367_JAY_ANNOTATION.png,"[11,2]",15.09
regenerated_new/7/H/case-101367_JAY_ANNOTATION.png,"[4,12]",15.42
regenerated_new/8/H/case-101367_JAY_ANNOTATION.png,"[10,11]",8.02
regenerated_new/9/H/case-101367_JAY_ANNOTATION.png,"[14,4]",8.62
regenerated_new/13/H/case-101367_JAY_ANNOTATION.png,"[10,4]",13.72
regenerated_new/4/H/case-101409_JAY_ANNOTATION.png,"[5,14]",9.46
regenerated_new/5/H/case-101409_JAY_ANNOTATION.png,"[4,2]",11.47
regenerated_new/8/H/case-101409_JAY_ANNOTATION.png,"[14,12]",8.23
regenerated_new/5/H/case-101413_JAY_ANNOTATION.png,"[5,3]",10.46
regenerated_new/7/H/case-101413_JAY_ANNOTATION.png,"[14,4]",9.18
regenerated_new/8/H/case-101413_JAY_ANNOTATION.png,"[14,4]",8.71
regenerated_new/4/H/case-101447_JAY_ANNOTATION.png,"[10,6]",9.82
regenerated_new/7/H/case-101447_JAY_ANNOTATION.png,"[14,4]",9.29
regenerated_new/8/H/case-101447_JAY_ANNOTATION.png,"[14,12]",8.62
regenerated_new/9/H/case-101447_JAY_ANNOTATION.png,"[5,14]",7.73
regenerated_new/4/H/case-101510_JAY_ANNOTATION.png,"[6,4]",8.92
regenerated_new/6/H/case-101510_JAY_ANNOTATION.png,"[4,14]",6.96
regenerated_new/7/H/case-101510_JAY_ANNOTATION.png,"[6,4]",11.45
regenerated_new/8/H/case-101510_JAY_ANNOTATION.png,"[5,10]",11.75
regenerated_new/9/H/case-101510_JAY_ANNOTATION.png,"[14,12]",8.17
regenerated_new/4/H/case-101540_JAY_ANNOTATION.png,"[4,2]",8.76
regenerated_new/5/H/case-101540_JAY_ANNOTATION.png,"[5,10]",9.37
regenerated_new/6/H/case-101540_JAY_ANNOTATION.png,"[5,6]",12.37
regenerated_new/7/H/case-101540_JAY_ANNOTATION.png,"[2,1]",8.28
regenerated_new/8/H/case-101540_JAY_ANNOTATION.png,"[4,5]",8.45
regenerated_new/13/H/case-101540_JAY_ANNOTATION.png,"[4,2]",13.01
regenerated_new/4/H/case-101581_JAY_ANNOTATION.png,"[10,3]",8.4
regenerated_new/5/H/case-101581_JAY_ANNOTATION.png,"[10,4]",13.98
regenerated_new/6/H/case-101581_JAY_ANNOTATION.png,"[2,1]",10.16
regenerated_new/7/H/case-101581_JAY_ANNOTATION.png,"[2,4]",7.7
regenerated_new/8/H/case-101581_JAY_ANNOTATION.png,"[4,5]",10.28
regenerated_new/9/H/case-101581_JAY_ANNOTATION.png,"[4,3]",8.7
regenerated_new/11/H/case-101581_JAY_ANNOTATION.png,"[4,10]",8.24
regenerated_new/12/H/case-101581_JAY_ANNOTATION.png,"[6,2]",8.36
regenerated_new/14/H/case-101581_JAY_ANNOTATION.png,"[4,2]",9.11
regenerated_new/4/H/case-101599_JAY_ANNOTATION.png,"[4,3]",12.07
regenerated_new/5/H/case-101599_JAY_ANNOTATION.png,"[4,12]",9.17
regenerated_new/7/H/case-101599_JAY_ANNOTATION.png,"[5,4]",10.88
regenerated_new/8/H/case-101599_JAY_ANNOTATION.png,"[4,6]",6.58
regenerated_new/13/H/case-101599_JAY_ANNOTATION.png,"[12,14]",11.14
regenerated_new/4/H/case-101625_JAY_ANNOTATION.png,"[6,10]",9.89
regenerated_new/6/H/case-101625_JAY_ANNOTATION.png,"[5,6]",9.74
regenerated_new/7/H/case-101625_JAY_ANNOTATION.png,"[12,4]",8.25
regenerated_new/8/H/case-101625_JAY_ANNOTATION.png,"[4,10]",17.09
regenerated_new/9/H/case-101625_JAY_ANNOTATION.png,"[12,5]",8.71
regenerated_new/4/H/case-101641_JAY_ANNOTATION.png,"[5,6]",13.01
regenerated_new/5/H/case-101641_JAY_ANNOTATION.png,"[10,14]",8.43
regenerated_new/7/H/case-101641_JAY_ANNOTATION.png,"[4,2]",8.69
regenerated_new/8/H/case-101641_JAY_ANNOTATION.png,"[12,13]",7.21
regenerated_new/13/H/case-101641_JAY_ANNOTATION.png,"[4,14]",10.15
regenerated_new/7/H/case-101857_JAY_ANNOTATION.png,"[14,5]",8.0
regenerated_new/8/H/case-101857_JAY_ANNOTATION.png,"[14,12]",8.79
regenerated_new/4/H/case-101860_JAY_ANNOTATION.png,"[5,14]",7.73
regenerated_new/5/H/case-101860_JAY_ANNOTATION.png,"[10,12]",9.5
regenerated_new/7/H/case-101860_JAY_ANNOTATION.png,"[4,2]",11.71
regenerated_new/8/H/case-101860_JAY_ANNOTATION.png,"[4,14]",9.15
regenerated_new/9/H/case-101860_JAY_ANNOTATION.png,"[12,10]",13.49
regenerated_new/4/H/case-101885_JAY_ANNOTATION.png,"[14,5]",9.4
regenerated_new/5/H/case-101885_JAY_ANNOTATION.png,"[6,4]",11.47
regenerated_new/7/H/case-101885_JAY_ANNOTATION.png,"[4,2]",8.89
regenerated_new/8/H/case-101885_JAY_ANNOTATION.png,"[10,4]",9.55
regenerated_new/9/H/case-101885_JAY_ANNOTATION.png,"[12,10]",8.9
regenerated_new/4/H/case-101937_JAY_ANNOTATION.png,"[4,10]",8.69
regenerated_new/6/H/case-101937_JAY_ANNOTATION.png,"[11,10]",11.69
regenerated_new/7/H/case-101937_JAY_ANNOTATION.png,"[10,14]",7.96
regenerated_new/8/H/case-101937_JAY_ANNOTATION.png,"[5,14]",9.86
regenerated_new/9/H/case-101937_JAY_ANNOTATION.png,"[5,3]",18.11
regenerated_new/4/H/case-101940_JAY_ANNOTATION.png,"[2,11]",9.5
regenerated_new/5/H/case-101940_JAY_ANNOTATION.png,"[5,14]",9.01
regenerated_new/7/H/case-101940_JAY_ANNOTATION.png,"[2,10]",8.6
regenerated_new/8/H/case-101940_JAY_ANNOTATION.png,"[14,4]",8.83
regenerated_new/13/H/case-101940_JAY_ANNOTATION.png,"[4,12]",7.37
regenerated_new/4/H/case-101982_JAY_ANNOTATION.png,"[4,2]",12.06
regenerated_new/5/H/case-101982_JAY_ANNOTATION.png,"[14,5]",7.29
regenerated_new/7/H/case-101982_JAY_ANNOTATION.png,"[6,10]",11.77
regenerated_new/8/H/case-101982_JAY_ANNOTATION.png,"[3,14]",11.57
regenerated_new/9/H/case-101982_JAY_ANNOTATION.png,"[14,4]",10.08
regenerated_new/4/H/case-102010_JAY_ANNOTATION.png,"[4,2]",9.32
regenerated_new/5/H/case-102010_JAY_ANNOTATION.png,"[4,12]",8.97
regenerated_new/8/H/case-102010_JAY_ANNOTATION.png,"[14,10]",8.77
regenerated_new/9/H/case-102010_JAY_ANNOTATION.png,"[4,14]",9.02
regenerated_new/13/H/case-102010_JAY_ANNOTATION.png,"[4,12]",10.24
regenerated_new/5/H/case-102041_JAY_ANNOTATION.png,"[14,10]",9.31
regenerated_new/7/H/case-102041_JAY_ANNOTATION.png,"[2,10]",9.92
regenerated_new/8/H/case-102041_JAY_ANNOTATION.png,"[14,12]",9.18
regenerated_new/13/H/case-102041_JAY_ANNOTATION.png,"[14,12]",10.21
regenerated_new/4/H/case-102093_JAY_ANNOTATION.png,"[4,11]",10.72
regenerated_new/7/H/case-102093_JAY_ANNOTATION.png,"[2,10]",8.4
regenerated_new/8/H/case-102093_JAY_ANNOTATION.png,"[12,4]",16.84
regenerated_new/9/H/case-102093_JAY_ANNOTATION.png,"[14,12]",10.21
regenerated_new/13/H/case-102093_JAY_ANNOTATION.png,"[14,12]",7.48
regenerated_new/4/H/case-102157_JAY_ANNOTATION.png,"[11,5]",9.76
regenerated_new/5/H/case-102157_JAY_ANNOTATION.png,"[4,2]",7.4
regenerated_new/7/H/case-102157_JAY_ANNOTATION.png,"[2,4]",13.4
regenerated_new/8/H/case-102157_JAY_ANNOTATION.png,"[12,4]",12.63
regenerated_new/9/H/case-102157_JAY_ANNOTATION.png,"[12,2]",9.7
regenerated_new/13/H/case-102157_JAY_ANNOTATION.png,"[12,13]",14.03
regenerated_new/5/H/case-102183_JAY_ANNOTATION.png,"[12,4]",8.17
regenerated_new/7/H/case-102183_JAY_ANNOTATION.png,"[10,3]",9.33
regenerated_new/8/H/case-102183_JAY_ANNOTATION.png,"[14,12]",7.51
regenerated_new/9/H/case-102183_JAY_ANNOTATION.png,"[12,5]",8.57
regenerated_new/13/H/case-102183_JAY_ANNOTATION.png,"[10,12]",9.88
regenerated_new/4/H/case-102224_JAY_ANNOTATION.png,"[4,12]",7.71
regenerated_new/7/H/case-102224_JAY_ANNOTATION.png,"[4,12]",6.55
regenerated_new/8/H/case-102224_JAY_ANNOTATION.png,"[14,5]",7.89
regenerated_new/9/H/case-102224_JAY_ANNOTATION.png,"[14,12]",9.03
regenerated_new/13/H/case-102224_JAY_ANNOTATION.png,"[12,4]",10.68
regenerated_new/6/H/case-102308_JAY_ANNOTATION.png,"[14,4]",8.12
regenerated_new/7/H/case-102308_JAY_ANNOTATION.png,"[4,2]",8.36
regenerated_new/8/H/case-102308_JAY_ANNOTATION.png,"[14,12]",8.61
regenerated_new/9/H/case-102308_JAY_ANNOTATION.png,"[12,4]",7.51
regenerated_new/4/H/case-102321_JAY_ANNOTATION.png,"[4,11]",8.86
regenerated_new/5/H/case-102321_JAY_ANNOTATION.png,"[4,14]",9.05
regenerated_new/6/H/case-102321_JAY_ANNOTATION.png,"[10,5]",8.5
regenerated_new/7/H/case-102321_JAY_ANNOTATION.png,"[10,13]",10.11
regenerated_new/8/H/case-102321_JAY_ANNOTATION.png,"[14,4]",8.26
regenerated_new/9/H/case-102321_JAY_ANNOTATION.png,"[14,12]",7.5
regenerated_new/13/H/case-102321_JAY_ANNOTATION.png,"[14,10]",12.1
regenerated_new/4/H/case-102367_JAY_ANNOTATION.png,"[3,12]",8.15
regenerated_new/5/H/case-102367_JAY_ANNOTATION.png,"[5,12]",8.37
regenerated_new/7/H/case-102367_JAY_ANNOTATION.png,"[2,4]",9.61
regenerated_new/8/H/case-102367_JAY_ANNOTATION.png,"[10,12]",8.46
regenerated_new/14/H/case-102367_JAY_ANNOTATION.png,"[10,11]",9.42
regenerated_new/7/H/case-102388_JAY_ANNOTATION.png,"[6,4]",10.65
regenerated_new/8/H/case-102388_JAY_ANNOTATION.png,"[3,12]",8.5
regenerated_new/9/H/case-102388_JAY_ANNOTATION.png,"[10,14]",7.96
regenerated_new/4/H/case-104754_JAY_ANNOTATION.png,"[4,10]",8.66
regenerated_new/6/H/case-104754_JAY_ANNOTATION.png,"[2,10]",7.57
regenerated_new/7/H/case-104754_JAY_ANNOTATION.png,"[4,2]",10.05
regenerated_new/8/H/case-104754_JAY_ANNOTATION.png,"[10,12]",7.25
regenerated_new/9/H/case-104754_JAY_ANNOTATION.png,"[12,4]",8.21
regenerated_new/13/H/case-104754_JAY_ANNOTATION.png,"[4,14]",8.62
regenerated_new/4/H/case-104780_JAY_ANNOTATION.png,"[4,14]",8.97
regenerated_new/7/H/case-104780_JAY_ANNOTATION.png,"[2,1]",6.31
regenerated_new/8/H/case-104780_JAY_ANNOTATION.png,"[12,4]",8.17
regenerated_new/9/H/case-104780_JAY_ANNOTATION.png,"[14,12]",8.44
regenerated_new/13/H/case-104780_JAY_ANNOTATION.png,"[4,12]",8.47
regenerated_new/4/H/case-104842_JAY_ANNOTATION.png,"[4,12]",10.57
regenerated_new/5/H/case-104842_JAY_ANNOTATION.png,"[10,12]",8.4
regenerated_new/6/H/case-104842_JAY_ANNOTATION.png,"[4,11]",12.8
regenerated_new/7/H/case-104842_JAY_ANNOTATION.png,"[2,4]",9.48
regenerated_new/8/H/case-104842_JAY_ANNOTATION.png,"[14,12]",7.48
regenerated_new/13/H/case-104842_JAY_ANNOTATION.png,"[14,12]",12.8
regenerated_new/4/H/case-104941_JAY_ANNOTATION.png,"[4,13]",7.28
regenerated_new/7/H/case-104941_JAY_ANNOTATION.png,"[11,10]",7.94
regenerated_new/8/H/case-104941_JAY_ANNOTATION.png,"[5,4]",8.54
regenerated_new/9/H/case-104941_JAY_ANNOTATION.png,"[14,12]",8.24
regenerated_new/4/H/case-104979_JAY_ANNOTATION.png,"[4,2]",11.97
regenerated_new/7/H/case-104979_JAY_ANNOTATION.png,"[4,12]",8.9
regenerated_new/8/H/case-104979_JAY_ANNOTATION.png,"[10,4]",16.0
regenerated_new/9/H/case-104979_JAY_ANNOTATION.png,"[6,12]",12.01
regenerated_new/13/H/case-104979_JAY_ANNOTATION.png,"[4,12]",9.1
regenerated_new/4/H/case-104990_JAY_ANNOTATION.png,"[12,4]",9.55
regenerated_new/5/H/case-104990_JAY_ANNOTATION.png,"[10,4]",18.22
regenerated_new/7/H/case-104990_JAY_ANNOTATION.png,"[1,2]",7.19
regenerated_new/8/H/case-104990_JAY_ANNOTATION.png,"[4,5]",9.3
regenerated_new/9/H/case-104990_JAY_ANNOTATION.png,"[14,5]",8.5
regenerated_new/4/H/case-105035_JAY_ANNOTATION.png,"[5,2]",8.85
regenerated_new/6/H/case-105035_JAY_ANNOTATION.png,"[2,14]",8.44
regenerated_new/7/H/case-105035_JAY_ANNOTATION.png,"[4,10]",9.22
regenerated_new/8/H/case-105035_JAY_ANNOTATION.png,"[12,5]",7.16
regenerated_new/9/H/case-105035_JAY_ANNOTATION.png,"[12,4]",7.87
regenerated_new/13/H/case-105035_JAY_ANNOTATION.png,"[10,12]",8.86
regenerated_new/4/H/case-105051_JAY_ANNOTATION.png,"[12,14]",9.46
regenerated_new/5/H/case-105051_JAY_ANNOTATION.png,"[10,4]",7.95
regenerated_new/6/H/case-105051_JAY_ANNOTATION.png,"[3,12]",8.59
regenerated_new/8/H/case-105051_JAY_ANNOTATION.png,"[14,5]",9.36
regenerated_new/4/H/case-105171_JAY_ANNOTATION.png,"[4,11]",10.12
regenerated_new/5/H/case-105171_JAY_ANNOTATION.png,"[4,2]",10.52
regenerated_new/7/H/case-105171_JAY_ANNOTATION.png,"[4,12]",8.67
regenerated_new/8/H/case-105171_JAY_ANNOTATION.png,"[4,12]",7.71
regenerated_new/13/H/case-105171_JAY_ANNOTATION.png,"[4,12]",9.03
regenerated_new/5/H/case-105177_JAY_ANNOTATION.png,"[4,2]",14.98
regenerated_new/7/H/case-105177_JAY_ANNOTATION.png,"[6,2]",9.38
regenerated_new/8/H/case-105177_JAY_ANNOTATION.png,"[4,2]",9.37
regenerated_new/7/H/case-105234_JAY_ANNOTATION.png,"[4,6]",8.85
regenerated_new/8/H/case-105234_JAY_ANNOTATION.png,"[4,14]",7.74
regenerated_new/9/H/case-105234_JAY_ANNOTATION.png,"[14,12]",7.5
regenerated_new/13/H/case-105234_JAY_ANNOTATION.png,"[11,14]",9.96
regenerated_new/4/H/case-105246_JAY_ANNOTATION.png,"[2,11]",13.84
regenerated_new/5/H/case-105246_JAY_ANNOTATION.png,"[4,14]",12.88
regenerated_new/7/H/case-105246_JAY_ANNOTATION.png,"[4,11]",9.4
regenerated_new/8/H/case-105246_JAY_ANNOTATION.png,"[14,12]",8.05
regenerated_new/5/H/case-105257_JAY_ANNOTATION.png,"[10,12]",9.21
regenerated_new/6/H/case-105257_JAY_ANNOTATION.png,"[14,3]",9.51
regenerated_new/7/H/case-105257_JAY_ANNOTATION.png,"[6,4]",9.29
regenerated_new/8/H/case-105257_JAY_ANNOTATION.png,"[12,4]",8.24
regenerated_new/9/H/case-105257_JAY_ANNOTATION.png,"[4,2]",11.98
regenerated_new/13/H/case-105257_JAY_ANNOTATION.png,"[10,12]",8.87
regenerated_new/6/H/case-105288_JAY_ANNOTATION.png,"[2,4]",8.98
regenerated_new/7/H/case-105288_JAY_ANNOTATION.png,"[11,6]",9.72
regenerated_new/8/H/case-105288_JAY_ANNOTATION.png,"[14,11]",8.26
regenerated_new/9/H/case-105288_JAY_ANNOTATION.png,"[10,11]",8.92
regenerated_new/13/H/case-105288_JAY_ANNOTATION.png,"[4,14]",7.57
regenerated_new/4/H/case-105318_JAY_ANNOTATION.png,"[6,3]",9.92
regenerated_new/5/H/case-105318_JAY_ANNOTATION.png,"[14,4]",9.21
regenerated_new/6/H/case-105318_JAY_ANNOTATION.png,"[3,14]",10.95
regenerated_new/7/H/case-105318_JAY_ANNOTATION.png,"[10,12]",7.97
regenerated_new/8/H/case-105318_JAY_ANNOTATION.png,"[14,5]",7.65
regenerated_new/9/H/case-105318_JAY_ANNOTATION.png,"[10,5]",11.31
regenerated_new/4/H/case-105476_JAY_ANNOTATION.png,"[10,12]",8.28
regenerated_new/5/H/case-105476_JAY_ANNOTATION.png,"[11,12]",14.2
regenerated_new/7/H/case-105476_JAY_ANNOTATION.png,"[2,10]",9.83
regenerated_new/8/H/case-105476_JAY_ANNOTATION.png,"[14,12]",7.82
regenerated_new/9/H/case-105476_JAY_ANNOTATION.png,"[4,14]",9.45
regenerated_new/4/H/case-105567_JAY_ANNOTATION.png,"[3,5]",8.85
regenerated_new/5/H/case-105567_JAY_ANNOTATION.png,"[2,10]",14.99
regenerated_new/7/H/case-105567_JAY_ANNOTATION.png,"[14,3]",9.54
regenerated_new/8/H/case-105567_JAY_ANNOTATION.png,"[12,4]",9.8
regenerated_new/4/H/case-105579_JAY_ANNOTATION.png,"[12,4]",7.3
regenerated_new/5/H/case-105579_JAY_ANNOTATION.png,"[10,4]",11.71
regenerated_new/6/H/case-105579_JAY_ANNOTATION.png,"[4,6]",17.86
regenerated_new/7/H/case-105579_JAY_ANNOTATION.png,"[11,2]",11.23
regenerated_new/8/H/case-105579_JAY_ANNOTATION.png,"[12,4]",6.7
regenerated_new/9/H/case-105579_JAY_ANNOTATION.png,"[12,4]",8.21
regenerated_new/13/H/case-105579_JAY_ANNOTATION.png,"[4,2]",16.67
regenerated_new/7/H/case-105586_JAY_ANNOTATION.png,"[14,3]",15.86
regenerated_new/8/H/case-105586_JAY_ANNOTATION.png,"[12,4]",7.05
regenerated_new/4/H/case-105592_JAY_ANNOTATION.png,"[4,12]",9.06
regenerated_new/6/H/case-105592_JAY_ANNOTATION.png,"[3,2]",8.05
regenerated_new/7/H/case-105592_JAY_ANNOTATION.png,"[10,5]",7.7
regenerated_new/8/H/case-105592_JAY_ANNOTATION.png,"[12,4]",14.51
regenerated_new/5/H/case-105597_JAY_ANNOTATION.png,"[11,12]",9.96
regenerated_new/7/H/case-105597_JAY_ANNOTATION.png,"[4,6]",10.43
regenerated_new/8/H/case-105597_JAY_ANNOTATION.png,"[4,9]",7.47
regenerated_new/9/H/case-105597_JAY_ANNOTATION.png,"[14,12]",7.21
regenerated_new/13/H/case-105597_JAY_ANNOTATION.png,"[12,4]",19.04
regenerated_new/7/H/case-105602_JAY_ANNOTATION.png,"[4,2]",8.83
regenerated_new/8/H/case-105602_JAY_ANNOTATION.png,"[12,4]",8.33
regenerated_new/9/H/case-105602_JAY_ANNOTATION.png,"[5,14]",7.88
regenerated_new/5/H/case-105681_JAY_ANNOTATION.png,"[4,14]",8.22
regenerated_new/6/H/case-105681_JAY_ANNOTATION.png,"[2,14]",8.38
regenerated_new/7/H/case-105681_JAY_ANNOTATION.png,"[14,5]",7.93
regenerated_new/8/H/case-105681_JAY_ANNOTATION.png,"[14,4]",10.55
regenerated_new/13/H/case-105681_JAY_ANNOTATION.png,"[4,2]",10.26
regenerated_new/4/H/case-105704_JAY_ANNOTATION.png,"[4,12]",9.56
regenerated_new/5/H/case-105704_JAY_ANNOTATION.png,"[5,10]",9.78
regenerated_new/7/H/case-105704_JAY_ANNOTATION.png,"[14,6]",7.67
regenerated_new/8/H/case-105704_JAY_ANNOTATION.png,"[10,12]",8.68
regenerated_new/9/H/case-105704_JAY_ANNOTATION.png,"[4,12]",11.87
regenerated_new/13/H/case-105704_JAY_ANNOTATION.png,"[14,3]",7.67
regenerated_new/5/H/case-105817_JAY_ANNOTATION.png,"[15,15]",25.38
regenerated_new/7/H/case-105817_JAY_ANNOTATION.png,"[4,2]",9.1
regenerated_new/8/H/case-105817_JAY_ANNOTATION.png,"[12,3]",11.17
regenerated_new/13/H/case-105817_JAY_ANNOTATION.png,"[14,12]",11.28
regenerated_new/4/H/case-105839_JAY_ANNOTATION.png,"[4,11]",11.61
regenerated_new/5/H/case-105839_JAY_ANNOTATION.png,"[4,2]",12.79
regenerated_new/7/H/case-105839_JAY_ANNOTATION.png,"[2,4]",18.66
regenerated_new/8/H/case-105839_JAY_ANNOTATION.png,"[4,12]",8.11
regenerated_new/9/H/case-105839_JAY_ANNOTATION.png,"[4,2]",8.26
regenerated_new/5/H/case-105862_JAY_ANNOTATION.png,"[4,12]",8.98
regenerated_new/7/H/case-105862_JAY_ANNOTATION.png,"[2,11]",9.27
regenerated_new/8/H/case-105862_JAY_ANNOTATION.png,"[12,4]",7.56
regenerated_new/9/H/case-105862_JAY_ANNOTATION.png,"[10,11]",11.39
regenerated_new/13/H/case-105862_JAY_ANNOTATION.png,"[14,12]",7.66
regenerated_new/4/H/case-105915_JAY_ANNOTATION.png,"[5,10]",11.08
regenerated_new/5/H/case-105915_JAY_ANNOTATION.png,"[14,4]",8.82
regenerated_new/6/H/case-105915_JAY_ANNOTATION.png,"[4,10]",9.42
regenerated_new/7/H/case-105915_JAY_ANNOTATION.png,"[4,12]",7.5
regenerated_new/8/H/case-105915_JAY_ANNOTATION.png,"[12,11]",8.1
regenerated_new/9/H/case-105915_JAY_ANNOTATION.png,"[14,4]",9.35
regenerated_new/4/H/case-106012_JAY_ANNOTATION.png,"[3,10]",9.84
regenerated_new/5/H/case-106012_JAY_ANNOTATION.png,"[4,2]",8.87
regenerated_new/7/H/case-106012_JAY_ANNOTATION.png,"[10,4]",10.76
regenerated_new/8/H/case-106012_JAY_ANNOTATION.png,"[14,12]",7.45
regenerated_new/9/H/case-106012_JAY_ANNOTATION.png,"[14,12]",7.56
regenerated_new/4/H/case-106016_JAY_ANNOTATION.png,"[10,14]",9.2
regenerated_new/5/H/case-106016_JAY_ANNOTATION.png,"[10,4]",10.23
regenerated_new/7/H/case-106016_JAY_ANNOTATION.png,"[5,10]",8.79
regenerated_new/8/H/case-106016_JAY_ANNOTATION.png,"[10,12]",7.74
regenerated_new/9/H/case-106016_JAY_ANNOTATION.png,"[11,4]",9.47
regenerated_new/13/H/case-106016_JAY_ANNOTATION.png,"[4,14]",7.59
regenerated_new/4/H/case-106081_JAY_ANNOTATION.png,"[15,15]",8.4
regenerated_new/6/H/case-106081_JAY_ANNOTATION.png,"[4,14]",8.85
regenerated_new/7/H/case-106081_JAY_ANNOTATION.png,"[5,12]",6.74
regenerated_new/8/H/case-106081_JAY_ANNOTATION.png,"[14,4]",11.26
regenerated_new/9/H/case-106081_JAY_ANNOTATION.png,"[4,12]",7.19
regenerated_new/13/H/case-106081_JAY_ANNOTATION.png,"[4,14]",7.4
regenerated_new/4/H/case-106101_JAY_ANNOTATION.png,"[4,12]",9.92
regenerated_new/5/H/case-106101_JAY_ANNOTATION.png,"[10,12]",9.66
regenerated_new/6/H/case-106101_JAY_ANNOTATION.png,"[6,4]",10.68
regenerated_new/7/H/case-106101_JAY_ANNOTATION.png,"[2,4]",9.62
regenerated_new/8/H/case-106101_JAY_ANNOTATION.png,"[12,14]",8.89
regenerated_new/4/H/case-106127_JAY_ANNOTATION.png,"[10,4]",9.66
regenerated_new/5/H/case-106127_JAY_ANNOTATION.png,"[4,2]",12.99
regenerated_new/6/H/case-106127_JAY_ANNOTATION.png,"[15,15]",17.31
regenerated_new/7/H/case-106127_JAY_ANNOTATION.png,"[4,12]",9.05
regenerated_new/8/H/case-106127_JAY_ANNOTATION.png,"[4,5]",9.41
regenerated_new/9/H/case-106127_JAY_ANNOTATION.png,"[12,10]",9.11
regenerated_new/13/H/case-106127_JAY_ANNOTATION.png,"[10,12]",11.32
regenerated_new/6/H/case-106139_JAY_ANNOTATION.png,"[4,12]",7.6
regenerated_new/7/H/case-106139_JAY_ANNOTATION.png,"[14,4]",9.41
regenerated_new/8/H/case-106139_JAY_ANNOTATION.png,"[14,4]",7.3
regenerated_new/13/H/case-106139_JAY_ANNOTATION.png,"[4,10]",12.81
regenerated_new/14/H/case-106139_JAY_ANNOTATION.png,"[4,14]",7.07
regenerated_new/4/H/case-106141_JAY_ANNOTATION.png,"[12,14]",8.79
regenerated_new/7/H/case-106141_JAY_ANNOTATION.png,"[2,4]",9.76
regenerated_new/8/H/case-106141_JAY_ANNOTATION.png,"[14,12]",7.34
regenerated_new/9/H/case-106141_JAY_ANNOTATION.png,"[14,12]",8.52
regenerated_new/13/H/case-106141_JAY_ANNOTATION.png,"[11,4]",8.3
regenerated_new/4/H/case-106157_JAY_ANNOTATION.png,"[10,2]",9.62
regenerated_new/5/H/case-106157_JAY_ANNOTATION.png,"[4,3]",7.96
regenerated_new/6/H/case-106157_JAY_ANNOTATION.png,"[4,11]",8.92
regenerated_new/7/H/case-106157_JAY_ANNOTATION.png,"[2,11]",13.11
regenerated_new/8/H/case-106157_JAY_ANNOTATION.png,"[10,11]",10.63
regenerated_new/9/H/case-106157_JAY_ANNOTATION.png,"[14,4]",7.96
regenerated_new/13/H/case-106157_JAY_ANNOTATION.png,"[4,10]",10.83
regenerated_new/4/H/case-106172_JAY_ANNOTATION.png,"[6,12]",9.21
regenerated_new/6/H/case-106172_JAY_ANNOTATION.png,"[2,10]",7.76
regenerated_new/7/H/case-106172_JAY_ANNOTATION.png,"[3,10]",11.54
regenerated_new/8/H/case-106172_JAY_ANNOTATION.png,"[4,13]",7.15
regenerated_new/9/H/case-106172_JAY_ANNOTATION.png,"[14,12]",8.25
regenerated_new/4/H/case-106301_JAY_ANNOTATION.png,"[4,2]",10.07
regenerated_new/5/H/case-106301_JAY_ANNOTATION.png,"[14,4]",9.78
regenerated_new/7/H/case-106301_JAY_ANNOTATION.png,"[4,6]",7.01
regenerated_new/8/H/case-106301_JAY_ANNOTATION.png,"[10,4]",9.35
regenerated_new/9/H/case-106301_JAY_ANNOTATION.png,"[12,13]",7.32
regenerated_new/13/H/case-106301_JAY_ANNOTATION.png,"[4,14]",7.38
regenerated_new/5/H/case-106371_JAY_ANNOTATION.png,"[10,14]",10.25
regenerated_new/6/H/case-106371_JAY_ANNOTATION.png,"[4,2]",10.2
regenerated_new/7/H/case-106371_JAY_ANNOTATION.png,"[5,2]",9.46
regenerated_new/8/H/case-106371_JAY_ANNOTATION.png,"[14,4]",10.64
regenerated_new/13/H/case-106371_JAY_ANNOTATION.png,"[14,12]",8.28
regenerated_new/4/H/case-106374_JAY_ANNOTATION.png,"[4,14]",10.65
regenerated_new/5/H/case-106374_JAY_ANNOTATION.png,"[4,12]",13.55
regenerated_new/7/H/case-106374_JAY_ANNOTATION.png,"[4,10]",9.76
regenerated_new/8/H/case-106374_JAY_ANNOTATION.png,"[14,12]",10.43
regenerated_new/4/H/case-106456_JAY_ANNOTATION.png,"[6,11]",11.01
regenerated_new/5/H/case-106456_JAY_ANNOTATION.png,"[3,14]",15.88
regenerated_new/6/H/case-106456_JAY_ANNOTATION.png,"[2,10]",8.56
regenerated_new/7/H/case-106456_JAY_ANNOTATION.png,"[11,14]",10.13
regenerated_new/8/H/case-106456_JAY_ANNOTATION.png,"[14,10]",7.11
regenerated_new/9/H/case-106456_JAY_ANNOTATION.png,"[10,12]",10.11
regenerated_new/13/H/case-106456_JAY_ANNOTATION.png,"[12,14]",9.61
regenerated_new/4/H/case-106464_JAY_ANNOTATION.png,"[3,2]",9.51
regenerated_new/7/H/case-106464_JAY_ANNOTATION.png,"[10,11]",9.32
regenerated_new/8/H/case-106464_JAY_ANNOTATION.png,"[10,12]",7.76
regenerated_new/9/H/case-106464_JAY_ANNOTATION.png,"[4,5]",12.76
regenerated_new/4/H/case-106541_JAY_ANNOTATION.png,"[10,12]",9.57
regenerated_new/5/H/case-106541_JAY_ANNOTATION.png,"[12,4]",9.35
regenerated_new/7/H/case-106541_JAY_ANNOTATION.png,"[14,6]",10.67
regenerated_new/8/H/case-106541_JAY_ANNOTATION.png,"[14,12]",7.42
regenerated_new/4/H/case-106569_JAY_ANNOTATION.png,"[11,2]",8.34
regenerated_new/5/H/case-106569_JAY_ANNOTATION.png,"[11,12]",9.41
regenerated_new/7/H/case-106569_JAY_ANNOTATION.png,"[11,2]",18.67
regenerated_new/8/H/case-106569_JAY_ANNOTATION.png,"[4,12]",9.57
regenerated_new/9/H/case-106569_JAY_ANNOTATION.png,"[12,14]",12.92
regenerated_new/13/H/case-106569_JAY_ANNOTATION.png,"[11,12]",7.65
regenerated_new/4/H/case-106811_JAY_ANNOTATION.png,"[10,3]",12.3
regenerated_new/7/H/case-106811_JAY_ANNOTATION.png,"[5,3]",9.74
regenerated_new/8/H/case-106811_JAY_ANNOTATION.png,"[12,4]",12.42
regenerated_new/13/H/case-106811_JAY_ANNOTATION.png,"[14,4]",7.65
regenerated_new/4/H/case-106835_JAY_ANNOTATION.png,"[4,12]",9.05
regenerated_new/6/H/case-106835_JAY_ANNOTATION.png,"[5,14]",14.27
regenerated_new/7/H/case-106835_JAY_ANNOTATION.png,"[10,4]",7.99
regenerated_new/8/H/case-106835_JAY_ANNOTATION.png,"[14,11]",10.62
regenerated_new/9/H/case-106835_JAY_ANNOTATION.png,"[4,14]",8.19
regenerated_new/13/H/case-106835_JAY_ANNOTATION.png,"[14,5]",12.71
regenerated_new/4/H/case-106856_JAY_ANNOTATION.png,"[14,5]",8.03
regenerated_new/7/H/case-106856_JAY_ANNOTATION.png,"[4,14]",9.07
regenerated_new/8/H/case-106856_JAY_ANNOTATION.png,"[3,14]",11.53
regenerated_new/14/H/case-106856_JAY_ANNOTATION.png,"[4,10]",16.94
regenerated_new/6/H/case-106882_JAY_ANNOTATION.png,"[2,10]",8.87
regenerated_new/7/H/case-106882_JAY_ANNOTATION.png,"[2,4]",8.08
regenerated_new/8/H/case-106882_JAY_ANNOTATION.png,"[5,14]",9.87
regenerated_new/9/H/case-106882_JAY_ANNOTATION.png,"[14,12]",8.26
regenerated_new/13/H/case-106882_JAY_ANNOTATION.png,"[4,14]",8.13
regenerated_new/4/H/case-106963_JAY_ANNOTATION.png,"[4,2]",8.27
regenerated_new/6/H/case-106963_JAY_ANNOTATION.png,"[4,12]",7.47
regenerated_new/7/H/case-106963_JAY_ANNOTATION.png,"[11,4]",8.61
regenerated_new/8/H/case-106963_JAY_ANNOTATION.png,"[4,14]",10.71
regenerated_new/13/H/case-106963_JAY_ANNOTATION.png,"[4,2]",7.24
regenerated_new/14/H/case-106963_JAY_ANNOTATION.png,"[12,14]",7.18
regenerated_new/7/H/case-106973_JAY_ANNOTATION.png,"[1,2]",9.59
regenerated_new/8/H/case-106973_JAY_ANNOTATION.png,"[14,12]",7.49
regenerated_new/9/H/case-106973_JAY_ANNOTATION.png,"[14,12]",9.2
regenerated_new/13/H/case-106973_JAY_ANNOTATION.png,"[14,12]",7.69
regenerated_new/4/H/case-106991_JAY_ANNOTATION.png,"[4,12]",13.08
regenerated_new/7/H/case-106991_JAY_ANNOTATION.png,"[4,14]",11.59
regenerated_new/8/H/case-106991_JAY_ANNOTATION.png,"[14,12]",8.04
regenerated_new/9/H/case-106991_JAY_ANNOTATION.png,"[4,10]",8.52
regenerated_new/13/H/case-106991_JAY_ANNOTATION.png,"[14,12]",8.24
regenerated_new/4/H/case-107068_JAY_ANNOTATION.png,"[4,12]",12.22
regenerated_new/7/H/case-107068_JAY_ANNOTATION.png,"[4,10]",11.48
regenerated_new/8/H/case-107068_JAY_ANNOTATION.png,"[12,13]",7.5
regenerated_new/4/H/case-107184_JAY_ANNOTATION.png,"[4,2]",7.95
regenerated_new/5/H/case-107184_JAY_ANNOTATION.png,"[4,14]",9.33
regenerated_new/7/H/case-107184_JAY_ANNOTATION.png,"[4,10]",11.83
regenerated_new/8/H/case-107184_JAY_ANNOTATION.png,"[14,12]",7.27
regenerated_new/9/H/case-107184_JAY_ANNOTATION.png,"[2,12]",8.18
regenerated_new/4/H/case-107267_JAY_ANNOTATION.png,"[4,12]",9.86
regenerated_new/5/H/case-107267_JAY_ANNOTATION.png,"[11,12]",11.46
regenerated_new/7/H/case-107267_JAY_ANNOTATION.png,"[5,12]",8.57
regenerated_new/8/H/case-107267_JAY_ANNOTATION.png,"[14,12]",8.08
regenerated_new/9/H/case-107267_JAY_ANNOTATION.png,"[4,14]",8.38
regenerated_new/13/H/case-107267_JAY_ANNOTATION.png,"[14,12]",9.46
regenerated_new/4/H/case-107296_JAY_ANNOTATION.png,"[4,14]",8.31
regenerated_new/7/H/case-107296_JAY_ANNOTATION.png,"[4,10]",8.72
regenerated_new/8/H/case-107296_JAY_ANNOTATION.png,"[4,14]",9.07
regenerated_new/13/H/case-107296_JAY_ANNOTATION.png,"[12,4]",9.0
regenerated_new/7/H/case-110146_JAY_ANNOTATION.png,"[11,4]",9.58
regenerated_new/8/H/case-110146_JAY_ANNOTATION.png,"[14,4]",10.75
regenerated_new/4/H/case-110184_JAY_ANNOTATION.png,"[14,4]",9.25
regenerated_new/5/H/case-110184_JAY_ANNOTATION.png,"[10,11]",9.39
regenerated_new/7/H/case-110184_JAY_ANNOTATION.png,"[4,2]",10.37
regenerated_new/8/H/case-110184_JAY_ANNOTATION.png,"[11,3]",11.38
regenerated_new/9/H/case-110184_JAY_ANNOTATION.png,"[2,4]",13.96
regenerated_new/13/H/case-110184_JAY_ANNOTATION.png,"[10,12]",8.86
regenerated_new/4/H/case-110307_JAY_ANNOTATION.png,"[4,11]",7.38
regenerated_new/5/H/case-110307_JAY_ANNOTATION.png,"[6,14]",9.19
regenerated_new/6/H/case-110307_JAY_ANNOTATION.png,"[5,12]",11.55
regenerated_new/7/H/case-110307_JAY_ANNOTATION.png,"[6,10]",13.99
regenerated_new/8/H/case-110307_JAY_ANNOTATION.png,"[14,12]",7.66
regenerated_new/9/H/case-110307_JAY_ANNOTATION.png,"[4,10]",8.12
regenerated_new/13/H/case-110307_JAY_ANNOTATION.png,"[13,6]",8.23
regenerated_new/4/H/case-110324_JAY_ANNOTATION.png,"[12,3]",9.63
regenerated_new/5/H/case-110324_JAY_ANNOTATION.png,"[4,12]",7.94
regenerated_new/6/H/case-110324_JAY_ANNOTATION.png,"[4,14]",9.19
regenerated_new/7/H/case-110324_JAY_ANNOTATION.png,"[6,12]",13.12
regenerated_new/8/H/case-110324_JAY_ANNOTATION.png,"[4,2]",8.39
regenerated_new/13/H/case-110324_JAY_ANNOTATION.png,"[14,12]",8.25
regenerated_new/5/H/case-110378_JAY_ANNOTATION.png,"[4,12]",7.94
regenerated_new/6/H/case-110378_JAY_ANNOTATION.png,"[3,4]",8.02
regenerated_new/7/H/case-110378_JAY_ANNOTATION.png,"[11,5]",8.59
regenerated_new/4/H/case-110382_JAY_ANNOTATION.png,"[4,12]",8.22
regenerated_new/5/H/case-110382_JAY_ANNOTATION.png,"[4,14]",8.23
regenerated_new/7/H/case-110382_JAY_ANNOTATION.png,"[11,3]",10.49
regenerated_new/8/H/case-110382_JAY_ANNOTATION.png,"[14,12]",8.02
regenerated_new/9/H/case-110382_JAY_ANNOTATION.png,"[14,5]",7.07
regenerated_new/4/H/case-110393_JAY_ANNOTATION.png,"[11,4]",8.07
regenerated_new/7/H/case-110393_JAY_ANNOTATION.png,"[2,1]",7.86
regenerated_new/8/H/case-110393_JAY_ANNOTATION.png,"[10,12]",8.93
regenerated_new/9/H/case-110393_JAY_ANNOTATION.png,"[12,4]",9.84
regenerated_new/6/H/case-110447_JAY_ANNOTATION.png,"[2,10]",8.42
regenerated_new/7/H/case-110447_JAY_ANNOTATION.png,"[11,1]",9.94
regenerated_new/8/H/case-110447_JAY_ANNOTATION.png,"[14,4]",7.36
regenerated_new/4/H/case-110519_JAY_ANNOTATION.png,"[10,12]",8.26
regenerated_new/5/H/case-110519_JAY_ANNOTATION.png,"[4,2]",13.19
regenerated_new/6/H/case-110519_JAY_ANNOTATION.png,"[5,3]",9.03
regenerated_new/7/H/case-110519_JAY_ANNOTATION.png,"[2,5]",9.55
regenerated_new/8/H/case-110519_JAY_ANNOTATION.png,"[14,11]",9.38
regenerated_new/9/H/case-110519_JAY_ANNOTATION.png,"[12,10]",9.38
regenerated_new/13/H/case-110519_JAY_ANNOTATION.png,"[14,12]",8.22
regenerated_new/6/H/case-110588_JAY_ANNOTATION.png,"[5,14]",13.44
regenerated_new/7/H/case-110588_JAY_ANNOTATION.png,"[4,12]",10.28
regenerated_new/8/H/case-110588_JAY_ANNOTATION.png,"[14,4]",7.32
regenerated_new/4/H/case-110636_JAY_ANNOTATION.png,"[11,2]",9.04
regenerated_new/6/H/case-110636_JAY_ANNOTATION.png,"[5,3]",7.93
regenerated_new/7/H/case-110636_JAY_ANNOTATION.png,"[10,14]",8.86
regenerated_new/8/H/case-110636_JAY_ANNOTATION.png,"[4,12]",10.02
regenerated_new/9/H/case-110636_JAY_ANNOTATION.png,"[10,12]",7.74
regenerated_new/13/H/case-110636_JAY_ANNOTATION.png,"[4,13]",7.14
regenerated_new/4/H/case-110640_JAY_ANNOTATION.png,"[10,14]",7.64
regenerated_new/6/H/case-110640_JAY_ANNOTATION.png,"[6,4]",6.49
regenerated_new/7/H/case-110640_JAY_ANNOTATION.png,"[4,6]",10.42
regenerated_new/8/H/case-110640_JAY_ANNOTATION.png,"[14,12]",7.89
regenerated_new/9/H/case-110640_JAY_ANNOTATION.png,"[14,12]",7.48
regenerated_new/4/H/case-110649_JAY_ANNOTATION.png,"[3,2]",9.35
regenerated_new/7/H/case-110649_JAY_ANNOTATION.png,"[2,6]",8.33
regenerated_new/8/H/case-110649_JAY_ANNOTATION.png,"[11,12]",10.7
regenerated_new/9/H/case-110649_JAY_ANNOTATION.png,"[14,4]",8.02
regenerated_new/13/H/case-110649_JAY_ANNOTATION.png,"[12,4]",12.24
regenerated_new/4/H/case-110664_JAY_ANNOTATION.png,"[14,3]",7.99
regenerated_new/7/H/case-110664_JAY_ANNOTATION.png,"[12,5]",8.46
regenerated_new/8/H/case-110664_JAY_ANNOTATION.png,"[14,5]",7.09
regenerated_new/9/H/case-110664_JAY_ANNOTATION.png,"[14,12]",8.23
regenerated_new/6/H/case-110831_JAY_ANNOTATION.png,"[4,11]",8.12
regenerated_new/7/H/case-110831_JAY_ANNOTATION.png,"[4,14]",8.27
regenerated_new/8/H/case-110831_JAY_ANNOTATION.png,"[11,4]",9.45
regenerated_new/5/H/case-110870_JAY_ANNOTATION.png,"[14,4]",8.31
regenerated_new/7/H/case-110870_JAY_ANNOTATION.png,"[11,12]",8.62
regenerated_new/8/H/case-110870_JAY_ANNOTATION.png,"[4,2]",7.32
regenerated_new/9/H/case-110870_JAY_ANNOTATION.png,"[10,3]",10.16
regenerated_new/4/H/case-111040_JAY_ANNOTATION.png,"[6,4]",8.92
regenerated_new/5/H/case-111040_JAY_ANNOTATION.png,"[4,14]",8.34
regenerated_new/7/H/case-111040_JAY_ANNOTATION.png,"[4,3]",7.63
regenerated_new/8/H/case-111040_JAY_ANNOTATION.png,"[14,12]",8.24
regenerated_new/13/H/case-111040_JAY_ANNOTATION.png,"[14,12]",7.68
regenerated_new/5/H/case-111057_JAY_ANNOTATION.png,"[4,14]",8.34
regenerated_new/7/H/case-111057_JAY_ANNOTATION.png,"[4,14]",10.15
regenerated_new/8/H/case-111057_JAY_ANNOTATION.png,"[4,2]",11.46
regenerated_new/9/H/case-111057_JAY_ANNOTATION.png,"[6,12]",9.29
regenerated_new/13/H/case-111057_JAY_ANNOTATION.png,"[14,4]",8.05
regenerated_new/4/H/case-111159_JAY_ANNOTATION.png,"[4,14]",7.88
regenerated_new/5/H/case-111159_JAY_ANNOTATION.png,"[10,12]",8.81
regenerated_new/7/H/case-111159_JAY_ANNOTATION.png,"[4,10]",7.87
regenerated_new/8/H/case-111159_JAY_ANNOTATION.png,"[10,4]",8.01
regenerated_new/9/H/case-111159_JAY_ANNOTATION.png,"[6,12]",8.42
regenerated_new/4/H/case-111162_JAY_ANNOTATION.png,"[10,4]",7.92
regenerated_new/7/H/case-111162_JAY_ANNOTATION.png,"[4,2]",19.47
regenerated_new/8/H/case-111162_JAY_ANNOTATION.png,"[4,3]",9.19
regenerated_new/9/H/case-111162_JAY_ANNOTATION.png,"[3,14]",11.5
regenerated_new/4/H/case-111165_JAY_ANNOTATION.png,"[4,12]",9.03
regenerated_new/5/H/case-111165_JAY_ANNOTATION.png,"[14,12]",8.24
regenerated_new/7/H/case-111165_JAY_ANNOTATION.png,"[10,3]",9.23
regenerated_new/8/H/case-111165_JAY_ANNOTATION.png,"[12,4]",8.51
regenerated_new/9/H/case-111165_JAY_ANNOTATION.png,"[12,11]",10.38
regenerated_new/13/H/case-111165_JAY_ANNOTATION.png,"[12,4]",8.18
regenerated_new/4/H/case-111178_JAY_ANNOTATION.png,"[4,9]",9.19
regenerated_new/6/H/case-111178_JAY_ANNOTATION.png,"[4,6]",9.25
regenerated_new/7/H/case-111178_JAY_ANNOTATION.png,"[10,12]",8.5
regenerated_new/8/H/case-111178_JAY_ANNOTATION.png,"[12,4]",7.23
regenerated_new/9/H/case-111178_JAY_ANNOTATION.png,"[4,12]",8.12
regenerated_new/5/H/case-111246_JAY_ANNOTATION.png,"[4,2]",13.68
regenerated_new/7/H/case-111246_JAY_ANNOTATION.png,"[2,4]",9.09
regenerated_new/8/H/case-111246_JAY_ANNOTATION.png,"[12,14]",8.18
regenerated_new/9/H/case-111246_JAY_ANNOTATION.png,"[4,14]",8.88
regenerated_new/13/H/case-111246_JAY_ANNOTATION.png,"[14,12]",8.21
regenerated_new/4/H/case-111273_JAY_ANNOTATION.png,"[10,12]",9.72
regenerated_new/5/H/case-111273_JAY_ANNOTATION.png,"[10,11]",11.69
regenerated_new/6/H/case-111273_JAY_ANNOTATION.png,"[2,11]",9.27
regenerated_new/7/H/case-111273_JAY_ANNOTATION.png,"[6,14]",7.27
regenerated_new/8/H/case-111273_JAY_ANNOTATION.png,"[14,4]",7.02
regenerated_new/9/H/case-111273_JAY_ANNOTATION.png,"[14,12]",7.51
regenerated_new/13/H/case-111273_JAY_ANNOTATION.png,"[14,10]",12.02
regenerated_new/4/H/case-111359_JAY_ANNOTATION.png,"[2,11]",12.93
regenerated_new/7/H/case-111359_JAY_ANNOTATION.png,"[12,13]",18.52
regenerated_new/8/H/case-111359_JAY_ANNOTATION.png,"[4,12]",9.53
regenerated_new/13/H/case-111359_JAY_ANNOTATION.png,"[4,10]",9.37
regenerated_new/14/H/case-111359_JAY_ANNOTATION.png,"[14,12]",8.73
regenerated_new/7/H/case-111405_JAY_ANNOTATION.png,"[15,15]",25.21
regenerated_new/8/H/case-111405_JAY_ANNOTATION.png,"[14,12]",7.94
regenerated_new/13/H/case-111405_JAY_ANNOTATION.png,"[5,14]",14.11
regenerated_new/4/H/case-111446_JAY_ANNOTATION.png,"[10,12]",8.78
regenerated_new/5/H/case-111446_JAY_ANNOTATION.png,"[4,14]",9.17
regenerated_new/6/H/case-111446_JAY_ANNOTATION.png,"[11,4]",14.5
regenerated_new/7/H/case-111446_JAY_ANNOTATION.png,"[6,4]",9.27
regenerated_new/8/H/case-111446_JAY_ANNOTATION.png,"[14,4]",8.53
regenerated_new/13/H/case-111446_JAY_ANNOTATION.png,"[10,12]",8.58
regenerated_new/4/H/case-111546_JAY_ANNOTATION.png,"[4,12]",6.27
regenerated_new/5/H/case-111546_JAY_ANNOTATION.png,"[4,14]",8.44
regenerated_new/7/H/case-111546_JAY_ANNOTATION.png,"[4,6]",8.06
regenerated_new/8/H/case-111546_JAY_ANNOTATION.png,"[14,12]",7.3
regenerated_new/13/H/case-111546_JAY_ANNOTATION.png,"[12,4]",8.12
regenerated_new/4/H/case-111573_JAY_ANNOTATION.png,"[2,4]",14.27
regenerated_new/5/H/case-111573_JAY_ANNOTATION.png,"[13,12]",13.15
regenerated_new/7/H/case-111573_JAY_ANNOTATION.png,"[4,7]",8.13
regenerated_new/8/H/case-111573_JAY_ANNOTATION.png,"[12,5]",8.03
regenerated_new/9/H/case-111573_JAY_ANNOTATION.png,"[14,5]",18.28
regenerated_new/13/H/case-111573_JAY_ANNOTATION.png,"[4,14]",12.38
regenerated_new/4/H/case-111685_JAY_ANNOTATION.png,"[4,2]",8.94
regenerated_new/6/H/case-111685_JAY_ANNOTATION.png,"[4,12]",8.47
regenerated_new/7/H/case-111685_JAY_ANNOTATION.png,"[14,4]",8.43
regenerated_new/8/H/case-111685_JAY_ANNOTATION.png,"[12,4]",6.59
regenerated_new/9/H/case-111685_JAY_ANNOTATION.png,"[14,12]",8.93
regenerated_new/4/H/case-111755_JAY_ANNOTATION.png,"[4,12]",8.77
regenerated_new/5/H/case-111755_JAY_ANNOTATION.png,"[11,4]",10.79
regenerated_new/7/H/case-111755_JAY_ANNOTATION.png,"[4,11]",7.36
regenerated_new/8/H/case-111755_JAY_ANNOTATION.png,"[12,4]",9.17
regenerated_new/4/H/case-111791_JAY_ANNOTATION.png,"[4,12]",8.22
regenerated_new/5/H/case-111791_JAY_ANNOTATION.png,"[10,12]",7.52
regenerated_new/6/H/case-111791_JAY_ANNOTATION.png,"[6,4]",14.16
regenerated_new/7/H/case-111791_JAY_ANNOTATION.png,"[5,2]",7.69
regenerated_new/8/H/case-111791_JAY_ANNOTATION.png,"[14,12]",10.56
regenerated_new/9/H/case-111791_JAY_ANNOTATION.png,"[14,5]",11.97
regenerated_new/4/H/case-111819_JAY_ANNOTATION.png,"[2,12]",8.88
regenerated_new/7/H/case-111819_JAY_ANNOTATION.png,"[15,15]",25.23
regenerated_new/8/H/case-111819_JAY_ANNOTATION.png,"[4,14]",8.17
regenerated_new/4/H/case-111830_JAY_ANNOTATION.png,"[6,14]",10.13
regenerated_new/7/H/case-111830_JAY_ANNOTATION.png,"[10,4]",8.67
regenerated_new/8/H/case-111830_JAY_ANNOTATION.png,"[12,5]",7.81
regenerated_new/9/H/case-111830_JAY_ANNOTATION.png,"[10,12]",10.43
regenerated_new/13/H/case-111830_JAY_ANNOTATION.png,"[5,14]",7.69
regenerated_new/14/H/case-111830_JAY_ANNOTATION.png,"[4,14]",8.82
regenerated_new/4/H/case-111863_JAY_ANNOTATION.png,"[2,4]",7.95
regenerated_new/5/H/case-111863_JAY_ANNOTATION.png,"[10,12]",7.99
regenerated_new/6/H/case-111863_JAY_ANNOTATION.png,"[5,2]",9.23
regenerated_new/7/H/case-111863_JAY_ANNOTATION.png,"[3,4]",7.72
regenerated_new/8/H/case-111863_JAY_ANNOTATION.png,"[10,14]",8.02
regenerated_new/6/H/case-111923_JAY_ANNOTATION.png,"[4,6]",9.23
regenerated_new/7/H/case-111923_JAY_ANNOTATION.png,"[5,12]",9.92
regenerated_new/8/H/case-111923_JAY_ANNOTATION.png,"[10,12]",9.18
regenerated_new/9/H/case-111923_JAY_ANNOTATION.png,"[11,14]",8.32
regenerated_new/13/H/case-111923_JAY_ANNOTATION.png,"[14,12]",7.48
regenerated_new/5/H/case-112038_JAY_ANNOTATION.png,"[11,12]",9.28
regenerated_new/7/H/case-112038_JAY_ANNOTATION.png,"[2,6]",8.34
regenerated_new/8/H/case-112038_JAY_ANNOTATION.png,"[14,5]",12.78
regenerated_new/7/H/case-112071_JAY_ANNOTATION.png,"[6,2]",10.21
regenerated_new/8/H/case-112071_JAY_ANNOTATION.png,"[14,12]",9.0
regenerated_new/9/H/case-112071_JAY_ANNOTATION.png,"[4,10]",8.12
regenerated_new/13/H/case-112071_JAY_ANNOTATION.png,"[4,14]",7.46
regenerated_new/4/H/case-112086_JAY_ANNOTATION.png,"[12,13]",9.58
regenerated_new/5/H/case-112086_JAY_ANNOTATION.png,"[12,4]",8.82
regenerated_new/7/H/case-112086_JAY_ANNOTATION.png,"[5,11]",11.19
regenerated_new/8/H/case-112086_JAY_ANNOTATION.png,"[10,13]",7.88
regenerated_new/9/H/case-112086_JAY_ANNOTATION.png,"[4,12]",7.58
regenerated_new/4/H/case-112092_JAY_ANNOTATION.png,"[4,5]",13.46
regenerated_new/5/H/case-112092_JAY_ANNOTATION.png,"[5,14]",13.43
regenerated_new/7/H/case-112092_JAY_ANNOTATION.png,"[2,6]",8.34
regenerated_new/4/H/case-112132_JAY_ANNOTATION.png,"[4,2]",9.45
regenerated_new/5/H/case-112132_JAY_ANNOTATION.png,"[4,12]",8.66
regenerated_new/6/H/case-112132_JAY_ANNOTATION.png,"[2,4]",7.64
regenerated_new/7/H/case-112132_JAY_ANNOTATION.png,"[1,10]",10.04
regenerated_new/8/H/case-112132_JAY_ANNOTATION.png,"[5,13]",8.64
regenerated_new/4/H/case-112180_JAY_ANNOTATION.png,"[10,12]",8.73
regenerated_new/5/H/case-112180_JAY_ANNOTATION.png,"[4,2]",10.3
regenerated_new/7/H/case-112180_JAY_ANNOTATION.png,"[2,4]",8.99
regenerated_new/8/H/case-112180_JAY_ANNOTATION.png,"[10,4]",8.74
regenerated_new/4/H/case-112208_JAY_ANNOTATION.png,"[12,13]",9.89
regenerated_new/5/H/case-112208_JAY_ANNOTATION.png,"[4,5]",9.2
regenerated_new/7/H/case-112208_JAY_ANNOTATION.png,"[2,5]",10.16
regenerated_new/8/H/case-112208_JAY_ANNOTATION.png,"[14,4]",8.21
regenerated_new/9/H/case-112208_JAY_ANNOTATION.png,"[3,5]",9.33
regenerated_new/4/H/case-112234_JAY_ANNOTATION.png,"[4,14]",9.06
regenerated_new/6/H/case-112234_JAY_ANNOTATION.png,"[14,3]",7.63
regenerated_new/7/H/case-112234_JAY_ANNOTATION.png,"[14,4]",8.0
regenerated_new/8/H/case-112234_JAY_ANNOTATION.png,"[14,12]",8.3
regenerated_new/9/H/case-112234_JAY_ANNOTATION.png,"[4,2]",9.72
regenerated_new/13/H/case-112234_JAY_ANNOTATION.png,"[14,4]",7.62
regenerated_new/4/H/case-112249_JAY_ANNOTATION.png,"[4,14]",9.17
regenerated_new/7/H/case-112249_JAY_ANNOTATION.png,"[14,4]",8.71
regenerated_new/8/H/case-112249_JAY_ANNOTATION.png,"[14,12]",8.48
regenerated_new/9/H/case-112249_JAY_ANNOTATION.png,"[4,13]",7.14
regenerated_new/13/H/case-112249_JAY_ANNOTATION.png,"[14,12]",7.64
regenerated_new/14/H/case-112249_JAY_ANNOTATION.png,"[2,10]",6.11
regenerated_new/4/H/case-112292_JAY_ANNOTATION.png,"[4,14]",9.18
regenerated_new/5/H/case-112292_JAY_ANNOTATION.png,"[10,12]",10.28
regenerated_new/6/H/case-112292_JAY_ANNOTATION.png,"[15,15]",25.15
regenerated_new/7/H/case-112292_JAY_ANNOTATION.png,"[2,11]",10.75
regenerated_new/8/H/case-112292_JAY_ANNOTATION.png,"[12,14]",7.02
regenerated_new/7/H/case-112297_JAY_ANNOTATION.png,"[4,2]",12.52
regenerated_new/8/H/case-112297_JAY_ANNOTATION.png,"[14,4]",10.72
regenerated_new/4/H/case-112348_JAY_ANNOTATION.png,"[4,2]",8.84
regenerated_new/8/H/case-112348_JAY_ANNOTATION.png,"[14,11]",9.45
regenerated_new/9/H/case-112348_JAY_ANNOTATION.png,"[2,4]",7.64
regenerated_new/13/H/case-112348_JAY_ANNOTATION.png,"[4,14]",7.49
regenerated_new/4/H/case-112364_JAY_ANNOTATION.png,"[5,3]",10.14
regenerated_new/6/H/case-112364_JAY_ANNOTATION.png,"[6,2]",11.3
regenerated_new/7/H/case-112364_JAY_ANNOTATION.png,"[2,4]",11.06
regenerated_new/8/H/case-112364_JAY_ANNOTATION.png,"[4,14]",9.93
regenerated_new/9/H/case-112364_JAY_ANNOTATION.png,"[4,2]",8.97
regenerated_new/13/H/case-112364_JAY_ANNOTATION.png,"[4,10]",8.27
regenerated_new/4/H/case-112387_JAY_ANNOTATION.png,"[4,12]",9.08
regenerated_new/5/H/case-112387_JAY_ANNOTATION.png,"[4,14]",8.29
regenerated_new/7/H/case-112387_JAY_ANNOTATION.png,"[14,6]",12.88
regenerated_new/8/H/case-112387_JAY_ANNOTATION.png,"[14,12]",8.9
regenerated_new/9/H/case-112387_JAY_ANNOTATION.png,"[6,12]",8.69
regenerated_new/13/H/case-112387_JAY_ANNOTATION.png,"[14,4]",7.58
regenerated_new/6/H/case-112425_JAY_ANNOTATION.png,"[4,3]",9.64
regenerated_new/7/H/case-112425_JAY_ANNOTATION.png,"[6,4]",8.57
regenerated_new/8/H/case-112425_JAY_ANNOTATION.png,"[10,4]",9.32
regenerated_new/9/H/case-112425_JAY_ANNOTATION.png,"[14,12]",8.25
regenerated_new/4/H/case-112437_JAY_ANNOTATION.png,"[4,2]",12.73
regenerated_new/5/H/case-112437_JAY_ANNOTATION.png,"[10,4]",8.43
regenerated_new/6/H/case-112437_JAY_ANNOTATION.png,"[11,5]",13.0
regenerated_new/7/H/case-112437_JAY_ANNOTATION.png,"[6,4]",9.86
regenerated_new/8/H/case-112437_JAY_ANNOTATION.png,"[4,10]",8.71
regenerated_new/7/H/case-112453_JAY_ANNOTATION.png,"[4,6]",7.31
regenerated_new/8/H/case-112453_JAY_ANNOTATION.png,"[4,12]",8.69
regenerated_new/9/H/case-112453_JAY_ANNOTATION.png,"[14,12]",7.96
regenerated_new/13/H/case-112453_JAY_ANNOTATION.png,"[4,14]",12.05
regenerated_new/4/H/case-112536_JAY_ANNOTATION.png,"[4,10]",10.37
regenerated_new/5/H/case-112536_JAY_ANNOTATION.png,"[14,12]",9.46
regenerated_new/7/H/case-112536_JAY_ANNOTATION.png,"[4,14]",9.61
regenerated_new/8/H/case-112536_JAY_ANNOTATION.png,"[14,4]",7.88
regenerated_new/13/H/case-112536_JAY_ANNOTATION.png,"[4,14]",7.59
regenerated_new/4/H/case-112545_JAY_ANNOTATION.png,"[4,10]",11.7
regenerated_new/7/H/case-112545_JAY_ANNOTATION.png,"[2,3]",11.43
regenerated_new/8/H/case-112545_JAY_ANNOTATION.png,"[14,12]",7.98
regenerated_new/9/H/case-112545_JAY_ANNOTATION.png,"[14,12]",7.23
regenerated_new/13/H/case-112545_JAY_ANNOTATION.png,"[14,12]",9.37
regenerated_new/4/H/case-112559_JAY_ANNOTATION.png,"[4,14]",9.46
regenerated_new/5/H/case-112559_JAY_ANNOTATION.png,"[14,12]",20.57
regenerated_new/7/H/case-112559_JAY_ANNOTATION.png,"[4,12]",10.2
regenerated_new/8/H/case-112559_JAY_ANNOTATION.png,"[14,4]",9.86
regenerated_new/9/H/case-112559_JAY_ANNOTATION.png,"[12,10]",10.43
