filename,output,inference_time_sec
regenerated_new/1/H/case-100114_JAY_ANNOTATION.png,"[1,10]",1.69
regenerated_new/2/H/case-100114_JAY_ANNOTATION.png,"[2,3]",0.96
regenerated_new/6/H/case-100114_JAY_ANNOTATION.png,"[6,7]",0.96
regenerated_new/7/H/case-100114_JAY_ANNOTATION.png,"[6,7]",0.96
regenerated_new/11/H/case-100114_JAY_ANNOTATION.png,"[11,13]",1.24
regenerated_new/12/H/case-100114_JAY_ANNOTATION.png,"[11,12]",1.2
regenerated_new/1/H/case-100129_JAY_ANNOTATION.png,"[1,10]",1.11
regenerated_new/2/H/case-100129_JAY_ANNOTATION.png,"[2,3]",0.96
regenerated_new/3/H/case-100129_JAY_ANNOTATION.png,"[2,3]",0.94
regenerated_new/10/H/case-100129_JAY_ANNOTATION.png,"[10,11]",1.26
regenerated_new/11/H/case-100129_JAY_ANNOTATION.png,"[11,10]",1.25
regenerated_new/13/H/case-100129_JAY_ANNOTATION.png,"[12,13]",1.25
regenerated_new/1/H/case-100164_JAY_ANNOTATION.png,"[1,10]",1.11
regenerated_new/3/H/case-100164_JAY_ANNOTATION.png,"[2,3]",0.97
regenerated_new/10/H/case-100164_JAY_ANNOTATION.png,"[10,11]",1.25
regenerated_new/11/H/case-100164_JAY_ANNOTATION.png,"[11,12]",1.25
regenerated_new/1/H/case-100229_JAY_ANNOTATION.png,"[1,10]",1.11
regenerated_new/2/H/case-100229_JAY_ANNOTATION.png,"[2,3]",0.97
regenerated_new/3/H/case-100229_JAY_ANNOTATION.png,"[2,3]",0.97
regenerated_new/10/H/case-100229_JAY_ANNOTATION.png,"[10,11]",1.24
regenerated_new/11/H/case-100229_JAY_ANNOTATION.png,"[10,11]",1.25
regenerated_new/1/H/case-100245_JAY_ANNOTATION.png,"[1,10]",1.11
regenerated_new/10/H/case-100245_JAY_ANNOTATION.png,"[10,11]",1.25
regenerated_new/11/H/case-100245_JAY_ANNOTATION.png,"[11,12]",1.24
regenerated_new/1/H/case-100247_JAY_ANNOTATION.png,"[1,2]",0.97
regenerated_new/2/H/case-100247_JAY_ANNOTATION.png,"[2,3]",0.97
regenerated_new/3/H/case-100247_JAY_ANNOTATION.png,"[2,3]",0.97
regenerated_new/6/H/case-100247_JAY_ANNOTATION.png,"[6,7]",0.97
regenerated_new/10/H/case-100247_JAY_ANNOTATION.png,"[10,11]",1.25
regenerated_new/11/H/case-100247_JAY_ANNOTATION.png,"[11,13]",1.25
regenerated_new/13/H/case-100247_JAY_ANNOTATION.png,"[12,13]",1.25
regenerated_new/1/H/case-100254_JAY_ANNOTATION.png,"[1,2]",0.97
regenerated_new/3/H/case-100254_JAY_ANNOTATION.png,"[2,3]",0.97
regenerated_new/10/H/case-100254_JAY_ANNOTATION.png,"[11,10]",1.25
regenerated_new/11/H/case-100254_JAY_ANNOTATION.png,"[11,10]",1.25
regenerated_new/12/H/case-100254_JAY_ANNOTATION.png,"[11,12]",1.25
regenerated_new/1/H/case-100265_JAY_ANNOTATION.png,"[1,11]",1.11
regenerated_new/2/H/case-100265_JAY_ANNOTATION.png,"[2,3]",0.97
regenerated_new/3/H/case-100265_JAY_ANNOTATION.png,"[2,3]",0.97
regenerated_new/10/H/case-100265_JAY_ANNOTATION.png,"[10,11]",1.25
regenerated_new/11/H/case-100265_JAY_ANNOTATION.png,"[11,13]",1.25
regenerated_new/12/H/case-100265_JAY_ANNOTATION.png,"[11,12]",1.25
regenerated_new/1/H/case-100304_JAY_ANNOTATION.png,"[1,10]",1.11
regenerated_new/2/H/case-100304_JAY_ANNOTATION.png,"[2,3]",0.97
regenerated_new/10/H/case-100304_JAY_ANNOTATION.png,"[10,11]",1.25
regenerated_new/11/H/case-100304_JAY_ANNOTATION.png,"[11,10]",1.25
regenerated_new/12/H/case-100304_JAY_ANNOTATION.png,"[11,12]",1.24
regenerated_new/1/H/case-100308_JAY_ANNOTATION.png,"[1,10]",1.11
regenerated_new/2/H/case-100308_JAY_ANNOTATION.png,"[2,3]",0.97
regenerated_new/10/H/case-100308_JAY_ANNOTATION.png,"[10,11]",1.25
regenerated_new/11/H/case-100308_JAY_ANNOTATION.png,"[10,11]",1.25
regenerated_new/12/H/case-100308_JAY_ANNOTATION.png,"[11,12]",1.25
regenerated_new/1/H/case-100359_JAY_ANNOTATION.png,"[1,10]",1.11
regenerated_new/2/H/case-100359_JAY_ANNOTATION.png,"[2,3]",0.97
regenerated_new/3/H/case-100359_JAY_ANNOTATION.png,"[2,3]",0.97
regenerated_new/7/H/case-100359_JAY_ANNOTATION.png,"[6,7]",0.97
regenerated_new/10/H/case-100359_JAY_ANNOTATION.png,"[10,11]",1.25
regenerated_new/11/H/case-100359_JAY_ANNOTATION.png,"[11,10]",1.25
regenerated_new/1/H/case-100366_JAY_ANNOTATION.png,"[1,10]",1.11
regenerated_new/10/H/case-100366_JAY_ANNOTATION.png,"[11,10]",1.25
regenerated_new/11/H/case-100366_JAY_ANNOTATION.png,"[11,12]",1.25
regenerated_new/1/H/case-100369_JAY_ANNOTATION.png,"[1,10]",1.11
regenerated_new/2/H/case-100369_JAY_ANNOTATION.png,"[2,3]",0.97
regenerated_new/6/H/case-100369_JAY_ANNOTATION.png,"[6,7]",0.97
regenerated_new/10/H/case-100369_JAY_ANNOTATION.png,"[10,11]",1.25
regenerated_new/11/H/case-100369_JAY_ANNOTATION.png,"[11,13]",1.25
regenerated_new/1/H/case-100371_JAY_ANNOTATION.png,"[1,2]",0.97
regenerated_new/2/H/case-100371_JAY_ANNOTATION.png,"[2,3]",0.97
regenerated_new/3/H/case-100371_JAY_ANNOTATION.png,"[2,3]",0.97
regenerated_new/10/H/case-100371_JAY_ANNOTATION.png,"[10,11]",1.25
regenerated_new/11/H/case-100371_JAY_ANNOTATION.png,"[11,10]",1.25
regenerated_new/12/H/case-100371_JAY_ANNOTATION.png,"[11,12]",1.25
regenerated_new/1/H/case-100515_JAY_ANNOTATION.png,"[1,2]",0.97
regenerated_new/2/H/case-100515_JAY_ANNOTATION.png,"[2,3]",0.97
regenerated_new/3/H/case-100515_JAY_ANNOTATION.png,"[2,3]",0.97
regenerated_new/10/H/case-100515_JAY_ANNOTATION.png,"[10,11]",1.25
regenerated_new/11/H/case-100515_JAY_ANNOTATION.png,"[11,13]",1.25
regenerated_new/1/H/case-100518_JAY_ANNOTATION.png,"[1,10]",1.11
regenerated_new/2/H/case-100518_JAY_ANNOTATION.png,"[2,3]",0.97
regenerated_new/6/H/case-100518_JAY_ANNOTATION.png,"[6,7]",0.97
regenerated_new/7/H/case-100518_JAY_ANNOTATION.png,"[6,7]",0.97
regenerated_new/10/H/case-100518_JAY_ANNOTATION.png,"[10,11]",1.24
regenerated_new/11/H/case-100518_JAY_ANNOTATION.png,"[11,10]",1.25
regenerated_new/12/H/case-100518_JAY_ANNOTATION.png,"[11,12]",1.24
regenerated_new/1/H/case-100541_JAY_ANNOTATION.png,"[1,10]",1.11
regenerated_new/2/H/case-100541_JAY_ANNOTATION.png,"[2,3]",0.97
regenerated_new/3/H/case-100541_JAY_ANNOTATION.png,"[2,3]",0.97
regenerated_new/10/H/case-100541_JAY_ANNOTATION.png,"[10,11]",1.25
regenerated_new/11/H/case-100541_JAY_ANNOTATION.png,"[11,13]",1.25
regenerated_new/12/H/case-100541_JAY_ANNOTATION.png,"[11,12]",1.25
regenerated_new/1/H/case-100585_JAY_ANNOTATION.png,"[1,10]",1.11
regenerated_new/2/H/case-100585_JAY_ANNOTATION.png,"[2,3]",0.97
regenerated_new/3/H/case-100585_JAY_ANNOTATION.png,"[2,3]",0.97
regenerated_new/10/H/case-100585_JAY_ANNOTATION.png,"[11,10]",1.25
regenerated_new/11/H/case-100585_JAY_ANNOTATION.png,"[10,11]",1.25
regenerated_new/12/H/case-100585_JAY_ANNOTATION.png,"[12,13]",1.25
regenerated_new/13/H/case-100585_JAY_ANNOTATION.png,"[11,13]",1.25
regenerated_new/1/H/case-100591_JAY_ANNOTATION.png,"[1,10]",1.11
regenerated_new/2/H/case-100591_JAY_ANNOTATION.png,"[2,3]",0.97
regenerated_new/3/H/case-100591_JAY_ANNOTATION.png,"[2,3]",0.97
regenerated_new/10/H/case-100591_JAY_ANNOTATION.png,"[11,10]",1.25
regenerated_new/11/H/case-100591_JAY_ANNOTATION.png,"[11,12]",1.25
regenerated_new/12/H/case-100591_JAY_ANNOTATION.png,"[11,12]",1.25
regenerated_new/1/H/case-100702_JAY_ANNOTATION.png,"[1,10]",1.11
regenerated_new/2/H/case-100702_JAY_ANNOTATION.png,"[2,3]",0.97
regenerated_new/10/H/case-100702_JAY_ANNOTATION.png,"[10,11]",1.25
regenerated_new/11/H/case-100702_JAY_ANNOTATION.png,"[10,11]",1.25
regenerated_new/12/H/case-100702_JAY_ANNOTATION.png,"[11,12]",1.25
regenerated_new/1/H/case-100770_JAY_ANNOTATION.png,"[1,2]",0.97
regenerated_new/2/H/case-100770_JAY_ANNOTATION.png,"[2,3]",0.97
regenerated_new/3/H/case-100770_JAY_ANNOTATION.png,"[2,3]",0.97
regenerated_new/6/H/case-100770_JAY_ANNOTATION.png,"[6,7]",0.97
regenerated_new/10/H/case-100770_JAY_ANNOTATION.png,"[10,11]",1.25
regenerated_new/11/H/case-100770_JAY_ANNOTATION.png,"[11,13]",1.26
regenerated_new/1/H/case-100779_JAY_ANNOTATION.png,"[1,10]",1.11
regenerated_new/2/H/case-100779_JAY_ANNOTATION.png,"[2,3]",0.97
regenerated_new/3/H/case-100779_JAY_ANNOTATION.png,"[2,3]",0.97
regenerated_new/10/H/case-100779_JAY_ANNOTATION.png,"[10,11]",1.24
regenerated_new/11/H/case-100779_JAY_ANNOTATION.png,"[11,10]",1.24
regenerated_new/1/H/case-100863_JAY_ANNOTATION.png,"[1,10]",1.11
regenerated_new/2/H/case-100863_JAY_ANNOTATION.png,"[2,3]",0.97
regenerated_new/3/H/case-100863_JAY_ANNOTATION.png,"[2,3]",0.97
regenerated_new/10/H/case-100863_JAY_ANNOTATION.png,"[10,11]",1.25
regenerated_new/11/H/case-100863_JAY_ANNOTATION.png,"[10,11]",1.24
regenerated_new/12/H/case-100863_JAY_ANNOTATION.png,"[12,13]",1.25
regenerated_new/1/H/case-100915_JAY_ANNOTATION.png,"[1,10]",1.11
regenerated_new/2/H/case-100915_JAY_ANNOTATION.png,"[2,3]",0.97
regenerated_new/6/H/case-100915_JAY_ANNOTATION.png,"[6,7]",0.97
regenerated_new/10/H/case-100915_JAY_ANNOTATION.png,"[10,11]",1.25
regenerated_new/11/H/case-100915_JAY_ANNOTATION.png,"[11,10]",1.25
regenerated_new/12/H/case-100915_JAY_ANNOTATION.png,"[11,12]",1.25
regenerated_new/1/H/case-100917_JAY_ANNOTATION.png,"[1,10]",1.12
regenerated_new/2/H/case-100917_JAY_ANNOTATION.png,"[2,3]",0.97
regenerated_new/3/H/case-100917_JAY_ANNOTATION.png,"[2,3]",0.97
regenerated_new/10/H/case-100917_JAY_ANNOTATION.png,"[10,11]",1.25
regenerated_new/11/H/case-100917_JAY_ANNOTATION.png,"[11,10]",1.25
regenerated_new/12/H/case-100917_JAY_ANNOTATION.png,"[11,12]",1.25
regenerated_new/1/H/case-101045_JAY_ANNOTATION.png,"[1,10]",1.11
regenerated_new/2/H/case-101045_JAY_ANNOTATION.png,"[2,3]",0.97
regenerated_new/3/H/case-101045_JAY_ANNOTATION.png,"[2,3]",0.97
regenerated_new/10/H/case-101045_JAY_ANNOTATION.png,"[10,11]",1.25
regenerated_new/11/H/case-101045_JAY_ANNOTATION.png,"[11,12]",1.25
regenerated_new/1/H/case-101074_JAY_ANNOTATION.png,"[1,2]",0.97
regenerated_new/3/H/case-101074_JAY_ANNOTATION.png,"[2,3]",0.97
regenerated_new/6/H/case-101074_JAY_ANNOTATION.png,"[6,7]",0.97
regenerated_new/10/H/case-101074_JAY_ANNOTATION.png,"[11,10]",1.25
regenerated_new/11/H/case-101074_JAY_ANNOTATION.png,"[11,10]",1.25
regenerated_new/12/H/case-101074_JAY_ANNOTATION.png,"[11,12]",1.25
regenerated_new/1/H/case-101133_JAY_ANNOTATION.png,"[1,10]",1.11
regenerated_new/2/H/case-101133_JAY_ANNOTATION.png,"[2,3]",0.97
regenerated_new/3/H/case-101133_JAY_ANNOTATION.png,"[2,3]",0.97
regenerated_new/10/H/case-101133_JAY_ANNOTATION.png,"[10,11]",1.25
regenerated_new/11/H/case-101133_JAY_ANNOTATION.png,"[11,10]",1.25
regenerated_new/12/H/case-101133_JAY_ANNOTATION.png,"[11,12]",1.25
regenerated_new/1/H/case-101195_JAY_ANNOTATION.png,"[1,10]",1.11
regenerated_new/3/H/case-101195_JAY_ANNOTATION.png,"[2,3]",0.97
regenerated_new/10/H/case-101195_JAY_ANNOTATION.png,"[10,11]",1.25
regenerated_new/11/H/case-101195_JAY_ANNOTATION.png,"[11,10]",1.25
regenerated_new/12/H/case-101195_JAY_ANNOTATION.png,"[11,12]",1.25
regenerated_new/1/H/case-101206_JAY_ANNOTATION.png,"[1,10]",1.11
regenerated_new/2/H/case-101206_JAY_ANNOTATION.png,"[2,3]",0.97
regenerated_new/7/H/case-101206_JAY_ANNOTATION.png,"[6,7]",0.97
regenerated_new/10/H/case-101206_JAY_ANNOTATION.png,"[10,11]",1.25
regenerated_new/11/H/case-101206_JAY_ANNOTATION.png,"[11,10]",1.25
regenerated_new/12/H/case-101206_JAY_ANNOTATION.png,"[11,12]",1.25
regenerated_new/1/H/case-101362_JAY_ANNOTATION.png,"[1,10]",1.11
regenerated_new/2/H/case-101362_JAY_ANNOTATION.png,"[2,3]",0.97
regenerated_new/10/H/case-101362_JAY_ANNOTATION.png,"[10,11]",1.25
regenerated_new/11/H/case-101362_JAY_ANNOTATION.png,"[11,12]",1.25
regenerated_new/1/H/case-101367_JAY_ANNOTATION.png,"[1,2]",0.97
regenerated_new/2/H/case-101367_JAY_ANNOTATION.png,"[2,6]",0.97
regenerated_new/3/H/case-101367_JAY_ANNOTATION.png,"[2,3]",0.97
regenerated_new/10/H/case-101367_JAY_ANNOTATION.png,"[10,11]",1.25
regenerated_new/11/H/case-101367_JAY_ANNOTATION.png,"[11,13]",1.25
regenerated_new/12/H/case-101367_JAY_ANNOTATION.png,"[12,13]",1.25
regenerated_new/1/H/case-101409_JAY_ANNOTATION.png,"[1,10]",1.11
regenerated_new/2/H/case-101409_JAY_ANNOTATION.png,"[2,3]",0.97
regenerated_new/3/H/case-101409_JAY_ANNOTATION.png,"[2,3]",0.97
regenerated_new/7/H/case-101409_JAY_ANNOTATION.png,"[6,7]",0.97
regenerated_new/10/H/case-101409_JAY_ANNOTATION.png,"[10,11]",1.25
regenerated_new/11/H/case-101409_JAY_ANNOTATION.png,"[11,12]",1.24
regenerated_new/12/H/case-101409_JAY_ANNOTATION.png,"[12,13]",1.25
regenerated_new/1/H/case-101413_JAY_ANNOTATION.png,"[1,10]",1.11
regenerated_new/2/H/case-101413_JAY_ANNOTATION.png,"[2,3]",0.97
regenerated_new/3/H/case-101413_JAY_ANNOTATION.png,"[2,3]",0.97
regenerated_new/10/H/case-101413_JAY_ANNOTATION.png,"[10,11]",1.25
regenerated_new/11/H/case-101413_JAY_ANNOTATION.png,"[11,13]",1.25
regenerated_new/1/H/case-101447_JAY_ANNOTATION.png,"[1,10]",1.11
regenerated_new/2/H/case-101447_JAY_ANNOTATION.png,"[2,3]",0.97
regenerated_new/3/H/case-101447_JAY_ANNOTATION.png,"[2,3]",0.97
regenerated_new/10/H/case-101447_JAY_ANNOTATION.png,"[1,10]",1.11
regenerated_new/11/H/case-101447_JAY_ANNOTATION.png,"[11,13]",1.25
regenerated_new/12/H/case-101447_JAY_ANNOTATION.png,"[11,12]",1.25
regenerated_new/1/H/case-101510_JAY_ANNOTATION.png,"[1,10]",1.11
regenerated_new/3/H/case-101510_JAY_ANNOTATION.png,"[2,3]",0.97
regenerated_new/7/H/case-101510_JAY_ANNOTATION.png,"[6,7]",0.97
regenerated_new/10/H/case-101510_JAY_ANNOTATION.png,"[10,11]",1.25
regenerated_new/11/H/case-101510_JAY_ANNOTATION.png,"[11,10]",1.24
regenerated_new/12/H/case-101510_JAY_ANNOTATION.png,"[11,12]",1.25
regenerated_new/13/H/case-101510_JAY_ANNOTATION.png,"[12,13]",1.24
regenerated_new/1/H/case-101540_JAY_ANNOTATION.png,"[1,10]",1.11
regenerated_new/3/H/case-101540_JAY_ANNOTATION.png,"[2,3]",0.98
regenerated_new/10/H/case-101540_JAY_ANNOTATION.png,"[10,11]",1.25
regenerated_new/11/H/case-101540_JAY_ANNOTATION.png,"[11,12]",1.25
regenerated_new/12/H/case-101540_JAY_ANNOTATION.png,"[11,12]",1.25
regenerated_new/1/H/case-101581_JAY_ANNOTATION.png,"[1,10]",1.11
regenerated_new/10/H/case-101581_JAY_ANNOTATION.png,"[10,11]",1.25
regenerated_new/1/H/case-101599_JAY_ANNOTATION.png,"[1,10]",1.11
regenerated_new/2/H/case-101599_JAY_ANNOTATION.png,"[2,3]",0.97
regenerated_new/3/H/case-101599_JAY_ANNOTATION.png,"[2,3]",0.97
regenerated_new/7/H/case-101599_JAY_ANNOTATION.png,"[6,7]",0.97
regenerated_new/10/H/case-101599_JAY_ANNOTATION.png,"[10,11]",1.25
regenerated_new/11/H/case-101599_JAY_ANNOTATION.png,"[10,11]",1.25
regenerated_new/1/H/case-101625_JAY_ANNOTATION.png,"[1,10]",1.11
regenerated_new/1/H/case-101641_JAY_ANNOTATION.png,"[1,10]",1.11
regenerated_new/3/H/case-101641_JAY_ANNOTATION.png,"[2,3]",0.97
regenerated_new/10/H/case-101641_JAY_ANNOTATION.png,"[10,11]",1.25
regenerated_new/11/H/case-101641_JAY_ANNOTATION.png,"[11,10]",1.25
regenerated_new/12/H/case-101641_JAY_ANNOTATION.png,"[11,12]",1.25
regenerated_new/1/H/case-101857_JAY_ANNOTATION.png,"[1,10]",1.11
regenerated_new/2/H/case-101857_JAY_ANNOTATION.png,"[2,3]",0.97
regenerated_new/3/H/case-101857_JAY_ANNOTATION.png,"[2,3]",0.97
regenerated_new/10/H/case-101857_JAY_ANNOTATION.png,"[10,11]",1.25
regenerated_new/11/H/case-101857_JAY_ANNOTATION.png,"[11,12]",1.25
regenerated_new/12/H/case-101857_JAY_ANNOTATION.png,"[11,12]",1.25
regenerated_new/1/H/case-101860_JAY_ANNOTATION.png,"[1,10]",1.11
regenerated_new/2/H/case-101860_JAY_ANNOTATION.png,"[2,6]",0.97
regenerated_new/3/H/case-101860_JAY_ANNOTATION.png,"[2,3]",0.97
regenerated_new/10/H/case-101860_JAY_ANNOTATION.png,"[10,11]",1.25
regenerated_new/11/H/case-101860_JAY_ANNOTATION.png,"[11,12]",1.74
regenerated_new/1/H/case-101885_JAY_ANNOTATION.png,"[1,2]",0.97
regenerated_new/3/H/case-101885_JAY_ANNOTATION.png,"[2,3]",0.97
regenerated_new/10/H/case-101885_JAY_ANNOTATION.png,"[10,11]",1.25
regenerated_new/11/H/case-101885_JAY_ANNOTATION.png,"[10,11]",1.25
regenerated_new/1/H/case-101937_JAY_ANNOTATION.png,"[1,10]",1.11
regenerated_new/2/H/case-101937_JAY_ANNOTATION.png,"[2,3]",0.97
regenerated_new/3/H/case-101937_JAY_ANNOTATION.png,"[2,3]",0.97
regenerated_new/6/H/case-101937_JAY_ANNOTATION.png,"[6,7]",0.97
regenerated_new/10/H/case-101937_JAY_ANNOTATION.png,"[10,11]",1.25
regenerated_new/11/H/case-101937_JAY_ANNOTATION.png,"[11,10]",1.24
regenerated_new/12/H/case-101937_JAY_ANNOTATION.png,"[11,12]",1.25
regenerated_new/1/H/case-101940_JAY_ANNOTATION.png,"[1,10]",1.11
regenerated_new/3/H/case-101940_JAY_ANNOTATION.png,"[2,3]",0.97
regenerated_new/10/H/case-101940_JAY_ANNOTATION.png,"[10,11]",1.25
regenerated_new/11/H/case-101940_JAY_ANNOTATION.png,"[10,11]",1.25
regenerated_new/12/H/case-101940_JAY_ANNOTATION.png,"[11,12]",1.25
regenerated_new/1/H/case-101982_JAY_ANNOTATION.png,"[1,10]",1.11
regenerated_new/2/H/case-101982_JAY_ANNOTATION.png,"[2,3]",0.97
regenerated_new/3/H/case-101982_JAY_ANNOTATION.png,"[2,3]",0.97
regenerated_new/10/H/case-101982_JAY_ANNOTATION.png,"[1,10]",1.11
regenerated_new/11/H/case-101982_JAY_ANNOTATION.png,"[11,10]",1.25
regenerated_new/1/H/case-102010_JAY_ANNOTATION.png,"[1,10]",1.11
regenerated_new/2/H/case-102010_JAY_ANNOTATION.png,"[2,3]",0.97
regenerated_new/6/H/case-102010_JAY_ANNOTATION.png,"[6,7]",0.97
regenerated_new/10/H/case-102010_JAY_ANNOTATION.png,"[10,11]",1.25
regenerated_new/11/H/case-102010_JAY_ANNOTATION.png,"[11,13]",1.25
regenerated_new/12/H/case-102010_JAY_ANNOTATION.png,"[11,12]",1.25
regenerated_new/1/H/case-102041_JAY_ANNOTATION.png,"[1,10]",1.11
regenerated_new/2/H/case-102041_JAY_ANNOTATION.png,"[2,3]",0.97
regenerated_new/3/H/case-102041_JAY_ANNOTATION.png,"[2,3]",0.97
regenerated_new/10/H/case-102041_JAY_ANNOTATION.png,"[1,10]",1.11
regenerated_new/11/H/case-102041_JAY_ANNOTATION.png,"[11,13]",1.25
regenerated_new/12/H/case-102041_JAY_ANNOTATION.png,"[11,12]",1.25
regenerated_new/1/H/case-102093_JAY_ANNOTATION.png,"[1,10]",1.11
regenerated_new/2/H/case-102093_JAY_ANNOTATION.png,"[2,3]",0.97
regenerated_new/3/H/case-102093_JAY_ANNOTATION.png,"[2,3]",0.97
regenerated_new/10/H/case-102093_JAY_ANNOTATION.png,"[10,11]",1.25
regenerated_new/11/H/case-102093_JAY_ANNOTATION.png,"[11,10]",1.25
regenerated_new/1/H/case-102157_JAY_ANNOTATION.png,"[1,10]",1.11
regenerated_new/2/H/case-102157_JAY_ANNOTATION.png,"[2,3]",0.97
regenerated_new/3/H/case-102157_JAY_ANNOTATION.png,"[2,3]",0.97
regenerated_new/6/H/case-102157_JAY_ANNOTATION.png,"[6,7]",0.97
regenerated_new/10/H/case-102157_JAY_ANNOTATION.png,"[10,11]",1.25
regenerated_new/11/H/case-102157_JAY_ANNOTATION.png,"[11,10]",1.25
regenerated_new/12/H/case-102157_JAY_ANNOTATION.png,"[11,12]",1.25
regenerated_new/1/H/case-102183_JAY_ANNOTATION.png,"[1,10]",1.11
regenerated_new/2/H/case-102183_JAY_ANNOTATION.png,"[2,3]",0.97
regenerated_new/3/H/case-102183_JAY_ANNOTATION.png,"[2,3]",0.97
regenerated_new/6/H/case-102183_JAY_ANNOTATION.png,"[6,7]",0.97
regenerated_new/10/H/case-102183_JAY_ANNOTATION.png,"[10,11]",1.25
regenerated_new/11/H/case-102183_JAY_ANNOTATION.png,"[10,11]",1.25
regenerated_new/12/H/case-102183_JAY_ANNOTATION.png,"[11,12]",1.25
regenerated_new/13/H/case-102183_JAY_ANNOTATION.png,"[11,13]",1.25
regenerated_new/1/H/case-102224_JAY_ANNOTATION.png,"[1,10]",1.11
regenerated_new/2/H/case-102224_JAY_ANNOTATION.png,"[2,3]",0.97
regenerated_new/3/H/case-102224_JAY_ANNOTATION.png,"[2,3]",0.97
regenerated_new/7/H/case-102224_JAY_ANNOTATION.png,"[8,7]",0.97
regenerated_new/10/H/case-102224_JAY_ANNOTATION.png,"[10,11]",1.25
regenerated_new/11/H/case-102224_JAY_ANNOTATION.png,"[10,11]",1.25
regenerated_new/12/H/case-102224_JAY_ANNOTATION.png,"[12,13]",1.25
regenerated_new/1/H/case-102308_JAY_ANNOTATION.png,"[1,10]",1.11
regenerated_new/2/H/case-102308_JAY_ANNOTATION.png,"[2,3]",0.97
regenerated_new/3/H/case-102308_JAY_ANNOTATION.png,"[2,3]",0.97
regenerated_new/10/H/case-102308_JAY_ANNOTATION.png,"[10,11]",1.25
regenerated_new/11/H/case-102308_JAY_ANNOTATION.png,"[11,10]",1.25
regenerated_new/12/H/case-102308_JAY_ANNOTATION.png,"[11,12]",1.25
regenerated_new/1/H/case-102321_JAY_ANNOTATION.png,"[1,10]",1.11
regenerated_new/2/H/case-102321_JAY_ANNOTATION.png,"[2,3]",0.97
regenerated_new/3/H/case-102321_JAY_ANNOTATION.png,"[2,3]",0.97
regenerated_new/10/H/case-102321_JAY_ANNOTATION.png,"[10,11]",1.25
regenerated_new/11/H/case-102321_JAY_ANNOTATION.png,"[11,10]",1.25
regenerated_new/1/H/case-102367_JAY_ANNOTATION.png,"[1,10]",1.11
regenerated_new/2/H/case-102367_JAY_ANNOTATION.png,"[2,10]",1.11
regenerated_new/3/H/case-102367_JAY_ANNOTATION.png,"[2,3]",0.97
regenerated_new/6/H/case-102367_JAY_ANNOTATION.png,"[1,6]",0.97
regenerated_new/10/H/case-102367_JAY_ANNOTATION.png,"[10,11]",1.25
regenerated_new/11/H/case-102367_JAY_ANNOTATION.png,"[10,11]",1.25
regenerated_new/12/H/case-102367_JAY_ANNOTATION.png,"[11,12]",1.25
regenerated_new/13/H/case-102367_JAY_ANNOTATION.png,"[11,13]",1.25
regenerated_new/1/H/case-102388_JAY_ANNOTATION.png,"[1,10]",1.11
regenerated_new/2/H/case-102388_JAY_ANNOTATION.png,"[2,3]",0.97
regenerated_new/10/H/case-102388_JAY_ANNOTATION.png,"[10,11]",1.25
regenerated_new/11/H/case-102388_JAY_ANNOTATION.png,"[11,10]",1.25
regenerated_new/1/H/case-104754_JAY_ANNOTATION.png,"[1,10]",1.11
regenerated_new/2/H/case-104754_JAY_ANNOTATION.png,"[2,3]",0.97
regenerated_new/10/H/case-104754_JAY_ANNOTATION.png,"[11,10]",1.25
regenerated_new/11/H/case-104754_JAY_ANNOTATION.png,"[10,11]",1.25
regenerated_new/1/H/case-104780_JAY_ANNOTATION.png,"[1,10]",1.11
regenerated_new/3/H/case-104780_JAY_ANNOTATION.png,"[2,3]",0.97
regenerated_new/10/H/case-104780_JAY_ANNOTATION.png,"[11,10]",1.25
regenerated_new/11/H/case-104780_JAY_ANNOTATION.png,"[11,13]",1.25
regenerated_new/1/H/case-104842_JAY_ANNOTATION.png,"[1,2]",0.97
regenerated_new/2/H/case-104842_JAY_ANNOTATION.png,"[2,3]",0.97
regenerated_new/3/H/case-104842_JAY_ANNOTATION.png,"[2,3]",0.97
regenerated_new/6/H/case-104842_JAY_ANNOTATION.png,"[6,7]",0.97
regenerated_new/10/H/case-104842_JAY_ANNOTATION.png,"[10,11]",1.25
regenerated_new/11/H/case-104842_JAY_ANNOTATION.png,"[11,12]",1.25
regenerated_new/12/H/case-104842_JAY_ANNOTATION.png,"[11,12]",1.25
regenerated_new/1/H/case-104941_JAY_ANNOTATION.png,"[1,10]",1.11
regenerated_new/2/H/case-104941_JAY_ANNOTATION.png,"[2,3]",0.97
regenerated_new/10/H/case-104941_JAY_ANNOTATION.png,"[10,11]",1.25
regenerated_new/11/H/case-104941_JAY_ANNOTATION.png,"[11,10]",1.24
regenerated_new/12/H/case-104941_JAY_ANNOTATION.png,"[11,12]",1.25
regenerated_new/1/H/case-104979_JAY_ANNOTATION.png,"[1,10]",1.11
regenerated_new/2/H/case-104979_JAY_ANNOTATION.png,"[2,3]",0.97
regenerated_new/10/H/case-104979_JAY_ANNOTATION.png,"[10,11]",1.25
regenerated_new/11/H/case-104979_JAY_ANNOTATION.png,"[11,10]",1.25
regenerated_new/12/H/case-104979_JAY_ANNOTATION.png,"[11,12]",1.25
regenerated_new/1/H/case-104990_JAY_ANNOTATION.png,"[1,10]",1.11
regenerated_new/2/H/case-104990_JAY_ANNOTATION.png,"[2,3]",0.97
regenerated_new/3/H/case-104990_JAY_ANNOTATION.png,"[2,3]",0.97
regenerated_new/10/H/case-104990_JAY_ANNOTATION.png,"[10,11]",1.25
regenerated_new/11/H/case-104990_JAY_ANNOTATION.png,"[11,12]",1.25
regenerated_new/1/H/case-105035_JAY_ANNOTATION.png,"[1,11]",1.11
regenerated_new/2/H/case-105035_JAY_ANNOTATION.png,"[2,3]",0.97
regenerated_new/3/H/case-105035_JAY_ANNOTATION.png,"[2,3]",0.97
regenerated_new/10/H/case-105035_JAY_ANNOTATION.png,"[10,11]",1.25
regenerated_new/11/H/case-105035_JAY_ANNOTATION.png,"[11,10]",1.25
regenerated_new/12/H/case-105035_JAY_ANNOTATION.png,"[11,12]",1.25
regenerated_new/13/H/case-105035_JAY_ANNOTATION.png,"[11,13]",1.25
regenerated_new/1/H/case-105051_JAY_ANNOTATION.png,"[1,10]",1.11
regenerated_new/2/H/case-105051_JAY_ANNOTATION.png,"[2,3]",0.97
regenerated_new/3/H/case-105051_JAY_ANNOTATION.png,"[2,3]",1.47
regenerated_new/7/H/case-105051_JAY_ANNOTATION.png,"[6,7]",0.98
regenerated_new/10/H/case-105051_JAY_ANNOTATION.png,"[10,11]",1.24
regenerated_new/11/H/case-105051_JAY_ANNOTATION.png,"[11,12]",1.25
regenerated_new/12/H/case-105051_JAY_ANNOTATION.png,"[11,12]",1.25
regenerated_new/1/H/case-105171_JAY_ANNOTATION.png,"[1,10]",1.1
regenerated_new/2/H/case-105171_JAY_ANNOTATION.png,"[2,3]",0.97
regenerated_new/3/H/case-105171_JAY_ANNOTATION.png,"[2,3]",0.97
regenerated_new/10/H/case-105171_JAY_ANNOTATION.png,"[10,11]",1.24
regenerated_new/11/H/case-105171_JAY_ANNOTATION.png,"[11,12]",1.25
regenerated_new/12/H/case-105171_JAY_ANNOTATION.png,"[11,12]",1.24
regenerated_new/1/H/case-105177_JAY_ANNOTATION.png,"[1,10]",1.11
regenerated_new/2/H/case-105177_JAY_ANNOTATION.png,"[2,4]",0.97
regenerated_new/3/H/case-105177_JAY_ANNOTATION.png,"[2,3]",0.97
regenerated_new/10/H/case-105177_JAY_ANNOTATION.png,"[10,11]",1.25
regenerated_new/11/H/case-105177_JAY_ANNOTATION.png,"[11,10]",1.25
regenerated_new/12/H/case-105177_JAY_ANNOTATION.png,"[11,12]",1.25
regenerated_new/1/H/case-105234_JAY_ANNOTATION.png,"[1,10]",1.11
regenerated_new/2/H/case-105234_JAY_ANNOTATION.png,"[2,3]",0.97
regenerated_new/3/H/case-105234_JAY_ANNOTATION.png,"[2,3]",0.97
regenerated_new/7/H/case-105234_JAY_ANNOTATION.png,"[6,7]",0.97
regenerated_new/10/H/case-105234_JAY_ANNOTATION.png,"[10,11]",1.25
regenerated_new/11/H/case-105234_JAY_ANNOTATION.png,"[10,11]",1.25
regenerated_new/1/H/case-105246_JAY_ANNOTATION.png,"[1,10]",1.11
regenerated_new/2/H/case-105246_JAY_ANNOTATION.png,"[2,6]",0.97
regenerated_new/3/H/case-105246_JAY_ANNOTATION.png,"[2,3]",0.97
regenerated_new/10/H/case-105246_JAY_ANNOTATION.png,"[10,11]",1.25
regenerated_new/11/H/case-105246_JAY_ANNOTATION.png,"[11,10]",1.25
regenerated_new/12/H/case-105246_JAY_ANNOTATION.png,"[11,12]",1.25
regenerated_new/1/H/case-105257_JAY_ANNOTATION.png,"[1,10]",1.11
regenerated_new/2/H/case-105257_JAY_ANNOTATION.png,"[2,3]",0.97
regenerated_new/3/H/case-105257_JAY_ANNOTATION.png,"[2,3]",0.97
regenerated_new/10/H/case-105257_JAY_ANNOTATION.png,"[10,11]",1.25
regenerated_new/11/H/case-105257_JAY_ANNOTATION.png,"[10,11]",1.25
regenerated_new/12/H/case-105257_JAY_ANNOTATION.png,"[11,12]",1.25
regenerated_new/1/H/case-105288_JAY_ANNOTATION.png,"[1,2]",0.97
regenerated_new/2/H/case-105288_JAY_ANNOTATION.png,"[2,3]",0.97
regenerated_new/3/H/case-105288_JAY_ANNOTATION.png,"[2,3]",0.97
regenerated_new/10/H/case-105288_JAY_ANNOTATION.png,"[10,11]",1.25
regenerated_new/11/H/case-105288_JAY_ANNOTATION.png,"[10,11]",1.25
regenerated_new/1/H/case-105318_JAY_ANNOTATION.png,"[1,10]",1.11
regenerated_new/2/H/case-105318_JAY_ANNOTATION.png,"[2,3]",0.97
regenerated_new/3/H/case-105318_JAY_ANNOTATION.png,"[2,3]",0.97
regenerated_new/10/H/case-105318_JAY_ANNOTATION.png,"[10,11]",1.25
regenerated_new/11/H/case-105318_JAY_ANNOTATION.png,"[11,10]",1.25
regenerated_new/1/H/case-105476_JAY_ANNOTATION.png,"[1,14]",1.11
regenerated_new/2/H/case-105476_JAY_ANNOTATION.png,"[2,3]",0.97
regenerated_new/3/H/case-105476_JAY_ANNOTATION.png,"[2,3]",0.97
regenerated_new/7/H/case-105476_JAY_ANNOTATION.png,"[6,7]",0.97
regenerated_new/10/H/case-105476_JAY_ANNOTATION.png,"[10,11]",1.25
regenerated_new/11/H/case-105476_JAY_ANNOTATION.png,"[11,10]",1.25
regenerated_new/1/H/case-105567_JAY_ANNOTATION.png,"[1,2]",0.97
regenerated_new/2/H/case-105567_JAY_ANNOTATION.png,"[2,3]",0.97
regenerated_new/3/H/case-105567_JAY_ANNOTATION.png,"[2,3]",0.97
regenerated_new/7/H/case-105567_JAY_ANNOTATION.png,"[6,7]",0.97
regenerated_new/10/H/case-105567_JAY_ANNOTATION.png,"[10,11]",1.25
regenerated_new/11/H/case-105567_JAY_ANNOTATION.png,"[11,12]",1.25
regenerated_new/1/H/case-105579_JAY_ANNOTATION.png,"[1,10]",1.11
regenerated_new/2/H/case-105579_JAY_ANNOTATION.png,"[2,3]",0.97
regenerated_new/3/H/case-105579_JAY_ANNOTATION.png,"[2,3]",0.97
regenerated_new/6/H/case-105579_JAY_ANNOTATION.png,"[6,7]",0.97
regenerated_new/10/H/case-105579_JAY_ANNOTATION.png,"[10,11]",1.25
regenerated_new/11/H/case-105579_JAY_ANNOTATION.png,"[10,11]",1.25
regenerated_new/12/H/case-105579_JAY_ANNOTATION.png,"[11,12]",1.25
regenerated_new/1/H/case-105586_JAY_ANNOTATION.png,"[1,10]",1.11
regenerated_new/2/H/case-105586_JAY_ANNOTATION.png,"[2,3]",0.97
regenerated_new/3/H/case-105586_JAY_ANNOTATION.png,"[2,3]",0.97
regenerated_new/7/H/case-105586_JAY_ANNOTATION.png,"[6,7]",0.97
regenerated_new/10/H/case-105586_JAY_ANNOTATION.png,"[10,11]",1.25
regenerated_new/11/H/case-105586_JAY_ANNOTATION.png,"[11,12]",1.25
regenerated_new/1/H/case-105592_JAY_ANNOTATION.png,"[1,10]",1.11
regenerated_new/2/H/case-105592_JAY_ANNOTATION.png,"[2,3]",0.97
regenerated_new/3/H/case-105592_JAY_ANNOTATION.png,"[2,3]",0.97
regenerated_new/10/H/case-105592_JAY_ANNOTATION.png,"[10,11]",1.25
regenerated_new/11/H/case-105592_JAY_ANNOTATION.png,"[11,12]",1.25
regenerated_new/13/H/case-105592_JAY_ANNOTATION.png,"[11,13]",1.25
regenerated_new/1/H/case-105597_JAY_ANNOTATION.png,"[1,10]",1.11
regenerated_new/2/H/case-105597_JAY_ANNOTATION.png,"[2,3]",0.97
regenerated_new/3/H/case-105597_JAY_ANNOTATION.png,"[2,3]",0.97
regenerated_new/10/H/case-105597_JAY_ANNOTATION.png,"[10,11]",1.25
regenerated_new/11/H/case-105597_JAY_ANNOTATION.png,"[10,11]",1.25
regenerated_new/13/H/case-105597_JAY_ANNOTATION.png,"[12,13]",1.25
regenerated_new/1/H/case-105602_JAY_ANNOTATION.png,"[1,2]",0.97
regenerated_new/2/H/case-105602_JAY_ANNOTATION.png,"[2,3]",0.97
regenerated_new/3/H/case-105602_JAY_ANNOTATION.png,"[2,3]",0.97
regenerated_new/10/H/case-105602_JAY_ANNOTATION.png,"[10,11]",1.25
regenerated_new/11/H/case-105602_JAY_ANNOTATION.png,"[10,11]",1.25
regenerated_new/12/H/case-105602_JAY_ANNOTATION.png,"[11,12]",1.25
regenerated_new/1/H/case-105681_JAY_ANNOTATION.png,"[1,10]",1.11
regenerated_new/2/H/case-105681_JAY_ANNOTATION.png,"[2,3]",0.97
regenerated_new/3/H/case-105681_JAY_ANNOTATION.png,"[2,3]",0.97
regenerated_new/6/H/case-105681_JAY_ANNOTATION.png,"[6,7]",0.97
regenerated_new/10/H/case-105681_JAY_ANNOTATION.png,"[10,11]",1.25
regenerated_new/11/H/case-105681_JAY_ANNOTATION.png,"[11,10]",1.25
regenerated_new/12/H/case-105681_JAY_ANNOTATION.png,"[11,12]",1.25
regenerated_new/1/H/case-105704_JAY_ANNOTATION.png,"[1,11]",1.11
regenerated_new/2/H/case-105704_JAY_ANNOTATION.png,"[2,3]",0.97
regenerated_new/3/H/case-105704_JAY_ANNOTATION.png,"[2,3]",0.97
regenerated_new/7/H/case-105704_JAY_ANNOTATION.png,"[6,7]",0.97
regenerated_new/10/H/case-105704_JAY_ANNOTATION.png,"[11,10]",1.25
regenerated_new/11/H/case-105704_JAY_ANNOTATION.png,"[11,13]",1.25
regenerated_new/12/H/case-105704_JAY_ANNOTATION.png,"[11,12]",1.25
regenerated_new/1/H/case-105817_JAY_ANNOTATION.png,"[1,10]",1.11
regenerated_new/3/H/case-105817_JAY_ANNOTATION.png,"[2,3]",0.97
regenerated_new/10/H/case-105817_JAY_ANNOTATION.png,"[10,11]",1.25
regenerated_new/11/H/case-105817_JAY_ANNOTATION.png,"[11,10]",1.25
regenerated_new/1/H/case-105839_JAY_ANNOTATION.png,"[1,10]",1.11
regenerated_new/2/H/case-105839_JAY_ANNOTATION.png,"[2,3]",0.97
regenerated_new/10/H/case-105839_JAY_ANNOTATION.png,"[10,11]",1.24
regenerated_new/11/H/case-105839_JAY_ANNOTATION.png,"[11,10]",1.25
regenerated_new/12/H/case-105839_JAY_ANNOTATION.png,"[11,12]",1.25
regenerated_new/1/H/case-105862_JAY_ANNOTATION.png,"[1,10]",1.11
regenerated_new/10/H/case-105862_JAY_ANNOTATION.png,"[11,10]",1.25
regenerated_new/11/H/case-105862_JAY_ANNOTATION.png,"[11,10]",1.25
regenerated_new/1/H/case-105915_JAY_ANNOTATION.png,"[1,10]",1.11
regenerated_new/10/H/case-105915_JAY_ANNOTATION.png,"[1,10]",1.11
regenerated_new/11/H/case-105915_JAY_ANNOTATION.png,"[10,11]",1.25
regenerated_new/12/H/case-105915_JAY_ANNOTATION.png,"[12,13]",1.25
regenerated_new/1/H/case-106012_JAY_ANNOTATION.png,"[1,10]",1.11
regenerated_new/2/H/case-106012_JAY_ANNOTATION.png,"[2,3]",0.97
regenerated_new/7/H/case-106012_JAY_ANNOTATION.png,"[6,7]",0.97
regenerated_new/10/H/case-106012_JAY_ANNOTATION.png,"[10,11]",1.75
regenerated_new/11/H/case-106012_JAY_ANNOTATION.png,"[11,10]",1.25
regenerated_new/12/H/case-106012_JAY_ANNOTATION.png,"[11,12]",1.24
regenerated_new/1/H/case-106016_JAY_ANNOTATION.png,"[1,10]",1.11
regenerated_new/2/H/case-106016_JAY_ANNOTATION.png,"[2,3]",0.97
regenerated_new/6/H/case-106016_JAY_ANNOTATION.png,"[6,7]",0.97
regenerated_new/10/H/case-106016_JAY_ANNOTATION.png,"[10,11]",1.25
regenerated_new/11/H/case-106016_JAY_ANNOTATION.png,"[11,13]",1.25
regenerated_new/12/H/case-106016_JAY_ANNOTATION.png,"[11,12]",1.24
regenerated_new/14/H/case-106016_JAY_ANNOTATION.png,"[10,14]",1.24
regenerated_new/1/H/case-106081_JAY_ANNOTATION.png,"[1,2]",0.97
regenerated_new/2/H/case-106081_JAY_ANNOTATION.png,"[2,3]",0.97
regenerated_new/11/H/case-106081_JAY_ANNOTATION.png,"[11,12]",1.25
regenerated_new/12/H/case-106081_JAY_ANNOTATION.png,"[11,12]",1.24
regenerated_new/1/H/case-106101_JAY_ANNOTATION.png,"[1,10]",1.11
regenerated_new/2/H/case-106101_JAY_ANNOTATION.png,"[2,3]",0.97
regenerated_new/3/H/case-106101_JAY_ANNOTATION.png,"[2,3]",0.97
regenerated_new/6/H/case-106101_JAY_ANNOTATION.png,"[6,7]",0.97
regenerated_new/7/H/case-106101_JAY_ANNOTATION.png,"[6,7]",0.97
regenerated_new/10/H/case-106101_JAY_ANNOTATION.png,"[10,11]",1.25
regenerated_new/11/H/case-106101_JAY_ANNOTATION.png,"[10,11]",1.25
regenerated_new/12/H/case-106101_JAY_ANNOTATION.png,"[12,13]",1.25
regenerated_new/1/H/case-106127_JAY_ANNOTATION.png,"[1,14]",1.12
regenerated_new/2/H/case-106127_JAY_ANNOTATION.png,"[2,3]",0.97
regenerated_new/3/H/case-106127_JAY_ANNOTATION.png,"[2,3]",0.97
regenerated_new/10/H/case-106127_JAY_ANNOTATION.png,"[10,11]",1.24
regenerated_new/11/H/case-106127_JAY_ANNOTATION.png,"[11,10]",1.25
regenerated_new/1/H/case-106139_JAY_ANNOTATION.png,"[1,10]",1.11
regenerated_new/3/H/case-106139_JAY_ANNOTATION.png,"[2,3]",0.97
regenerated_new/10/H/case-106139_JAY_ANNOTATION.png,"[10,11]",1.25
regenerated_new/11/H/case-106139_JAY_ANNOTATION.png,"[11,12]",1.25
regenerated_new/12/H/case-106139_JAY_ANNOTATION.png,"[11,12]",1.25
regenerated_new/1/H/case-106141_JAY_ANNOTATION.png,"[1,10]",1.11
regenerated_new/2/H/case-106141_JAY_ANNOTATION.png,"[2,3]",0.97
regenerated_new/10/H/case-106141_JAY_ANNOTATION.png,"[1,10]",1.11
regenerated_new/11/H/case-106141_JAY_ANNOTATION.png,"[11,12]",1.24
regenerated_new/12/H/case-106141_JAY_ANNOTATION.png,"[11,12]",1.25
regenerated_new/1/H/case-106157_JAY_ANNOTATION.png,"[1,10]",1.11
regenerated_new/2/H/case-106157_JAY_ANNOTATION.png,"[2,3]",0.97
regenerated_new/3/H/case-106157_JAY_ANNOTATION.png,"[2,3]",0.97
regenerated_new/10/H/case-106157_JAY_ANNOTATION.png,"[10,11]",1.25
regenerated_new/11/H/case-106157_JAY_ANNOTATION.png,"[11,10]",1.25
regenerated_new/12/H/case-106157_JAY_ANNOTATION.png,"[11,12]",1.24
regenerated_new/1/H/case-106172_JAY_ANNOTATION.png,"[1,11]",1.11
regenerated_new/2/H/case-106172_JAY_ANNOTATION.png,"[2,3]",0.97
regenerated_new/3/H/case-106172_JAY_ANNOTATION.png,"[2,3]",0.97
regenerated_new/10/H/case-106172_JAY_ANNOTATION.png,"[10,11]",1.25
regenerated_new/11/H/case-106172_JAY_ANNOTATION.png,"[11,10]",1.25
regenerated_new/12/H/case-106172_JAY_ANNOTATION.png,"[11,12]",1.25
regenerated_new/1/H/case-106301_JAY_ANNOTATION.png,"[1,10]",1.11
regenerated_new/2/H/case-106301_JAY_ANNOTATION.png,"[2,3]",0.97
regenerated_new/3/H/case-106301_JAY_ANNOTATION.png,"[2,3]",0.97
regenerated_new/10/H/case-106301_JAY_ANNOTATION.png,"[10,11]",1.25
regenerated_new/11/H/case-106301_JAY_ANNOTATION.png,"[11,10]",1.25
regenerated_new/12/H/case-106301_JAY_ANNOTATION.png,"[11,12]",1.25
regenerated_new/1/H/case-106371_JAY_ANNOTATION.png,"[1,10]",1.11
regenerated_new/2/H/case-106371_JAY_ANNOTATION.png,"[2,3]",0.97
regenerated_new/3/H/case-106371_JAY_ANNOTATION.png,"[2,3]",0.97
regenerated_new/10/H/case-106371_JAY_ANNOTATION.png,"[10,11]",1.25
regenerated_new/11/H/case-106371_JAY_ANNOTATION.png,"[11,13]",1.25
regenerated_new/12/H/case-106371_JAY_ANNOTATION.png,"[11,12]",1.25
regenerated_new/1/H/case-106374_JAY_ANNOTATION.png,"[1,10]",1.11
regenerated_new/2/H/case-106374_JAY_ANNOTATION.png,"[2,3]",0.97
regenerated_new/7/H/case-106374_JAY_ANNOTATION.png,"[6,7]",0.97
regenerated_new/10/H/case-106374_JAY_ANNOTATION.png,"[10,11]",1.25
regenerated_new/11/H/case-106374_JAY_ANNOTATION.png,"[11,12]",1.25
regenerated_new/12/H/case-106374_JAY_ANNOTATION.png,"[11,12]",1.25
regenerated_new/1/H/case-106456_JAY_ANNOTATION.png,"[1,10]",1.11
regenerated_new/2/H/case-106456_JAY_ANNOTATION.png,"[2,3]",0.97
regenerated_new/3/H/case-106456_JAY_ANNOTATION.png,"[2,3]",0.97
regenerated_new/10/H/case-106456_JAY_ANNOTATION.png,"[11,10]",1.25
regenerated_new/11/H/case-106456_JAY_ANNOTATION.png,"[11,10]",1.25
regenerated_new/12/H/case-106456_JAY_ANNOTATION.png,"[11,12]",1.25
regenerated_new/1/H/case-106464_JAY_ANNOTATION.png,"[1,10]",1.11
regenerated_new/2/H/case-106464_JAY_ANNOTATION.png,"[2,10]",1.11
regenerated_new/3/H/case-106464_JAY_ANNOTATION.png,"[2,3]",0.97
regenerated_new/6/H/case-106464_JAY_ANNOTATION.png,"[6,7]",0.97
regenerated_new/10/H/case-106464_JAY_ANNOTATION.png,"[10,11]",1.25
regenerated_new/11/H/case-106464_JAY_ANNOTATION.png,"[11,12]",1.25
regenerated_new/12/H/case-106464_JAY_ANNOTATION.png,"[11,12]",1.25
regenerated_new/13/H/case-106464_JAY_ANNOTATION.png,"[12,13]",1.25
regenerated_new/1/H/case-106541_JAY_ANNOTATION.png,"[1,2]",0.97
regenerated_new/2/H/case-106541_JAY_ANNOTATION.png,"[2,3]",0.97
regenerated_new/3/H/case-106541_JAY_ANNOTATION.png,"[2,3]",0.97
regenerated_new/7/H/case-106541_JAY_ANNOTATION.png,"[6,7]",0.97
regenerated_new/10/H/case-106541_JAY_ANNOTATION.png,"[10,11]",1.25
regenerated_new/11/H/case-106541_JAY_ANNOTATION.png,"[11,10]",1.25
regenerated_new/12/H/case-106541_JAY_ANNOTATION.png,"[11,12]",1.25
regenerated_new/13/H/case-106541_JAY_ANNOTATION.png,"[12,13]",1.25
regenerated_new/1/H/case-106569_JAY_ANNOTATION.png,"[1,10]",1.12
regenerated_new/3/H/case-106569_JAY_ANNOTATION.png,"[2,3]",0.97
regenerated_new/10/H/case-106569_JAY_ANNOTATION.png,"[10,11]",1.25
regenerated_new/11/H/case-106569_JAY_ANNOTATION.png,"[11,12]",1.25
regenerated_new/12/H/case-106569_JAY_ANNOTATION.png,"[12,13]",1.25
regenerated_new/1/H/case-106811_JAY_ANNOTATION.png,"[1,10]",1.11
regenerated_new/2/H/case-106811_JAY_ANNOTATION.png,"[2,3]",0.97
regenerated_new/3/H/case-106811_JAY_ANNOTATION.png,"[2,3]",0.97
regenerated_new/6/H/case-106811_JAY_ANNOTATION.png,"[6,7]",0.97
regenerated_new/10/H/case-106811_JAY_ANNOTATION.png,"[10,11]",1.25
regenerated_new/11/H/case-106811_JAY_ANNOTATION.png,"[11,12]",1.25
regenerated_new/12/H/case-106811_JAY_ANNOTATION.png,"[11,12]",1.25
regenerated_new/1/H/case-106835_JAY_ANNOTATION.png,"[1,10]",1.11
regenerated_new/2/H/case-106835_JAY_ANNOTATION.png,"[2,3]",0.97
regenerated_new/3/H/case-106835_JAY_ANNOTATION.png,"[2,3]",0.97
regenerated_new/10/H/case-106835_JAY_ANNOTATION.png,"[10,11]",1.25
regenerated_new/11/H/case-106835_JAY_ANNOTATION.png,"[10,11]",1.25
regenerated_new/12/H/case-106835_JAY_ANNOTATION.png,"[11,12]",1.25
regenerated_new/1/H/case-106856_JAY_ANNOTATION.png,"[1,2]",0.97
regenerated_new/2/H/case-106856_JAY_ANNOTATION.png,"[2,3]",0.97
regenerated_new/3/H/case-106856_JAY_ANNOTATION.png,"[2,3]",0.97
regenerated_new/10/H/case-106856_JAY_ANNOTATION.png,"[10,11]",1.25
regenerated_new/11/H/case-106856_JAY_ANNOTATION.png,"[11,10]",1.25
regenerated_new/1/H/case-106882_JAY_ANNOTATION.png,"[1,10]",1.11
regenerated_new/3/H/case-106882_JAY_ANNOTATION.png,"[2,3]",0.97
regenerated_new/10/H/case-106882_JAY_ANNOTATION.png,"[10,11]",1.25
regenerated_new/11/H/case-106882_JAY_ANNOTATION.png,"[11,10]",1.25
regenerated_new/1/H/case-106963_JAY_ANNOTATION.png,"[1,10]",1.11
regenerated_new/10/H/case-106963_JAY_ANNOTATION.png,"[10,11]",1.25
regenerated_new/11/H/case-106963_JAY_ANNOTATION.png,"[11,10]",1.25
regenerated_new/12/H/case-106963_JAY_ANNOTATION.png,"[11,12]",1.25
regenerated_new/1/H/case-106973_JAY_ANNOTATION.png,"[1,10]",1.11
regenerated_new/10/H/case-106973_JAY_ANNOTATION.png,"[11,10]",1.24
regenerated_new/11/H/case-106973_JAY_ANNOTATION.png,"[11,12]",1.25
regenerated_new/12/H/case-106973_JAY_ANNOTATION.png,"[11,12]",1.25
regenerated_new/13/H/case-106973_JAY_ANNOTATION.png,"[11,13]",1.25
regenerated_new/1/H/case-106991_JAY_ANNOTATION.png,"[1,10]",1.62
regenerated_new/2/H/case-106991_JAY_ANNOTATION.png,"[2,3]",0.97
regenerated_new/3/H/case-106991_JAY_ANNOTATION.png,"[2,3]",0.97
regenerated_new/6/H/case-106991_JAY_ANNOTATION.png,"[6,7]",0.97
regenerated_new/10/H/case-106991_JAY_ANNOTATION.png,"[11,10]",1.24
regenerated_new/11/H/case-106991_JAY_ANNOTATION.png,"[11,10]",1.25
regenerated_new/12/H/case-106991_JAY_ANNOTATION.png,"[11,12]",1.24
regenerated_new/1/H/case-107068_JAY_ANNOTATION.png,"[1,2]",0.97
regenerated_new/3/H/case-107068_JAY_ANNOTATION.png,"[2,3]",0.97
regenerated_new/6/H/case-107068_JAY_ANNOTATION.png,"[6,7]",0.97
regenerated_new/7/H/case-107068_JAY_ANNOTATION.png,"[6,7]",0.97
regenerated_new/10/H/case-107068_JAY_ANNOTATION.png,"[10,11]",1.24
regenerated_new/11/H/case-107068_JAY_ANNOTATION.png,"[11,10]",1.25
regenerated_new/12/H/case-107068_JAY_ANNOTATION.png,"[11,12]",1.24
regenerated_new/1/H/case-107184_JAY_ANNOTATION.png,"[1,10]",1.11
regenerated_new/2/H/case-107184_JAY_ANNOTATION.png,"[2,10]",1.11
regenerated_new/3/H/case-107184_JAY_ANNOTATION.png,"[2,3]",0.97
regenerated_new/6/H/case-107184_JAY_ANNOTATION.png,"[6,7]",0.97
regenerated_new/10/H/case-107184_JAY_ANNOTATION.png,"[10,11]",1.25
regenerated_new/11/H/case-107184_JAY_ANNOTATION.png,"[11,10]",1.25
regenerated_new/12/H/case-107184_JAY_ANNOTATION.png,"[11,12]",1.25
regenerated_new/13/H/case-107184_JAY_ANNOTATION.png,"[11,13]",1.25
regenerated_new/1/H/case-107267_JAY_ANNOTATION.png,"[1,10]",1.11
regenerated_new/2/H/case-107267_JAY_ANNOTATION.png,"[2,3]",0.97
regenerated_new/3/H/case-107267_JAY_ANNOTATION.png,"[2,3]",0.97
regenerated_new/10/H/case-107267_JAY_ANNOTATION.png,"[10,11]",1.25
regenerated_new/11/H/case-107267_JAY_ANNOTATION.png,"[11,12]",1.25
regenerated_new/12/H/case-107267_JAY_ANNOTATION.png,"[11,12]",1.25
regenerated_new/1/H/case-107296_JAY_ANNOTATION.png,"[1,10]",1.11
regenerated_new/2/H/case-107296_JAY_ANNOTATION.png,"[2,3]",0.97
regenerated_new/3/H/case-107296_JAY_ANNOTATION.png,"[2,3]",0.97
regenerated_new/10/H/case-107296_JAY_ANNOTATION.png,"[10,11]",1.24
regenerated_new/11/H/case-107296_JAY_ANNOTATION.png,"[11,12]",1.25
regenerated_new/12/H/case-107296_JAY_ANNOTATION.png,"[11,12]",1.24
regenerated_new/1/H/case-110146_JAY_ANNOTATION.png,"[1,11]",1.11
regenerated_new/2/H/case-110146_JAY_ANNOTATION.png,"[2,3]",0.97
regenerated_new/3/H/case-110146_JAY_ANNOTATION.png,"[2,3]",0.97
regenerated_new/6/H/case-110146_JAY_ANNOTATION.png,"[6,7]",0.97
regenerated_new/10/H/case-110146_JAY_ANNOTATION.png,"[10,11]",1.25
regenerated_new/11/H/case-110146_JAY_ANNOTATION.png,"[11,12]",1.25
regenerated_new/1/H/case-110184_JAY_ANNOTATION.png,"[1,2]",0.97
regenerated_new/2/H/case-110184_JAY_ANNOTATION.png,"[2,3]",0.97
regenerated_new/3/H/case-110184_JAY_ANNOTATION.png,"[2,3]",0.97
regenerated_new/10/H/case-110184_JAY_ANNOTATION.png,"[11,10]",1.25
regenerated_new/11/H/case-110184_JAY_ANNOTATION.png,"[11,10]",1.25
regenerated_new/1/H/case-110307_JAY_ANNOTATION.png,"[1,10]",1.11
regenerated_new/2/H/case-110307_JAY_ANNOTATION.png,"[2,3]",0.97
regenerated_new/10/H/case-110307_JAY_ANNOTATION.png,"[10,11]",1.25
regenerated_new/11/H/case-110307_JAY_ANNOTATION.png,"[11,10]",1.25
regenerated_new/12/H/case-110307_JAY_ANNOTATION.png,"[11,12]",1.25
regenerated_new/1/H/case-110324_JAY_ANNOTATION.png,"[1,10]",1.11
regenerated_new/2/H/case-110324_JAY_ANNOTATION.png,"[2,3]",0.97
regenerated_new/3/H/case-110324_JAY_ANNOTATION.png,"[2,3]",0.97
regenerated_new/10/H/case-110324_JAY_ANNOTATION.png,"[10,11]",1.25
regenerated_new/11/H/case-110324_JAY_ANNOTATION.png,"[11,13]",1.25
regenerated_new/12/H/case-110324_JAY_ANNOTATION.png,"[11,12]",1.24
regenerated_new/1/H/case-110378_JAY_ANNOTATION.png,"[1,2]",0.97
regenerated_new/2/H/case-110378_JAY_ANNOTATION.png,"[2,3]",0.97
regenerated_new/3/H/case-110378_JAY_ANNOTATION.png,"[2,3]",0.97
regenerated_new/7/H/case-110378_JAY_ANNOTATION.png,"[6,7]",0.97
regenerated_new/10/H/case-110378_JAY_ANNOTATION.png,"[10,11]",1.25
regenerated_new/11/H/case-110378_JAY_ANNOTATION.png,"[11,12]",1.25
regenerated_new/12/H/case-110378_JAY_ANNOTATION.png,"[11,12]",1.25
regenerated_new/1/H/case-110382_JAY_ANNOTATION.png,"[1,10]",1.11
regenerated_new/2/H/case-110382_JAY_ANNOTATION.png,"[2,3]",0.97
regenerated_new/3/H/case-110382_JAY_ANNOTATION.png,"[2,3]",0.97
regenerated_new/7/H/case-110382_JAY_ANNOTATION.png,"[6,7]",0.97
regenerated_new/10/H/case-110382_JAY_ANNOTATION.png,"[10,11]",1.25
regenerated_new/11/H/case-110382_JAY_ANNOTATION.png,"[11,10]",1.25
regenerated_new/12/H/case-110382_JAY_ANNOTATION.png,"[11,12]",1.25
regenerated_new/13/H/case-110382_JAY_ANNOTATION.png,"[12,13]",1.25
regenerated_new/1/H/case-110393_JAY_ANNOTATION.png,"[1,2]",0.97
regenerated_new/2/H/case-110393_JAY_ANNOTATION.png,"[2,3]",0.97
regenerated_new/3/H/case-110393_JAY_ANNOTATION.png,"[2,3]",0.97
regenerated_new/10/H/case-110393_JAY_ANNOTATION.png,"[10,11]",1.25
regenerated_new/11/H/case-110393_JAY_ANNOTATION.png,"[10,11]",1.25
regenerated_new/12/H/case-110393_JAY_ANNOTATION.png,"[11,12]",1.24
regenerated_new/1/H/case-110447_JAY_ANNOTATION.png,"[1,10]",1.11
regenerated_new/3/H/case-110447_JAY_ANNOTATION.png,"[2,3]",0.97
regenerated_new/10/H/case-110447_JAY_ANNOTATION.png,"[11,10]",1.25
regenerated_new/11/H/case-110447_JAY_ANNOTATION.png,"[11,10]",1.25
regenerated_new/12/H/case-110447_JAY_ANNOTATION.png,"[11,12]",1.25
regenerated_new/1/H/case-110519_JAY_ANNOTATION.png,"[1,10]",1.11
regenerated_new/2/H/case-110519_JAY_ANNOTATION.png,"[2,3]",0.97
regenerated_new/3/H/case-110519_JAY_ANNOTATION.png,"[2,3]",0.97
regenerated_new/10/H/case-110519_JAY_ANNOTATION.png,"[10,11]",1.25
regenerated_new/11/H/case-110519_JAY_ANNOTATION.png,"[11,10]",1.25
regenerated_new/12/H/case-110519_JAY_ANNOTATION.png,"[11,12]",1.25
regenerated_new/1/H/case-110588_JAY_ANNOTATION.png,"[1,10]",1.11
regenerated_new/2/H/case-110588_JAY_ANNOTATION.png,"[2,3]",0.97
regenerated_new/3/H/case-110588_JAY_ANNOTATION.png,"[2,3]",0.97
regenerated_new/10/H/case-110588_JAY_ANNOTATION.png,"[10,11]",1.25
regenerated_new/11/H/case-110588_JAY_ANNOTATION.png,"[11,10]",1.25
regenerated_new/12/H/case-110588_JAY_ANNOTATION.png,"[11,12]",1.25
regenerated_new/1/H/case-110636_JAY_ANNOTATION.png,"[1,10]",1.11
regenerated_new/2/H/case-110636_JAY_ANNOTATION.png,"[2,3]",0.97
regenerated_new/3/H/case-110636_JAY_ANNOTATION.png,"[2,3]",0.97
regenerated_new/7/H/case-110636_JAY_ANNOTATION.png,"[6,7]",0.97
regenerated_new/10/H/case-110636_JAY_ANNOTATION.png,"[10,11]",1.25
regenerated_new/11/H/case-110636_JAY_ANNOTATION.png,"[10,11]",1.25
regenerated_new/1/H/case-110640_JAY_ANNOTATION.png,"[1,10]",1.11
regenerated_new/2/H/case-110640_JAY_ANNOTATION.png,"[2,3]",0.97
regenerated_new/3/H/case-110640_JAY_ANNOTATION.png,"[2,3]",0.97
regenerated_new/10/H/case-110640_JAY_ANNOTATION.png,"[10,11]",1.25
regenerated_new/11/H/case-110640_JAY_ANNOTATION.png,"[11,10]",1.25
regenerated_new/1/H/case-110649_JAY_ANNOTATION.png,"[1,2]",0.97
regenerated_new/2/H/case-110649_JAY_ANNOTATION.png,"[2,3]",0.97
regenerated_new/3/H/case-110649_JAY_ANNOTATION.png,"[2,3]",0.97
regenerated_new/10/H/case-110649_JAY_ANNOTATION.png,"[10,11]",1.25
regenerated_new/11/H/case-110649_JAY_ANNOTATION.png,"[11,10]",1.25
regenerated_new/1/H/case-110664_JAY_ANNOTATION.png,"[1,10]",1.11
regenerated_new/2/H/case-110664_JAY_ANNOTATION.png,"[2,3]",0.97
regenerated_new/3/H/case-110664_JAY_ANNOTATION.png,"[2,3]",0.97
regenerated_new/10/H/case-110664_JAY_ANNOTATION.png,"[10,11]",1.24
regenerated_new/11/H/case-110664_JAY_ANNOTATION.png,"[11,13]",1.25
regenerated_new/1/H/case-110831_JAY_ANNOTATION.png,"[1,10]",1.11
regenerated_new/2/H/case-110831_JAY_ANNOTATION.png,"[2,3]",0.97
regenerated_new/3/H/case-110831_JAY_ANNOTATION.png,"[2,3]",0.97
regenerated_new/6/H/case-110831_JAY_ANNOTATION.png,"[6,7]",0.97
regenerated_new/10/H/case-110831_JAY_ANNOTATION.png,"[10,11]",1.25
regenerated_new/11/H/case-110831_JAY_ANNOTATION.png,"[11,10]",1.25
regenerated_new/12/H/case-110831_JAY_ANNOTATION.png,"[11,12]",1.25
regenerated_new/1/H/case-110870_JAY_ANNOTATION.png,"[1,10]",1.11
regenerated_new/2/H/case-110870_JAY_ANNOTATION.png,"[2,3]",0.97
regenerated_new/3/H/case-110870_JAY_ANNOTATION.png,"[2,3]",0.97
regenerated_new/10/H/case-110870_JAY_ANNOTATION.png,"[10,11]",1.25
regenerated_new/11/H/case-110870_JAY_ANNOTATION.png,"[11,12]",1.25
regenerated_new/12/H/case-110870_JAY_ANNOTATION.png,"[11,12]",1.24
regenerated_new/1/H/case-111040_JAY_ANNOTATION.png,"[1,2]",0.97
regenerated_new/2/H/case-111040_JAY_ANNOTATION.png,"[2,6]",0.97
regenerated_new/7/H/case-111040_JAY_ANNOTATION.png,"[6,7]",0.97
regenerated_new/10/H/case-111040_JAY_ANNOTATION.png,"[10,11]",1.24
regenerated_new/11/H/case-111040_JAY_ANNOTATION.png,"[11,10]",1.25
regenerated_new/12/H/case-111040_JAY_ANNOTATION.png,"[11,12]",1.24
regenerated_new/1/H/case-111057_JAY_ANNOTATION.png,"[1,10]",1.11
regenerated_new/2/H/case-111057_JAY_ANNOTATION.png,"[2,3]",0.97
regenerated_new/10/H/case-111057_JAY_ANNOTATION.png,"[11,10]",1.24
regenerated_new/11/H/case-111057_JAY_ANNOTATION.png,"[11,10]",1.24
regenerated_new/12/H/case-111057_JAY_ANNOTATION.png,"[11,12]",1.24
regenerated_new/1/H/case-111159_JAY_ANNOTATION.png,"[1,10]",1.11
regenerated_new/2/H/case-111159_JAY_ANNOTATION.png,"[2,3]",0.97
regenerated_new/3/H/case-111159_JAY_ANNOTATION.png,"[2,3]",0.97
regenerated_new/10/H/case-111159_JAY_ANNOTATION.png,"[10,11]",1.25
regenerated_new/11/H/case-111159_JAY_ANNOTATION.png,"[11,10]",1.25
regenerated_new/12/H/case-111159_JAY_ANNOTATION.png,"[11,12]",1.25
regenerated_new/1/H/case-111162_JAY_ANNOTATION.png,"[1,10]",1.11
regenerated_new/2/H/case-111162_JAY_ANNOTATION.png,"[2,3]",0.97
regenerated_new/10/H/case-111162_JAY_ANNOTATION.png,"[10,11]",1.25
regenerated_new/11/H/case-111162_JAY_ANNOTATION.png,"[11,10]",1.25
regenerated_new/12/H/case-111162_JAY_ANNOTATION.png,"[11,12]",1.25
regenerated_new/1/H/case-111165_JAY_ANNOTATION.png,"[1,10]",1.11
regenerated_new/2/H/case-111165_JAY_ANNOTATION.png,"[2,3]",0.97
regenerated_new/3/H/case-111165_JAY_ANNOTATION.png,"[2,3]",0.97
regenerated_new/10/H/case-111165_JAY_ANNOTATION.png,"[10,11]",1.25
regenerated_new/11/H/case-111165_JAY_ANNOTATION.png,"[10,11]",1.25
regenerated_new/1/H/case-111178_JAY_ANNOTATION.png,"[1,10]",1.11
regenerated_new/3/H/case-111178_JAY_ANNOTATION.png,"[2,3]",0.97
regenerated_new/10/H/case-111178_JAY_ANNOTATION.png,"[10,11]",1.25
regenerated_new/11/H/case-111178_JAY_ANNOTATION.png,"[11,12]",1.25
regenerated_new/1/H/case-111246_JAY_ANNOTATION.png,"[1,10]",1.11
regenerated_new/2/H/case-111246_JAY_ANNOTATION.png,"[2,3]",0.97
regenerated_new/10/H/case-111246_JAY_ANNOTATION.png,"[10,11]",1.25
regenerated_new/11/H/case-111246_JAY_ANNOTATION.png,"[10,11]",1.25
regenerated_new/12/H/case-111246_JAY_ANNOTATION.png,"[11,12]",1.25
regenerated_new/1/H/case-111273_JAY_ANNOTATION.png,"[1,10]",1.11
regenerated_new/2/H/case-111273_JAY_ANNOTATION.png,"[2,3]",0.97
regenerated_new/3/H/case-111273_JAY_ANNOTATION.png,"[2,3]",0.97
regenerated_new/10/H/case-111273_JAY_ANNOTATION.png,"[10,11]",1.25
regenerated_new/11/H/case-111273_JAY_ANNOTATION.png,"[11,10]",1.25
regenerated_new/1/H/case-111359_JAY_ANNOTATION.png,"[1,10]",1.11
regenerated_new/2/H/case-111359_JAY_ANNOTATION.png,"[2,3]",0.97
regenerated_new/3/H/case-111359_JAY_ANNOTATION.png,"[2,3]",0.97
regenerated_new/10/H/case-111359_JAY_ANNOTATION.png,"[10,11]",1.25
regenerated_new/11/H/case-111359_JAY_ANNOTATION.png,"[11,10]",1.25
regenerated_new/12/H/case-111359_JAY_ANNOTATION.png,"[11,12]",1.25
regenerated_new/1/H/case-111405_JAY_ANNOTATION.png,"[1,10]",1.11
regenerated_new/2/H/case-111405_JAY_ANNOTATION.png,"[2,3]",0.97
regenerated_new/3/H/case-111405_JAY_ANNOTATION.png,"[2,3]",0.97
regenerated_new/7/H/case-111405_JAY_ANNOTATION.png,"[6,7]",0.97
regenerated_new/11/H/case-111405_JAY_ANNOTATION.png,"[10,11]",1.25
regenerated_new/12/H/case-111405_JAY_ANNOTATION.png,"[11,12]",1.25
regenerated_new/1/H/case-111446_JAY_ANNOTATION.png,"[1,10]",1.11
regenerated_new/2/H/case-111446_JAY_ANNOTATION.png,"[2,3]",0.97
regenerated_new/6/H/case-111446_JAY_ANNOTATION.png,"[6,7]",0.97
regenerated_new/10/H/case-111446_JAY_ANNOTATION.png,"[10,11]",1.25
regenerated_new/11/H/case-111446_JAY_ANNOTATION.png,"[11,10]",1.25
regenerated_new/1/H/case-111546_JAY_ANNOTATION.png,"[1,2]",0.97
regenerated_new/2/H/case-111546_JAY_ANNOTATION.png,"[2,3]",0.97
regenerated_new/6/H/case-111546_JAY_ANNOTATION.png,"[6,7]",0.97
regenerated_new/10/H/case-111546_JAY_ANNOTATION.png,"[10,11]",1.25
regenerated_new/11/H/case-111546_JAY_ANNOTATION.png,"[10,11]",1.25
regenerated_new/14/H/case-111546_JAY_ANNOTATION.png,"[10,14]",1.24
regenerated_new/1/H/case-111573_JAY_ANNOTATION.png,"[1,10]",1.11
regenerated_new/2/H/case-111573_JAY_ANNOTATION.png,"[2,3]",0.97
regenerated_new/3/H/case-111573_JAY_ANNOTATION.png,"[2,3]",0.97
regenerated_new/6/H/case-111573_JAY_ANNOTATION.png,"[6,7]",0.97
regenerated_new/10/H/case-111573_JAY_ANNOTATION.png,"[10,11]",1.25
regenerated_new/11/H/case-111573_JAY_ANNOTATION.png,"[11,10]",1.25
regenerated_new/12/H/case-111573_JAY_ANNOTATION.png,"[11,12]",1.25
regenerated_new/13/H/case-111573_JAY_ANNOTATION.png,"[12,13]",1.25
regenerated_new/1/H/case-111685_JAY_ANNOTATION.png,"[1,10]",1.11
regenerated_new/3/H/case-111685_JAY_ANNOTATION.png,"[2,3]",0.97
regenerated_new/10/H/case-111685_JAY_ANNOTATION.png,"[11,10]",1.25
regenerated_new/11/H/case-111685_JAY_ANNOTATION.png,"[11,12]",1.25
regenerated_new/12/H/case-111685_JAY_ANNOTATION.png,"[11,12]",1.25
regenerated_new/1/H/case-111755_JAY_ANNOTATION.png,"[1,10]",1.11
regenerated_new/2/H/case-111755_JAY_ANNOTATION.png,"[2,3]",0.97
regenerated_new/3/H/case-111755_JAY_ANNOTATION.png,"[2,3]",0.97
regenerated_new/6/H/case-111755_JAY_ANNOTATION.png,"[6,7]",0.97
regenerated_new/10/H/case-111755_JAY_ANNOTATION.png,"[10,11]",1.25
regenerated_new/11/H/case-111755_JAY_ANNOTATION.png,"[11,10]",1.25
regenerated_new/12/H/case-111755_JAY_ANNOTATION.png,"[11,12]",1.25
regenerated_new/1/H/case-111791_JAY_ANNOTATION.png,"[1,10]",1.11
regenerated_new/2/H/case-111791_JAY_ANNOTATION.png,"[2,3]",0.97
regenerated_new/3/H/case-111791_JAY_ANNOTATION.png,"[2,3]",0.97
regenerated_new/6/H/case-111791_JAY_ANNOTATION.png,"[6,7]",0.97
regenerated_new/10/H/case-111791_JAY_ANNOTATION.png,"[11,10]",1.25
regenerated_new/11/H/case-111791_JAY_ANNOTATION.png,"[11,13]",1.25
regenerated_new/12/H/case-111791_JAY_ANNOTATION.png,"[11,12]",1.25
regenerated_new/1/H/case-111819_JAY_ANNOTATION.png,"[1,10]",1.11
regenerated_new/2/H/case-111819_JAY_ANNOTATION.png,"[2,6]",0.97
regenerated_new/3/H/case-111819_JAY_ANNOTATION.png,"[2,3]",0.97
regenerated_new/10/H/case-111819_JAY_ANNOTATION.png,"[10,11]",1.25
regenerated_new/11/H/case-111819_JAY_ANNOTATION.png,"[11,10]",1.25
regenerated_new/1/H/case-111830_JAY_ANNOTATION.png,"[1,10]",1.11
regenerated_new/2/H/case-111830_JAY_ANNOTATION.png,"[2,3]",0.97
regenerated_new/3/H/case-111830_JAY_ANNOTATION.png,"[2,3]",0.97
regenerated_new/10/H/case-111830_JAY_ANNOTATION.png,"[10,11]",1.25
regenerated_new/11/H/case-111830_JAY_ANNOTATION.png,"[11,13]",1.25
regenerated_new/12/H/case-111830_JAY_ANNOTATION.png,"[11,12]",1.25
regenerated_new/1/H/case-111863_JAY_ANNOTATION.png,"[1,10]",1.11
regenerated_new/2/H/case-111863_JAY_ANNOTATION.png,"[2,3]",0.97
regenerated_new/3/H/case-111863_JAY_ANNOTATION.png,"[2,3]",0.97
regenerated_new/10/H/case-111863_JAY_ANNOTATION.png,"[10,11]",1.25
regenerated_new/11/H/case-111863_JAY_ANNOTATION.png,"[10,11]",1.25
regenerated_new/1/H/case-111923_JAY_ANNOTATION.png,"[1,10]",1.11
regenerated_new/2/H/case-111923_JAY_ANNOTATION.png,"[2,3]",0.97
regenerated_new/3/H/case-111923_JAY_ANNOTATION.png,"[2,3]",0.97
regenerated_new/10/H/case-111923_JAY_ANNOTATION.png,"[10,11]",1.25
regenerated_new/11/H/case-111923_JAY_ANNOTATION.png,"[11,10]",1.25
regenerated_new/12/H/case-111923_JAY_ANNOTATION.png,"[12,13]",1.25
regenerated_new/1/H/case-112038_JAY_ANNOTATION.png,"[1,10]",1.11
regenerated_new/2/H/case-112038_JAY_ANNOTATION.png,"[2,3]",0.97
regenerated_new/10/H/case-112038_JAY_ANNOTATION.png,"[10,11]",1.25
regenerated_new/11/H/case-112038_JAY_ANNOTATION.png,"[11,10]",1.25
regenerated_new/12/H/case-112038_JAY_ANNOTATION.png,"[11,12]",1.25
regenerated_new/1/H/case-112071_JAY_ANNOTATION.png,"[1,10]",1.11
regenerated_new/2/H/case-112071_JAY_ANNOTATION.png,"[2,3]",0.97
regenerated_new/3/H/case-112071_JAY_ANNOTATION.png,"[2,3]",0.97
regenerated_new/10/H/case-112071_JAY_ANNOTATION.png,"[11,10]",1.25
regenerated_new/11/H/case-112071_JAY_ANNOTATION.png,"[11,12]",1.25
regenerated_new/1/H/case-112086_JAY_ANNOTATION.png,"[1,2]",0.97
regenerated_new/2/H/case-112086_JAY_ANNOTATION.png,"[2,3]",0.97
regenerated_new/3/H/case-112086_JAY_ANNOTATION.png,"[2,3]",0.97
regenerated_new/10/H/case-112086_JAY_ANNOTATION.png,"[10,11]",1.24
regenerated_new/11/H/case-112086_JAY_ANNOTATION.png,"[11,10]",1.25
regenerated_new/1/H/case-112092_JAY_ANNOTATION.png,"[1,10]",1.11
regenerated_new/2/H/case-112092_JAY_ANNOTATION.png,"[2,3]",0.97
regenerated_new/3/H/case-112092_JAY_ANNOTATION.png,"[2,3]",0.97
regenerated_new/6/H/case-112092_JAY_ANNOTATION.png,"[6,7]",0.97
regenerated_new/10/H/case-112092_JAY_ANNOTATION.png,"[10,11]",1.25
regenerated_new/11/H/case-112092_JAY_ANNOTATION.png,"[11,13]",1.25
regenerated_new/12/H/case-112092_JAY_ANNOTATION.png,"[11,12]",1.25
regenerated_new/1/H/case-112132_JAY_ANNOTATION.png,"[1,2]",0.97
regenerated_new/2/H/case-112132_JAY_ANNOTATION.png,"[2,3]",0.97
regenerated_new/3/H/case-112132_JAY_ANNOTATION.png,"[2,3]",0.97
regenerated_new/7/H/case-112132_JAY_ANNOTATION.png,"[6,7]",0.97
regenerated_new/10/H/case-112132_JAY_ANNOTATION.png,"[10,11]",1.24
regenerated_new/11/H/case-112132_JAY_ANNOTATION.png,"[10,11]",1.25
regenerated_new/12/H/case-112132_JAY_ANNOTATION.png,"[12,13]",1.25
regenerated_new/1/H/case-112180_JAY_ANNOTATION.png,"[1,10]",1.11
regenerated_new/2/H/case-112180_JAY_ANNOTATION.png,"[2,10]",1.11
regenerated_new/3/H/case-112180_JAY_ANNOTATION.png,"[2,3]",0.97
regenerated_new/10/H/case-112180_JAY_ANNOTATION.png,"[10,11]",1.25
regenerated_new/11/H/case-112180_JAY_ANNOTATION.png,"[10,11]",1.25
regenerated_new/12/H/case-112180_JAY_ANNOTATION.png,"[11,12]",1.25
regenerated_new/1/H/case-112208_JAY_ANNOTATION.png,"[1,10]",1.11
regenerated_new/3/H/case-112208_JAY_ANNOTATION.png,"[2,3]",0.97
regenerated_new/10/H/case-112208_JAY_ANNOTATION.png,"[10,11]",1.25
regenerated_new/11/H/case-112208_JAY_ANNOTATION.png,"[10,11]",1.25
regenerated_new/12/H/case-112208_JAY_ANNOTATION.png,"[12,13]",1.25
regenerated_new/1/H/case-112234_JAY_ANNOTATION.png,"[1,10]",1.11
regenerated_new/2/H/case-112234_JAY_ANNOTATION.png,"[2,3]",0.97
regenerated_new/3/H/case-112234_JAY_ANNOTATION.png,"[2,3]",0.97
regenerated_new/10/H/case-112234_JAY_ANNOTATION.png,"[10,11]",1.25
regenerated_new/11/H/case-112234_JAY_ANNOTATION.png,"[11,10]",1.25
regenerated_new/12/H/case-112234_JAY_ANNOTATION.png,"[11,12]",1.25
regenerated_new/13/H/case-112234_JAY_ANNOTATION.png,"[11,13]",1.25
regenerated_new/1/H/case-112249_JAY_ANNOTATION.png,"[1,10]",1.11
regenerated_new/2/H/case-112249_JAY_ANNOTATION.png,"[2,3]",0.97
regenerated_new/10/H/case-112249_JAY_ANNOTATION.png,"[1,10]",1.11
regenerated_new/11/H/case-112249_JAY_ANNOTATION.png,"[11,13]",1.25
regenerated_new/1/H/case-112292_JAY_ANNOTATION.png,"[1,10]",1.11
regenerated_new/2/H/case-112292_JAY_ANNOTATION.png,"[2,3]",0.97
regenerated_new/3/H/case-112292_JAY_ANNOTATION.png,"[2,3]",0.97
regenerated_new/7/H/case-112292_JAY_ANNOTATION.png,"[6,7]",0.97
regenerated_new/10/H/case-112292_JAY_ANNOTATION.png,"[10,11]",1.25
regenerated_new/11/H/case-112292_JAY_ANNOTATION.png,"[11,12]",1.25
regenerated_new/12/H/case-112292_JAY_ANNOTATION.png,"[12,13]",1.25
regenerated_new/1/H/case-112297_JAY_ANNOTATION.png,"[1,10]",1.11
regenerated_new/2/H/case-112297_JAY_ANNOTATION.png,"[2,3]",0.97
regenerated_new/3/H/case-112297_JAY_ANNOTATION.png,"[2,3]",0.97
regenerated_new/6/H/case-112297_JAY_ANNOTATION.png,"[6,7]",0.97
regenerated_new/10/H/case-112297_JAY_ANNOTATION.png,"[10,11]",1.25
regenerated_new/11/H/case-112297_JAY_ANNOTATION.png,"[10,11]",1.25
regenerated_new/12/H/case-112297_JAY_ANNOTATION.png,"[11,12]",1.25
regenerated_new/1/H/case-112348_JAY_ANNOTATION.png,"[1,10]",1.11
regenerated_new/3/H/case-112348_JAY_ANNOTATION.png,"[2,3]",0.97
regenerated_new/10/H/case-112348_JAY_ANNOTATION.png,"[10,11]",1.25
regenerated_new/11/H/case-112348_JAY_ANNOTATION.png,"[11,13]",1.25
regenerated_new/1/H/case-112364_JAY_ANNOTATION.png,"[1,10]",1.11
regenerated_new/2/H/case-112364_JAY_ANNOTATION.png,"[2,10]",1.11
regenerated_new/3/H/case-112364_JAY_ANNOTATION.png,"[2,3]",0.97
regenerated_new/10/H/case-112364_JAY_ANNOTATION.png,"[10,11]",1.25
regenerated_new/11/H/case-112364_JAY_ANNOTATION.png,"[11,10]",1.25
regenerated_new/13/H/case-112364_JAY_ANNOTATION.png,"[12,13]",1.25
regenerated_new/1/H/case-112387_JAY_ANNOTATION.png,"[1,10]",1.11
regenerated_new/3/H/case-112387_JAY_ANNOTATION.png,"[2,3]",0.97
regenerated_new/10/H/case-112387_JAY_ANNOTATION.png,"[10,11]",1.25
regenerated_new/11/H/case-112387_JAY_ANNOTATION.png,"[10,11]",1.25
regenerated_new/12/H/case-112387_JAY_ANNOTATION.png,"[11,12]",1.25
regenerated_new/1/H/case-112425_JAY_ANNOTATION.png,"[1,10]",1.11
regenerated_new/2/H/case-112425_JAY_ANNOTATION.png,"[2,3]",0.97
regenerated_new/3/H/case-112425_JAY_ANNOTATION.png,"[2,3]",0.97
regenerated_new/10/H/case-112425_JAY_ANNOTATION.png,"[10,11]",1.25
regenerated_new/11/H/case-112425_JAY_ANNOTATION.png,"[10,11]",1.25
regenerated_new/12/H/case-112425_JAY_ANNOTATION.png,"[11,12]",1.25
regenerated_new/1/H/case-112437_JAY_ANNOTATION.png,"[1,10]",1.11
regenerated_new/2/H/case-112437_JAY_ANNOTATION.png,"[2,3]",0.97
regenerated_new/3/H/case-112437_JAY_ANNOTATION.png,"[2,3]",0.97
regenerated_new/10/H/case-112437_JAY_ANNOTATION.png,"[10,11]",1.25
regenerated_new/11/H/case-112437_JAY_ANNOTATION.png,"[10,11]",1.25
regenerated_new/1/H/case-112453_JAY_ANNOTATION.png,"[1,10]",1.11
regenerated_new/2/H/case-112453_JAY_ANNOTATION.png,"[2,3]",0.97
regenerated_new/3/H/case-112453_JAY_ANNOTATION.png,"[2,3]",0.97
regenerated_new/10/H/case-112453_JAY_ANNOTATION.png,"[10,11]",1.25
regenerated_new/11/H/case-112453_JAY_ANNOTATION.png,"[11,10]",1.25
regenerated_new/12/H/case-112453_JAY_ANNOTATION.png,"[11,12]",1.25
regenerated_new/1/H/case-112536_JAY_ANNOTATION.png,"[1,10]",1.11
regenerated_new/2/H/case-112536_JAY_ANNOTATION.png,"[2,3]",0.97
regenerated_new/3/H/case-112536_JAY_ANNOTATION.png,"[2,3]",0.98
regenerated_new/10/H/case-112536_JAY_ANNOTATION.png,"[10,11]",1.25
regenerated_new/11/H/case-112536_JAY_ANNOTATION.png,"[10,11]",1.25
regenerated_new/12/H/case-112536_JAY_ANNOTATION.png,"[11,12]",1.25
regenerated_new/13/H/case-112536_JAY_ANNOTATION.png,"[12,13]",1.25
regenerated_new/1/H/case-112545_JAY_ANNOTATION.png,"[1,10]",1.11
regenerated_new/2/H/case-112545_JAY_ANNOTATION.png,"[2,3]",0.97
regenerated_new/3/H/case-112545_JAY_ANNOTATION.png,"[2,3]",0.97
regenerated_new/10/H/case-112545_JAY_ANNOTATION.png,"[10,11]",1.25
regenerated_new/11/H/case-112545_JAY_ANNOTATION.png,"[10,11]",1.25
regenerated_new/12/H/case-112545_JAY_ANNOTATION.png,"[11,12]",1.25
regenerated_new/13/H/case-112545_JAY_ANNOTATION.png,"[12,13]",1.25
regenerated_new/1/H/case-112559_JAY_ANNOTATION.png,"[1,10]",1.11
regenerated_new/2/H/case-112559_JAY_ANNOTATION.png,"[2,4]",0.97
regenerated_new/3/H/case-112559_JAY_ANNOTATION.png,"[2,3]",0.97
regenerated_new/10/H/case-112559_JAY_ANNOTATION.png,"[10,11]",1.25
regenerated_new/11/H/case-112559_JAY_ANNOTATION.png,"[10,11]",1.25
regenerated_new/12/H/case-112559_JAY_ANNOTATION.png,"[12,13]",1.25
regenerated_new/3/H/case-100114_JAY_ANNOTATION.png,"[2,6]",31.15
regenerated_new/4/H/case-100114_JAY_ANNOTATION.png,"[2,4]",33.88
regenerated_new/5/H/case-100114_JAY_ANNOTATION.png,"[2,4]",30.44
regenerated_new/8/H/case-100114_JAY_ANNOTATION.png,"[10,14]",34.16
regenerated_new/9/H/case-100114_JAY_ANNOTATION.png,"[10,14]",33.33
regenerated_new/10/H/case-100114_JAY_ANNOTATION.png,"[1,10]",29.5
regenerated_new/13/H/case-100114_JAY_ANNOTATION.png,"[2,12]",31.68
regenerated_new/14/H/case-100114_JAY_ANNOTATION.png,"[10,13]",32.38
regenerated_new/4/H/case-100129_JAY_ANNOTATION.png,"[13,14]",30.37
regenerated_new/5/H/case-100129_JAY_ANNOTATION.png,"[2,10]",30.08
regenerated_new/6/H/case-100129_JAY_ANNOTATION.png,"[14,12]",35.74
regenerated_new/7/H/case-100129_JAY_ANNOTATION.png,"[6,7]",21.85
regenerated_new/8/H/case-100129_JAY_ANNOTATION.png,"[10,14]",33.53
regenerated_new/9/H/case-100129_JAY_ANNOTATION.png,"[12,13]",33.13
regenerated_new/12/H/case-100129_JAY_ANNOTATION.png,"[12,10]",32.84
regenerated_new/14/H/case-100129_JAY_ANNOTATION.png,"[11,12]",29.49
regenerated_new/2/H/case-100164_JAY_ANNOTATION.png,"[2,3]",29.46
regenerated_new/4/H/case-100164_JAY_ANNOTATION.png,"[12,14]",36.46
regenerated_new/5/H/case-100164_JAY_ANNOTATION.png,"[4,5]",39.18
regenerated_new/6/H/case-100164_JAY_ANNOTATION.png,"[6,2]",26.17
regenerated_new/7/H/case-100164_JAY_ANNOTATION.png,"[11,13]",30.82
regenerated_new/8/H/case-100164_JAY_ANNOTATION.png,"[2,12]",27.99
regenerated_new/9/H/case-100164_JAY_ANNOTATION.png,"[2,3]",30.34
regenerated_new/12/H/case-100164_JAY_ANNOTATION.png,"[13,14]",34.18
regenerated_new/13/H/case-100164_JAY_ANNOTATION.png,"[2,12]",28.03
regenerated_new/14/H/case-100164_JAY_ANNOTATION.png,"[14,12]",37.96
regenerated_new/4/H/case-100229_JAY_ANNOTATION.png,"[3,13]",30.55
regenerated_new/5/H/case-100229_JAY_ANNOTATION.png,"[13,14]",28.47
regenerated_new/6/H/case-100229_JAY_ANNOTATION.png,"[10,14]",34.4
regenerated_new/7/H/case-100229_JAY_ANNOTATION.png,"[2,12]",27.19
regenerated_new/8/H/case-100229_JAY_ANNOTATION.png,"[14,13]",35.17
regenerated_new/9/H/case-100229_JAY_ANNOTATION.png,"[13,14]",27.2
regenerated_new/12/H/case-100229_JAY_ANNOTATION.png,"[12,14]",32.33
regenerated_new/13/H/case-100229_JAY_ANNOTATION.png,"[2,12]",37.2
regenerated_new/14/H/case-100229_JAY_ANNOTATION.png,"[13,14]",36.81
regenerated_new/2/H/case-100245_JAY_ANNOTATION.png,"[2,3]",37.82
regenerated_new/3/H/case-100245_JAY_ANNOTATION.png,"[2,3]",28.32
regenerated_new/4/H/case-100245_JAY_ANNOTATION.png,"[2,4]",29.43
regenerated_new/5/H/case-100245_JAY_ANNOTATION.png,"[14,13]",24.29
regenerated_new/6/H/case-100245_JAY_ANNOTATION.png,"[2,10]",29.25
regenerated_new/7/H/case-100245_JAY_ANNOTATION.png,"[3,7]",29.76
regenerated_new/8/H/case-100245_JAY_ANNOTATION.png,"[14,12]",29.52
regenerated_new/9/H/case-100245_JAY_ANNOTATION.png,"[12,13]",30.46
regenerated_new/12/H/case-100245_JAY_ANNOTATION.png,"[13,14]",33.34
regenerated_new/13/H/case-100245_JAY_ANNOTATION.png,"[12,13]",34.67
regenerated_new/14/H/case-100245_JAY_ANNOTATION.png,"[14,12]",34.21
regenerated_new/4/H/case-100247_JAY_ANNOTATION.png,"[12,14]",33.78
regenerated_new/5/H/case-100247_JAY_ANNOTATION.png,"[2,3]",25.95
regenerated_new/7/H/case-100247_JAY_ANNOTATION.png,"[2,10]",36.3
regenerated_new/8/H/case-100247_JAY_ANNOTATION.png,"[10,11]",28.97
regenerated_new/9/H/case-100247_JAY_ANNOTATION.png,"[3,14]",31.63
regenerated_new/12/H/case-100247_JAY_ANNOTATION.png,"[10,14]",29.98
regenerated_new/14/H/case-100247_JAY_ANNOTATION.png,"[12,14]",34.37
regenerated_new/2/H/case-100254_JAY_ANNOTATION.png,"[2,3]",24.56
regenerated_new/4/H/case-100254_JAY_ANNOTATION.png,"[10,14]",35.48
regenerated_new/5/H/case-100254_JAY_ANNOTATION.png,"[4,2]",33.93
regenerated_new/6/H/case-100254_JAY_ANNOTATION.png,"[2,3]",28.81
regenerated_new/7/H/case-100254_JAY_ANNOTATION.png,"[6,12]",30.57
regenerated_new/8/H/case-100254_JAY_ANNOTATION.png,"[11,12]",30.2
regenerated_new/9/H/case-100254_JAY_ANNOTATION.png,"[2,12]",31.18
regenerated_new/13/H/case-100254_JAY_ANNOTATION.png,"[14,12]",33.25
regenerated_new/14/H/case-100254_JAY_ANNOTATION.png,"[12,14]",37.7
regenerated_new/4/H/case-100265_JAY_ANNOTATION.png,"[2,3]",28.07
regenerated_new/5/H/case-100265_JAY_ANNOTATION.png,"[2,4]",30.12
regenerated_new/6/H/case-100265_JAY_ANNOTATION.png,"[2,14]",29.66
regenerated_new/7/H/case-100265_JAY_ANNOTATION.png,"[2,3]",38.05
regenerated_new/8/H/case-100265_JAY_ANNOTATION.png,"[10,13]",29.65
regenerated_new/9/H/case-100265_JAY_ANNOTATION.png,"[2,10]",36.9
regenerated_new/13/H/case-100265_JAY_ANNOTATION.png,"[14,13]",33.64
regenerated_new/14/H/case-100265_JAY_ANNOTATION.png,"[10,12]",31.31
regenerated_new/3/H/case-100304_JAY_ANNOTATION.png,"[2,4]",31.97
regenerated_new/4/H/case-100304_JAY_ANNOTATION.png,"[2,12]",30.57
regenerated_new/5/H/case-100304_JAY_ANNOTATION.png,"[12,14]",39.02
regenerated_new/6/H/case-100304_JAY_ANNOTATION.png,"[2,12]",35.1
regenerated_new/7/H/case-100304_JAY_ANNOTATION.png,"[13,14]",40.04
regenerated_new/8/H/case-100304_JAY_ANNOTATION.png,"[14,12]",26.83
regenerated_new/9/H/case-100304_JAY_ANNOTATION.png,"[10,14]",36.96
regenerated_new/13/H/case-100304_JAY_ANNOTATION.png,"[14,12]",31.18
regenerated_new/14/H/case-100304_JAY_ANNOTATION.png,"[10,14]",27.39
regenerated_new/3/H/case-100308_JAY_ANNOTATION.png,"[2,3]",30.72
regenerated_new/4/H/case-100308_JAY_ANNOTATION.png,"[2,12]",31.29
regenerated_new/5/H/case-100308_JAY_ANNOTATION.png,"[2,12]",28.39
regenerated_new/6/H/case-100308_JAY_ANNOTATION.png,"[2,3]",29.63
regenerated_new/7/H/case-100308_JAY_ANNOTATION.png,"[14,11]",30.17
regenerated_new/8/H/case-100308_JAY_ANNOTATION.png,"[12,13]",29.93
regenerated_new/9/H/case-100308_JAY_ANNOTATION.png,"[10,13]",30.75
regenerated_new/13/H/case-100308_JAY_ANNOTATION.png,"[13,14]",33.89
regenerated_new/14/H/case-100308_JAY_ANNOTATION.png,"[14,10]",37.6
regenerated_new/4/H/case-100359_JAY_ANNOTATION.png,"[10,12]",33.2
regenerated_new/5/H/case-100359_JAY_ANNOTATION.png,"[12,14]",29.79
regenerated_new/6/H/case-100359_JAY_ANNOTATION.png,"[10,14]",37.51
regenerated_new/8/H/case-100359_JAY_ANNOTATION.png,"[10,14]",31.83
regenerated_new/9/H/case-100359_JAY_ANNOTATION.png,"[1,10]",36.47
regenerated_new/12/H/case-100359_JAY_ANNOTATION.png,"[3,10]",32.25
regenerated_new/13/H/case-100359_JAY_ANNOTATION.png,"[1,14]",28.01
regenerated_new/14/H/case-100359_JAY_ANNOTATION.png,"[11,14]",28.97
regenerated_new/2/H/case-100366_JAY_ANNOTATION.png,"[2,3]",29.16
regenerated_new/3/H/case-100366_JAY_ANNOTATION.png,"[1,2]",32.57
regenerated_new/4/H/case-100366_JAY_ANNOTATION.png,"[12,6]",33.07
regenerated_new/5/H/case-100366_JAY_ANNOTATION.png,"[10,14]",33.06
regenerated_new/6/H/case-100366_JAY_ANNOTATION.png,"[10,14]",29.48
regenerated_new/7/H/case-100366_JAY_ANNOTATION.png,"[2,4]",33.22
regenerated_new/8/H/case-100366_JAY_ANNOTATION.png,"[10,13]",34.32
regenerated_new/9/H/case-100366_JAY_ANNOTATION.png,"[10,14]",34.47
regenerated_new/12/H/case-100366_JAY_ANNOTATION.png,"[13,14]",33.09
regenerated_new/13/H/case-100366_JAY_ANNOTATION.png,"[4,5]",29.47
regenerated_new/14/H/case-100366_JAY_ANNOTATION.png,"[12,14]",30.06
regenerated_new/3/H/case-100369_JAY_ANNOTATION.png,"[2,12]",33.22
regenerated_new/4/H/case-100369_JAY_ANNOTATION.png,"[2,3]",28.98
regenerated_new/5/H/case-100369_JAY_ANNOTATION.png,"[2,12]",31.45
regenerated_new/7/H/case-100369_JAY_ANNOTATION.png,"[14,12]",36.05
regenerated_new/8/H/case-100369_JAY_ANNOTATION.png,"[2,3]",28.59
regenerated_new/9/H/case-100369_JAY_ANNOTATION.png,"[12,14]",42.87
regenerated_new/12/H/case-100369_JAY_ANNOTATION.png,"[14,11]",33.04
regenerated_new/13/H/case-100369_JAY_ANNOTATION.png,"[13,14]",37.17
regenerated_new/14/H/case-100369_JAY_ANNOTATION.png,"[13,14]",30.89
regenerated_new/4/H/case-100371_JAY_ANNOTATION.png,"[2,12]",36.05
regenerated_new/5/H/case-100371_JAY_ANNOTATION.png,"[2,4]",28.97
regenerated_new/6/H/case-100371_JAY_ANNOTATION.png,"[2,6]",26.72
regenerated_new/7/H/case-100371_JAY_ANNOTATION.png,"[2,3]",30.19
regenerated_new/8/H/case-100371_JAY_ANNOTATION.png,"[10,14]",33.54
regenerated_new/9/H/case-100371_JAY_ANNOTATION.png,"[13,14]",28.69
regenerated_new/13/H/case-100371_JAY_ANNOTATION.png,"[13,2]",38.48
regenerated_new/14/H/case-100371_JAY_ANNOTATION.png,"[13,14]",32.12
regenerated_new/4/H/case-100515_JAY_ANNOTATION.png,"[2,3]",31.59
regenerated_new/5/H/case-100515_JAY_ANNOTATION.png,"[2,12]",30.06
regenerated_new/6/H/case-100515_JAY_ANNOTATION.png,"[10,11]",30.9
regenerated_new/7/H/case-100515_JAY_ANNOTATION.png,"[2,3]",33.77
regenerated_new/8/H/case-100515_JAY_ANNOTATION.png,"[11,14]",33.22
regenerated_new/9/H/case-100515_JAY_ANNOTATION.png,"[10,11]",35.6
regenerated_new/12/H/case-100515_JAY_ANNOTATION.png,"[12,14]",33.38
regenerated_new/13/H/case-100515_JAY_ANNOTATION.png,"[14,12]",35.42
regenerated_new/14/H/case-100515_JAY_ANNOTATION.png,"[12,14]",32.1
regenerated_new/3/H/case-100518_JAY_ANNOTATION.png,"[2,10]",33.88
regenerated_new/4/H/case-100518_JAY_ANNOTATION.png,"[2,14]",32.11
regenerated_new/5/H/case-100518_JAY_ANNOTATION.png,"[2,10]",31.27
regenerated_new/8/H/case-100518_JAY_ANNOTATION.png,"[2,3]",34.54
regenerated_new/9/H/case-100518_JAY_ANNOTATION.png,"[15,15]",28.96
regenerated_new/13/H/case-100518_JAY_ANNOTATION.png,"[10,14]",31.57
regenerated_new/14/H/case-100518_JAY_ANNOTATION.png,"[12,13]",26.75
regenerated_new/4/H/case-100541_JAY_ANNOTATION.png,"[2,3]",28.53
regenerated_new/5/H/case-100541_JAY_ANNOTATION.png,"[10,14]",36.64
regenerated_new/6/H/case-100541_JAY_ANNOTATION.png,"[8,6]",27.6
regenerated_new/7/H/case-100541_JAY_ANNOTATION.png,"[2,3]",33.68
regenerated_new/8/H/case-100541_JAY_ANNOTATION.png,"[2,4]",31.22
regenerated_new/9/H/case-100541_JAY_ANNOTATION.png,"[10,13]",31.23
regenerated_new/13/H/case-100541_JAY_ANNOTATION.png,"[14,2]",29.02
regenerated_new/14/H/case-100541_JAY_ANNOTATION.png,"[12,13]",34.05
regenerated_new/4/H/case-100585_JAY_ANNOTATION.png,"[12,14]",39.51
regenerated_new/5/H/case-100585_JAY_ANNOTATION.png,"[2,3]",28.56
regenerated_new/6/H/case-100585_JAY_ANNOTATION.png,"[2,12]",36.9
regenerated_new/7/H/case-100585_JAY_ANNOTATION.png,"[13,14]",36.44
regenerated_new/8/H/case-100585_JAY_ANNOTATION.png,"[13,14]",37.59
regenerated_new/9/H/case-100585_JAY_ANNOTATION.png,"[11,13]",29.26
regenerated_new/14/H/case-100585_JAY_ANNOTATION.png,"[15,15]",32.94
regenerated_new/4/H/case-100591_JAY_ANNOTATION.png,"[2,4]",26.77
regenerated_new/5/H/case-100591_JAY_ANNOTATION.png,"[2,3]",28.68
regenerated_new/6/H/case-100591_JAY_ANNOTATION.png,"[10,14]",29.65
regenerated_new/7/H/case-100591_JAY_ANNOTATION.png,"[10,14]",28.41
regenerated_new/8/H/case-100591_JAY_ANNOTATION.png,"[2,3]",32.7
regenerated_new/9/H/case-100591_JAY_ANNOTATION.png,"[13,14]",32.04
regenerated_new/13/H/case-100591_JAY_ANNOTATION.png,"[10,14]",32.61
regenerated_new/14/H/case-100591_JAY_ANNOTATION.png,"[11,13]",27.8
regenerated_new/3/H/case-100702_JAY_ANNOTATION.png,"[2,10]",31.17
regenerated_new/4/H/case-100702_JAY_ANNOTATION.png,"[2,3]",41.55
regenerated_new/5/H/case-100702_JAY_ANNOTATION.png,"[11,12]",30.23
regenerated_new/6/H/case-100702_JAY_ANNOTATION.png,"[2,4]",34.88
regenerated_new/7/H/case-100702_JAY_ANNOTATION.png,"[2,14]",33.78
regenerated_new/8/H/case-100702_JAY_ANNOTATION.png,"[14,13]",37.21
regenerated_new/9/H/case-100702_JAY_ANNOTATION.png,"[2,3]",33.21
regenerated_new/13/H/case-100702_JAY_ANNOTATION.png,"[3,10]",32.25
regenerated_new/14/H/case-100702_JAY_ANNOTATION.png,"[10,14]",29.49
regenerated_new/4/H/case-100770_JAY_ANNOTATION.png,"[12,13]",28.56
regenerated_new/5/H/case-100770_JAY_ANNOTATION.png,"[14,13]",36.76
regenerated_new/7/H/case-100770_JAY_ANNOTATION.png,"[13,14]",28.84
regenerated_new/8/H/case-100770_JAY_ANNOTATION.png,"[12,13]",31.58
regenerated_new/9/H/case-100770_JAY_ANNOTATION.png,"[10,12]",29.54
regenerated_new/12/H/case-100770_JAY_ANNOTATION.png,"[12,14]",37.18
regenerated_new/13/H/case-100770_JAY_ANNOTATION.png,"[14,12]",32.81
regenerated_new/14/H/case-100770_JAY_ANNOTATION.png,"[10,14]",34.17
regenerated_new/4/H/case-100779_JAY_ANNOTATION.png,"[12,14]",28.4
regenerated_new/5/H/case-100779_JAY_ANNOTATION.png,"[2,10]",39.37
regenerated_new/6/H/case-100779_JAY_ANNOTATION.png,"[13,14]",30.64
regenerated_new/7/H/case-100779_JAY_ANNOTATION.png,"[2,12]",37.07
regenerated_new/8/H/case-100779_JAY_ANNOTATION.png,"[14,12]",28.25
regenerated_new/9/H/case-100779_JAY_ANNOTATION.png,"[13,14]",32.06
regenerated_new/12/H/case-100779_JAY_ANNOTATION.png,"[14,13]",34.67
regenerated_new/13/H/case-100779_JAY_ANNOTATION.png,"[2,3]",25.62
regenerated_new/14/H/case-100779_JAY_ANNOTATION.png,"[12,14]",26.37
regenerated_new/4/H/case-100863_JAY_ANNOTATION.png,"[2,4]",28.06
regenerated_new/5/H/case-100863_JAY_ANNOTATION.png,"[2,12]",30.08
regenerated_new/6/H/case-100863_JAY_ANNOTATION.png,"[10,14]",28.01
regenerated_new/7/H/case-100863_JAY_ANNOTATION.png,"[4,5]",29.94
regenerated_new/8/H/case-100863_JAY_ANNOTATION.png,"[13,14]",28.04
regenerated_new/9/H/case-100863_JAY_ANNOTATION.png,"[14,12]",32.16
regenerated_new/13/H/case-100863_JAY_ANNOTATION.png,"[2,3]",28.72
regenerated_new/14/H/case-100863_JAY_ANNOTATION.png,"[14,11]",26.62
regenerated_new/3/H/case-100915_JAY_ANNOTATION.png,"[2,3]",39.31
regenerated_new/4/H/case-100915_JAY_ANNOTATION.png,"[2,3]",29.35
regenerated_new/5/H/case-100915_JAY_ANNOTATION.png,"[14,12]",34.03
regenerated_new/7/H/case-100915_JAY_ANNOTATION.png,"[13,14]",30.63
regenerated_new/8/H/case-100915_JAY_ANNOTATION.png,"[12,13]",33.37
regenerated_new/9/H/case-100915_JAY_ANNOTATION.png,"[14,12]",31.77
regenerated_new/13/H/case-100915_JAY_ANNOTATION.png,"[2,3]",37.83
regenerated_new/14/H/case-100915_JAY_ANNOTATION.png,"[14,12]",33.64
regenerated_new/4/H/case-100917_JAY_ANNOTATION.png,"[14,12]",33.51
regenerated_new/5/H/case-100917_JAY_ANNOTATION.png,"[12,13]",33.06
regenerated_new/6/H/case-100917_JAY_ANNOTATION.png,"[14,12]",30.02
regenerated_new/7/H/case-100917_JAY_ANNOTATION.png,"[2,10]",29.24
regenerated_new/8/H/case-100917_JAY_ANNOTATION.png,"[10,12]",35.49
regenerated_new/9/H/case-100917_JAY_ANNOTATION.png,"[2,10]",29.1
regenerated_new/13/H/case-100917_JAY_ANNOTATION.png,"[2,12]",33.73
regenerated_new/14/H/case-100917_JAY_ANNOTATION.png,"[10,14]",29.8
regenerated_new/4/H/case-101045_JAY_ANNOTATION.png,"[13,14]",28.4
regenerated_new/5/H/case-101045_JAY_ANNOTATION.png,"[2,12]",32.56
regenerated_new/6/H/case-101045_JAY_ANNOTATION.png,"[2,6]",27.1
regenerated_new/7/H/case-101045_JAY_ANNOTATION.png,"[14,12]",28.61
regenerated_new/8/H/case-101045_JAY_ANNOTATION.png,"[12,13]",27.89
regenerated_new/9/H/case-101045_JAY_ANNOTATION.png,"[12,13]",33.94
regenerated_new/12/H/case-101045_JAY_ANNOTATION.png,"[12,14]",32.42
regenerated_new/13/H/case-101045_JAY_ANNOTATION.png,"[2,12]",34.51
regenerated_new/14/H/case-101045_JAY_ANNOTATION.png,"[12,13]",28.16
regenerated_new/2/H/case-101074_JAY_ANNOTATION.png,"[2,3]",29.94
regenerated_new/4/H/case-101074_JAY_ANNOTATION.png,"[12,14]",34.34
regenerated_new/5/H/case-101074_JAY_ANNOTATION.png,"[2,4]",32.56
regenerated_new/7/H/case-101074_JAY_ANNOTATION.png,"[2,3]",27.97
regenerated_new/8/H/case-101074_JAY_ANNOTATION.png,"[10,14]",41.07
regenerated_new/9/H/case-101074_JAY_ANNOTATION.png,"[12,13]",31.15
regenerated_new/13/H/case-101074_JAY_ANNOTATION.png,"[2,4]",31.26
regenerated_new/14/H/case-101074_JAY_ANNOTATION.png,"[14,5]",28.69
regenerated_new/4/H/case-101133_JAY_ANNOTATION.png,"[2,5]",33.91
regenerated_new/5/H/case-101133_JAY_ANNOTATION.png,"[2,3]",34.89
regenerated_new/6/H/case-101133_JAY_ANNOTATION.png,"[2,12]",33.97
regenerated_new/7/H/case-101133_JAY_ANNOTATION.png,"[2,5]",28.58
regenerated_new/8/H/case-101133_JAY_ANNOTATION.png,"[14,13]",32.76
regenerated_new/9/H/case-101133_JAY_ANNOTATION.png,"[10,13]",28.87
regenerated_new/13/H/case-101133_JAY_ANNOTATION.png,"[3,13]",35.52
regenerated_new/14/H/case-101133_JAY_ANNOTATION.png,"[10,14]",28.08
regenerated_new/2/H/case-101195_JAY_ANNOTATION.png,"[3,5]",30.49
regenerated_new/4/H/case-101195_JAY_ANNOTATION.png,"[2,3]",28.82
regenerated_new/5/H/case-101195_JAY_ANNOTATION.png,"[2,4]",29.66
regenerated_new/6/H/case-101195_JAY_ANNOTATION.png,"[7,8]",22.65
regenerated_new/7/H/case-101195_JAY_ANNOTATION.png,"[2,3]",25.27
regenerated_new/8/H/case-101195_JAY_ANNOTATION.png,"[15,15]",34.26
regenerated_new/9/H/case-101195_JAY_ANNOTATION.png,"[12,13]",35.84
regenerated_new/13/H/case-101195_JAY_ANNOTATION.png,"[2,4]",26.43
regenerated_new/14/H/case-101195_JAY_ANNOTATION.png,"[11,14]",28.87
regenerated_new/3/H/case-101206_JAY_ANNOTATION.png,"[2,13]",29.65
regenerated_new/4/H/case-101206_JAY_ANNOTATION.png,"[12,14]",31.96
regenerated_new/5/H/case-101206_JAY_ANNOTATION.png,"[2,3]",25.54
regenerated_new/6/H/case-101206_JAY_ANNOTATION.png,"[12,13]",34.75
regenerated_new/8/H/case-101206_JAY_ANNOTATION.png,"[2,3]",31.16
regenerated_new/9/H/case-101206_JAY_ANNOTATION.png,"[14,12]",33.78
regenerated_new/13/H/case-101206_JAY_ANNOTATION.png,"[13,14]",31.84
regenerated_new/14/H/case-101206_JAY_ANNOTATION.png,"[12,13]",30.22
regenerated_new/3/H/case-101362_JAY_ANNOTATION.png,"[2,4]",27.77
regenerated_new/4/H/case-101362_JAY_ANNOTATION.png,"[2,4]",32.76
regenerated_new/5/H/case-101362_JAY_ANNOTATION.png,"[15,15]",30.24
regenerated_new/6/H/case-101362_JAY_ANNOTATION.png,"[2,14]",37.12
regenerated_new/7/H/case-101362_JAY_ANNOTATION.png,"[10,14]",33.41
regenerated_new/8/H/case-101362_JAY_ANNOTATION.png,"[2,3]",26.98
regenerated_new/9/H/case-101362_JAY_ANNOTATION.png,"[10,13]",30.07
regenerated_new/12/H/case-101362_JAY_ANNOTATION.png,"[10,14]",38.6
regenerated_new/13/H/case-101362_JAY_ANNOTATION.png,"[2,3]",29.26
regenerated_new/14/H/case-101362_JAY_ANNOTATION.png,"[2,12]",30.52
regenerated_new/4/H/case-101367_JAY_ANNOTATION.png,"[2,14]",28.55
regenerated_new/5/H/case-101367_JAY_ANNOTATION.png,"[10,14]",30.84
regenerated_new/6/H/case-101367_JAY_ANNOTATION.png,"[12,14]",33.28
regenerated_new/7/H/case-101367_JAY_ANNOTATION.png,"[2,3]",32.68
regenerated_new/8/H/case-101367_JAY_ANNOTATION.png,"[2,3]",31.74
regenerated_new/9/H/case-101367_JAY_ANNOTATION.png,"[4,5]",35.35
regenerated_new/13/H/case-101367_JAY_ANNOTATION.png,"[13,14]",29.28
regenerated_new/14/H/case-101367_JAY_ANNOTATION.png,"[13,14]",27.49
regenerated_new/4/H/case-101409_JAY_ANNOTATION.png,"[12,13]",33.96
regenerated_new/5/H/case-101409_JAY_ANNOTATION.png,"[13,14]",31.23
regenerated_new/6/H/case-101409_JAY_ANNOTATION.png,"[13,12]",31.98
regenerated_new/8/H/case-101409_JAY_ANNOTATION.png,"[12,14]",34.45
regenerated_new/9/H/case-101409_JAY_ANNOTATION.png,"[10,14]",31.04
regenerated_new/13/H/case-101409_JAY_ANNOTATION.png,"[10,12]",31.17
regenerated_new/14/H/case-101409_JAY_ANNOTATION.png,"[10,14]",28.96
regenerated_new/4/H/case-101413_JAY_ANNOTATION.png,"[15,15]",36.23
regenerated_new/5/H/case-101413_JAY_ANNOTATION.png,"[2,4]",25.44
regenerated_new/6/H/case-101413_JAY_ANNOTATION.png,"[2,10]",31.77
regenerated_new/7/H/case-101413_JAY_ANNOTATION.png,"[3,5]",30.39
regenerated_new/8/H/case-101413_JAY_ANNOTATION.png,"[13,14]",33.61
regenerated_new/9/H/case-101413_JAY_ANNOTATION.png,"[10,12]",29.28
regenerated_new/12/H/case-101413_JAY_ANNOTATION.png,"[12,13]",33.71
regenerated_new/13/H/case-101413_JAY_ANNOTATION.png,"[12,14]",36.81
regenerated_new/14/H/case-101413_JAY_ANNOTATION.png,"[12,14]",35.23
regenerated_new/4/H/case-101447_JAY_ANNOTATION.png,"[2,3]",33.89
regenerated_new/5/H/case-101447_JAY_ANNOTATION.png,"[14,12]",33.5
regenerated_new/6/H/case-101447_JAY_ANNOTATION.png,"[2,3]",31.85
regenerated_new/7/H/case-101447_JAY_ANNOTATION.png,"[6,3]",27.69
regenerated_new/8/H/case-101447_JAY_ANNOTATION.png,"[12,14]",34.13
regenerated_new/9/H/case-101447_JAY_ANNOTATION.png,"[2,12]",33.59
regenerated_new/13/H/case-101447_JAY_ANNOTATION.png,"[14,12]",32.3
regenerated_new/14/H/case-101447_JAY_ANNOTATION.png,"[10,14]",27.11
regenerated_new/2/H/case-101510_JAY_ANNOTATION.png,"[2,3]",25.96
regenerated_new/4/H/case-101510_JAY_ANNOTATION.png,"[2,4]",35.06
regenerated_new/5/H/case-101510_JAY_ANNOTATION.png,"[2,4]",37.78
regenerated_new/6/H/case-101510_JAY_ANNOTATION.png,"[11,13]",31.71
regenerated_new/8/H/case-101510_JAY_ANNOTATION.png,"[13,14]",33.62
regenerated_new/9/H/case-101510_JAY_ANNOTATION.png,"[10,14]",33.18
regenerated_new/14/H/case-101510_JAY_ANNOTATION.png,"[10,14]",34.54
regenerated_new/2/H/case-101540_JAY_ANNOTATION.png,"[2,4]",25.53
regenerated_new/4/H/case-101540_JAY_ANNOTATION.png,"[2,12]",34.44
regenerated_new/5/H/case-101540_JAY_ANNOTATION.png,"[2,12]",37.47
regenerated_new/6/H/case-101540_JAY_ANNOTATION.png,"[2,6]",25.94
regenerated_new/7/H/case-101540_JAY_ANNOTATION.png,"[2,3]",29.09
regenerated_new/8/H/case-101540_JAY_ANNOTATION.png,"[2,4]",27.85
regenerated_new/9/H/case-101540_JAY_ANNOTATION.png,"[14,13]",34.75
regenerated_new/13/H/case-101540_JAY_ANNOTATION.png,"[13,14]",35.71
regenerated_new/14/H/case-101540_JAY_ANNOTATION.png,"[14,13]",26.22
regenerated_new/2/H/case-101581_JAY_ANNOTATION.png,"[2,10]",33.09
regenerated_new/3/H/case-101581_JAY_ANNOTATION.png,"[2,4]",33.55
regenerated_new/4/H/case-101581_JAY_ANNOTATION.png,"[2,14]",31.74
regenerated_new/5/H/case-101581_JAY_ANNOTATION.png,"[2,12]",32.22
regenerated_new/6/H/case-101581_JAY_ANNOTATION.png,"[10,11]",32.14
regenerated_new/7/H/case-101581_JAY_ANNOTATION.png,"[1,14]",47.03
regenerated_new/8/H/case-101581_JAY_ANNOTATION.png,"[2,3]",27.72
regenerated_new/9/H/case-101581_JAY_ANNOTATION.png,"[10,13]",32.85
regenerated_new/11/H/case-101581_JAY_ANNOTATION.png,"[10,14]",41.48
regenerated_new/12/H/case-101581_JAY_ANNOTATION.png,"[2,5]",30.6
regenerated_new/13/H/case-101581_JAY_ANNOTATION.png,"[2,4]",28.54
regenerated_new/14/H/case-101581_JAY_ANNOTATION.png,"[13,14]",30.88
regenerated_new/4/H/case-101599_JAY_ANNOTATION.png,"[2,12]",32.54
regenerated_new/5/H/case-101599_JAY_ANNOTATION.png,"[5,2]",27.75
regenerated_new/6/H/case-101599_JAY_ANNOTATION.png,"[2,3]",26.5
regenerated_new/8/H/case-101599_JAY_ANNOTATION.png,"[13,14]",31.62
regenerated_new/9/H/case-101599_JAY_ANNOTATION.png,"[14,13]",35.08
regenerated_new/12/H/case-101599_JAY_ANNOTATION.png,"[12,13]",27.24
regenerated_new/13/H/case-101599_JAY_ANNOTATION.png,"[10,13]",33.53
regenerated_new/14/H/case-101599_JAY_ANNOTATION.png,"[10,12]",27.79
regenerated_new/2/H/case-101625_JAY_ANNOTATION.png,"[15,15]",36.71
regenerated_new/3/H/case-101625_JAY_ANNOTATION.png,"[2,3]",35.54
regenerated_new/4/H/case-101625_JAY_ANNOTATION.png,"[12,13]",40.03
regenerated_new/5/H/case-101625_JAY_ANNOTATION.png,"[2,3]",31.64
regenerated_new/6/H/case-101625_JAY_ANNOTATION.png,"[14,2]",33.1
regenerated_new/7/H/case-101625_JAY_ANNOTATION.png,"[14,13]",29.25
regenerated_new/8/H/case-101625_JAY_ANNOTATION.png,"[10,14]",38.65
regenerated_new/9/H/case-101625_JAY_ANNOTATION.png,"[2,3]",27.46
regenerated_new/10/H/case-101625_JAY_ANNOTATION.png,"[2,10]",27.63
regenerated_new/11/H/case-101625_JAY_ANNOTATION.png,"[2,3]",30.13
regenerated_new/12/H/case-101625_JAY_ANNOTATION.png,"[12,13]",33.16
regenerated_new/13/H/case-101625_JAY_ANNOTATION.png,"[10,13]",36.42
regenerated_new/14/H/case-101625_JAY_ANNOTATION.png,"[10,14]",34.75
regenerated_new/2/H/case-101641_JAY_ANNOTATION.png,"[2,4]",24.76
regenerated_new/4/H/case-101641_JAY_ANNOTATION.png,"[2,4]",28.9
regenerated_new/5/H/case-101641_JAY_ANNOTATION.png,"[2,4]",29.44
regenerated_new/6/H/case-101641_JAY_ANNOTATION.png,"[14,12]",32.19
regenerated_new/7/H/case-101641_JAY_ANNOTATION.png,"[2,4]",24.77
regenerated_new/8/H/case-101641_JAY_ANNOTATION.png,"[12,13]",41.49
regenerated_new/9/H/case-101641_JAY_ANNOTATION.png,"[13,14]",32.09
regenerated_new/13/H/case-101641_JAY_ANNOTATION.png,"[3,5]",29.13
regenerated_new/14/H/case-101641_JAY_ANNOTATION.png,"[10,14]",26.52
regenerated_new/4/H/case-101857_JAY_ANNOTATION.png,"[2,4]",30.47
regenerated_new/5/H/case-101857_JAY_ANNOTATION.png,"[3,14]",30.21
regenerated_new/6/H/case-101857_JAY_ANNOTATION.png,"[2,12]",32.84
regenerated_new/7/H/case-101857_JAY_ANNOTATION.png,"[10,14]",31.04
regenerated_new/8/H/case-101857_JAY_ANNOTATION.png,"[2,13]",31.88
regenerated_new/9/H/case-101857_JAY_ANNOTATION.png,"[12,13]",36.51
regenerated_new/13/H/case-101857_JAY_ANNOTATION.png,"[12,14]",35.52
regenerated_new/14/H/case-101857_JAY_ANNOTATION.png,"[11,12]",38.73
regenerated_new/4/H/case-101860_JAY_ANNOTATION.png,"[12,13]",25.28
regenerated_new/5/H/case-101860_JAY_ANNOTATION.png,"[11,13]",38.26
regenerated_new/6/H/case-101860_JAY_ANNOTATION.png,"[2,12]",33.28
regenerated_new/7/H/case-101860_JAY_ANNOTATION.png,"[2,3]",29.53
regenerated_new/8/H/case-101860_JAY_ANNOTATION.png,"[11,13]",34.18
regenerated_new/9/H/case-101860_JAY_ANNOTATION.png,"[2,13]",30.18
regenerated_new/12/H/case-101860_JAY_ANNOTATION.png,"[2,12]",35.19
regenerated_new/13/H/case-101860_JAY_ANNOTATION.png,"[14,12]",30.23
regenerated_new/14/H/case-101860_JAY_ANNOTATION.png,"[13,14]",36.37
regenerated_new/2/H/case-101885_JAY_ANNOTATION.png,"[15,15]",31.53
regenerated_new/4/H/case-101885_JAY_ANNOTATION.png,"[12,14]",33.02
regenerated_new/5/H/case-101885_JAY_ANNOTATION.png,"[12,14]",32.62
regenerated_new/6/H/case-101885_JAY_ANNOTATION.png,"[12,14]",35.24
regenerated_new/7/H/case-101885_JAY_ANNOTATION.png,"[2,5]",36.4
regenerated_new/8/H/case-101885_JAY_ANNOTATION.png,"[15,15]",32.14
regenerated_new/9/H/case-101885_JAY_ANNOTATION.png,"[14,11]",30.26
regenerated_new/12/H/case-101885_JAY_ANNOTATION.png,"[13,14]",32.6
regenerated_new/13/H/case-101885_JAY_ANNOTATION.png,"[10,14]",33.75
regenerated_new/14/H/case-101885_JAY_ANNOTATION.png,"[10,14]",29.64
regenerated_new/4/H/case-101937_JAY_ANNOTATION.png,"[2,3]",33.8
regenerated_new/5/H/case-101937_JAY_ANNOTATION.png,"[2,4]",35.75
regenerated_new/7/H/case-101937_JAY_ANNOTATION.png,"[12,14]",33.83
regenerated_new/8/H/case-101937_JAY_ANNOTATION.png,"[10,12]",35.33
regenerated_new/9/H/case-101937_JAY_ANNOTATION.png,"[13,14]",33.73
regenerated_new/13/H/case-101937_JAY_ANNOTATION.png,"[12,13]",30.81
regenerated_new/14/H/case-101937_JAY_ANNOTATION.png,"[2,3]",38.58
regenerated_new/2/H/case-101940_JAY_ANNOTATION.png,"[2,4]",30.55
regenerated_new/4/H/case-101940_JAY_ANNOTATION.png,"[2,4]",33.6
regenerated_new/5/H/case-101940_JAY_ANNOTATION.png,"[2,3]",29.46
regenerated_new/6/H/case-101940_JAY_ANNOTATION.png,"[10,14]",29.47
regenerated_new/7/H/case-101940_JAY_ANNOTATION.png,"[2,14]",31.93
regenerated_new/8/H/case-101940_JAY_ANNOTATION.png,"[12,10]",29.77
regenerated_new/9/H/case-101940_JAY_ANNOTATION.png,"[13,14]",32.03
regenerated_new/13/H/case-101940_JAY_ANNOTATION.png,"[14,12]",35.69
regenerated_new/14/H/case-101940_JAY_ANNOTATION.png,"[14,13]",34.58
regenerated_new/4/H/case-101982_JAY_ANNOTATION.png,"[13,14]",33.62
regenerated_new/5/H/case-101982_JAY_ANNOTATION.png,"[2,3]",34.3
regenerated_new/6/H/case-101982_JAY_ANNOTATION.png,"[10,14]",37.76
regenerated_new/7/H/case-101982_JAY_ANNOTATION.png,"[2,3]",24.57
regenerated_new/8/H/case-101982_JAY_ANNOTATION.png,"[13,14]",28.14
regenerated_new/9/H/case-101982_JAY_ANNOTATION.png,"[12,14]",37.93
regenerated_new/12/H/case-101982_JAY_ANNOTATION.png,"[12,4]",32.84
regenerated_new/13/H/case-101982_JAY_ANNOTATION.png,"[12,13]",29.23
regenerated_new/14/H/case-101982_JAY_ANNOTATION.png,"[11,14]",28.27
regenerated_new/3/H/case-102010_JAY_ANNOTATION.png,"[2,4]",28.28
regenerated_new/4/H/case-102010_JAY_ANNOTATION.png,"[2,12]",30.89
regenerated_new/5/H/case-102010_JAY_ANNOTATION.png,"[2,10]",38.09
regenerated_new/7/H/case-102010_JAY_ANNOTATION.png,"[2,3]",38.37
regenerated_new/8/H/case-102010_JAY_ANNOTATION.png,"[10,14]",30.52
regenerated_new/9/H/case-102010_JAY_ANNOTATION.png,"[2,3]",31.08
regenerated_new/13/H/case-102010_JAY_ANNOTATION.png,"[12,2]",28.05
regenerated_new/14/H/case-102010_JAY_ANNOTATION.png,"[14,12]",29.35
regenerated_new/4/H/case-102041_JAY_ANNOTATION.png,"[2,12]",32.9
regenerated_new/5/H/case-102041_JAY_ANNOTATION.png,"[12,14]",30.31
regenerated_new/6/H/case-102041_JAY_ANNOTATION.png,"[12,13]",26.92
regenerated_new/7/H/case-102041_JAY_ANNOTATION.png,"[10,2]",29.37
regenerated_new/8/H/case-102041_JAY_ANNOTATION.png,"[14,11]",32.38
regenerated_new/9/H/case-102041_JAY_ANNOTATION.png,"[11,13]",29.39
regenerated_new/13/H/case-102041_JAY_ANNOTATION.png,"[2,12]",35.05
regenerated_new/14/H/case-102041_JAY_ANNOTATION.png,"[10,12]",30.93
regenerated_new/4/H/case-102093_JAY_ANNOTATION.png,"[2,14]",31.24
regenerated_new/5/H/case-102093_JAY_ANNOTATION.png,"[2,14]",35.07
regenerated_new/6/H/case-102093_JAY_ANNOTATION.png,"[10,2]",37.43
regenerated_new/7/H/case-102093_JAY_ANNOTATION.png,"[11,10]",33.27
regenerated_new/8/H/case-102093_JAY_ANNOTATION.png,"[10,13]",37.65
regenerated_new/9/H/case-102093_JAY_ANNOTATION.png,"[10,14]",32.41
regenerated_new/12/H/case-102093_JAY_ANNOTATION.png,"[12,13]",34.38
regenerated_new/13/H/case-102093_JAY_ANNOTATION.png,"[2,4]",29.78
regenerated_new/14/H/case-102093_JAY_ANNOTATION.png,"[10,14]",30.9
regenerated_new/4/H/case-102157_JAY_ANNOTATION.png,"[2,14]",32.58
regenerated_new/5/H/case-102157_JAY_ANNOTATION.png,"[3,5]",31.45
regenerated_new/7/H/case-102157_JAY_ANNOTATION.png,"[3,5]",30.75
regenerated_new/8/H/case-102157_JAY_ANNOTATION.png,"[10,14]",36.58
regenerated_new/9/H/case-102157_JAY_ANNOTATION.png,"[11,14]",34.87
regenerated_new/13/H/case-102157_JAY_ANNOTATION.png,"[2,3]",31.1
regenerated_new/14/H/case-102157_JAY_ANNOTATION.png,"[10,14]",29.95
regenerated_new/4/H/case-102183_JAY_ANNOTATION.png,"[2,4]",32.89
regenerated_new/5/H/case-102183_JAY_ANNOTATION.png,"[2,10]",35.78
regenerated_new/7/H/case-102183_JAY_ANNOTATION.png,"[2,3]",32.95
regenerated_new/8/H/case-102183_JAY_ANNOTATION.png,"[12,14]",32.94
regenerated_new/9/H/case-102183_JAY_ANNOTATION.png,"[13,14]",30.47
regenerated_new/14/H/case-102183_JAY_ANNOTATION.png,"[14,12]",34.77
regenerated_new/4/H/case-102224_JAY_ANNOTATION.png,"[2,12]",28.85
regenerated_new/5/H/case-102224_JAY_ANNOTATION.png,"[12,14]",33.75
regenerated_new/6/H/case-102224_JAY_ANNOTATION.png,"[2,4]",27.16
regenerated_new/8/H/case-102224_JAY_ANNOTATION.png,"[2,3]",24.57
regenerated_new/9/H/case-102224_JAY_ANNOTATION.png,"[10,4]",36.62
regenerated_new/13/H/case-102224_JAY_ANNOTATION.png,"[2,3]",36.02
regenerated_new/14/H/case-102224_JAY_ANNOTATION.png,"[11,13]",32.29
regenerated_new/4/H/case-102308_JAY_ANNOTATION.png,"[2,4]",31.0
regenerated_new/5/H/case-102308_JAY_ANNOTATION.png,"[2,4]",29.68
regenerated_new/6/H/case-102308_JAY_ANNOTATION.png,"[2,10]",33.55
regenerated_new/7/H/case-102308_JAY_ANNOTATION.png,"[14,12]",28.86
regenerated_new/8/H/case-102308_JAY_ANNOTATION.png,"[4,10]",31.74
regenerated_new/9/H/case-102308_JAY_ANNOTATION.png,"[15,15]",34.19
regenerated_new/13/H/case-102308_JAY_ANNOTATION.png,"[2,3]",32.01
regenerated_new/14/H/case-102308_JAY_ANNOTATION.png,"[10,14]",36.66
regenerated_new/4/H/case-102321_JAY_ANNOTATION.png,"[2,4]",33.52
regenerated_new/5/H/case-102321_JAY_ANNOTATION.png,"[10,14]",36.73
regenerated_new/6/H/case-102321_JAY_ANNOTATION.png,"[14,10]",28.5
regenerated_new/7/H/case-102321_JAY_ANNOTATION.png,"[2,12]",31.94
regenerated_new/8/H/case-102321_JAY_ANNOTATION.png,"[11,10]",30.62
regenerated_new/9/H/case-102321_JAY_ANNOTATION.png,"[12,14]",27.23
regenerated_new/12/H/case-102321_JAY_ANNOTATION.png,"[2,3]",31.23
regenerated_new/13/H/case-102321_JAY_ANNOTATION.png,"[10,14]",37.84
regenerated_new/14/H/case-102321_JAY_ANNOTATION.png,"[15,15]",37.56
regenerated_new/4/H/case-102367_JAY_ANNOTATION.png,"[2,3]",32.3
regenerated_new/5/H/case-102367_JAY_ANNOTATION.png,"[15,15]",34.83
regenerated_new/7/H/case-102367_JAY_ANNOTATION.png,"[14,2]",37.76
regenerated_new/8/H/case-102367_JAY_ANNOTATION.png,"[2,14]",28.46
regenerated_new/9/H/case-102367_JAY_ANNOTATION.png,"[12,14]",28.52
regenerated_new/14/H/case-102367_JAY_ANNOTATION.png,"[10,14]",37.97
regenerated_new/3/H/case-102388_JAY_ANNOTATION.png,"[2,3]",33.66
regenerated_new/4/H/case-102388_JAY_ANNOTATION.png,"[2,12]",31.37
regenerated_new/5/H/case-102388_JAY_ANNOTATION.png,"[2,12]",31.87
regenerated_new/6/H/case-102388_JAY_ANNOTATION.png,"[14,2]",36.04
regenerated_new/7/H/case-102388_JAY_ANNOTATION.png,"[14,13]",28.58
regenerated_new/8/H/case-102388_JAY_ANNOTATION.png,"[2,3]",34.74
regenerated_new/9/H/case-102388_JAY_ANNOTATION.png,"[10,14]",27.91
regenerated_new/12/H/case-102388_JAY_ANNOTATION.png,"[12,13]",36.0
regenerated_new/13/H/case-102388_JAY_ANNOTATION.png,"[12,13]",31.1
regenerated_new/14/H/case-102388_JAY_ANNOTATION.png,"[12,13]",26.38
regenerated_new/3/H/case-104754_JAY_ANNOTATION.png,"[2,6]",27.48
regenerated_new/4/H/case-104754_JAY_ANNOTATION.png,"[2,4]",30.65
regenerated_new/5/H/case-104754_JAY_ANNOTATION.png,"[10,14]",28.27
regenerated_new/6/H/case-104754_JAY_ANNOTATION.png,"[2,10]",32.28
regenerated_new/7/H/case-104754_JAY_ANNOTATION.png,"[11,13]",31.03
regenerated_new/8/H/case-104754_JAY_ANNOTATION.png,"[10,14]",36.87
regenerated_new/9/H/case-104754_JAY_ANNOTATION.png,"[10,14]",39.92
regenerated_new/12/H/case-104754_JAY_ANNOTATION.png,"[10,14]",44.4
regenerated_new/13/H/case-104754_JAY_ANNOTATION.png,"[10,14]",28.41
regenerated_new/14/H/case-104754_JAY_ANNOTATION.png,"[11,12]",33.65
regenerated_new/2/H/case-104780_JAY_ANNOTATION.png,"[4,5]",34.99
regenerated_new/4/H/case-104780_JAY_ANNOTATION.png,"[2,3]",38.8
regenerated_new/5/H/case-104780_JAY_ANNOTATION.png,"[2,4]",28.7
regenerated_new/6/H/case-104780_JAY_ANNOTATION.png,"[10,11]",31.59
regenerated_new/7/H/case-104780_JAY_ANNOTATION.png,"[2,14]",30.77
regenerated_new/8/H/case-104780_JAY_ANNOTATION.png,"[11,14]",29.56
regenerated_new/9/H/case-104780_JAY_ANNOTATION.png,"[2,3]",23.53
regenerated_new/12/H/case-104780_JAY_ANNOTATION.png,"[12,13]",28.89
regenerated_new/13/H/case-104780_JAY_ANNOTATION.png,"[2,3]",35.36
regenerated_new/14/H/case-104780_JAY_ANNOTATION.png,"[10,12]",32.26
regenerated_new/4/H/case-104842_JAY_ANNOTATION.png,"[12,10]",31.49
regenerated_new/5/H/case-104842_JAY_ANNOTATION.png,"[2,3]",30.0
regenerated_new/7/H/case-104842_JAY_ANNOTATION.png,"[2,3]",24.93
regenerated_new/8/H/case-104842_JAY_ANNOTATION.png,"[10,13]",37.04
regenerated_new/9/H/case-104842_JAY_ANNOTATION.png,"[12,14]",37.53
regenerated_new/13/H/case-104842_JAY_ANNOTATION.png,"[2,3]",27.79
regenerated_new/14/H/case-104842_JAY_ANNOTATION.png,"[12,13]",34.79
regenerated_new/3/H/case-104941_JAY_ANNOTATION.png,"[2,3]",27.46
regenerated_new/4/H/case-104941_JAY_ANNOTATION.png,"[12,13]",30.66
regenerated_new/5/H/case-104941_JAY_ANNOTATION.png,"[12,13]",34.55
regenerated_new/6/H/case-104941_JAY_ANNOTATION.png,"[2,3]",27.81
regenerated_new/7/H/case-104941_JAY_ANNOTATION.png,"[13,14]",36.68
regenerated_new/8/H/case-104941_JAY_ANNOTATION.png,"[10,14]",37.84
regenerated_new/9/H/case-104941_JAY_ANNOTATION.png,"[14,13]",28.06
regenerated_new/13/H/case-104941_JAY_ANNOTATION.png,"[10,14]",30.9
regenerated_new/14/H/case-104941_JAY_ANNOTATION.png,"[12,13]",35.62
regenerated_new/3/H/case-104979_JAY_ANNOTATION.png,"[2,4]",28.16
regenerated_new/4/H/case-104979_JAY_ANNOTATION.png,"[13,14]",35.0
regenerated_new/5/H/case-104979_JAY_ANNOTATION.png,"[13,14]",30.49
regenerated_new/6/H/case-104979_JAY_ANNOTATION.png,"[10,14]",30.64
regenerated_new/7/H/case-104979_JAY_ANNOTATION.png,"[2,10]",33.65
regenerated_new/8/H/case-104979_JAY_ANNOTATION.png,"[11,13]",32.29
regenerated_new/9/H/case-104979_JAY_ANNOTATION.png,"[12,13]",36.18
regenerated_new/13/H/case-104979_JAY_ANNOTATION.png,"[2,5]",29.29
regenerated_new/14/H/case-104979_JAY_ANNOTATION.png,"[14,13]",31.9
regenerated_new/4/H/case-104990_JAY_ANNOTATION.png,"[2,12]",31.06
regenerated_new/5/H/case-104990_JAY_ANNOTATION.png,"[12,13]",29.84
regenerated_new/6/H/case-104990_JAY_ANNOTATION.png,"[2,12]",32.31
regenerated_new/7/H/case-104990_JAY_ANNOTATION.png,"[10,14]",33.02
regenerated_new/8/H/case-104990_JAY_ANNOTATION.png,"[10,12]",34.53
regenerated_new/9/H/case-104990_JAY_ANNOTATION.png,"[10,14]",29.99
regenerated_new/12/H/case-104990_JAY_ANNOTATION.png,"[15,15]",33.85
regenerated_new/13/H/case-104990_JAY_ANNOTATION.png,"[12,14]",35.39
regenerated_new/14/H/case-104990_JAY_ANNOTATION.png,"[10,14]",29.48
regenerated_new/4/H/case-105035_JAY_ANNOTATION.png,"[2,3]",33.27
regenerated_new/5/H/case-105035_JAY_ANNOTATION.png,"[12,14]",33.32
regenerated_new/6/H/case-105035_JAY_ANNOTATION.png,"[2,10]",28.69
regenerated_new/7/H/case-105035_JAY_ANNOTATION.png,"[10,12]",33.7
regenerated_new/8/H/case-105035_JAY_ANNOTATION.png,"[10,14]",27.78
regenerated_new/9/H/case-105035_JAY_ANNOTATION.png,"[2,3]",31.49
regenerated_new/14/H/case-105035_JAY_ANNOTATION.png,"[14,10]",32.76
regenerated_new/4/H/case-105051_JAY_ANNOTATION.png,"[11,13]",34.5
regenerated_new/5/H/case-105051_JAY_ANNOTATION.png,"[2,10]",29.69
regenerated_new/6/H/case-105051_JAY_ANNOTATION.png,"[8,9]",26.77
regenerated_new/8/H/case-105051_JAY_ANNOTATION.png,"[12,13]",36.08
regenerated_new/9/H/case-105051_JAY_ANNOTATION.png,"[12,14]",30.55
regenerated_new/13/H/case-105051_JAY_ANNOTATION.png,"[2,12]",32.61
regenerated_new/14/H/case-105051_JAY_ANNOTATION.png,"[10,14]",31.91
regenerated_new/4/H/case-105171_JAY_ANNOTATION.png,"[12,14]",35.95
regenerated_new/5/H/case-105171_JAY_ANNOTATION.png,"[2,4]",31.66
regenerated_new/6/H/case-105171_JAY_ANNOTATION.png,"[3,7]",29.45
regenerated_new/7/H/case-105171_JAY_ANNOTATION.png,"[2,3]",24.77
regenerated_new/8/H/case-105171_JAY_ANNOTATION.png,"[1,2]",29.83
regenerated_new/9/H/case-105171_JAY_ANNOTATION.png,"[12,14]",35.83
regenerated_new/13/H/case-105171_JAY_ANNOTATION.png,"[10,14]",42.45
regenerated_new/14/H/case-105171_JAY_ANNOTATION.png,"[12,13]",27.66
regenerated_new/4/H/case-105177_JAY_ANNOTATION.png,"[2,4]",28.19
regenerated_new/5/H/case-105177_JAY_ANNOTATION.png,"[2,3]",32.65
regenerated_new/6/H/case-105177_JAY_ANNOTATION.png,"[13,14]",33.3
regenerated_new/7/H/case-105177_JAY_ANNOTATION.png,"[3,2]",31.5
regenerated_new/8/H/case-105177_JAY_ANNOTATION.png,"[10,14]",32.96
regenerated_new/9/H/case-105177_JAY_ANNOTATION.png,"[10,13]",32.56
regenerated_new/13/H/case-105177_JAY_ANNOTATION.png,"[2,3]",27.07
regenerated_new/14/H/case-105177_JAY_ANNOTATION.png,"[10,14]",32.75
regenerated_new/4/H/case-105234_JAY_ANNOTATION.png,"[3,13]",32.04
regenerated_new/5/H/case-105234_JAY_ANNOTATION.png,"[11,12]",30.52
regenerated_new/6/H/case-105234_JAY_ANNOTATION.png,"[2,4]",35.5
regenerated_new/8/H/case-105234_JAY_ANNOTATION.png,"[11,13]",26.97
regenerated_new/9/H/case-105234_JAY_ANNOTATION.png,"[2,14]",39.6
regenerated_new/12/H/case-105234_JAY_ANNOTATION.png,"[13,14]",30.26
regenerated_new/13/H/case-105234_JAY_ANNOTATION.png,"[13,14]",32.32
regenerated_new/14/H/case-105234_JAY_ANNOTATION.png,"[10,14]",29.26
regenerated_new/4/H/case-105246_JAY_ANNOTATION.png,"[12,14]",33.91
regenerated_new/5/H/case-105246_JAY_ANNOTATION.png,"[12,14]",30.37
regenerated_new/6/H/case-105246_JAY_ANNOTATION.png,"[2,3]",29.24
regenerated_new/7/H/case-105246_JAY_ANNOTATION.png,"[12,13]",29.39
regenerated_new/8/H/case-105246_JAY_ANNOTATION.png,"[12,13]",32.13
regenerated_new/9/H/case-105246_JAY_ANNOTATION.png,"[12,14]",39.71
regenerated_new/13/H/case-105246_JAY_ANNOTATION.png,"[2,12]",28.7
regenerated_new/14/H/case-105246_JAY_ANNOTATION.png,"[12,13]",41.09
regenerated_new/4/H/case-105257_JAY_ANNOTATION.png,"[2,12]",36.92
regenerated_new/5/H/case-105257_JAY_ANNOTATION.png,"[2,4]",29.37
regenerated_new/6/H/case-105257_JAY_ANNOTATION.png,"[10,14]",31.45
regenerated_new/7/H/case-105257_JAY_ANNOTATION.png,"[10,14]",38.85
regenerated_new/8/H/case-105257_JAY_ANNOTATION.png,"[14,12]",29.22
regenerated_new/9/H/case-105257_JAY_ANNOTATION.png,"[3,10]",36.21
regenerated_new/13/H/case-105257_JAY_ANNOTATION.png,"[14,12]",29.95
regenerated_new/14/H/case-105257_JAY_ANNOTATION.png,"[12,14]",32.53
regenerated_new/4/H/case-105288_JAY_ANNOTATION.png,"[2,3]",29.83
regenerated_new/5/H/case-105288_JAY_ANNOTATION.png,"[3,5]",35.54
regenerated_new/6/H/case-105288_JAY_ANNOTATION.png,"[2,10]",29.3
regenerated_new/7/H/case-105288_JAY_ANNOTATION.png,"[2,14]",30.94
regenerated_new/8/H/case-105288_JAY_ANNOTATION.png,"[11,2]",35.69
regenerated_new/9/H/case-105288_JAY_ANNOTATION.png,"[11,13]",34.9
regenerated_new/12/H/case-105288_JAY_ANNOTATION.png,"[10,11]",27.09
regenerated_new/13/H/case-105288_JAY_ANNOTATION.png,"[12,10]",31.62
regenerated_new/14/H/case-105288_JAY_ANNOTATION.png,"[13,10]",33.96
regenerated_new/4/H/case-105318_JAY_ANNOTATION.png,"[12,14]",29.97
regenerated_new/5/H/case-105318_JAY_ANNOTATION.png,"[12,13]",27.64
regenerated_new/6/H/case-105318_JAY_ANNOTATION.png,"[12,13]",38.77
regenerated_new/7/H/case-105318_JAY_ANNOTATION.png,"[13,14]",31.96
regenerated_new/8/H/case-105318_JAY_ANNOTATION.png,"[10,14]",31.06
regenerated_new/9/H/case-105318_JAY_ANNOTATION.png,"[2,14]",32.32
regenerated_new/12/H/case-105318_JAY_ANNOTATION.png,"[7,8]",26.97
regenerated_new/13/H/case-105318_JAY_ANNOTATION.png,"[11,14]",30.79
regenerated_new/14/H/case-105318_JAY_ANNOTATION.png,"[12,14]",36.96
regenerated_new/4/H/case-105476_JAY_ANNOTATION.png,"[10,13]",33.52
regenerated_new/5/H/case-105476_JAY_ANNOTATION.png,"[2,4]",36.26
regenerated_new/6/H/case-105476_JAY_ANNOTATION.png,"[2,10]",32.6
regenerated_new/8/H/case-105476_JAY_ANNOTATION.png,"[14,13]",30.4
regenerated_new/9/H/case-105476_JAY_ANNOTATION.png,"[14,12]",30.82
regenerated_new/12/H/case-105476_JAY_ANNOTATION.png,"[12,13]",26.71
regenerated_new/13/H/case-105476_JAY_ANNOTATION.png,"[15,15]",43.79
regenerated_new/14/H/case-105476_JAY_ANNOTATION.png,"[12,13]",34.36
regenerated_new/4/H/case-105567_JAY_ANNOTATION.png,"[2,4]",33.55
regenerated_new/5/H/case-105567_JAY_ANNOTATION.png,"[11,12]",39.5
regenerated_new/6/H/case-105567_JAY_ANNOTATION.png,"[2,3]",30.03
regenerated_new/8/H/case-105567_JAY_ANNOTATION.png,"[10,14]",27.02
regenerated_new/9/H/case-105567_JAY_ANNOTATION.png,"[11,14]",34.3
regenerated_new/12/H/case-105567_JAY_ANNOTATION.png,"[12,13]",33.92
regenerated_new/13/H/case-105567_JAY_ANNOTATION.png,"[10,14]",27.73
regenerated_new/14/H/case-105567_JAY_ANNOTATION.png,"[12,13]",29.65
regenerated_new/4/H/case-105579_JAY_ANNOTATION.png,"[12,14]",32.13
regenerated_new/5/H/case-105579_JAY_ANNOTATION.png,"[2,4]",31.19
regenerated_new/7/H/case-105579_JAY_ANNOTATION.png,"[2,14]",30.55
regenerated_new/8/H/case-105579_JAY_ANNOTATION.png,"[10,2]",30.97
regenerated_new/9/H/case-105579_JAY_ANNOTATION.png,"[10,14]",30.81
regenerated_new/13/H/case-105579_JAY_ANNOTATION.png,"[12,14]",33.98
regenerated_new/14/H/case-105579_JAY_ANNOTATION.png,"[14,12]",29.67
regenerated_new/4/H/case-105586_JAY_ANNOTATION.png,"[2,3]",29.57
regenerated_new/5/H/case-105586_JAY_ANNOTATION.png,"[10,13]",30.42
regenerated_new/6/H/case-105586_JAY_ANNOTATION.png,"[6,8]",28.86
regenerated_new/8/H/case-105586_JAY_ANNOTATION.png,"[10,11]",30.56
regenerated_new/9/H/case-105586_JAY_ANNOTATION.png,"[10,14]",31.06
regenerated_new/12/H/case-105586_JAY_ANNOTATION.png,"[12,14]",35.0
regenerated_new/13/H/case-105586_JAY_ANNOTATION.png,"[13,14]",31.7
regenerated_new/14/H/case-105586_JAY_ANNOTATION.png,"[10,14]",27.16
regenerated_new/4/H/case-105592_JAY_ANNOTATION.png,"[2,12]",31.87
regenerated_new/5/H/case-105592_JAY_ANNOTATION.png,"[2,10]",26.35
regenerated_new/6/H/case-105592_JAY_ANNOTATION.png,"[2,3]",28.17
regenerated_new/7/H/case-105592_JAY_ANNOTATION.png,"[2,14]",33.38
regenerated_new/8/H/case-105592_JAY_ANNOTATION.png,"[13,14]",36.24
regenerated_new/9/H/case-105592_JAY_ANNOTATION.png,"[11,12]",29.52
regenerated_new/12/H/case-105592_JAY_ANNOTATION.png,"[12,13]",33.07
regenerated_new/14/H/case-105592_JAY_ANNOTATION.png,"[14,10]",33.81
regenerated_new/4/H/case-105597_JAY_ANNOTATION.png,"[2,14]",33.71
regenerated_new/5/H/case-105597_JAY_ANNOTATION.png,"[12,4]",32.03
regenerated_new/6/H/case-105597_JAY_ANNOTATION.png,"[2,12]",25.59
regenerated_new/7/H/case-105597_JAY_ANNOTATION.png,"[2,6]",29.83
regenerated_new/8/H/case-105597_JAY_ANNOTATION.png,"[10,14]",32.29
regenerated_new/9/H/case-105597_JAY_ANNOTATION.png,"[10,14]",29.92
regenerated_new/12/H/case-105597_JAY_ANNOTATION.png,"[13,14]",34.48
regenerated_new/14/H/case-105597_JAY_ANNOTATION.png,"[12,13]",27.47
regenerated_new/4/H/case-105602_JAY_ANNOTATION.png,"[2,12]",36.08
regenerated_new/5/H/case-105602_JAY_ANNOTATION.png,"[14,2]",31.73
regenerated_new/6/H/case-105602_JAY_ANNOTATION.png,"[11,14]",27.51
regenerated_new/7/H/case-105602_JAY_ANNOTATION.png,"[11,14]",31.73
regenerated_new/8/H/case-105602_JAY_ANNOTATION.png,"[10,14]",44.19
regenerated_new/9/H/case-105602_JAY_ANNOTATION.png,"[14,12]",33.2
regenerated_new/13/H/case-105602_JAY_ANNOTATION.png,"[14,12]",36.84
regenerated_new/14/H/case-105602_JAY_ANNOTATION.png,"[14,12]",34.05
regenerated_new/4/H/case-105681_JAY_ANNOTATION.png,"[3,13]",29.51
regenerated_new/5/H/case-105681_JAY_ANNOTATION.png,"[2,3]",30.25
regenerated_new/7/H/case-105681_JAY_ANNOTATION.png,"[2,3]",30.19
regenerated_new/8/H/case-105681_JAY_ANNOTATION.png,"[3,13]",32.38
regenerated_new/9/H/case-105681_JAY_ANNOTATION.png,"[14,12]",33.76
regenerated_new/13/H/case-105681_JAY_ANNOTATION.png,"[14,12]",40.1
regenerated_new/14/H/case-105681_JAY_ANNOTATION.png,"[14,12]",28.75
regenerated_new/4/H/case-105704_JAY_ANNOTATION.png,"[2,4]",36.65
regenerated_new/5/H/case-105704_JAY_ANNOTATION.png,"[13,14]",38.17
regenerated_new/6/H/case-105704_JAY_ANNOTATION.png,"[2,12]",31.33
regenerated_new/8/H/case-105704_JAY_ANNOTATION.png,"[10,14]",31.61
regenerated_new/9/H/case-105704_JAY_ANNOTATION.png,"[10,14]",29.03
regenerated_new/13/H/case-105704_JAY_ANNOTATION.png,"[2,14]",28.68
regenerated_new/14/H/case-105704_JAY_ANNOTATION.png,"[10,14]",47.17
regenerated_new/2/H/case-105817_JAY_ANNOTATION.png,"[2,6]",29.61
regenerated_new/5/H/case-105817_JAY_ANNOTATION.png,"[3,13]",30.77
regenerated_new/6/H/case-105817_JAY_ANNOTATION.png,"[10,2]",29.12
regenerated_new/7/H/case-105817_JAY_ANNOTATION.png,"[10,14]",31.94
regenerated_new/8/H/case-105817_JAY_ANNOTATION.png,"[12,13]",32.5
regenerated_new/9/H/case-105817_JAY_ANNOTATION.png,"[4,12]",38.42
regenerated_new/12/H/case-105817_JAY_ANNOTATION.png,"[12,14]",33.49
regenerated_new/13/H/case-105817_JAY_ANNOTATION.png,"[2,3]",32.23
regenerated_new/14/H/case-105817_JAY_ANNOTATION.png,"[10,14]",28.27
regenerated_new/3/H/case-105839_JAY_ANNOTATION.png,"[12,2]",31.38
regenerated_new/4/H/case-105839_JAY_ANNOTATION.png,"[3,10]",32.95
regenerated_new/5/H/case-105839_JAY_ANNOTATION.png,"[2,12]",35.12
regenerated_new/6/H/case-105839_JAY_ANNOTATION.png,"[2,3]",27.72
regenerated_new/7/H/case-105839_JAY_ANNOTATION.png,"[12,14]",32.51
regenerated_new/8/H/case-105839_JAY_ANNOTATION.png,"[12,14]",38.52
regenerated_new/9/H/case-105839_JAY_ANNOTATION.png,"[4,5]",43.29
regenerated_new/13/H/case-105839_JAY_ANNOTATION.png,"[2,4]",34.97
regenerated_new/14/H/case-105839_JAY_ANNOTATION.png,"[11,12]",25.43
regenerated_new/2/H/case-105862_JAY_ANNOTATION.png,"[2,12]",33.18
regenerated_new/3/H/case-105862_JAY_ANNOTATION.png,"[3,7]",31.06
regenerated_new/4/H/case-105862_JAY_ANNOTATION.png,"[2,10]",28.42
regenerated_new/5/H/case-105862_JAY_ANNOTATION.png,"[2,3]",31.92
regenerated_new/6/H/case-105862_JAY_ANNOTATION.png,"[2,14]",29.11
regenerated_new/7/H/case-105862_JAY_ANNOTATION.png,"[2,4]",29.59
regenerated_new/8/H/case-105862_JAY_ANNOTATION.png,"[11,13]",43.45
regenerated_new/9/H/case-105862_JAY_ANNOTATION.png,"[10,13]",33.33
regenerated_new/12/H/case-105862_JAY_ANNOTATION.png,"[12,14]",26.31
regenerated_new/13/H/case-105862_JAY_ANNOTATION.png,"[10,13]",29.79
regenerated_new/14/H/case-105862_JAY_ANNOTATION.png,"[14,12]",32.78
regenerated_new/2/H/case-105915_JAY_ANNOTATION.png,"[2,4]",39.01
regenerated_new/3/H/case-105915_JAY_ANNOTATION.png,"[2,3]",32.28
regenerated_new/4/H/case-105915_JAY_ANNOTATION.png,"[14,13]",32.71
regenerated_new/5/H/case-105915_JAY_ANNOTATION.png,"[2,4]",26.22
regenerated_new/6/H/case-105915_JAY_ANNOTATION.png,"[2,3]",29.06
regenerated_new/7/H/case-105915_JAY_ANNOTATION.png,"[14,11]",29.83
regenerated_new/8/H/case-105915_JAY_ANNOTATION.png,"[11,14]",29.21
regenerated_new/9/H/case-105915_JAY_ANNOTATION.png,"[14,12]",33.44
regenerated_new/13/H/case-105915_JAY_ANNOTATION.png,"[14,12]",35.72
regenerated_new/14/H/case-105915_JAY_ANNOTATION.png,"[11,14]",26.74
regenerated_new/3/H/case-106012_JAY_ANNOTATION.png,"[2,4]",36.14
regenerated_new/4/H/case-106012_JAY_ANNOTATION.png,"[2,4]",28.56
regenerated_new/5/H/case-106012_JAY_ANNOTATION.png,"[2,3]",30.96
regenerated_new/6/H/case-106012_JAY_ANNOTATION.png,"[12,13]",37.51
regenerated_new/8/H/case-106012_JAY_ANNOTATION.png,"[10,14]",30.95
regenerated_new/9/H/case-106012_JAY_ANNOTATION.png,"[15,15]",33.46
regenerated_new/13/H/case-106012_JAY_ANNOTATION.png,"[2,3]",31.35
regenerated_new/14/H/case-106012_JAY_ANNOTATION.png,"[10,14]",28.77
regenerated_new/3/H/case-106016_JAY_ANNOTATION.png,"[2,12]",26.08
regenerated_new/4/H/case-106016_JAY_ANNOTATION.png,"[12,13]",39.15
regenerated_new/5/H/case-106016_JAY_ANNOTATION.png,"[2,14]",35.03
regenerated_new/7/H/case-106016_JAY_ANNOTATION.png,"[2,14]",31.22
regenerated_new/8/H/case-106016_JAY_ANNOTATION.png,"[10,12]",34.3
regenerated_new/9/H/case-106016_JAY_ANNOTATION.png,"[10,11]",28.82
regenerated_new/13/H/case-106016_JAY_ANNOTATION.png,"[14,12]",32.31
regenerated_new/3/H/case-106081_JAY_ANNOTATION.png,"[2,3]",35.61
regenerated_new/4/H/case-106081_JAY_ANNOTATION.png,"[10,14]",34.91
regenerated_new/5/H/case-106081_JAY_ANNOTATION.png,"[2,3]",27.61
regenerated_new/6/H/case-106081_JAY_ANNOTATION.png,"[2,3]",32.61
regenerated_new/7/H/case-106081_JAY_ANNOTATION.png,"[10,14]",32.92
regenerated_new/8/H/case-106081_JAY_ANNOTATION.png,"[2,3]",31.67
regenerated_new/9/H/case-106081_JAY_ANNOTATION.png,"[10,14]",37.63
regenerated_new/10/H/case-106081_JAY_ANNOTATION.png,"[2,3]",33.16
regenerated_new/13/H/case-106081_JAY_ANNOTATION.png,"[14,5]",39.83
regenerated_new/14/H/case-106081_JAY_ANNOTATION.png,"[14,13]",28.94
regenerated_new/4/H/case-106101_JAY_ANNOTATION.png,"[2,4]",34.2
regenerated_new/5/H/case-106101_JAY_ANNOTATION.png,"[2,4]",30.67
regenerated_new/8/H/case-106101_JAY_ANNOTATION.png,"[10,14]",28.56
regenerated_new/9/H/case-106101_JAY_ANNOTATION.png,"[10,14]",27.16
regenerated_new/13/H/case-106101_JAY_ANNOTATION.png,"[2,3]",31.36
regenerated_new/14/H/case-106101_JAY_ANNOTATION.png,"[10,14]",25.7
regenerated_new/4/H/case-106127_JAY_ANNOTATION.png,"[2,6]",27.73
regenerated_new/5/H/case-106127_JAY_ANNOTATION.png,"[2,4]",33.61
regenerated_new/6/H/case-106127_JAY_ANNOTATION.png,"[10,12]",36.34
regenerated_new/7/H/case-106127_JAY_ANNOTATION.png,"[2,3]",31.95
regenerated_new/8/H/case-106127_JAY_ANNOTATION.png,"[12,14]",32.09
regenerated_new/9/H/case-106127_JAY_ANNOTATION.png,"[10,14]",33.47
regenerated_new/12/H/case-106127_JAY_ANNOTATION.png,"[12,13]",28.74
regenerated_new/13/H/case-106127_JAY_ANNOTATION.png,"[11,10]",27.88
regenerated_new/14/H/case-106127_JAY_ANNOTATION.png,"[12,13]",36.94
regenerated_new/2/H/case-106139_JAY_ANNOTATION.png,"[2,5]",26.53
regenerated_new/4/H/case-106139_JAY_ANNOTATION.png,"[10,14]",28.75
regenerated_new/5/H/case-106139_JAY_ANNOTATION.png,"[10,12]",36.64
regenerated_new/6/H/case-106139_JAY_ANNOTATION.png,"[12,14]",35.87
regenerated_new/7/H/case-106139_JAY_ANNOTATION.png,"[12,14]",38.38
regenerated_new/8/H/case-106139_JAY_ANNOTATION.png,"[10,14]",30.56
regenerated_new/9/H/case-106139_JAY_ANNOTATION.png,"[12,13]",35.08
regenerated_new/13/H/case-106139_JAY_ANNOTATION.png,"[2,10]",25.69
regenerated_new/14/H/case-106139_JAY_ANNOTATION.png,"[11,13]",36.79
regenerated_new/3/H/case-106141_JAY_ANNOTATION.png,"[2,4]",26.64
regenerated_new/4/H/case-106141_JAY_ANNOTATION.png,"[12,13]",30.34
regenerated_new/5/H/case-106141_JAY_ANNOTATION.png,"[14,13]",33.78
regenerated_new/6/H/case-106141_JAY_ANNOTATION.png,"[2,3]",33.41
regenerated_new/7/H/case-106141_JAY_ANNOTATION.png,"[10,14]",37.63
regenerated_new/8/H/case-106141_JAY_ANNOTATION.png,"[10,14]",36.47
regenerated_new/9/H/case-106141_JAY_ANNOTATION.png,"[11,14]",33.34
regenerated_new/13/H/case-106141_JAY_ANNOTATION.png,"[13,14]",39.53
regenerated_new/14/H/case-106141_JAY_ANNOTATION.png,"[12,13]",35.49
regenerated_new/4/H/case-106157_JAY_ANNOTATION.png,"[14,13]",36.59
regenerated_new/5/H/case-106157_JAY_ANNOTATION.png,"[2,13]",33.33
regenerated_new/6/H/case-106157_JAY_ANNOTATION.png,"[2,3]",33.41
regenerated_new/7/H/case-106157_JAY_ANNOTATION.png,"[14,2]",36.04
regenerated_new/8/H/case-106157_JAY_ANNOTATION.png,"[11,13]",35.86
regenerated_new/9/H/case-106157_JAY_ANNOTATION.png,"[10,14]",33.63
regenerated_new/13/H/case-106157_JAY_ANNOTATION.png,"[10,14]",36.77
regenerated_new/14/H/case-106157_JAY_ANNOTATION.png,"[10,14]",30.59
regenerated_new/4/H/case-106172_JAY_ANNOTATION.png,"[3,14]",32.41
regenerated_new/5/H/case-106172_JAY_ANNOTATION.png,"[15,15]",36.89
regenerated_new/6/H/case-106172_JAY_ANNOTATION.png,"[12,14]",40.73
regenerated_new/7/H/case-106172_JAY_ANNOTATION.png,"[7,9]",31.93
regenerated_new/8/H/case-106172_JAY_ANNOTATION.png,"[2,10]",37.13
regenerated_new/9/H/case-106172_JAY_ANNOTATION.png,"[10,13]",34.81
regenerated_new/13/H/case-106172_JAY_ANNOTATION.png,"[11,13]",34.29
regenerated_new/14/H/case-106172_JAY_ANNOTATION.png,"[2,3]",29.98
regenerated_new/4/H/case-106301_JAY_ANNOTATION.png,"[2,13]",36.78
regenerated_new/5/H/case-106301_JAY_ANNOTATION.png,"[2,3]",38.55
regenerated_new/6/H/case-106301_JAY_ANNOTATION.png,"[15,15]",32.1
regenerated_new/7/H/case-106301_JAY_ANNOTATION.png,"[3,5]",31.44
regenerated_new/8/H/case-106301_JAY_ANNOTATION.png,"[12,14]",33.94
regenerated_new/9/H/case-106301_JAY_ANNOTATION.png,"[13,14]",31.35
regenerated_new/13/H/case-106301_JAY_ANNOTATION.png,"[2,3]",31.98
regenerated_new/14/H/case-106301_JAY_ANNOTATION.png,"[13,14]",35.29
regenerated_new/4/H/case-106371_JAY_ANNOTATION.png,"[2,3]",28.32
regenerated_new/5/H/case-106371_JAY_ANNOTATION.png,"[5,2]",31.43
regenerated_new/6/H/case-106371_JAY_ANNOTATION.png,"[10,14]",29.62
regenerated_new/7/H/case-106371_JAY_ANNOTATION.png,"[15,15]",33.34
regenerated_new/8/H/case-106371_JAY_ANNOTATION.png,"[13,14]",35.57
regenerated_new/9/H/case-106371_JAY_ANNOTATION.png,"[13,14]",33.82
regenerated_new/13/H/case-106371_JAY_ANNOTATION.png,"[2,4]",32.31
regenerated_new/14/H/case-106371_JAY_ANNOTATION.png,"[10,14]",30.84
regenerated_new/3/H/case-106374_JAY_ANNOTATION.png,"[2,4]",32.21
regenerated_new/4/H/case-106374_JAY_ANNOTATION.png,"[12,14]",36.58
regenerated_new/5/H/case-106374_JAY_ANNOTATION.png,"[12,14]",30.17
regenerated_new/6/H/case-106374_JAY_ANNOTATION.png,"[2,3]",29.69
regenerated_new/8/H/case-106374_JAY_ANNOTATION.png,"[10,14]",31.63
regenerated_new/9/H/case-106374_JAY_ANNOTATION.png,"[14,13]",33.06
regenerated_new/13/H/case-106374_JAY_ANNOTATION.png,"[2,14]",36.46
regenerated_new/14/H/case-106374_JAY_ANNOTATION.png,"[10,14]",32.44
regenerated_new/4/H/case-106456_JAY_ANNOTATION.png,"[10,14]",31.3
regenerated_new/5/H/case-106456_JAY_ANNOTATION.png,"[14,13]",32.88
regenerated_new/6/H/case-106456_JAY_ANNOTATION.png,"[2,12]",31.99
regenerated_new/7/H/case-106456_JAY_ANNOTATION.png,"[10,13]",34.06
regenerated_new/8/H/case-106456_JAY_ANNOTATION.png,"[12,13]",29.93
regenerated_new/9/H/case-106456_JAY_ANNOTATION.png,"[3,10]",37.25
regenerated_new/13/H/case-106456_JAY_ANNOTATION.png,"[11,14]",33.72
regenerated_new/14/H/case-106456_JAY_ANNOTATION.png,"[10,14]",33.32
regenerated_new/4/H/case-106464_JAY_ANNOTATION.png,"[2,12]",34.45
regenerated_new/5/H/case-106464_JAY_ANNOTATION.png,"[2,14]",35.68
regenerated_new/7/H/case-106464_JAY_ANNOTATION.png,"[15,15]",32.95
regenerated_new/8/H/case-106464_JAY_ANNOTATION.png,"[10,14]",32.2
regenerated_new/9/H/case-106464_JAY_ANNOTATION.png,"[12,14]",31.97
regenerated_new/14/H/case-106464_JAY_ANNOTATION.png,"[12,13]",31.69
regenerated_new/4/H/case-106541_JAY_ANNOTATION.png,"[3,5]",38.37
regenerated_new/5/H/case-106541_JAY_ANNOTATION.png,"[2,5]",30.97
regenerated_new/6/H/case-106541_JAY_ANNOTATION.png,"[2,3]",29.98
regenerated_new/8/H/case-106541_JAY_ANNOTATION.png,"[3,5]",33.28
regenerated_new/9/H/case-106541_JAY_ANNOTATION.png,"[15,15]",33.39
regenerated_new/14/H/case-106541_JAY_ANNOTATION.png,"[14,10]",28.67
regenerated_new/2/H/case-106569_JAY_ANNOTATION.png,"[2,3]",31.31
regenerated_new/4/H/case-106569_JAY_ANNOTATION.png,"[2,4]",33.74
regenerated_new/5/H/case-106569_JAY_ANNOTATION.png,"[2,4]",27.65
regenerated_new/6/H/case-106569_JAY_ANNOTATION.png,"[10,11]",32.04
regenerated_new/7/H/case-106569_JAY_ANNOTATION.png,"[2,14]",36.02
regenerated_new/8/H/case-106569_JAY_ANNOTATION.png,"[12,13]",34.23
regenerated_new/9/H/case-106569_JAY_ANNOTATION.png,"[12,14]",45.73
regenerated_new/13/H/case-106569_JAY_ANNOTATION.png,"[14,13]",34.11
regenerated_new/14/H/case-106569_JAY_ANNOTATION.png,"[10,14]",29.17
regenerated_new/4/H/case-106811_JAY_ANNOTATION.png,"[10,14]",38.72
regenerated_new/5/H/case-106811_JAY_ANNOTATION.png,"[2,5]",31.16
regenerated_new/7/H/case-106811_JAY_ANNOTATION.png,"[2,3]",31.88
regenerated_new/8/H/case-106811_JAY_ANNOTATION.png,"[12,14]",32.18
regenerated_new/9/H/case-106811_JAY_ANNOTATION.png,"[12,14]",36.42
regenerated_new/13/H/case-106811_JAY_ANNOTATION.png,"[3,4]",32.08
regenerated_new/14/H/case-106811_JAY_ANNOTATION.png,"[12,13]",32.93
regenerated_new/4/H/case-106835_JAY_ANNOTATION.png,"[2,12]",35.15
regenerated_new/5/H/case-106835_JAY_ANNOTATION.png,"[10,14]",35.38
regenerated_new/6/H/case-106835_JAY_ANNOTATION.png,"[13,14]",34.7
regenerated_new/7/H/case-106835_JAY_ANNOTATION.png,"[12,13]",30.92
regenerated_new/8/H/case-106835_JAY_ANNOTATION.png,"[12,13]",31.19
regenerated_new/9/H/case-106835_JAY_ANNOTATION.png,"[3,5]",31.38
regenerated_new/13/H/case-106835_JAY_ANNOTATION.png,"[2,10]",31.98
regenerated_new/14/H/case-106835_JAY_ANNOTATION.png,"[10,14]",36.26
regenerated_new/4/H/case-106856_JAY_ANNOTATION.png,"[10,14]",34.03
regenerated_new/5/H/case-106856_JAY_ANNOTATION.png,"[2,4]",30.75
regenerated_new/6/H/case-106856_JAY_ANNOTATION.png,"[13,14]",32.21
regenerated_new/7/H/case-106856_JAY_ANNOTATION.png,"[2,3]",26.89
regenerated_new/8/H/case-106856_JAY_ANNOTATION.png,"[2,3]",31.55
regenerated_new/9/H/case-106856_JAY_ANNOTATION.png,"[10,3]",34.73
regenerated_new/12/H/case-106856_JAY_ANNOTATION.png,"[2,3]",30.61
regenerated_new/13/H/case-106856_JAY_ANNOTATION.png,"[12,13]",31.1
regenerated_new/14/H/case-106856_JAY_ANNOTATION.png,"[10,14]",28.44
regenerated_new/2/H/case-106882_JAY_ANNOTATION.png,"[2,3]",25.54
regenerated_new/4/H/case-106882_JAY_ANNOTATION.png,"[12,14]",33.64
regenerated_new/5/H/case-106882_JAY_ANNOTATION.png,"[13,14]",32.06
regenerated_new/6/H/case-106882_JAY_ANNOTATION.png,"[2,10]",24.7
regenerated_new/7/H/case-106882_JAY_ANNOTATION.png,"[14,13]",27.86
regenerated_new/8/H/case-106882_JAY_ANNOTATION.png,"[10,14]",30.83
regenerated_new/9/H/case-106882_JAY_ANNOTATION.png,"[2,12]",32.1
regenerated_new/12/H/case-106882_JAY_ANNOTATION.png,"[2,3]",30.01
regenerated_new/13/H/case-106882_JAY_ANNOTATION.png,"[2,3]",28.99
regenerated_new/14/H/case-106882_JAY_ANNOTATION.png,"[12,13]",32.19
regenerated_new/2/H/case-106963_JAY_ANNOTATION.png,"[11,13]",29.69
regenerated_new/3/H/case-106963_JAY_ANNOTATION.png,"[2,12]",31.4
regenerated_new/4/H/case-106963_JAY_ANNOTATION.png,"[12,13]",31.68
regenerated_new/5/H/case-106963_JAY_ANNOTATION.png,"[11,14]",42.78
regenerated_new/6/H/case-106963_JAY_ANNOTATION.png,"[13,14]",30.5
regenerated_new/7/H/case-106963_JAY_ANNOTATION.png,"[2,4]",26.37
regenerated_new/8/H/case-106963_JAY_ANNOTATION.png,"[10,14]",31.22
regenerated_new/9/H/case-106963_JAY_ANNOTATION.png,"[10,14]",30.01
regenerated_new/13/H/case-106963_JAY_ANNOTATION.png,"[12,14]",31.31
regenerated_new/14/H/case-106963_JAY_ANNOTATION.png,"[14,12]",34.37
regenerated_new/2/H/case-106973_JAY_ANNOTATION.png,"[2,12]",29.42
regenerated_new/3/H/case-106973_JAY_ANNOTATION.png,"[2,3]",27.4
regenerated_new/4/H/case-106973_JAY_ANNOTATION.png,"[2,3]",32.78
regenerated_new/5/H/case-106973_JAY_ANNOTATION.png,"[14,12]",25.79
regenerated_new/6/H/case-106973_JAY_ANNOTATION.png,"[14,12]",33.63
regenerated_new/7/H/case-106973_JAY_ANNOTATION.png,"[1,2]",26.93
regenerated_new/8/H/case-106973_JAY_ANNOTATION.png,"[13,14]",35.03
regenerated_new/9/H/case-106973_JAY_ANNOTATION.png,"[10,12]",32.81
regenerated_new/14/H/case-106973_JAY_ANNOTATION.png,"[10,14]",26.08
regenerated_new/4/H/case-106991_JAY_ANNOTATION.png,"[2,3]",33.18
regenerated_new/5/H/case-106991_JAY_ANNOTATION.png,"[13,14]",38.04
regenerated_new/7/H/case-106991_JAY_ANNOTATION.png,"[2,10]",31.15
regenerated_new/8/H/case-106991_JAY_ANNOTATION.png,"[12,14]",31.88
regenerated_new/9/H/case-106991_JAY_ANNOTATION.png,"[2,3]",31.29
regenerated_new/13/H/case-106991_JAY_ANNOTATION.png,"[10,11]",30.7
regenerated_new/14/H/case-106991_JAY_ANNOTATION.png,"[12,14]",30.87
regenerated_new/2/H/case-107068_JAY_ANNOTATION.png,"[2,3]",25.41
regenerated_new/4/H/case-107068_JAY_ANNOTATION.png,"[2,4]",27.23
regenerated_new/5/H/case-107068_JAY_ANNOTATION.png,"[2,4]",30.75
regenerated_new/8/H/case-107068_JAY_ANNOTATION.png,"[14,2]",36.45
regenerated_new/9/H/case-107068_JAY_ANNOTATION.png,"[10,14]",22.03
regenerated_new/13/H/case-107068_JAY_ANNOTATION.png,"[10,13]",33.8
regenerated_new/14/H/case-107068_JAY_ANNOTATION.png,"[13,14]",29.85
regenerated_new/4/H/case-107184_JAY_ANNOTATION.png,"[2,10]",30.55
regenerated_new/5/H/case-107184_JAY_ANNOTATION.png,"[2,3]",25.92
regenerated_new/7/H/case-107184_JAY_ANNOTATION.png,"[2,14]",29.01
regenerated_new/8/H/case-107184_JAY_ANNOTATION.png,"[14,12]",34.37
regenerated_new/9/H/case-107184_JAY_ANNOTATION.png,"[12,13]",32.6
regenerated_new/14/H/case-107184_JAY_ANNOTATION.png,"[14,11]",29.01
regenerated_new/4/H/case-107267_JAY_ANNOTATION.png,"[12,14]",28.41
regenerated_new/5/H/case-107267_JAY_ANNOTATION.png,"[10,14]",28.04
regenerated_new/6/H/case-107267_JAY_ANNOTATION.png,"[2,3]",31.31
regenerated_new/7/H/case-107267_JAY_ANNOTATION.png,"[13,10]",39.84
regenerated_new/8/H/case-107267_JAY_ANNOTATION.png,"[14,13]",30.8
regenerated_new/9/H/case-107267_JAY_ANNOTATION.png,"[2,3]",27.47
regenerated_new/13/H/case-107267_JAY_ANNOTATION.png,"[2,12]",31.98
regenerated_new/14/H/case-107267_JAY_ANNOTATION.png,"[13,14]",29.05
regenerated_new/4/H/case-107296_JAY_ANNOTATION.png,"[13,14]",38.94
regenerated_new/5/H/case-107296_JAY_ANNOTATION.png,"[2,12]",32.63
regenerated_new/6/H/case-107296_JAY_ANNOTATION.png,"[10,12]",33.59
regenerated_new/7/H/case-107296_JAY_ANNOTATION.png,"[12,13]",30.64
regenerated_new/8/H/case-107296_JAY_ANNOTATION.png,"[2,14]",31.34
regenerated_new/9/H/case-107296_JAY_ANNOTATION.png,"[2,3]",29.35
regenerated_new/13/H/case-107296_JAY_ANNOTATION.png,"[12,14]",28.95
regenerated_new/14/H/case-107296_JAY_ANNOTATION.png,"[14,11]",29.91
regenerated_new/4/H/case-110146_JAY_ANNOTATION.png,"[12,13]",33.38
regenerated_new/5/H/case-110146_JAY_ANNOTATION.png,"[2,3]",34.31
regenerated_new/7/H/case-110146_JAY_ANNOTATION.png,"[2,3]",27.8
regenerated_new/8/H/case-110146_JAY_ANNOTATION.png,"[10,2]",45.39
regenerated_new/9/H/case-110146_JAY_ANNOTATION.png,"[12,14]",31.49
regenerated_new/12/H/case-110146_JAY_ANNOTATION.png,"[10,12]",31.8
regenerated_new/13/H/case-110146_JAY_ANNOTATION.png,"[12,13]",32.53
regenerated_new/14/H/case-110146_JAY_ANNOTATION.png,"[10,14]",32.91
regenerated_new/4/H/case-110184_JAY_ANNOTATION.png,"[14,12]",30.81
regenerated_new/5/H/case-110184_JAY_ANNOTATION.png,"[2,12]",32.62
regenerated_new/6/H/case-110184_JAY_ANNOTATION.png,"[2,4]",39.4
regenerated_new/7/H/case-110184_JAY_ANNOTATION.png,"[10,11]",49.04
regenerated_new/8/H/case-110184_JAY_ANNOTATION.png,"[2,3]",33.66
regenerated_new/9/H/case-110184_JAY_ANNOTATION.png,"[13,14]",28.99
regenerated_new/12/H/case-110184_JAY_ANNOTATION.png,"[11,12]",32.5
regenerated_new/13/H/case-110184_JAY_ANNOTATION.png,"[12,13]",29.72
regenerated_new/14/H/case-110184_JAY_ANNOTATION.png,"[15,15]",33.83
regenerated_new/3/H/case-110307_JAY_ANNOTATION.png,"[2,6]",31.75
regenerated_new/4/H/case-110307_JAY_ANNOTATION.png,"[12,14]",41.07
regenerated_new/5/H/case-110307_JAY_ANNOTATION.png,"[14,12]",33.62
regenerated_new/6/H/case-110307_JAY_ANNOTATION.png,"[12,14]",32.77
regenerated_new/7/H/case-110307_JAY_ANNOTATION.png,"[2,3]",24.5
regenerated_new/8/H/case-110307_JAY_ANNOTATION.png,"[10,13]",32.65
regenerated_new/9/H/case-110307_JAY_ANNOTATION.png,"[10,13]",35.62
regenerated_new/13/H/case-110307_JAY_ANNOTATION.png,"[12,13]",29.57
regenerated_new/14/H/case-110307_JAY_ANNOTATION.png,"[12,14]",33.2
regenerated_new/4/H/case-110324_JAY_ANNOTATION.png,"[10,14]",30.39
regenerated_new/5/H/case-110324_JAY_ANNOTATION.png,"[12,14]",39.14
regenerated_new/6/H/case-110324_JAY_ANNOTATION.png,"[2,12]",33.46
regenerated_new/7/H/case-110324_JAY_ANNOTATION.png,"[3,6]",31.72
regenerated_new/8/H/case-110324_JAY_ANNOTATION.png,"[14,12]",35.36
regenerated_new/9/H/case-110324_JAY_ANNOTATION.png,"[11,10]",34.89
regenerated_new/13/H/case-110324_JAY_ANNOTATION.png,"[14,13]",33.47
regenerated_new/14/H/case-110324_JAY_ANNOTATION.png,"[12,13]",26.87
regenerated_new/5/H/case-110378_JAY_ANNOTATION.png,"[2,3]",34.83
regenerated_new/6/H/case-110378_JAY_ANNOTATION.png,"[2,3]",29.58
regenerated_new/8/H/case-110378_JAY_ANNOTATION.png,"[14,13]",36.78
regenerated_new/9/H/case-110378_JAY_ANNOTATION.png,"[12,13]",31.0
regenerated_new/13/H/case-110378_JAY_ANNOTATION.png,"[12,2]",37.65
regenerated_new/14/H/case-110378_JAY_ANNOTATION.png,"[10,14]",30.84
regenerated_new/4/H/case-110382_JAY_ANNOTATION.png,"[10,12]",29.44
regenerated_new/5/H/case-110382_JAY_ANNOTATION.png,"[2,4]",30.54
regenerated_new/6/H/case-110382_JAY_ANNOTATION.png,"[2,9]",27.64
regenerated_new/8/H/case-110382_JAY_ANNOTATION.png,"[12,14]",28.31
regenerated_new/9/H/case-110382_JAY_ANNOTATION.png,"[12,14]",30.92
regenerated_new/14/H/case-110382_JAY_ANNOTATION.png,"[13,14]",29.05
regenerated_new/4/H/case-110393_JAY_ANNOTATION.png,"[2,12]",32.49
regenerated_new/5/H/case-110393_JAY_ANNOTATION.png,"[2,14]",33.87
regenerated_new/6/H/case-110393_JAY_ANNOTATION.png,"[12,14]",36.69
regenerated_new/7/H/case-110393_JAY_ANNOTATION.png,"[2,4]",29.02
regenerated_new/8/H/case-110393_JAY_ANNOTATION.png,"[14,12]",36.62
regenerated_new/9/H/case-110393_JAY_ANNOTATION.png,"[11,14]",31.54
regenerated_new/13/H/case-110393_JAY_ANNOTATION.png,"[12,14]",36.95
regenerated_new/14/H/case-110393_JAY_ANNOTATION.png,"[10,12]",34.1
regenerated_new/2/H/case-110447_JAY_ANNOTATION.png,"[2,3]",29.1
regenerated_new/4/H/case-110447_JAY_ANNOTATION.png,"[12,14]",35.95
regenerated_new/5/H/case-110447_JAY_ANNOTATION.png,"[12,14]",35.94
regenerated_new/6/H/case-110447_JAY_ANNOTATION.png,"[2,12]",32.23
regenerated_new/7/H/case-110447_JAY_ANNOTATION.png,"[12,13]",32.19
regenerated_new/8/H/case-110447_JAY_ANNOTATION.png,"[10,12]",42.83
regenerated_new/9/H/case-110447_JAY_ANNOTATION.png,"[12,13]",33.72
regenerated_new/13/H/case-110447_JAY_ANNOTATION.png,"[13,14]",34.86
regenerated_new/14/H/case-110447_JAY_ANNOTATION.png,"[12,13]",33.68
regenerated_new/4/H/case-110519_JAY_ANNOTATION.png,"[10,13]",36.66
regenerated_new/5/H/case-110519_JAY_ANNOTATION.png,"[2,11]",32.37
regenerated_new/6/H/case-110519_JAY_ANNOTATION.png,"[2,3]",31.74
regenerated_new/7/H/case-110519_JAY_ANNOTATION.png,"[3,5]",31.25
regenerated_new/8/H/case-110519_JAY_ANNOTATION.png,"[10,14]",34.32
regenerated_new/9/H/case-110519_JAY_ANNOTATION.png,"[14,13]",34.91
regenerated_new/13/H/case-110519_JAY_ANNOTATION.png,"[2,5]",32.09
regenerated_new/14/H/case-110519_JAY_ANNOTATION.png,"[10,14]",34.28
regenerated_new/4/H/case-110588_JAY_ANNOTATION.png,"[3,5]",26.71
regenerated_new/5/H/case-110588_JAY_ANNOTATION.png,"[2,12]",30.77
regenerated_new/6/H/case-110588_JAY_ANNOTATION.png,"[2,4]",32.26
regenerated_new/7/H/case-110588_JAY_ANNOTATION.png,"[2,4]",28.1
regenerated_new/8/H/case-110588_JAY_ANNOTATION.png,"[2,3]",37.98
regenerated_new/9/H/case-110588_JAY_ANNOTATION.png,"[12,13]",36.05
regenerated_new/13/H/case-110588_JAY_ANNOTATION.png,"[13,14]",34.63
regenerated_new/14/H/case-110588_JAY_ANNOTATION.png,"[13,14]",34.52
regenerated_new/4/H/case-110636_JAY_ANNOTATION.png,"[2,14]",35.96
regenerated_new/5/H/case-110636_JAY_ANNOTATION.png,"[10,13]",33.96
regenerated_new/6/H/case-110636_JAY_ANNOTATION.png,"[11,12]",31.0
regenerated_new/8/H/case-110636_JAY_ANNOTATION.png,"[10,14]",30.22
regenerated_new/9/H/case-110636_JAY_ANNOTATION.png,"[11,14]",38.13
regenerated_new/12/H/case-110636_JAY_ANNOTATION.png,"[12,14]",27.77
regenerated_new/13/H/case-110636_JAY_ANNOTATION.png,"[13,14]",43.29
regenerated_new/14/H/case-110636_JAY_ANNOTATION.png,"[15,15]",32.37
regenerated_new/4/H/case-110640_JAY_ANNOTATION.png,"[2,14]",35.36
regenerated_new/5/H/case-110640_JAY_ANNOTATION.png,"[14,13]",29.85
regenerated_new/6/H/case-110640_JAY_ANNOTATION.png,"[2,12]",27.41
regenerated_new/7/H/case-110640_JAY_ANNOTATION.png,"[12,14]",33.96
regenerated_new/8/H/case-110640_JAY_ANNOTATION.png,"[10,13]",32.67
regenerated_new/9/H/case-110640_JAY_ANNOTATION.png,"[10,14]",32.9
regenerated_new/12/H/case-110640_JAY_ANNOTATION.png,"[12,13]",28.54
regenerated_new/13/H/case-110640_JAY_ANNOTATION.png,"[10,14]",36.55
regenerated_new/14/H/case-110640_JAY_ANNOTATION.png,"[13,14]",29.68
regenerated_new/4/H/case-110649_JAY_ANNOTATION.png,"[10,14]",25.91
regenerated_new/5/H/case-110649_JAY_ANNOTATION.png,"[2,10]",32.62
regenerated_new/6/H/case-110649_JAY_ANNOTATION.png,"[2,3]",39.05
regenerated_new/7/H/case-110649_JAY_ANNOTATION.png,"[10,14]",33.49
regenerated_new/8/H/case-110649_JAY_ANNOTATION.png,"[10,14]",33.29
regenerated_new/9/H/case-110649_JAY_ANNOTATION.png,"[2,3]",27.93
regenerated_new/12/H/case-110649_JAY_ANNOTATION.png,"[12,14]",30.5
regenerated_new/13/H/case-110649_JAY_ANNOTATION.png,"[12,13]",30.75
regenerated_new/14/H/case-110649_JAY_ANNOTATION.png,"[12,13]",36.85
regenerated_new/4/H/case-110664_JAY_ANNOTATION.png,"[2,3]",31.91
regenerated_new/5/H/case-110664_JAY_ANNOTATION.png,"[2,3]",29.38
regenerated_new/6/H/case-110664_JAY_ANNOTATION.png,"[13,14]",38.73
regenerated_new/7/H/case-110664_JAY_ANNOTATION.png,"[2,12]",37.87
regenerated_new/8/H/case-110664_JAY_ANNOTATION.png,"[10,13]",29.58
regenerated_new/9/H/case-110664_JAY_ANNOTATION.png,"[12,14]",29.7
regenerated_new/12/H/case-110664_JAY_ANNOTATION.png,"[10,12]",31.0
regenerated_new/13/H/case-110664_JAY_ANNOTATION.png,"[12,14]",35.39
regenerated_new/14/H/case-110664_JAY_ANNOTATION.png,"[12,13]",35.83
regenerated_new/4/H/case-110831_JAY_ANNOTATION.png,"[2,13]",31.24
regenerated_new/5/H/case-110831_JAY_ANNOTATION.png,"[2,4]",39.49
regenerated_new/7/H/case-110831_JAY_ANNOTATION.png,"[3,13]",32.73
regenerated_new/8/H/case-110831_JAY_ANNOTATION.png,"[12,14]",34.99
regenerated_new/9/H/case-110831_JAY_ANNOTATION.png,"[10,14]",29.56
regenerated_new/13/H/case-110831_JAY_ANNOTATION.png,"[3,4]",28.51
regenerated_new/14/H/case-110831_JAY_ANNOTATION.png,"[10,14]",38.71
regenerated_new/4/H/case-110870_JAY_ANNOTATION.png,"[2,4]",36.37
regenerated_new/5/H/case-110870_JAY_ANNOTATION.png,"[12,13]",35.68
regenerated_new/6/H/case-110870_JAY_ANNOTATION.png,"[12,14]",30.04
regenerated_new/7/H/case-110870_JAY_ANNOTATION.png,"[2,3]",31.8
regenerated_new/8/H/case-110870_JAY_ANNOTATION.png,"[12,13]",32.56
regenerated_new/9/H/case-110870_JAY_ANNOTATION.png,"[14,12]",37.83
regenerated_new/13/H/case-110870_JAY_ANNOTATION.png,"[12,13]",32.86
regenerated_new/14/H/case-110870_JAY_ANNOTATION.png,"[14,12]",27.88
regenerated_new/3/H/case-111040_JAY_ANNOTATION.png,"[2,4]",29.99
regenerated_new/4/H/case-111040_JAY_ANNOTATION.png,"[2,4]",34.97
regenerated_new/5/H/case-111040_JAY_ANNOTATION.png,"[12,14]",27.75
regenerated_new/6/H/case-111040_JAY_ANNOTATION.png,"[2,4]",28.15
regenerated_new/8/H/case-111040_JAY_ANNOTATION.png,"[14,13]",29.9
regenerated_new/9/H/case-111040_JAY_ANNOTATION.png,"[10,14]",32.72
regenerated_new/13/H/case-111040_JAY_ANNOTATION.png,"[10,14]",34.57
regenerated_new/14/H/case-111040_JAY_ANNOTATION.png,"[11,10]",25.62
regenerated_new/3/H/case-111057_JAY_ANNOTATION.png,"[2,4]",31.61
regenerated_new/4/H/case-111057_JAY_ANNOTATION.png,"[3,4]",28.99
regenerated_new/5/H/case-111057_JAY_ANNOTATION.png,"[2,14]",36.97
regenerated_new/6/H/case-111057_JAY_ANNOTATION.png,"[10,14]",30.68
regenerated_new/7/H/case-111057_JAY_ANNOTATION.png,"[12,13]",31.68
regenerated_new/8/H/case-111057_JAY_ANNOTATION.png,"[10,2]",29.18
regenerated_new/9/H/case-111057_JAY_ANNOTATION.png,"[10,14]",31.76
regenerated_new/13/H/case-111057_JAY_ANNOTATION.png,"[2,3]",31.87
regenerated_new/14/H/case-111057_JAY_ANNOTATION.png,"[2,3]",33.99
regenerated_new/4/H/case-111159_JAY_ANNOTATION.png,"[5,14]",37.6
regenerated_new/5/H/case-111159_JAY_ANNOTATION.png,"[10,12]",37.34
regenerated_new/6/H/case-111159_JAY_ANNOTATION.png,"[2,3]",26.83
regenerated_new/7/H/case-111159_JAY_ANNOTATION.png,"[2,4]",31.57
regenerated_new/8/H/case-111159_JAY_ANNOTATION.png,"[14,12]",37.72
regenerated_new/9/H/case-111159_JAY_ANNOTATION.png,"[2,3]",30.71
regenerated_new/13/H/case-111159_JAY_ANNOTATION.png,"[2,10]",33.71
regenerated_new/14/H/case-111159_JAY_ANNOTATION.png,"[10,14]",27.76
regenerated_new/3/H/case-111162_JAY_ANNOTATION.png,"[2,5]",32.94
regenerated_new/4/H/case-111162_JAY_ANNOTATION.png,"[2,3]",35.11
regenerated_new/5/H/case-111162_JAY_ANNOTATION.png,"[4,12]",30.12
regenerated_new/6/H/case-111162_JAY_ANNOTATION.png,"[2,3]",34.36
regenerated_new/7/H/case-111162_JAY_ANNOTATION.png,"[14,13]",36.57
regenerated_new/8/H/case-111162_JAY_ANNOTATION.png,"[13,14]",36.78
regenerated_new/9/H/case-111162_JAY_ANNOTATION.png,"[13,14]",37.68
regenerated_new/13/H/case-111162_JAY_ANNOTATION.png,"[10,14]",33.97
regenerated_new/14/H/case-111162_JAY_ANNOTATION.png,"[11,14]",34.89
regenerated_new/4/H/case-111165_JAY_ANNOTATION.png,"[2,3]",35.29
regenerated_new/5/H/case-111165_JAY_ANNOTATION.png,"[12,14]",36.27
regenerated_new/6/H/case-111165_JAY_ANNOTATION.png,"[10,14]",27.38
regenerated_new/7/H/case-111165_JAY_ANNOTATION.png,"[2,3]",31.07
regenerated_new/8/H/case-111165_JAY_ANNOTATION.png,"[10,12]",33.72
regenerated_new/9/H/case-111165_JAY_ANNOTATION.png,"[10,14]",29.23
regenerated_new/12/H/case-111165_JAY_ANNOTATION.png,"[14,13]",31.53
regenerated_new/13/H/case-111165_JAY_ANNOTATION.png,"[10,14]",35.63
regenerated_new/14/H/case-111165_JAY_ANNOTATION.png,"[12,13]",36.37
regenerated_new/2/H/case-111178_JAY_ANNOTATION.png,"[2,3]",27.55
regenerated_new/4/H/case-111178_JAY_ANNOTATION.png,"[2,3]",31.21
regenerated_new/5/H/case-111178_JAY_ANNOTATION.png,"[2,4]",29.96
regenerated_new/6/H/case-111178_JAY_ANNOTATION.png,"[7,8]",23.07
regenerated_new/7/H/case-111178_JAY_ANNOTATION.png,"[12,14]",30.73
regenerated_new/8/H/case-111178_JAY_ANNOTATION.png,"[14,12]",34.08
regenerated_new/9/H/case-111178_JAY_ANNOTATION.png,"[10,14]",31.87
regenerated_new/12/H/case-111178_JAY_ANNOTATION.png,"[14,12]",26.97
regenerated_new/13/H/case-111178_JAY_ANNOTATION.png,"[10,13]",33.02
regenerated_new/14/H/case-111178_JAY_ANNOTATION.png,"[13,14]",31.61
regenerated_new/3/H/case-111246_JAY_ANNOTATION.png,"[2,4]",36.6
regenerated_new/4/H/case-111246_JAY_ANNOTATION.png,"[14,13]",39.98
regenerated_new/5/H/case-111246_JAY_ANNOTATION.png,"[2,4]",41.84
regenerated_new/6/H/case-111246_JAY_ANNOTATION.png,"[2,3]",33.49
regenerated_new/7/H/case-111246_JAY_ANNOTATION.png,"[10,14]",34.19
regenerated_new/8/H/case-111246_JAY_ANNOTATION.png,"[14,12]",35.37
regenerated_new/9/H/case-111246_JAY_ANNOTATION.png,"[12,14]",32.36
regenerated_new/13/H/case-111246_JAY_ANNOTATION.png,"[2,3]",33.6
regenerated_new/14/H/case-111246_JAY_ANNOTATION.png,"[2,11]",28.19
regenerated_new/4/H/case-111273_JAY_ANNOTATION.png,"[3,5]",30.84
regenerated_new/5/H/case-111273_JAY_ANNOTATION.png,"[2,3]",33.62
regenerated_new/6/H/case-111273_JAY_ANNOTATION.png,"[2,3]",29.34
regenerated_new/7/H/case-111273_JAY_ANNOTATION.png,"[12,14]",29.91
regenerated_new/8/H/case-111273_JAY_ANNOTATION.png,"[14,12]",31.31
regenerated_new/9/H/case-111273_JAY_ANNOTATION.png,"[10,14]",26.15
regenerated_new/12/H/case-111273_JAY_ANNOTATION.png,"[10,14]",43.09
regenerated_new/13/H/case-111273_JAY_ANNOTATION.png,"[10,14]",32.49
regenerated_new/14/H/case-111273_JAY_ANNOTATION.png,"[10,14]",29.69
regenerated_new/4/H/case-111359_JAY_ANNOTATION.png,"[15,15]",32.43
regenerated_new/5/H/case-111359_JAY_ANNOTATION.png,"[13,14]",32.91
regenerated_new/6/H/case-111359_JAY_ANNOTATION.png,"[12,14]",27.27
regenerated_new/7/H/case-111359_JAY_ANNOTATION.png,"[2,3]",29.2
regenerated_new/8/H/case-111359_JAY_ANNOTATION.png,"[2,12]",36.04
regenerated_new/9/H/case-111359_JAY_ANNOTATION.png,"[14,10]",31.89
regenerated_new/13/H/case-111359_JAY_ANNOTATION.png,"[10,2]",35.19
regenerated_new/14/H/case-111359_JAY_ANNOTATION.png,"[12,13]",34.27
regenerated_new/4/H/case-111405_JAY_ANNOTATION.png,"[13,2]",36.89
regenerated_new/5/H/case-111405_JAY_ANNOTATION.png,"[2,12]",36.84
regenerated_new/6/H/case-111405_JAY_ANNOTATION.png,"[12,13]",37.0
regenerated_new/8/H/case-111405_JAY_ANNOTATION.png,"[12,10]",34.66
regenerated_new/9/H/case-111405_JAY_ANNOTATION.png,"[14,13]",30.83
regenerated_new/10/H/case-111405_JAY_ANNOTATION.png,"[10,14]",29.92
regenerated_new/13/H/case-111405_JAY_ANNOTATION.png,"[14,12]",32.39
regenerated_new/14/H/case-111405_JAY_ANNOTATION.png,"[10,14]",34.25
regenerated_new/3/H/case-111446_JAY_ANNOTATION.png,"[2,6]",33.62
regenerated_new/4/H/case-111446_JAY_ANNOTATION.png,"[12,14]",30.59
regenerated_new/5/H/case-111446_JAY_ANNOTATION.png,"[2,3]",27.79
regenerated_new/7/H/case-111446_JAY_ANNOTATION.png,"[2,8]",30.45
regenerated_new/8/H/case-111446_JAY_ANNOTATION.png,"[14,11]",26.77
regenerated_new/9/H/case-111446_JAY_ANNOTATION.png,"[12,14]",30.07
regenerated_new/12/H/case-111446_JAY_ANNOTATION.png,"[13,14]",34.68
regenerated_new/13/H/case-111446_JAY_ANNOTATION.png,"[14,12]",34.86
regenerated_new/14/H/case-111446_JAY_ANNOTATION.png,"[10,14]",31.43
regenerated_new/3/H/case-111546_JAY_ANNOTATION.png,"[2,3]",37.67
regenerated_new/4/H/case-111546_JAY_ANNOTATION.png,"[2,3]",31.35
regenerated_new/5/H/case-111546_JAY_ANNOTATION.png,"[2,4]",29.84
regenerated_new/7/H/case-111546_JAY_ANNOTATION.png,"[2,14]",34.01
regenerated_new/8/H/case-111546_JAY_ANNOTATION.png,"[10,14]",26.25
regenerated_new/9/H/case-111546_JAY_ANNOTATION.png,"[10,14]",37.0
regenerated_new/12/H/case-111546_JAY_ANNOTATION.png,"[10,14]",52.72
regenerated_new/13/H/case-111546_JAY_ANNOTATION.png,"[13,14]",29.66
regenerated_new/4/H/case-111573_JAY_ANNOTATION.png,"[2,3]",27.69
regenerated_new/5/H/case-111573_JAY_ANNOTATION.png,"[2,4]",32.75
regenerated_new/7/H/case-111573_JAY_ANNOTATION.png,"[2,4]",26.29
regenerated_new/8/H/case-111573_JAY_ANNOTATION.png,"[10,13]",32.67
regenerated_new/9/H/case-111573_JAY_ANNOTATION.png,"[2,10]",32.29
regenerated_new/14/H/case-111573_JAY_ANNOTATION.png,"[10,14]",33.54
regenerated_new/2/H/case-111685_JAY_ANNOTATION.png,"[2,3]",34.92
regenerated_new/4/H/case-111685_JAY_ANNOTATION.png,"[2,14]",37.62
regenerated_new/5/H/case-111685_JAY_ANNOTATION.png,"[13,14]",35.01
regenerated_new/6/H/case-111685_JAY_ANNOTATION.png,"[2,3]",29.51
regenerated_new/7/H/case-111685_JAY_ANNOTATION.png,"[14,12]",33.47
regenerated_new/8/H/case-111685_JAY_ANNOTATION.png,"[12,14]",33.81
regenerated_new/9/H/case-111685_JAY_ANNOTATION.png,"[2,4]",35.41
regenerated_new/13/H/case-111685_JAY_ANNOTATION.png,"[13,14]",34.64
regenerated_new/14/H/case-111685_JAY_ANNOTATION.png,"[10,14]",36.82
regenerated_new/4/H/case-111755_JAY_ANNOTATION.png,"[13,14]",32.64
regenerated_new/5/H/case-111755_JAY_ANNOTATION.png,"[14,11]",32.4
regenerated_new/7/H/case-111755_JAY_ANNOTATION.png,"[2,3]",28.72
regenerated_new/8/H/case-111755_JAY_ANNOTATION.png,"[11,12]",30.45
regenerated_new/9/H/case-111755_JAY_ANNOTATION.png,"[14,12]",31.38
regenerated_new/13/H/case-111755_JAY_ANNOTATION.png,"[10,14]",28.4
regenerated_new/14/H/case-111755_JAY_ANNOTATION.png,"[10,14]",30.97
regenerated_new/4/H/case-111791_JAY_ANNOTATION.png,"[12,4]",39.54
regenerated_new/5/H/case-111791_JAY_ANNOTATION.png,"[10,4]",35.82
regenerated_new/7/H/case-111791_JAY_ANNOTATION.png,"[2,4]",25.36
regenerated_new/8/H/case-111791_JAY_ANNOTATION.png,"[10,14]",41.11
regenerated_new/9/H/case-111791_JAY_ANNOTATION.png,"[11,13]",36.09
regenerated_new/13/H/case-111791_JAY_ANNOTATION.png,"[13,14]",32.92
regenerated_new/14/H/case-111791_JAY_ANNOTATION.png,"[10,14]",33.28
regenerated_new/4/H/case-111819_JAY_ANNOTATION.png,"[2,12]",34.4
regenerated_new/5/H/case-111819_JAY_ANNOTATION.png,"[2,3]",35.33
regenerated_new/6/H/case-111819_JAY_ANNOTATION.png,"[12,14]",32.72
regenerated_new/7/H/case-111819_JAY_ANNOTATION.png,"[10,14]",36.4
regenerated_new/8/H/case-111819_JAY_ANNOTATION.png,"[2,12]",36.62
regenerated_new/9/H/case-111819_JAY_ANNOTATION.png,"[11,13]",32.83
regenerated_new/12/H/case-111819_JAY_ANNOTATION.png,"[2,12]",29.49
regenerated_new/13/H/case-111819_JAY_ANNOTATION.png,"[2,3]",33.14
regenerated_new/14/H/case-111819_JAY_ANNOTATION.png,"[12,14]",34.46
regenerated_new/4/H/case-111830_JAY_ANNOTATION.png,"[10,14]",30.71
regenerated_new/5/H/case-111830_JAY_ANNOTATION.png,"[2,10]",31.73
regenerated_new/6/H/case-111830_JAY_ANNOTATION.png,"[14,2]",30.01
regenerated_new/7/H/case-111830_JAY_ANNOTATION.png,"[10,14]",30.23
regenerated_new/8/H/case-111830_JAY_ANNOTATION.png,"[2,3]",36.66
regenerated_new/9/H/case-111830_JAY_ANNOTATION.png,"[13,14]",35.5
regenerated_new/13/H/case-111830_JAY_ANNOTATION.png,"[12,14]",35.6
regenerated_new/14/H/case-111830_JAY_ANNOTATION.png,"[12,13]",27.48
regenerated_new/4/H/case-111863_JAY_ANNOTATION.png,"[4,2]",33.54
regenerated_new/5/H/case-111863_JAY_ANNOTATION.png,"[2,13]",36.42
regenerated_new/6/H/case-111863_JAY_ANNOTATION.png,"[2,3]",31.85
regenerated_new/7/H/case-111863_JAY_ANNOTATION.png,"[3,13]",33.55
regenerated_new/8/H/case-111863_JAY_ANNOTATION.png,"[10,14]",27.84
regenerated_new/9/H/case-111863_JAY_ANNOTATION.png,"[12,13]",31.6
regenerated_new/12/H/case-111863_JAY_ANNOTATION.png,"[3,12]",29.59
regenerated_new/13/H/case-111863_JAY_ANNOTATION.png,"[2,4]",33.01
regenerated_new/14/H/case-111863_JAY_ANNOTATION.png,"[12,10]",35.01
regenerated_new/4/H/case-111923_JAY_ANNOTATION.png,"[2,13]",37.51
regenerated_new/5/H/case-111923_JAY_ANNOTATION.png,"[15,15]",32.61
regenerated_new/6/H/case-111923_JAY_ANNOTATION.png,"[2,6]",27.64
regenerated_new/7/H/case-111923_JAY_ANNOTATION.png,"[2,10]",23.68
regenerated_new/8/H/case-111923_JAY_ANNOTATION.png,"[14,12]",30.1
regenerated_new/9/H/case-111923_JAY_ANNOTATION.png,"[10,12]",31.55
regenerated_new/13/H/case-111923_JAY_ANNOTATION.png,"[11,12]",30.09
regenerated_new/14/H/case-111923_JAY_ANNOTATION.png,"[10,14]",27.18
regenerated_new/3/H/case-112038_JAY_ANNOTATION.png,"[2,3]",34.08
regenerated_new/4/H/case-112038_JAY_ANNOTATION.png,"[14,12]",29.44
regenerated_new/5/H/case-112038_JAY_ANNOTATION.png,"[10,14]",36.02
regenerated_new/6/H/case-112038_JAY_ANNOTATION.png,"[10,14]",35.86
regenerated_new/7/H/case-112038_JAY_ANNOTATION.png,"[2,12]",29.21
regenerated_new/8/H/case-112038_JAY_ANNOTATION.png,"[11,14]",28.9
regenerated_new/9/H/case-112038_JAY_ANNOTATION.png,"[10,14]",37.33
regenerated_new/13/H/case-112038_JAY_ANNOTATION.png,"[2,12]",35.32
regenerated_new/14/H/case-112038_JAY_ANNOTATION.png,"[12,13]",39.3
regenerated_new/4/H/case-112071_JAY_ANNOTATION.png,"[12,13]",40.54
regenerated_new/5/H/case-112071_JAY_ANNOTATION.png,"[12,13]",35.01
regenerated_new/6/H/case-112071_JAY_ANNOTATION.png,"[2,3]",33.0
regenerated_new/7/H/case-112071_JAY_ANNOTATION.png,"[2,10]",36.88
regenerated_new/8/H/case-112071_JAY_ANNOTATION.png,"[11,12]",28.25
regenerated_new/9/H/case-112071_JAY_ANNOTATION.png,"[14,12]",32.09
regenerated_new/12/H/case-112071_JAY_ANNOTATION.png,"[11,14]",32.68
regenerated_new/13/H/case-112071_JAY_ANNOTATION.png,"[10,13]",34.32
regenerated_new/14/H/case-112071_JAY_ANNOTATION.png,"[13,14]",29.12
regenerated_new/4/H/case-112086_JAY_ANNOTATION.png,"[12,13]",33.93
regenerated_new/5/H/case-112086_JAY_ANNOTATION.png,"[4,5]",35.58
regenerated_new/6/H/case-112086_JAY_ANNOTATION.png,"[14,3]",31.3
regenerated_new/7/H/case-112086_JAY_ANNOTATION.png,"[3,10]",24.59
regenerated_new/8/H/case-112086_JAY_ANNOTATION.png,"[14,12]",26.92
regenerated_new/9/H/case-112086_JAY_ANNOTATION.png,"[13,14]",30.03
regenerated_new/12/H/case-112086_JAY_ANNOTATION.png,"[2,13]",32.15
regenerated_new/13/H/case-112086_JAY_ANNOTATION.png,"[12,14]",39.67
regenerated_new/14/H/case-112086_JAY_ANNOTATION.png,"[10,12]",32.23
regenerated_new/4/H/case-112092_JAY_ANNOTATION.png,"[10,12]",31.42
regenerated_new/5/H/case-112092_JAY_ANNOTATION.png,"[2,4]",28.32
regenerated_new/7/H/case-112092_JAY_ANNOTATION.png,"[2,4]",31.29
regenerated_new/9/H/case-112092_JAY_ANNOTATION.png,"[12,13]",32.52
regenerated_new/13/H/case-112092_JAY_ANNOTATION.png,"[3,13]",26.96
regenerated_new/14/H/case-112092_JAY_ANNOTATION.png,"[13,14]",31.54
regenerated_new/4/H/case-112132_JAY_ANNOTATION.png,"[2,3]",35.0
regenerated_new/5/H/case-112132_JAY_ANNOTATION.png,"[12,2]",28.52
regenerated_new/6/H/case-112132_JAY_ANNOTATION.png,"[2,3]",28.3
regenerated_new/8/H/case-112132_JAY_ANNOTATION.png,"[13,14]",33.19
regenerated_new/9/H/case-112132_JAY_ANNOTATION.png,"[14,12]",30.04
regenerated_new/13/H/case-112132_JAY_ANNOTATION.png,"[12,14]",30.42
regenerated_new/14/H/case-112132_JAY_ANNOTATION.png,"[10,14]",28.49
regenerated_new/4/H/case-112180_JAY_ANNOTATION.png,"[2,12]",32.87
regenerated_new/5/H/case-112180_JAY_ANNOTATION.png,"[2,10]",34.75
regenerated_new/6/H/case-112180_JAY_ANNOTATION.png,"[2,10]",41.18
regenerated_new/7/H/case-112180_JAY_ANNOTATION.png,"[3,12]",39.44
regenerated_new/8/H/case-112180_JAY_ANNOTATION.png,"[10,11]",28.13
regenerated_new/9/H/case-112180_JAY_ANNOTATION.png,"[10,13]",32.5
regenerated_new/13/H/case-112180_JAY_ANNOTATION.png,"[12,13]",33.65
regenerated_new/14/H/case-112180_JAY_ANNOTATION.png,"[13,14]",31.57
regenerated_new/2/H/case-112208_JAY_ANNOTATION.png,"[2,4]",33.08
regenerated_new/4/H/case-112208_JAY_ANNOTATION.png,"[2,12]",30.84
regenerated_new/5/H/case-112208_JAY_ANNOTATION.png,"[13,5]",33.08
regenerated_new/6/H/case-112208_JAY_ANNOTATION.png,"[12,14]",45.01
regenerated_new/7/H/case-112208_JAY_ANNOTATION.png,"[2,6]",26.17
regenerated_new/8/H/case-112208_JAY_ANNOTATION.png,"[12,13]",34.01
regenerated_new/9/H/case-112208_JAY_ANNOTATION.png,"[12,13]",37.64
regenerated_new/13/H/case-112208_JAY_ANNOTATION.png,"[14,12]",36.72
regenerated_new/14/H/case-112208_JAY_ANNOTATION.png,"[14,12]",29.84
regenerated_new/4/H/case-112234_JAY_ANNOTATION.png,"[2,3]",33.71
regenerated_new/5/H/case-112234_JAY_ANNOTATION.png,"[2,4]",37.39
regenerated_new/6/H/case-112234_JAY_ANNOTATION.png,"[14,13]",31.73
regenerated_new/7/H/case-112234_JAY_ANNOTATION.png,"[2,3]",29.57
regenerated_new/8/H/case-112234_JAY_ANNOTATION.png,"[10,14]",28.35
regenerated_new/9/H/case-112234_JAY_ANNOTATION.png,"[2,3]",38.22
regenerated_new/14/H/case-112234_JAY_ANNOTATION.png,"[2,3]",30.17
regenerated_new/3/H/case-112249_JAY_ANNOTATION.png,"[2,14]",30.62
regenerated_new/4/H/case-112249_JAY_ANNOTATION.png,"[13,14]",36.73
regenerated_new/5/H/case-112249_JAY_ANNOTATION.png,"[12,13]",31.56
regenerated_new/6/H/case-112249_JAY_ANNOTATION.png,"[13,14]",28.88
regenerated_new/7/H/case-112249_JAY_ANNOTATION.png,"[2,3]",31.62
regenerated_new/8/H/case-112249_JAY_ANNOTATION.png,"[10,14]",35.6
regenerated_new/9/H/case-112249_JAY_ANNOTATION.png,"[2,11]",28.51
regenerated_new/12/H/case-112249_JAY_ANNOTATION.png,"[2,3]",30.64
regenerated_new/13/H/case-112249_JAY_ANNOTATION.png,"[12,14]",31.99
regenerated_new/14/H/case-112249_JAY_ANNOTATION.png,"[13,14]",33.08
regenerated_new/4/H/case-112292_JAY_ANNOTATION.png,"[13,10]",30.26
regenerated_new/5/H/case-112292_JAY_ANNOTATION.png,"[12,14]",35.62
regenerated_new/6/H/case-112292_JAY_ANNOTATION.png,"[10,13]",34.67
regenerated_new/8/H/case-112292_JAY_ANNOTATION.png,"[14,13]",35.54
regenerated_new/9/H/case-112292_JAY_ANNOTATION.png,"[13,14]",28.78
regenerated_new/13/H/case-112292_JAY_ANNOTATION.png,"[11,14]",31.37
regenerated_new/14/H/case-112292_JAY_ANNOTATION.png,"[10,14]",33.75
regenerated_new/4/H/case-112297_JAY_ANNOTATION.png,"[2,4]",31.95
regenerated_new/5/H/case-112297_JAY_ANNOTATION.png,"[2,12]",28.85
regenerated_new/7/H/case-112297_JAY_ANNOTATION.png,"[2,3]",33.98
regenerated_new/8/H/case-112297_JAY_ANNOTATION.png,"[14,13]",30.17
regenerated_new/9/H/case-112297_JAY_ANNOTATION.png,"[12,13]",33.41
regenerated_new/13/H/case-112297_JAY_ANNOTATION.png,"[13,14]",32.62
regenerated_new/14/H/case-112297_JAY_ANNOTATION.png,"[12,13]",33.6
regenerated_new/2/H/case-112348_JAY_ANNOTATION.png,"[3,5]",28.74
regenerated_new/4/H/case-112348_JAY_ANNOTATION.png,"[4,5]",35.35
regenerated_new/5/H/case-112348_JAY_ANNOTATION.png,"[2,12]",30.22
regenerated_new/6/H/case-112348_JAY_ANNOTATION.png,"[6,7]",28.97
regenerated_new/7/H/case-112348_JAY_ANNOTATION.png,"[2,3]",29.9
regenerated_new/8/H/case-112348_JAY_ANNOTATION.png,"[10,12]",30.05
regenerated_new/9/H/case-112348_JAY_ANNOTATION.png,"[14,11]",29.52
regenerated_new/12/H/case-112348_JAY_ANNOTATION.png,"[2,3]",33.23
regenerated_new/13/H/case-112348_JAY_ANNOTATION.png,"[2,3]",30.93
regenerated_new/14/H/case-112348_JAY_ANNOTATION.png,"[14,13]",32.33
regenerated_new/4/H/case-112364_JAY_ANNOTATION.png,"[2,3]",34.48
regenerated_new/5/H/case-112364_JAY_ANNOTATION.png,"[10,12]",31.56
regenerated_new/6/H/case-112364_JAY_ANNOTATION.png,"[2,3]",27.12
regenerated_new/7/H/case-112364_JAY_ANNOTATION.png,"[10,13]",32.76
regenerated_new/8/H/case-112364_JAY_ANNOTATION.png,"[12,14]",34.96
regenerated_new/9/H/case-112364_JAY_ANNOTATION.png,"[14,12]",35.79
regenerated_new/12/H/case-112364_JAY_ANNOTATION.png,"[13,14]",36.09
regenerated_new/14/H/case-112364_JAY_ANNOTATION.png,"[12,13]",30.24
regenerated_new/2/H/case-112387_JAY_ANNOTATION.png,"[14,2]",34.08
regenerated_new/4/H/case-112387_JAY_ANNOTATION.png,"[15,15]",35.07
regenerated_new/5/H/case-112387_JAY_ANNOTATION.png,"[12,14]",34.89
regenerated_new/6/H/case-112387_JAY_ANNOTATION.png,"[6,14]",30.88
regenerated_new/7/H/case-112387_JAY_ANNOTATION.png,"[10,14]",36.28
regenerated_new/8/H/case-112387_JAY_ANNOTATION.png,"[12,13]",32.06
regenerated_new/9/H/case-112387_JAY_ANNOTATION.png,"[13,14]",31.75
regenerated_new/13/H/case-112387_JAY_ANNOTATION.png,"[13,14]",37.49
regenerated_new/14/H/case-112387_JAY_ANNOTATION.png,"[2,3]",30.9
regenerated_new/4/H/case-112425_JAY_ANNOTATION.png,"[13,14]",32.81
regenerated_new/5/H/case-112425_JAY_ANNOTATION.png,"[2,10]",32.97
regenerated_new/6/H/case-112425_JAY_ANNOTATION.png,"[2,10]",32.64
regenerated_new/7/H/case-112425_JAY_ANNOTATION.png,"[2,4]",29.74
regenerated_new/8/H/case-112425_JAY_ANNOTATION.png,"[11,10]",30.96
regenerated_new/9/H/case-112425_JAY_ANNOTATION.png,"[14,12]",33.77
regenerated_new/13/H/case-112425_JAY_ANNOTATION.png,"[10,14]",44.61
regenerated_new/14/H/case-112425_JAY_ANNOTATION.png,"[14,12]",29.82
regenerated_new/4/H/case-112437_JAY_ANNOTATION.png,"[12,13]",30.2
regenerated_new/5/H/case-112437_JAY_ANNOTATION.png,"[12,14]",33.65
regenerated_new/6/H/case-112437_JAY_ANNOTATION.png,"[2,12]",35.73
regenerated_new/7/H/case-112437_JAY_ANNOTATION.png,"[6,2]",28.51
regenerated_new/8/H/case-112437_JAY_ANNOTATION.png,"[12,13]",30.69
regenerated_new/9/H/case-112437_JAY_ANNOTATION.png,"[14,11]",34.71
regenerated_new/12/H/case-112437_JAY_ANNOTATION.png,"[12,14]",32.12
regenerated_new/13/H/case-112437_JAY_ANNOTATION.png,"[11,13]",36.65
regenerated_new/14/H/case-112437_JAY_ANNOTATION.png,"[12,14]",32.48
regenerated_new/4/H/case-112453_JAY_ANNOTATION.png,"[12,14]",38.6
regenerated_new/5/H/case-112453_JAY_ANNOTATION.png,"[2,3]",33.8
regenerated_new/6/H/case-112453_JAY_ANNOTATION.png,"[2,3]",33.49
regenerated_new/7/H/case-112453_JAY_ANNOTATION.png,"[12,4]",31.04
regenerated_new/8/H/case-112453_JAY_ANNOTATION.png,"[2,3]",36.03
regenerated_new/9/H/case-112453_JAY_ANNOTATION.png,"[12,13]",32.43
regenerated_new/13/H/case-112453_JAY_ANNOTATION.png,"[14,10]",30.43
regenerated_new/14/H/case-112453_JAY_ANNOTATION.png,"[12,14]",29.65
regenerated_new/4/H/case-112536_JAY_ANNOTATION.png,"[2,11]",35.93
regenerated_new/5/H/case-112536_JAY_ANNOTATION.png,"[2,4]",37.02
regenerated_new/6/H/case-112536_JAY_ANNOTATION.png,"[10,14]",31.04
regenerated_new/7/H/case-112536_JAY_ANNOTATION.png,"[2,4]",23.76
regenerated_new/8/H/case-112536_JAY_ANNOTATION.png,"[15,15]",35.7
regenerated_new/9/H/case-112536_JAY_ANNOTATION.png,"[11,14]",33.56
regenerated_new/14/H/case-112536_JAY_ANNOTATION.png,"[2,3]",27.33
regenerated_new/4/H/case-112545_JAY_ANNOTATION.png,"[4,12]",37.43
regenerated_new/5/H/case-112545_JAY_ANNOTATION.png,"[2,12]",35.9
regenerated_new/6/H/case-112545_JAY_ANNOTATION.png,"[2,12]",33.32
regenerated_new/7/H/case-112545_JAY_ANNOTATION.png,"[2,3]",36.02
regenerated_new/8/H/case-112545_JAY_ANNOTATION.png,"[10,14]",24.04
regenerated_new/9/H/case-112545_JAY_ANNOTATION.png,"[13,14]",35.57
regenerated_new/14/H/case-112545_JAY_ANNOTATION.png,"[12,13]",30.43
regenerated_new/4/H/case-112559_JAY_ANNOTATION.png,"[2,4]",32.48
regenerated_new/5/H/case-112559_JAY_ANNOTATION.png,"[2,3]",30.37
regenerated_new/6/H/case-112559_JAY_ANNOTATION.png,"[12,13]",35.64
regenerated_new/7/H/case-112559_JAY_ANNOTATION.png,"[7,9]",25.98
regenerated_new/8/H/case-112559_JAY_ANNOTATION.png,"[14,13]",32.31
regenerated_new/9/H/case-112559_JAY_ANNOTATION.png,"[10,14]",32.07
regenerated_new/13/H/case-112559_JAY_ANNOTATION.png,"[12,14]",35.15
regenerated_new/14/H/case-112559_JAY_ANNOTATION.png,"[12,13]",35.26
