filename,output,inference_time_sec
regenerated_new/1/H/case-100114_JAY_ANNOTATION.png,"[1,10]",1.83
regenerated_new/3/H/case-100114_JAY_ANNOTATION.png,"[3,4]",0.85
regenerated_new/7/H/case-100114_JAY_ANNOTATION.png,"[7,8]",0.9
regenerated_new/11/H/case-100114_JAY_ANNOTATION.png,"[10,11]",1.15
regenerated_new/12/H/case-100114_JAY_ANNOTATION.png,"[11,12]",1.08
regenerated_new/1/H/case-100129_JAY_ANNOTATION.png,"[1,11]",0.96
regenerated_new/2/H/case-100129_JAY_ANNOTATION.png,"[2,4]",0.83
regenerated_new/3/H/case-100129_JAY_ANNOTATION.png,"[2,3]",0.83
regenerated_new/10/H/case-100129_JAY_ANNOTATION.png,"[10,11]",1.07
regenerated_new/11/H/case-100129_JAY_ANNOTATION.png,"[10,11]",1.07
regenerated_new/12/H/case-100129_JAY_ANNOTATION.png,"[11,12]",1.07
regenerated_new/13/H/case-100129_JAY_ANNOTATION.png,"[12,13]",1.07
regenerated_new/1/H/case-100164_JAY_ANNOTATION.png,"[1,11]",0.95
regenerated_new/2/H/case-100164_JAY_ANNOTATION.png,"[2,3]",0.83
regenerated_new/12/H/case-100164_JAY_ANNOTATION.png,"[12,13]",1.07
regenerated_new/1/H/case-100229_JAY_ANNOTATION.png,"[1,1]",0.83
regenerated_new/2/H/case-100229_JAY_ANNOTATION.png,"[2,4]",0.83
regenerated_new/10/H/case-100229_JAY_ANNOTATION.png,"[11,10]",1.07
regenerated_new/11/H/case-100229_JAY_ANNOTATION.png,"[11,10]",1.07
regenerated_new/12/H/case-100229_JAY_ANNOTATION.png,"[11,12]",1.07
regenerated_new/1/H/case-100245_JAY_ANNOTATION.png,"[1,11]",0.95
regenerated_new/10/H/case-100245_JAY_ANNOTATION.png,"[11,10]",1.07
regenerated_new/12/H/case-100245_JAY_ANNOTATION.png,"[12,13]",1.07
regenerated_new/13/H/case-100245_JAY_ANNOTATION.png,"[12,13]",1.07
regenerated_new/14/H/case-100245_JAY_ANNOTATION.png,"[13,14]",1.07
regenerated_new/1/H/case-100247_JAY_ANNOTATION.png,"[1,10]",0.95
regenerated_new/4/H/case-100247_JAY_ANNOTATION.png,"[3,4]",0.83
regenerated_new/11/H/case-100247_JAY_ANNOTATION.png,"[11,10]",1.07
regenerated_new/12/H/case-100247_JAY_ANNOTATION.png,"[11,12]",1.07
regenerated_new/1/H/case-100254_JAY_ANNOTATION.png,"[1,1]",0.83
regenerated_new/11/H/case-100254_JAY_ANNOTATION.png,"[11,12]",1.07
regenerated_new/12/H/case-100254_JAY_ANNOTATION.png,"[12,13]",1.07
regenerated_new/13/H/case-100254_JAY_ANNOTATION.png,"[12,13]",1.07
regenerated_new/1/H/case-100265_JAY_ANNOTATION.png,"[1,1]",0.83
regenerated_new/2/H/case-100265_JAY_ANNOTATION.png,"[2,3]",0.83
regenerated_new/3/H/case-100265_JAY_ANNOTATION.png,"[2,3]",0.83
regenerated_new/7/H/case-100265_JAY_ANNOTATION.png,"[6,7]",0.83
regenerated_new/10/H/case-100265_JAY_ANNOTATION.png,"[11,10]",1.06
regenerated_new/11/H/case-100265_JAY_ANNOTATION.png,"[10,11]",1.07
regenerated_new/14/H/case-100265_JAY_ANNOTATION.png,"[11,14]",1.06
regenerated_new/1/H/case-100304_JAY_ANNOTATION.png,"[1,10]",0.95
regenerated_new/3/H/case-100304_JAY_ANNOTATION.png,"[2,3]",0.83
regenerated_new/10/H/case-100304_JAY_ANNOTATION.png,"[10,11]",1.06
regenerated_new/11/H/case-100304_JAY_ANNOTATION.png,"[11,12]",1.07
regenerated_new/13/H/case-100304_JAY_ANNOTATION.png,"[12,13]",1.07
regenerated_new/1/H/case-100308_JAY_ANNOTATION.png,"[1,11]",0.95
regenerated_new/10/H/case-100308_JAY_ANNOTATION.png,"[10,11]",1.07
regenerated_new/11/H/case-100308_JAY_ANNOTATION.png,"[11,12]",1.07
regenerated_new/1/H/case-100359_JAY_ANNOTATION.png,"[1,1]",0.83
regenerated_new/2/H/case-100359_JAY_ANNOTATION.png,"[2,4]",0.83
regenerated_new/3/H/case-100359_JAY_ANNOTATION.png,"[2,3]",0.83
regenerated_new/7/H/case-100359_JAY_ANNOTATION.png,"[7,9]",0.83
regenerated_new/10/H/case-100359_JAY_ANNOTATION.png,"[10,11]",1.06
regenerated_new/11/H/case-100359_JAY_ANNOTATION.png,"[11,10]",1.07
regenerated_new/12/H/case-100359_JAY_ANNOTATION.png,"[11,12]",1.07
regenerated_new/1/H/case-100366_JAY_ANNOTATION.png,"[1,10]",0.95
regenerated_new/12/H/case-100366_JAY_ANNOTATION.png,"[11,12]",1.07
regenerated_new/1/H/case-100369_JAY_ANNOTATION.png,"[1,2]",0.83
regenerated_new/10/H/case-100369_JAY_ANNOTATION.png,"[10,11]",1.07
regenerated_new/11/H/case-100369_JAY_ANNOTATION.png,"[10,11]",1.07
regenerated_new/1/H/case-100371_JAY_ANNOTATION.png,"[1,10]",0.95
regenerated_new/3/H/case-100371_JAY_ANNOTATION.png,"[3,5]",0.83
regenerated_new/4/H/case-100371_JAY_ANNOTATION.png,"[4,5]",0.83
regenerated_new/5/H/case-100371_JAY_ANNOTATION.png,"[4,5]",0.83
regenerated_new/6/H/case-100371_JAY_ANNOTATION.png,[],0.36
regenerated_new/10/H/case-100371_JAY_ANNOTATION.png,"[10,14]",1.07
regenerated_new/11/H/case-100371_JAY_ANNOTATION.png,"[10,11]",1.06
regenerated_new/12/H/case-100371_JAY_ANNOTATION.png,"[11,12]",1.07
regenerated_new/1/H/case-100515_JAY_ANNOTATION.png,"[1,11]",0.95
regenerated_new/2/H/case-100515_JAY_ANNOTATION.png,"[2,3]",0.83
regenerated_new/10/H/case-100515_JAY_ANNOTATION.png,"[10,11]",1.07
regenerated_new/11/H/case-100515_JAY_ANNOTATION.png,"[1,11]",0.95
regenerated_new/12/H/case-100515_JAY_ANNOTATION.png,"[11,12]",1.07
regenerated_new/14/H/case-100515_JAY_ANNOTATION.png,"[14,12]",1.07
regenerated_new/1/H/case-100518_JAY_ANNOTATION.png,"[1,10]",0.95
regenerated_new/6/H/case-100518_JAY_ANNOTATION.png,"[6,7]",0.83
regenerated_new/10/H/case-100518_JAY_ANNOTATION.png,"[11,10]",1.06
regenerated_new/11/H/case-100518_JAY_ANNOTATION.png,"[11,12]",1.07
regenerated_new/1/H/case-100541_JAY_ANNOTATION.png,"[1,10]",0.95
regenerated_new/2/H/case-100541_JAY_ANNOTATION.png,"[2,3]",0.83
regenerated_new/10/H/case-100541_JAY_ANNOTATION.png,"[11,10]",1.07
regenerated_new/11/H/case-100541_JAY_ANNOTATION.png,"[11,13]",1.07
regenerated_new/12/H/case-100541_JAY_ANNOTATION.png,"[11,12]",1.07
regenerated_new/1/H/case-100585_JAY_ANNOTATION.png,"[1,10]",0.95
regenerated_new/3/H/case-100585_JAY_ANNOTATION.png,"[2,3]",0.83
regenerated_new/6/H/case-100585_JAY_ANNOTATION.png,"[6,7]",0.83
regenerated_new/10/H/case-100585_JAY_ANNOTATION.png,"[11,10]",1.07
regenerated_new/12/H/case-100585_JAY_ANNOTATION.png,"[11,12]",1.07
regenerated_new/13/H/case-100585_JAY_ANNOTATION.png,"[12,13]",1.07
regenerated_new/1/H/case-100591_JAY_ANNOTATION.png,"[1,10]",0.95
regenerated_new/2/H/case-100591_JAY_ANNOTATION.png,"[2,4]",0.83
regenerated_new/3/H/case-100591_JAY_ANNOTATION.png,"[2,3]",0.83
regenerated_new/10/H/case-100591_JAY_ANNOTATION.png,"[11,10]",1.07
regenerated_new/11/H/case-100591_JAY_ANNOTATION.png,"[11,12]",1.07
regenerated_new/1/H/case-100702_JAY_ANNOTATION.png,"[1,1]",0.83
regenerated_new/2/H/case-100702_JAY_ANNOTATION.png,"[2,3]",0.83
regenerated_new/10/H/case-100702_JAY_ANNOTATION.png,"[10,11]",1.07
regenerated_new/11/H/case-100702_JAY_ANNOTATION.png,"[11,12]",1.07
regenerated_new/1/H/case-100770_JAY_ANNOTATION.png,"[1,4]",0.83
regenerated_new/3/H/case-100770_JAY_ANNOTATION.png,"[3,12]",0.95
regenerated_new/11/H/case-100770_JAY_ANNOTATION.png,"[10,11]",1.07
regenerated_new/13/H/case-100770_JAY_ANNOTATION.png,"[12,13]",1.07
regenerated_new/1/H/case-100779_JAY_ANNOTATION.png,"[1,11]",0.95
regenerated_new/2/H/case-100779_JAY_ANNOTATION.png,"[2,4]",0.83
regenerated_new/11/H/case-100779_JAY_ANNOTATION.png,"[11,12]",1.07
regenerated_new/12/H/case-100779_JAY_ANNOTATION.png,"[11,12]",1.07
regenerated_new/13/H/case-100779_JAY_ANNOTATION.png,"[13,14]",1.07
regenerated_new/1/H/case-100863_JAY_ANNOTATION.png,"[1,2]",0.83
regenerated_new/3/H/case-100863_JAY_ANNOTATION.png,"[3,5]",0.83
regenerated_new/11/H/case-100863_JAY_ANNOTATION.png,"[10,11]",1.07
regenerated_new/12/H/case-100863_JAY_ANNOTATION.png,"[11,12]",1.07
regenerated_new/1/H/case-100915_JAY_ANNOTATION.png,"[1,1]",0.83
regenerated_new/3/H/case-100915_JAY_ANNOTATION.png,"[3,14]",0.95
regenerated_new/10/H/case-100915_JAY_ANNOTATION.png,"[10,11]",1.07
regenerated_new/11/H/case-100915_JAY_ANNOTATION.png,"[10,11]",1.07
regenerated_new/12/H/case-100915_JAY_ANNOTATION.png,"[11,12]",1.06
regenerated_new/1/H/case-100917_JAY_ANNOTATION.png,"[1,1]",0.83
regenerated_new/3/H/case-100917_JAY_ANNOTATION.png,"[2,3]",0.83
regenerated_new/11/H/case-100917_JAY_ANNOTATION.png,"[10,11]",1.07
regenerated_new/1/H/case-101045_JAY_ANNOTATION.png,"[1,11]",0.95
regenerated_new/2/H/case-101045_JAY_ANNOTATION.png,"[2,4]",0.83
regenerated_new/3/H/case-101045_JAY_ANNOTATION.png,"[3,5]",0.84
regenerated_new/10/H/case-101045_JAY_ANNOTATION.png,"[10,11]",1.07
regenerated_new/11/H/case-101045_JAY_ANNOTATION.png,"[11,10]",1.07
regenerated_new/12/H/case-101045_JAY_ANNOTATION.png,"[11,12]",1.07
regenerated_new/1/H/case-101074_JAY_ANNOTATION.png,"[1,2]",0.83
regenerated_new/2/H/case-101074_JAY_ANNOTATION.png,"[1,2]",0.83
regenerated_new/12/H/case-101074_JAY_ANNOTATION.png,"[11,12]",1.07
regenerated_new/1/H/case-101133_JAY_ANNOTATION.png,"[1,11]",0.95
regenerated_new/3/H/case-101133_JAY_ANNOTATION.png,"[3,4]",0.83
regenerated_new/11/H/case-101133_JAY_ANNOTATION.png,"[11,12]",1.07
regenerated_new/1/H/case-101195_JAY_ANNOTATION.png,"[1,11]",0.95
regenerated_new/2/H/case-101195_JAY_ANNOTATION.png,"[2,3]",0.83
regenerated_new/6/H/case-101195_JAY_ANNOTATION.png,"[6,7]",0.83
regenerated_new/10/H/case-101195_JAY_ANNOTATION.png,"[10,11]",1.07
regenerated_new/11/H/case-101195_JAY_ANNOTATION.png,"[10,11]",1.07
regenerated_new/13/H/case-101195_JAY_ANNOTATION.png,"[12,13]",1.07
regenerated_new/1/H/case-101206_JAY_ANNOTATION.png,"[1,1]",0.83
regenerated_new/3/H/case-101206_JAY_ANNOTATION.png,"[2,3]",0.83
regenerated_new/4/H/case-101206_JAY_ANNOTATION.png,"[2,4]",0.83
regenerated_new/5/H/case-101206_JAY_ANNOTATION.png,"[3,5]",0.83
regenerated_new/11/H/case-101206_JAY_ANNOTATION.png,"[11,12]",1.07
regenerated_new/1/H/case-101362_JAY_ANNOTATION.png,"[1,2]",0.83
regenerated_new/7/H/case-101362_JAY_ANNOTATION.png,"[14,7]",0.95
regenerated_new/11/H/case-101362_JAY_ANNOTATION.png,"[10,11]",1.07
regenerated_new/1/H/case-101367_JAY_ANNOTATION.png,"[1,11]",0.95
regenerated_new/3/H/case-101367_JAY_ANNOTATION.png,"[2,3]",0.83
regenerated_new/11/H/case-101367_JAY_ANNOTATION.png,"[1,11]",0.95
regenerated_new/12/H/case-101367_JAY_ANNOTATION.png,"[11,12]",1.07
regenerated_new/1/H/case-101409_JAY_ANNOTATION.png,"[1,11]",0.95
regenerated_new/7/H/case-101409_JAY_ANNOTATION.png,"[6,7]",0.83
regenerated_new/10/H/case-101409_JAY_ANNOTATION.png,"[10,11]",1.07
regenerated_new/11/H/case-101409_JAY_ANNOTATION.png,"[11,12]",1.07
regenerated_new/12/H/case-101409_JAY_ANNOTATION.png,"[11,12]",1.07
regenerated_new/1/H/case-101413_JAY_ANNOTATION.png,"[1,10]",0.95
regenerated_new/2/H/case-101413_JAY_ANNOTATION.png,"[2,3]",0.83
regenerated_new/7/H/case-101413_JAY_ANNOTATION.png,"[6,7]",0.83
regenerated_new/10/H/case-101413_JAY_ANNOTATION.png,"[1,10]",0.95
regenerated_new/11/H/case-101413_JAY_ANNOTATION.png,"[10,11]",1.07
regenerated_new/12/H/case-101413_JAY_ANNOTATION.png,"[13,12]",1.07
regenerated_new/1/H/case-101447_JAY_ANNOTATION.png,"[1,11]",0.95
regenerated_new/3/H/case-101447_JAY_ANNOTATION.png,"[3,7]",0.83
regenerated_new/10/H/case-101447_JAY_ANNOTATION.png,"[11,10]",1.07
regenerated_new/11/H/case-101447_JAY_ANNOTATION.png,"[11,12]",1.07
regenerated_new/12/H/case-101447_JAY_ANNOTATION.png,"[12,13]",1.06
regenerated_new/1/H/case-101510_JAY_ANNOTATION.png,"[1,11]",0.95
regenerated_new/3/H/case-101510_JAY_ANNOTATION.png,"[3,5]",0.83
regenerated_new/11/H/case-101510_JAY_ANNOTATION.png,"[10,11]",1.07
regenerated_new/14/H/case-101510_JAY_ANNOTATION.png,"[14,13]",1.07
regenerated_new/1/H/case-101540_JAY_ANNOTATION.png,"[1,11]",0.95
regenerated_new/11/H/case-101540_JAY_ANNOTATION.png,"[11,12]",1.07
regenerated_new/1/H/case-101581_JAY_ANNOTATION.png,"[1,10]",0.95
regenerated_new/3/H/case-101581_JAY_ANNOTATION.png,"[1,3]",0.83
regenerated_new/13/H/case-101581_JAY_ANNOTATION.png,"[11,13]",1.07
regenerated_new/1/H/case-101599_JAY_ANNOTATION.png,"[1,11]",0.95
regenerated_new/2/H/case-101599_JAY_ANNOTATION.png,"[2,4]",0.83
regenerated_new/3/H/case-101599_JAY_ANNOTATION.png,"[3,5]",0.84
regenerated_new/4/H/case-101599_JAY_ANNOTATION.png,"[4,5]",0.84
regenerated_new/10/H/case-101599_JAY_ANNOTATION.png,"[10,11]",1.07
regenerated_new/11/H/case-101599_JAY_ANNOTATION.png,"[10,11]",1.07
regenerated_new/12/H/case-101599_JAY_ANNOTATION.png,"[11,12]",1.07
regenerated_new/1/H/case-101625_JAY_ANNOTATION.png,"[1,10]",0.95
regenerated_new/2/H/case-101625_JAY_ANNOTATION.png,"[1,2]",0.84
regenerated_new/11/H/case-101625_JAY_ANNOTATION.png,"[11,12]",1.07
regenerated_new/12/H/case-101625_JAY_ANNOTATION.png,"[12,13]",1.07
regenerated_new/1/H/case-101641_JAY_ANNOTATION.png,"[1,10]",0.95
regenerated_new/9/H/case-101641_JAY_ANNOTATION.png,"[8,9]",0.83
regenerated_new/11/H/case-101641_JAY_ANNOTATION.png,"[11,10]",1.07
regenerated_new/1/H/case-101857_JAY_ANNOTATION.png,"[1,11]",0.95
regenerated_new/11/H/case-101857_JAY_ANNOTATION.png,"[11,10]",1.07
regenerated_new/12/H/case-101857_JAY_ANNOTATION.png,"[11,12]",1.07
regenerated_new/1/H/case-101860_JAY_ANNOTATION.png,"[1,11]",0.95
regenerated_new/7/H/case-101860_JAY_ANNOTATION.png,"[6,7]",0.84
regenerated_new/11/H/case-101860_JAY_ANNOTATION.png,"[10,11]",1.07
regenerated_new/14/H/case-101860_JAY_ANNOTATION.png,"[14,12]",1.07
regenerated_new/1/H/case-101885_JAY_ANNOTATION.png,"[1,10]",0.95
regenerated_new/2/H/case-101885_JAY_ANNOTATION.png,"[2,3]",0.83
regenerated_new/3/H/case-101885_JAY_ANNOTATION.png,"[2,3]",0.83
regenerated_new/10/H/case-101885_JAY_ANNOTATION.png,"[11,10]",1.07
regenerated_new/12/H/case-101885_JAY_ANNOTATION.png,"[11,12]",1.07
regenerated_new/1/H/case-101937_JAY_ANNOTATION.png,"[1,11]",0.95
regenerated_new/12/H/case-101937_JAY_ANNOTATION.png,"[11,12]",1.07
regenerated_new/1/H/case-101940_JAY_ANNOTATION.png,"[1,1]",0.83
regenerated_new/2/H/case-101940_JAY_ANNOTATION.png,"[2,4]",0.83
regenerated_new/3/H/case-101940_JAY_ANNOTATION.png,"[3,5]",0.83
regenerated_new/7/H/case-101940_JAY_ANNOTATION.png,"[6,7]",0.83
regenerated_new/10/H/case-101940_JAY_ANNOTATION.png,"[10,11]",1.07
regenerated_new/11/H/case-101940_JAY_ANNOTATION.png,"[11,14]",1.07
regenerated_new/12/H/case-101940_JAY_ANNOTATION.png,"[11,12]",1.07
regenerated_new/13/H/case-101940_JAY_ANNOTATION.png,"[12,13]",1.07
regenerated_new/1/H/case-101982_JAY_ANNOTATION.png,"[1,11]",0.95
regenerated_new/2/H/case-101982_JAY_ANNOTATION.png,"[2,3]",0.83
regenerated_new/11/H/case-101982_JAY_ANNOTATION.png,"[11,10]",1.07
regenerated_new/12/H/case-101982_JAY_ANNOTATION.png,"[11,12]",1.07
regenerated_new/1/H/case-102010_JAY_ANNOTATION.png,"[1,10]",0.95
regenerated_new/3/H/case-102010_JAY_ANNOTATION.png,"[3,5]",0.83
regenerated_new/7/H/case-102010_JAY_ANNOTATION.png,"[6,7]",0.84
regenerated_new/11/H/case-102010_JAY_ANNOTATION.png,"[11,12]",1.07
regenerated_new/1/H/case-102041_JAY_ANNOTATION.png,"[1,11]",0.95
regenerated_new/10/H/case-102041_JAY_ANNOTATION.png,"[10,11]",1.07
regenerated_new/11/H/case-102041_JAY_ANNOTATION.png,"[11,10]",1.06
regenerated_new/12/H/case-102041_JAY_ANNOTATION.png,"[11,12]",1.06
regenerated_new/1/H/case-102093_JAY_ANNOTATION.png,"[1,14]",0.96
regenerated_new/2/H/case-102093_JAY_ANNOTATION.png,"[2,4]",0.84
regenerated_new/10/H/case-102093_JAY_ANNOTATION.png,"[10,11]",1.07
regenerated_new/11/H/case-102093_JAY_ANNOTATION.png,"[11,12]",1.07
regenerated_new/1/H/case-102157_JAY_ANNOTATION.png,"[1,1]",0.84
regenerated_new/3/H/case-102157_JAY_ANNOTATION.png,"[2,3]",0.84
regenerated_new/11/H/case-102157_JAY_ANNOTATION.png,"[11,12]",1.07
regenerated_new/1/H/case-102183_JAY_ANNOTATION.png,"[1,11]",0.95
regenerated_new/2/H/case-102183_JAY_ANNOTATION.png,"[2,5]",0.83
regenerated_new/7/H/case-102183_JAY_ANNOTATION.png,"[6,7]",0.84
regenerated_new/11/H/case-102183_JAY_ANNOTATION.png,"[10,11]",1.07
regenerated_new/12/H/case-102183_JAY_ANNOTATION.png,"[11,12]",1.07
regenerated_new/1/H/case-102224_JAY_ANNOTATION.png,"[1,11]",0.95
regenerated_new/3/H/case-102224_JAY_ANNOTATION.png,"[3,5]",0.84
regenerated_new/7/H/case-102224_JAY_ANNOTATION.png,"[6,7]",0.83
regenerated_new/11/H/case-102224_JAY_ANNOTATION.png,"[11,10]",1.07
regenerated_new/13/H/case-102224_JAY_ANNOTATION.png,"[12,13]",1.07
regenerated_new/1/H/case-102308_JAY_ANNOTATION.png,"[1,2]",0.84
regenerated_new/2/H/case-102308_JAY_ANNOTATION.png,"[2,4]",0.84
regenerated_new/3/H/case-102308_JAY_ANNOTATION.png,"[3,5]",0.84
regenerated_new/10/H/case-102308_JAY_ANNOTATION.png,"[11,10]",1.07
regenerated_new/11/H/case-102308_JAY_ANNOTATION.png,"[11,10]",1.07
regenerated_new/12/H/case-102308_JAY_ANNOTATION.png,"[11,12]",1.07
regenerated_new/14/H/case-102308_JAY_ANNOTATION.png,"[11,14]",1.07
regenerated_new/1/H/case-102321_JAY_ANNOTATION.png,"[1,10]",0.95
regenerated_new/2/H/case-102321_JAY_ANNOTATION.png,"[2,3]",0.84
regenerated_new/10/H/case-102321_JAY_ANNOTATION.png,"[11,10]",1.07
regenerated_new/11/H/case-102321_JAY_ANNOTATION.png,"[11,14]",1.07
regenerated_new/12/H/case-102321_JAY_ANNOTATION.png,"[12,13]",1.07
regenerated_new/14/H/case-102321_JAY_ANNOTATION.png,"[13,14]",1.07
regenerated_new/1/H/case-102367_JAY_ANNOTATION.png,"[1,10]",0.95
regenerated_new/2/H/case-102367_JAY_ANNOTATION.png,"[2,3]",0.84
regenerated_new/3/H/case-102367_JAY_ANNOTATION.png,"[3,5]",0.83
regenerated_new/11/H/case-102367_JAY_ANNOTATION.png,"[11,12]",1.07
regenerated_new/1/H/case-102388_JAY_ANNOTATION.png,"[1,2]",0.84
regenerated_new/2/H/case-102388_JAY_ANNOTATION.png,"[2,3]",0.83
regenerated_new/4/H/case-102388_JAY_ANNOTATION.png,"[4,5]",0.83
regenerated_new/9/H/case-102388_JAY_ANNOTATION.png,"[8,9]",0.84
regenerated_new/10/H/case-102388_JAY_ANNOTATION.png,"[10,11]",1.07
regenerated_new/11/H/case-102388_JAY_ANNOTATION.png,"[11,10]",1.07
regenerated_new/12/H/case-102388_JAY_ANNOTATION.png,"[12,13]",1.07
regenerated_new/1/H/case-104754_JAY_ANNOTATION.png,"[1,2]",0.84
regenerated_new/4/H/case-104754_JAY_ANNOTATION.png,"[4,5]",0.83
regenerated_new/11/H/case-104754_JAY_ANNOTATION.png,"[10,11]",1.07
regenerated_new/13/H/case-104754_JAY_ANNOTATION.png,"[12,13]",1.07
regenerated_new/1/H/case-104780_JAY_ANNOTATION.png,"[1,10]",0.95
regenerated_new/10/H/case-104780_JAY_ANNOTATION.png,"[10,11]",1.07
regenerated_new/11/H/case-104780_JAY_ANNOTATION.png,"[11,12]",1.07
regenerated_new/12/H/case-104780_JAY_ANNOTATION.png,"[11,12]",1.07
regenerated_new/1/H/case-104842_JAY_ANNOTATION.png,"[1,11]",0.95
regenerated_new/2/H/case-104842_JAY_ANNOTATION.png,"[2,4]",0.84
regenerated_new/3/H/case-104842_JAY_ANNOTATION.png,"[3,5]",1.37
regenerated_new/11/H/case-104842_JAY_ANNOTATION.png,"[10,11]",1.07
regenerated_new/12/H/case-104842_JAY_ANNOTATION.png,"[11,12]",1.07
regenerated_new/1/H/case-104941_JAY_ANNOTATION.png,"[1,11]",0.95
regenerated_new/3/H/case-104941_JAY_ANNOTATION.png,"[3,5]",0.83
regenerated_new/11/H/case-104941_JAY_ANNOTATION.png,"[11,12]",1.07
regenerated_new/1/H/case-104979_JAY_ANNOTATION.png,"[1,2]",0.84
regenerated_new/2/H/case-104979_JAY_ANNOTATION.png,"[2,4]",0.84
regenerated_new/5/H/case-104979_JAY_ANNOTATION.png,"[4,5]",0.83
regenerated_new/10/H/case-104979_JAY_ANNOTATION.png,"[10,11]",1.07
regenerated_new/11/H/case-104979_JAY_ANNOTATION.png,"[11,10]",1.07
regenerated_new/12/H/case-104979_JAY_ANNOTATION.png,"[11,12]",1.07
regenerated_new/1/H/case-104990_JAY_ANNOTATION.png,"[1,11]",0.95
regenerated_new/2/H/case-104990_JAY_ANNOTATION.png,"[2,3]",0.83
regenerated_new/10/H/case-104990_JAY_ANNOTATION.png,"[11,10]",1.07
regenerated_new/11/H/case-104990_JAY_ANNOTATION.png,"[10,11]",1.07
regenerated_new/12/H/case-104990_JAY_ANNOTATION.png,"[11,12]",1.07
regenerated_new/1/H/case-105035_JAY_ANNOTATION.png,"[1,1]",0.83
regenerated_new/2/H/case-105035_JAY_ANNOTATION.png,"[2,3]",0.83
regenerated_new/10/H/case-105035_JAY_ANNOTATION.png,"[10,11]",1.07
regenerated_new/11/H/case-105035_JAY_ANNOTATION.png,"[10,11]",1.07
regenerated_new/12/H/case-105035_JAY_ANNOTATION.png,"[11,12]",1.07
regenerated_new/1/H/case-105051_JAY_ANNOTATION.png,"[1,4]",0.84
regenerated_new/2/H/case-105051_JAY_ANNOTATION.png,"[2,3]",0.84
regenerated_new/7/H/case-105051_JAY_ANNOTATION.png,"[9,7]",0.83
regenerated_new/10/H/case-105051_JAY_ANNOTATION.png,"[10,11]",1.07
regenerated_new/11/H/case-105051_JAY_ANNOTATION.png,"[10,11]",1.07
regenerated_new/12/H/case-105051_JAY_ANNOTATION.png,"[12,13]",1.07
regenerated_new/13/H/case-105051_JAY_ANNOTATION.png,"[12,13]",1.07
regenerated_new/1/H/case-105171_JAY_ANNOTATION.png,"[1,11]",0.95
regenerated_new/2/H/case-105171_JAY_ANNOTATION.png,"[2,4]",0.84
regenerated_new/7/H/case-105171_JAY_ANNOTATION.png,"[6,7]",0.84
regenerated_new/10/H/case-105171_JAY_ANNOTATION.png,"[10,11]",1.08
regenerated_new/12/H/case-105171_JAY_ANNOTATION.png,"[11,12]",1.07
regenerated_new/1/H/case-105177_JAY_ANNOTATION.png,"[1,11]",0.95
regenerated_new/6/H/case-105177_JAY_ANNOTATION.png,"[7,6]",0.83
regenerated_new/11/H/case-105177_JAY_ANNOTATION.png,"[11,13]",1.07
regenerated_new/12/H/case-105177_JAY_ANNOTATION.png,"[11,12]",1.07
regenerated_new/1/H/case-105234_JAY_ANNOTATION.png,"[1,1]",0.83
regenerated_new/3/H/case-105234_JAY_ANNOTATION.png,"[1,3]",0.84
regenerated_new/10/H/case-105234_JAY_ANNOTATION.png,"[10,11]",1.07
regenerated_new/11/H/case-105234_JAY_ANNOTATION.png,"[11,12]",1.07
regenerated_new/13/H/case-105234_JAY_ANNOTATION.png,"[12,13]",1.07
regenerated_new/1/H/case-105246_JAY_ANNOTATION.png,"[1,11]",0.95
regenerated_new/2/H/case-105246_JAY_ANNOTATION.png,"[2,4]",0.84
regenerated_new/3/H/case-105246_JAY_ANNOTATION.png,"[2,3]",0.84
regenerated_new/11/H/case-105246_JAY_ANNOTATION.png,"[11,12]",1.07
regenerated_new/1/H/case-105257_JAY_ANNOTATION.png,"[1,2]",0.84
regenerated_new/3/H/case-105257_JAY_ANNOTATION.png,"[2,3]",0.84
regenerated_new/10/H/case-105257_JAY_ANNOTATION.png,"[10,11]",1.07
regenerated_new/11/H/case-105257_JAY_ANNOTATION.png,"[10,11]",1.07
regenerated_new/12/H/case-105257_JAY_ANNOTATION.png,"[12,13]",1.07
regenerated_new/1/H/case-105288_JAY_ANNOTATION.png,"[1,4]",0.84
regenerated_new/2/H/case-105288_JAY_ANNOTATION.png,"[1,2]",0.84
regenerated_new/3/H/case-105288_JAY_ANNOTATION.png,"[2,3]",0.84
regenerated_new/9/H/case-105288_JAY_ANNOTATION.png,"[8,9]",0.83
regenerated_new/10/H/case-105288_JAY_ANNOTATION.png,"[11,10]",1.07
regenerated_new/11/H/case-105288_JAY_ANNOTATION.png,"[10,11]",1.07
regenerated_new/1/H/case-105318_JAY_ANNOTATION.png,"[1,11]",0.95
regenerated_new/4/H/case-105318_JAY_ANNOTATION.png,"[4,5]",0.83
regenerated_new/11/H/case-105318_JAY_ANNOTATION.png,"[10,11]",1.07
regenerated_new/12/H/case-105318_JAY_ANNOTATION.png,"[11,12]",1.07
regenerated_new/1/H/case-105476_JAY_ANNOTATION.png,"[1,1]",0.84
regenerated_new/2/H/case-105476_JAY_ANNOTATION.png,"[2,3]",0.83
regenerated_new/10/H/case-105476_JAY_ANNOTATION.png,"[1,10]",0.95
regenerated_new/11/H/case-105476_JAY_ANNOTATION.png,"[11,10]",1.07
regenerated_new/12/H/case-105476_JAY_ANNOTATION.png,"[11,12]",1.07
regenerated_new/1/H/case-105567_JAY_ANNOTATION.png,"[1,2]",0.83
regenerated_new/2/H/case-105567_JAY_ANNOTATION.png,"[2,3]",0.83
regenerated_new/7/H/case-105567_JAY_ANNOTATION.png,"[6,7]",0.83
regenerated_new/11/H/case-105567_JAY_ANNOTATION.png,"[11,13]",1.07
regenerated_new/12/H/case-105567_JAY_ANNOTATION.png,"[11,12]",1.07
regenerated_new/1/H/case-105579_JAY_ANNOTATION.png,"[1,10]",0.95
regenerated_new/2/H/case-105579_JAY_ANNOTATION.png,"[2,3]",0.83
regenerated_new/3/H/case-105579_JAY_ANNOTATION.png,"[2,3]",0.84
regenerated_new/6/H/case-105579_JAY_ANNOTATION.png,"[6,7]",0.83
regenerated_new/11/H/case-105579_JAY_ANNOTATION.png,"[11,12]",1.07
regenerated_new/12/H/case-105579_JAY_ANNOTATION.png,"[11,12]",1.07
regenerated_new/1/H/case-105586_JAY_ANNOTATION.png,"[1,11]",0.95
regenerated_new/3/H/case-105586_JAY_ANNOTATION.png,"[3,4]",0.84
regenerated_new/11/H/case-105586_JAY_ANNOTATION.png,"[10,11]",1.07
regenerated_new/12/H/case-105586_JAY_ANNOTATION.png,"[11,12]",1.07
regenerated_new/1/H/case-105592_JAY_ANNOTATION.png,"[1,11]",0.95
regenerated_new/3/H/case-105592_JAY_ANNOTATION.png,"[2,3]",0.83
regenerated_new/4/H/case-105592_JAY_ANNOTATION.png,"[3,4]",0.83
regenerated_new/11/H/case-105592_JAY_ANNOTATION.png,"[11,14]",1.07
regenerated_new/12/H/case-105592_JAY_ANNOTATION.png,"[11,12]",1.07
regenerated_new/1/H/case-105597_JAY_ANNOTATION.png,"[1,11]",0.95
regenerated_new/2/H/case-105597_JAY_ANNOTATION.png,"[2,4]",0.83
regenerated_new/6/H/case-105597_JAY_ANNOTATION.png,"[14,6]",0.95
regenerated_new/7/H/case-105597_JAY_ANNOTATION.png,"[6,7]",0.83
regenerated_new/10/H/case-105597_JAY_ANNOTATION.png,"[10,11]",1.07
regenerated_new/11/H/case-105597_JAY_ANNOTATION.png,"[11,12]",1.07
regenerated_new/12/H/case-105597_JAY_ANNOTATION.png,"[11,12]",1.07
regenerated_new/1/H/case-105602_JAY_ANNOTATION.png,"[1,1]",0.84
regenerated_new/11/H/case-105602_JAY_ANNOTATION.png,"[10,11]",1.07
regenerated_new/12/H/case-105602_JAY_ANNOTATION.png,"[11,12]",1.07
regenerated_new/1/H/case-105681_JAY_ANNOTATION.png,"[1,11]",0.95
regenerated_new/3/H/case-105681_JAY_ANNOTATION.png,"[2,3]",0.84
regenerated_new/11/H/case-105681_JAY_ANNOTATION.png,"[10,11]",1.07
regenerated_new/12/H/case-105681_JAY_ANNOTATION.png,"[12,13]",1.07
regenerated_new/1/H/case-105704_JAY_ANNOTATION.png,"[1,11]",0.95
regenerated_new/2/H/case-105704_JAY_ANNOTATION.png,"[2,4]",0.84
regenerated_new/3/H/case-105704_JAY_ANNOTATION.png,"[3,5]",0.83
regenerated_new/4/H/case-105704_JAY_ANNOTATION.png,"[4,5]",0.83
regenerated_new/10/H/case-105704_JAY_ANNOTATION.png,"[10,11]",1.07
regenerated_new/11/H/case-105704_JAY_ANNOTATION.png,"[10,11]",1.07
regenerated_new/12/H/case-105704_JAY_ANNOTATION.png,"[11,12]",1.07
regenerated_new/14/H/case-105704_JAY_ANNOTATION.png,"[14,12]",1.07
regenerated_new/1/H/case-105817_JAY_ANNOTATION.png,"[1,2]",0.84
regenerated_new/2/H/case-105817_JAY_ANNOTATION.png,"[2,3]",0.83
regenerated_new/3/H/case-105817_JAY_ANNOTATION.png,"[2,3]",0.83
regenerated_new/8/H/case-105817_JAY_ANNOTATION.png,"[8,9]",0.83
regenerated_new/10/H/case-105817_JAY_ANNOTATION.png,"[10,11]",1.07
regenerated_new/11/H/case-105817_JAY_ANNOTATION.png,"[11,12]",1.07
regenerated_new/12/H/case-105817_JAY_ANNOTATION.png,"[11,12]",1.07
regenerated_new/1/H/case-105839_JAY_ANNOTATION.png,"[1,1]",0.83
regenerated_new/11/H/case-105839_JAY_ANNOTATION.png,"[11,14]",1.07
regenerated_new/12/H/case-105839_JAY_ANNOTATION.png,"[11,12]",1.07
regenerated_new/14/H/case-105839_JAY_ANNOTATION.png,"[14,12]",1.07
regenerated_new/1/H/case-105862_JAY_ANNOTATION.png,"[1,1]",0.84
regenerated_new/6/H/case-105862_JAY_ANNOTATION.png,"[6,7]",0.84
regenerated_new/11/H/case-105862_JAY_ANNOTATION.png,"[11,12]",1.07
regenerated_new/13/H/case-105862_JAY_ANNOTATION.png,"[12,13]",1.07
regenerated_new/1/H/case-105915_JAY_ANNOTATION.png,"[1,1]",0.84
regenerated_new/10/H/case-105915_JAY_ANNOTATION.png,"[1,10]",0.95
regenerated_new/11/H/case-105915_JAY_ANNOTATION.png,"[11,12]",1.07
regenerated_new/13/H/case-105915_JAY_ANNOTATION.png,"[13,12]",1.07
regenerated_new/1/H/case-106012_JAY_ANNOTATION.png,"[1,11]",0.95
regenerated_new/2/H/case-106012_JAY_ANNOTATION.png,"[2,4]",0.84
regenerated_new/7/H/case-106012_JAY_ANNOTATION.png,"[6,7]",0.84
regenerated_new/11/H/case-106012_JAY_ANNOTATION.png,"[11,10]",1.07
regenerated_new/12/H/case-106012_JAY_ANNOTATION.png,"[11,12]",1.07
regenerated_new/13/H/case-106012_JAY_ANNOTATION.png,"[13,14]",1.07
regenerated_new/14/H/case-106012_JAY_ANNOTATION.png,"[14,13]",1.07
regenerated_new/1/H/case-106016_JAY_ANNOTATION.png,"[1,2]",0.84
regenerated_new/3/H/case-106016_JAY_ANNOTATION.png,"[3,5]",0.84
regenerated_new/10/H/case-106016_JAY_ANNOTATION.png,"[10,11]",1.07
regenerated_new/11/H/case-106016_JAY_ANNOTATION.png,"[10,11]",1.07
regenerated_new/12/H/case-106016_JAY_ANNOTATION.png,"[11,12]",1.07
regenerated_new/13/H/case-106016_JAY_ANNOTATION.png,"[12,13]",1.07
regenerated_new/14/H/case-106016_JAY_ANNOTATION.png,"[10,14]",1.07
regenerated_new/1/H/case-106081_JAY_ANNOTATION.png,"[1,11]",0.96
regenerated_new/11/H/case-106081_JAY_ANNOTATION.png,"[10,11]",1.07
regenerated_new/1/H/case-106101_JAY_ANNOTATION.png,"[1,2]",0.83
regenerated_new/2/H/case-106101_JAY_ANNOTATION.png,"[2,3]",0.84
regenerated_new/6/H/case-106101_JAY_ANNOTATION.png,"[6,7]",0.84
regenerated_new/11/H/case-106101_JAY_ANNOTATION.png,"[11,12]",1.07
regenerated_new/13/H/case-106101_JAY_ANNOTATION.png,"[12,13]",1.07
regenerated_new/1/H/case-106127_JAY_ANNOTATION.png,"[1,1]",0.84
regenerated_new/11/H/case-106127_JAY_ANNOTATION.png,"[10,11]",1.07
regenerated_new/12/H/case-106127_JAY_ANNOTATION.png,"[12,13]",1.07
regenerated_new/13/H/case-106127_JAY_ANNOTATION.png,"[12,13]",1.07
regenerated_new/1/H/case-106139_JAY_ANNOTATION.png,"[1,1]",0.84
regenerated_new/5/H/case-106139_JAY_ANNOTATION.png,"[4,5]",0.84
regenerated_new/6/H/case-106139_JAY_ANNOTATION.png,"[6,7]",0.84
regenerated_new/10/H/case-106139_JAY_ANNOTATION.png,"[10,11]",1.07
regenerated_new/11/H/case-106139_JAY_ANNOTATION.png,"[11,14]",1.08
regenerated_new/12/H/case-106139_JAY_ANNOTATION.png,"[12,13]",1.07
regenerated_new/1/H/case-106141_JAY_ANNOTATION.png,"[1,10]",0.95
regenerated_new/12/H/case-106141_JAY_ANNOTATION.png,"[12,13]",1.07
regenerated_new/13/H/case-106141_JAY_ANNOTATION.png,"[12,13]",1.07
regenerated_new/1/H/case-106157_JAY_ANNOTATION.png,"[1,11]",0.95
regenerated_new/2/H/case-106157_JAY_ANNOTATION.png,"[2,4]",0.83
regenerated_new/7/H/case-106157_JAY_ANNOTATION.png,"[5,7]",0.84
regenerated_new/13/H/case-106157_JAY_ANNOTATION.png,"[12,13]",1.07
regenerated_new/14/H/case-106157_JAY_ANNOTATION.png,"[11,14]",1.07
regenerated_new/1/H/case-106172_JAY_ANNOTATION.png,"[1,11]",0.95
regenerated_new/10/H/case-106172_JAY_ANNOTATION.png,"[10,11]",1.07
regenerated_new/11/H/case-106172_JAY_ANNOTATION.png,"[10,11]",1.07
regenerated_new/12/H/case-106172_JAY_ANNOTATION.png,"[11,12]",1.07
regenerated_new/1/H/case-106301_JAY_ANNOTATION.png,"[1,11]",0.96
regenerated_new/3/H/case-106301_JAY_ANNOTATION.png,"[3,5]",0.84
regenerated_new/10/H/case-106301_JAY_ANNOTATION.png,"[10,11]",1.07
regenerated_new/11/H/case-106301_JAY_ANNOTATION.png,"[10,11]",1.07
regenerated_new/14/H/case-106301_JAY_ANNOTATION.png,"[13,14]",1.07
regenerated_new/1/H/case-106371_JAY_ANNOTATION.png,"[1,2]",0.84
regenerated_new/6/H/case-106371_JAY_ANNOTATION.png,"[6,7]",0.84
regenerated_new/10/H/case-106371_JAY_ANNOTATION.png,"[10,11]",1.07
regenerated_new/11/H/case-106371_JAY_ANNOTATION.png,"[11,12]",1.07
regenerated_new/13/H/case-106371_JAY_ANNOTATION.png,"[12,13]",1.07
regenerated_new/14/H/case-106371_JAY_ANNOTATION.png,"[14,12]",1.07
regenerated_new/1/H/case-106374_JAY_ANNOTATION.png,"[1,10]",0.95
regenerated_new/2/H/case-106374_JAY_ANNOTATION.png,"[2,4]",0.84
regenerated_new/6/H/case-106374_JAY_ANNOTATION.png,"[6,7]",0.83
regenerated_new/10/H/case-106374_JAY_ANNOTATION.png,"[10,11]",1.07
regenerated_new/11/H/case-106374_JAY_ANNOTATION.png,"[11,12]",1.07
regenerated_new/12/H/case-106374_JAY_ANNOTATION.png,"[11,12]",1.07
regenerated_new/1/H/case-106456_JAY_ANNOTATION.png,"[1,10]",0.95
regenerated_new/3/H/case-106456_JAY_ANNOTATION.png,"[2,3]",0.84
regenerated_new/11/H/case-106456_JAY_ANNOTATION.png,"[11,12]",1.07
regenerated_new/1/H/case-106464_JAY_ANNOTATION.png,"[1,11]",0.95
regenerated_new/3/H/case-106464_JAY_ANNOTATION.png,"[3,5]",0.84
regenerated_new/10/H/case-106464_JAY_ANNOTATION.png,"[10,11]",1.07
regenerated_new/11/H/case-106464_JAY_ANNOTATION.png,"[11,14]",1.07
regenerated_new/12/H/case-106464_JAY_ANNOTATION.png,"[11,12]",1.07
regenerated_new/1/H/case-106541_JAY_ANNOTATION.png,"[1,11]",0.96
regenerated_new/2/H/case-106541_JAY_ANNOTATION.png,"[2,4]",0.84
regenerated_new/5/H/case-106541_JAY_ANNOTATION.png,"[4,5]",0.84
regenerated_new/11/H/case-106541_JAY_ANNOTATION.png,"[11,10]",1.07
regenerated_new/12/H/case-106541_JAY_ANNOTATION.png,"[11,12]",1.07
regenerated_new/1/H/case-106569_JAY_ANNOTATION.png,"[1,11]",0.95
regenerated_new/10/H/case-106569_JAY_ANNOTATION.png,"[10,11]",1.08
regenerated_new/12/H/case-106569_JAY_ANNOTATION.png,"[11,12]",1.08
regenerated_new/1/H/case-106811_JAY_ANNOTATION.png,"[1,11]",0.95
regenerated_new/2/H/case-106811_JAY_ANNOTATION.png,"[2,3]",0.83
regenerated_new/11/H/case-106811_JAY_ANNOTATION.png,"[10,11]",1.07
regenerated_new/1/H/case-106835_JAY_ANNOTATION.png,"[1,10]",0.95
regenerated_new/11/H/case-106835_JAY_ANNOTATION.png,"[11,13]",1.07
regenerated_new/1/H/case-106856_JAY_ANNOTATION.png,"[1,2]",0.84
regenerated_new/3/H/case-106856_JAY_ANNOTATION.png,"[2,3]",0.84
regenerated_new/4/H/case-106856_JAY_ANNOTATION.png,"[4,5]",0.83
regenerated_new/10/H/case-106856_JAY_ANNOTATION.png,"[11,10]",1.07
regenerated_new/11/H/case-106856_JAY_ANNOTATION.png,"[10,11]",1.07
regenerated_new/1/H/case-106882_JAY_ANNOTATION.png,"[1,11]",0.95
regenerated_new/11/H/case-106882_JAY_ANNOTATION.png,"[11,14]",1.07
regenerated_new/12/H/case-106882_JAY_ANNOTATION.png,"[14,12]",1.07
regenerated_new/1/H/case-106963_JAY_ANNOTATION.png,"[1,11]",0.95
regenerated_new/11/H/case-106963_JAY_ANNOTATION.png,"[11,13]",1.07
regenerated_new/12/H/case-106963_JAY_ANNOTATION.png,"[12,13]",1.07
regenerated_new/13/H/case-106963_JAY_ANNOTATION.png,"[11,13]",1.07
regenerated_new/14/H/case-106963_JAY_ANNOTATION.png,"[13,14]",1.07
regenerated_new/1/H/case-106973_JAY_ANNOTATION.png,"[1,11]",0.96
regenerated_new/11/H/case-106973_JAY_ANNOTATION.png,"[11,14]",1.07
regenerated_new/1/H/case-106991_JAY_ANNOTATION.png,"[1,11]",0.95
regenerated_new/3/H/case-106991_JAY_ANNOTATION.png,"[3,5]",0.84
regenerated_new/11/H/case-106991_JAY_ANNOTATION.png,"[10,11]",1.08
regenerated_new/13/H/case-106991_JAY_ANNOTATION.png,"[12,13]",1.07
regenerated_new/1/H/case-107068_JAY_ANNOTATION.png,"[1,14]",0.96
regenerated_new/2/H/case-107068_JAY_ANNOTATION.png,"[2,4]",0.84
regenerated_new/3/H/case-107068_JAY_ANNOTATION.png,"[2,3]",0.84
regenerated_new/7/H/case-107068_JAY_ANNOTATION.png,"[6,7]",0.84
regenerated_new/12/H/case-107068_JAY_ANNOTATION.png,"[12,13]",1.07
regenerated_new/1/H/case-107184_JAY_ANNOTATION.png,"[1,11]",0.96
regenerated_new/2/H/case-107184_JAY_ANNOTATION.png,"[2,3]",0.83
regenerated_new/3/H/case-107184_JAY_ANNOTATION.png,"[2,3]",0.84
regenerated_new/10/H/case-107184_JAY_ANNOTATION.png,"[11,10]",1.07
regenerated_new/11/H/case-107184_JAY_ANNOTATION.png,"[10,11]",1.07
regenerated_new/12/H/case-107184_JAY_ANNOTATION.png,"[11,12]",1.07
regenerated_new/1/H/case-107267_JAY_ANNOTATION.png,"[1,11]",0.96
regenerated_new/5/H/case-107267_JAY_ANNOTATION.png,"[3,5]",0.84
regenerated_new/13/H/case-107267_JAY_ANNOTATION.png,"[13,12]",1.07
regenerated_new/14/H/case-107267_JAY_ANNOTATION.png,[],0.36
regenerated_new/1/H/case-107296_JAY_ANNOTATION.png,"[1,2]",0.84
regenerated_new/2/H/case-107296_JAY_ANNOTATION.png,"[2,4]",0.84
regenerated_new/3/H/case-107296_JAY_ANNOTATION.png,"[3,4]",0.84
regenerated_new/6/H/case-107296_JAY_ANNOTATION.png,"[6,7]",0.84
regenerated_new/10/H/case-107296_JAY_ANNOTATION.png,"[10,11]",1.07
regenerated_new/11/H/case-107296_JAY_ANNOTATION.png,"[11,12]",1.07
regenerated_new/13/H/case-107296_JAY_ANNOTATION.png,"[11,13]",1.07
regenerated_new/1/H/case-110146_JAY_ANNOTATION.png,"[1,11]",0.95
regenerated_new/2/H/case-110146_JAY_ANNOTATION.png,"[2,3]",0.84
regenerated_new/3/H/case-110146_JAY_ANNOTATION.png,"[2,3]",0.84
regenerated_new/10/H/case-110146_JAY_ANNOTATION.png,"[10,11]",1.07
regenerated_new/11/H/case-110146_JAY_ANNOTATION.png,"[10,11]",1.07
regenerated_new/12/H/case-110146_JAY_ANNOTATION.png,"[11,12]",1.07
regenerated_new/14/H/case-110146_JAY_ANNOTATION.png,"[13,14]",1.07
regenerated_new/1/H/case-110184_JAY_ANNOTATION.png,"[1,1]",0.84
regenerated_new/8/H/case-110184_JAY_ANNOTATION.png,"[8,9]",0.84
regenerated_new/11/H/case-110184_JAY_ANNOTATION.png,"[11,12]",1.07
regenerated_new/12/H/case-110184_JAY_ANNOTATION.png,"[11,12]",1.07
regenerated_new/13/H/case-110184_JAY_ANNOTATION.png,"[12,13]",1.08
regenerated_new/1/H/case-110307_JAY_ANNOTATION.png,"[1,10]",0.96
regenerated_new/3/H/case-110307_JAY_ANNOTATION.png,"[3,5]",0.84
regenerated_new/6/H/case-110307_JAY_ANNOTATION.png,"[6,7]",0.83
regenerated_new/11/H/case-110307_JAY_ANNOTATION.png,"[11,12]",1.07
regenerated_new/12/H/case-110307_JAY_ANNOTATION.png,"[12,13]",1.07
regenerated_new/1/H/case-110324_JAY_ANNOTATION.png,"[1,1]",0.84
regenerated_new/2/H/case-110324_JAY_ANNOTATION.png,"[1,2]",0.84
regenerated_new/3/H/case-110324_JAY_ANNOTATION.png,"[3,5]",0.84
regenerated_new/7/H/case-110324_JAY_ANNOTATION.png,"[7,8]",0.84
regenerated_new/10/H/case-110324_JAY_ANNOTATION.png,"[10,11]",1.07
regenerated_new/11/H/case-110324_JAY_ANNOTATION.png,"[10,11]",1.07
regenerated_new/1/H/case-110378_JAY_ANNOTATION.png,"[1,2]",0.84
regenerated_new/10/H/case-110378_JAY_ANNOTATION.png,"[10,11]",1.07
regenerated_new/11/H/case-110378_JAY_ANNOTATION.png,"[11,12]",1.07
regenerated_new/1/H/case-110382_JAY_ANNOTATION.png,"[1,2]",0.84
regenerated_new/10/H/case-110382_JAY_ANNOTATION.png,"[10,11]",1.07
regenerated_new/12/H/case-110382_JAY_ANNOTATION.png,"[12,13]",1.07
regenerated_new/13/H/case-110382_JAY_ANNOTATION.png,"[13,14]",1.07
regenerated_new/1/H/case-110393_JAY_ANNOTATION.png,"[1,10]",0.95
regenerated_new/2/H/case-110393_JAY_ANNOTATION.png,"[2,3]",0.83
regenerated_new/3/H/case-110393_JAY_ANNOTATION.png,"[2,3]",0.84
regenerated_new/10/H/case-110393_JAY_ANNOTATION.png,"[10,11]",1.07
regenerated_new/11/H/case-110393_JAY_ANNOTATION.png,"[11,14]",1.08
regenerated_new/1/H/case-110447_JAY_ANNOTATION.png,"[1,11]",0.95
regenerated_new/3/H/case-110447_JAY_ANNOTATION.png,"[2,3]",0.84
regenerated_new/10/H/case-110447_JAY_ANNOTATION.png,"[11,10]",1.07
regenerated_new/11/H/case-110447_JAY_ANNOTATION.png,"[10,11]",1.08
regenerated_new/12/H/case-110447_JAY_ANNOTATION.png,"[11,12]",1.07
regenerated_new/1/H/case-110519_JAY_ANNOTATION.png,"[1,10]",0.95
regenerated_new/2/H/case-110519_JAY_ANNOTATION.png,"[2,3]",0.84
regenerated_new/1/H/case-110588_JAY_ANNOTATION.png,"[1,11]",0.95
regenerated_new/2/H/case-110588_JAY_ANNOTATION.png,"[1,2]",0.84
regenerated_new/5/H/case-110588_JAY_ANNOTATION.png,"[4,5]",0.84
regenerated_new/10/H/case-110588_JAY_ANNOTATION.png,"[11,10]",1.07
regenerated_new/11/H/case-110588_JAY_ANNOTATION.png,"[11,12]",1.07
regenerated_new/13/H/case-110588_JAY_ANNOTATION.png,"[12,13]",1.07
regenerated_new/1/H/case-110636_JAY_ANNOTATION.png,"[1,11]",0.95
regenerated_new/3/H/case-110636_JAY_ANNOTATION.png,"[3,5]",0.84
regenerated_new/7/H/case-110636_JAY_ANNOTATION.png,"[7,9]",0.84
regenerated_new/10/H/case-110636_JAY_ANNOTATION.png,"[10,11]",1.07
regenerated_new/11/H/case-110636_JAY_ANNOTATION.png,"[10,11]",1.07
regenerated_new/12/H/case-110636_JAY_ANNOTATION.png,"[12,13]",1.07
regenerated_new/1/H/case-110640_JAY_ANNOTATION.png,"[1,11]",0.96
regenerated_new/2/H/case-110640_JAY_ANNOTATION.png,"[2,4]",0.84
regenerated_new/11/H/case-110640_JAY_ANNOTATION.png,"[10,11]",1.07
regenerated_new/1/H/case-110649_JAY_ANNOTATION.png,"[1,10]",0.95
regenerated_new/10/H/case-110649_JAY_ANNOTATION.png,"[10,11]",1.07
regenerated_new/11/H/case-110649_JAY_ANNOTATION.png,"[11,10]",1.07
regenerated_new/14/H/case-110649_JAY_ANNOTATION.png,"[11,14]",1.07
regenerated_new/1/H/case-110664_JAY_ANNOTATION.png,"[1,10]",0.95
regenerated_new/2/H/case-110664_JAY_ANNOTATION.png,"[2,3]",0.84
regenerated_new/11/H/case-110664_JAY_ANNOTATION.png,"[10,11]",1.07
regenerated_new/1/H/case-110831_JAY_ANNOTATION.png,"[1,10]",0.95
regenerated_new/10/H/case-110831_JAY_ANNOTATION.png,"[10,11]",1.07
regenerated_new/11/H/case-110831_JAY_ANNOTATION.png,"[11,12]",1.07
regenerated_new/12/H/case-110831_JAY_ANNOTATION.png,"[11,12]",1.07
regenerated_new/1/H/case-110870_JAY_ANNOTATION.png,"[1,10]",0.96
regenerated_new/12/H/case-110870_JAY_ANNOTATION.png,"[11,12]",1.07
regenerated_new/1/H/case-111040_JAY_ANNOTATION.png,"[1,11]",0.95
regenerated_new/2/H/case-111040_JAY_ANNOTATION.png,"[2,3]",0.84
regenerated_new/4/H/case-111040_JAY_ANNOTATION.png,"[4,5]",0.84
regenerated_new/7/H/case-111040_JAY_ANNOTATION.png,"[6,7]",0.84
regenerated_new/11/H/case-111040_JAY_ANNOTATION.png,"[11,14]",1.07
regenerated_new/1/H/case-111057_JAY_ANNOTATION.png,"[1,11]",0.95
regenerated_new/2/H/case-111057_JAY_ANNOTATION.png,"[2,6]",0.83
regenerated_new/3/H/case-111057_JAY_ANNOTATION.png,"[2,3]",0.83
regenerated_new/9/H/case-111057_JAY_ANNOTATION.png,[],0.36
regenerated_new/10/H/case-111057_JAY_ANNOTATION.png,"[10,11]",1.07
regenerated_new/11/H/case-111057_JAY_ANNOTATION.png,"[10,11]",1.07
regenerated_new/1/H/case-111159_JAY_ANNOTATION.png,"[1,11]",0.95
regenerated_new/3/H/case-111159_JAY_ANNOTATION.png,"[2,3]",0.83
regenerated_new/4/H/case-111159_JAY_ANNOTATION.png,"[4,5]",0.84
regenerated_new/10/H/case-111159_JAY_ANNOTATION.png,"[10,11]",1.07
regenerated_new/11/H/case-111159_JAY_ANNOTATION.png,"[10,11]",1.07
regenerated_new/1/H/case-111162_JAY_ANNOTATION.png,"[1,1]",0.83
regenerated_new/2/H/case-111162_JAY_ANNOTATION.png,"[1,2]",0.83
regenerated_new/3/H/case-111162_JAY_ANNOTATION.png,"[2,3]",0.83
regenerated_new/4/H/case-111162_JAY_ANNOTATION.png,"[4,5]",0.84
regenerated_new/11/H/case-111162_JAY_ANNOTATION.png,"[10,11]",1.07
regenerated_new/12/H/case-111162_JAY_ANNOTATION.png,"[11,12]",1.07
regenerated_new/13/H/case-111162_JAY_ANNOTATION.png,"[12,13]",1.08
regenerated_new/1/H/case-111165_JAY_ANNOTATION.png,"[1,11]",0.95
regenerated_new/10/H/case-111165_JAY_ANNOTATION.png,"[10,11]",1.07
regenerated_new/11/H/case-111165_JAY_ANNOTATION.png,"[10,11]",1.07
regenerated_new/12/H/case-111165_JAY_ANNOTATION.png,"[11,12]",1.07
regenerated_new/1/H/case-111178_JAY_ANNOTATION.png,"[1,2]",0.84
regenerated_new/3/H/case-111178_JAY_ANNOTATION.png,"[2,3]",0.84
regenerated_new/10/H/case-111178_JAY_ANNOTATION.png,"[10,11]",1.07
regenerated_new/11/H/case-111178_JAY_ANNOTATION.png,"[11,14]",1.07
regenerated_new/13/H/case-111178_JAY_ANNOTATION.png,"[13,14]",1.07
regenerated_new/1/H/case-111246_JAY_ANNOTATION.png,"[1,11]",0.95
regenerated_new/3/H/case-111246_JAY_ANNOTATION.png,"[3,5]",0.84
regenerated_new/10/H/case-111246_JAY_ANNOTATION.png,"[1,10]",0.95
regenerated_new/11/H/case-111246_JAY_ANNOTATION.png,"[10,11]",1.07
regenerated_new/12/H/case-111246_JAY_ANNOTATION.png,"[11,12]",1.07
regenerated_new/14/H/case-111246_JAY_ANNOTATION.png,"[11,14]",1.07
regenerated_new/1/H/case-111273_JAY_ANNOTATION.png,"[1,11]",0.95
regenerated_new/11/H/case-111273_JAY_ANNOTATION.png,"[11,10]",1.07
regenerated_new/12/H/case-111273_JAY_ANNOTATION.png,"[11,12]",1.07
regenerated_new/13/H/case-111273_JAY_ANNOTATION.png,"[11,13]",1.07
regenerated_new/1/H/case-111359_JAY_ANNOTATION.png,"[1,11]",0.96
regenerated_new/11/H/case-111359_JAY_ANNOTATION.png,"[11,14]",1.07
regenerated_new/13/H/case-111359_JAY_ANNOTATION.png,"[11,13]",1.07
regenerated_new/1/H/case-111405_JAY_ANNOTATION.png,"[1,10]",0.95
regenerated_new/3/H/case-111405_JAY_ANNOTATION.png,"[3,4]",0.83
regenerated_new/6/H/case-111405_JAY_ANNOTATION.png,"[6,7]",0.84
regenerated_new/1/H/case-111446_JAY_ANNOTATION.png,"[1,11]",0.95
regenerated_new/2/H/case-111446_JAY_ANNOTATION.png,"[2,3]",0.84
regenerated_new/10/H/case-111446_JAY_ANNOTATION.png,"[10,11]",1.07
regenerated_new/11/H/case-111446_JAY_ANNOTATION.png,"[11,13]",1.07
regenerated_new/12/H/case-111446_JAY_ANNOTATION.png,"[11,12]",1.07
regenerated_new/1/H/case-111546_JAY_ANNOTATION.png,"[1,4]",0.83
regenerated_new/11/H/case-111546_JAY_ANNOTATION.png,"[11,10]",1.08
regenerated_new/12/H/case-111546_JAY_ANNOTATION.png,"[11,12]",1.07
regenerated_new/1/H/case-111573_JAY_ANNOTATION.png,"[1,1]",0.84
regenerated_new/2/H/case-111573_JAY_ANNOTATION.png,"[2,3]",0.84
regenerated_new/11/H/case-111573_JAY_ANNOTATION.png,"[11,10]",1.07
regenerated_new/12/H/case-111573_JAY_ANNOTATION.png,"[11,12]",1.07
regenerated_new/14/H/case-111573_JAY_ANNOTATION.png,"[14,12]",1.08
regenerated_new/1/H/case-111685_JAY_ANNOTATION.png,"[1,11]",0.95
regenerated_new/2/H/case-111685_JAY_ANNOTATION.png,"[2,3]",0.84
regenerated_new/3/H/case-111685_JAY_ANNOTATION.png,"[2,3]",0.84
regenerated_new/11/H/case-111685_JAY_ANNOTATION.png,"[10,11]",1.07
regenerated_new/1/H/case-111755_JAY_ANNOTATION.png,"[1,11]",0.95
regenerated_new/10/H/case-111755_JAY_ANNOTATION.png,"[10,11]",1.07
regenerated_new/11/H/case-111755_JAY_ANNOTATION.png,"[11,12]",1.07
regenerated_new/13/H/case-111755_JAY_ANNOTATION.png,"[13,14]",1.07
regenerated_new/1/H/case-111791_JAY_ANNOTATION.png,"[1,2]",0.84
regenerated_new/2/H/case-111791_JAY_ANNOTATION.png,"[2,3]",0.83
regenerated_new/3/H/case-111791_JAY_ANNOTATION.png,"[2,3]",0.83
regenerated_new/5/H/case-111791_JAY_ANNOTATION.png,"[5,14]",0.95
regenerated_new/11/H/case-111791_JAY_ANNOTATION.png,"[11,12]",1.07
regenerated_new/1/H/case-111819_JAY_ANNOTATION.png,"[1,4]",0.84
regenerated_new/2/H/case-111819_JAY_ANNOTATION.png,"[2,3]",0.84
regenerated_new/3/H/case-111819_JAY_ANNOTATION.png,"[2,3]",0.83
regenerated_new/10/H/case-111819_JAY_ANNOTATION.png,"[11,10]",1.07
regenerated_new/11/H/case-111819_JAY_ANNOTATION.png,"[11,10]",1.07
regenerated_new/1/H/case-111830_JAY_ANNOTATION.png,"[1,11]",0.95
regenerated_new/2/H/case-111830_JAY_ANNOTATION.png,"[1,2]",0.83
regenerated_new/5/H/case-111830_JAY_ANNOTATION.png,[],0.36
regenerated_new/11/H/case-111830_JAY_ANNOTATION.png,"[11,10]",1.07
regenerated_new/1/H/case-111863_JAY_ANNOTATION.png,"[1,11]",0.95
regenerated_new/2/H/case-111863_JAY_ANNOTATION.png,"[2,3]",0.83
regenerated_new/4/H/case-111863_JAY_ANNOTATION.png,"[4,5]",0.84
regenerated_new/11/H/case-111863_JAY_ANNOTATION.png,"[10,11]",1.08
regenerated_new/1/H/case-111923_JAY_ANNOTATION.png,"[1,4]",0.83
regenerated_new/2/H/case-111923_JAY_ANNOTATION.png,"[2,3]",0.84
regenerated_new/3/H/case-111923_JAY_ANNOTATION.png,"[3,5]",0.84
regenerated_new/6/H/case-111923_JAY_ANNOTATION.png,"[7,6]",0.83
regenerated_new/10/H/case-111923_JAY_ANNOTATION.png,"[10,11]",1.07
regenerated_new/11/H/case-111923_JAY_ANNOTATION.png,"[11,13]",1.07
regenerated_new/1/H/case-112038_JAY_ANNOTATION.png,"[1,11]",0.95
regenerated_new/2/H/case-112038_JAY_ANNOTATION.png,"[2,3]",0.84
regenerated_new/3/H/case-112038_JAY_ANNOTATION.png,"[2,3]",0.84
regenerated_new/11/H/case-112038_JAY_ANNOTATION.png,"[11,10]",1.07
regenerated_new/1/H/case-112071_JAY_ANNOTATION.png,"[1,11]",0.95
regenerated_new/3/H/case-112071_JAY_ANNOTATION.png,"[3,5]",0.83
regenerated_new/6/H/case-112071_JAY_ANNOTATION.png,"[6,7]",0.83
regenerated_new/10/H/case-112071_JAY_ANNOTATION.png,"[10,11]",1.07
regenerated_new/11/H/case-112071_JAY_ANNOTATION.png,"[10,11]",1.07
regenerated_new/12/H/case-112071_JAY_ANNOTATION.png,"[11,12]",1.07
regenerated_new/1/H/case-112086_JAY_ANNOTATION.png,"[1,1]",0.83
regenerated_new/2/H/case-112086_JAY_ANNOTATION.png,"[2,10]",0.95
regenerated_new/9/H/case-112086_JAY_ANNOTATION.png,"[8,9]",0.84
regenerated_new/11/H/case-112086_JAY_ANNOTATION.png,"[11,13]",1.07
regenerated_new/12/H/case-112086_JAY_ANNOTATION.png,"[11,12]",1.07
regenerated_new/1/H/case-112092_JAY_ANNOTATION.png,"[1,11]",0.95
regenerated_new/6/H/case-112092_JAY_ANNOTATION.png,"[6,7]",0.84
regenerated_new/11/H/case-112092_JAY_ANNOTATION.png,"[11,10]",1.07
regenerated_new/13/H/case-112092_JAY_ANNOTATION.png,"[12,13]",1.07
regenerated_new/1/H/case-112132_JAY_ANNOTATION.png,"[1,11]",0.95
regenerated_new/2/H/case-112132_JAY_ANNOTATION.png,"[2,3]",0.84
regenerated_new/10/H/case-112132_JAY_ANNOTATION.png,"[10,11]",1.07
regenerated_new/11/H/case-112132_JAY_ANNOTATION.png,"[11,12]",1.07
regenerated_new/12/H/case-112132_JAY_ANNOTATION.png,"[11,12]",1.07
regenerated_new/13/H/case-112132_JAY_ANNOTATION.png,"[11,13]",1.07
regenerated_new/1/H/case-112180_JAY_ANNOTATION.png,"[1,11]",0.95
regenerated_new/2/H/case-112180_JAY_ANNOTATION.png,"[2,4]",0.83
regenerated_new/3/H/case-112180_JAY_ANNOTATION.png,"[2,3]",0.84
regenerated_new/10/H/case-112180_JAY_ANNOTATION.png,"[10,11]",1.07
regenerated_new/11/H/case-112180_JAY_ANNOTATION.png,"[11,13]",1.07
regenerated_new/1/H/case-112208_JAY_ANNOTATION.png,"[1,11]",0.95
regenerated_new/2/H/case-112208_JAY_ANNOTATION.png,"[2,3]",0.84
regenerated_new/3/H/case-112208_JAY_ANNOTATION.png,"[3,5]",0.84
regenerated_new/4/H/case-112208_JAY_ANNOTATION.png,"[4,5]",0.83
regenerated_new/10/H/case-112208_JAY_ANNOTATION.png,"[11,10]",1.07
regenerated_new/11/H/case-112208_JAY_ANNOTATION.png,"[14,11]",1.07
regenerated_new/12/H/case-112208_JAY_ANNOTATION.png,"[11,12]",1.07
regenerated_new/1/H/case-112234_JAY_ANNOTATION.png,"[1,10]",0.96
regenerated_new/2/H/case-112234_JAY_ANNOTATION.png,"[2,3]",0.84
regenerated_new/10/H/case-112234_JAY_ANNOTATION.png,"[10,11]",1.07
regenerated_new/11/H/case-112234_JAY_ANNOTATION.png,"[11,14]",1.07
regenerated_new/1/H/case-112249_JAY_ANNOTATION.png,"[1,11]",0.95
regenerated_new/2/H/case-112249_JAY_ANNOTATION.png,"[1,2]",0.84
regenerated_new/3/H/case-112249_JAY_ANNOTATION.png,"[2,3]",0.84
regenerated_new/7/H/case-112249_JAY_ANNOTATION.png,[],0.36
regenerated_new/10/H/case-112249_JAY_ANNOTATION.png,"[11,10]",1.07
regenerated_new/11/H/case-112249_JAY_ANNOTATION.png,"[11,12]",1.07
regenerated_new/1/H/case-112292_JAY_ANNOTATION.png,"[1,2]",0.84
regenerated_new/7/H/case-112292_JAY_ANNOTATION.png,"[7,8]",0.84
regenerated_new/10/H/case-112292_JAY_ANNOTATION.png,"[10,11]",1.07
regenerated_new/11/H/case-112292_JAY_ANNOTATION.png,"[11,12]",1.07
regenerated_new/12/H/case-112292_JAY_ANNOTATION.png,"[11,12]",1.07
regenerated_new/13/H/case-112292_JAY_ANNOTATION.png,"[13,14]",1.07
regenerated_new/1/H/case-112297_JAY_ANNOTATION.png,"[1,10]",0.95
regenerated_new/2/H/case-112297_JAY_ANNOTATION.png,"[2,4]",0.83
regenerated_new/6/H/case-112297_JAY_ANNOTATION.png,"[6,7]",0.84
regenerated_new/7/H/case-112297_JAY_ANNOTATION.png,"[7,8]",0.84
regenerated_new/11/H/case-112297_JAY_ANNOTATION.png,"[11,14]",1.07
regenerated_new/14/H/case-112297_JAY_ANNOTATION.png,"[13,14]",1.07
regenerated_new/1/H/case-112348_JAY_ANNOTATION.png,"[1,11]",0.95
regenerated_new/10/H/case-112348_JAY_ANNOTATION.png,"[10,11]",1.07
regenerated_new/11/H/case-112348_JAY_ANNOTATION.png,"[11,12]",1.07
regenerated_new/12/H/case-112348_JAY_ANNOTATION.png,"[11,12]",1.07
regenerated_new/1/H/case-112364_JAY_ANNOTATION.png,"[1,10]",0.96
regenerated_new/2/H/case-112364_JAY_ANNOTATION.png,"[2,4]",0.83
regenerated_new/11/H/case-112364_JAY_ANNOTATION.png,"[11,12]",1.07
regenerated_new/13/H/case-112364_JAY_ANNOTATION.png,"[12,13]",1.07
regenerated_new/14/H/case-112364_JAY_ANNOTATION.png,"[13,14]",1.07
regenerated_new/1/H/case-112387_JAY_ANNOTATION.png,"[1,11]",0.96
regenerated_new/2/H/case-112387_JAY_ANNOTATION.png,[],0.37
regenerated_new/3/H/case-112387_JAY_ANNOTATION.png,"[3,5]",0.84
regenerated_new/10/H/case-112387_JAY_ANNOTATION.png,"[10,11]",1.07
regenerated_new/11/H/case-112387_JAY_ANNOTATION.png,"[10,11]",1.07
regenerated_new/12/H/case-112387_JAY_ANNOTATION.png,"[11,12]",1.07
regenerated_new/13/H/case-112387_JAY_ANNOTATION.png,"[12,13]",1.07
regenerated_new/1/H/case-112425_JAY_ANNOTATION.png,"[1,11]",0.95
regenerated_new/3/H/case-112425_JAY_ANNOTATION.png,"[3,11]",0.95
regenerated_new/7/H/case-112425_JAY_ANNOTATION.png,"[7,8]",0.84
regenerated_new/10/H/case-112425_JAY_ANNOTATION.png,"[10,11]",1.07
regenerated_new/11/H/case-112425_JAY_ANNOTATION.png,"[10,11]",1.07
regenerated_new/13/H/case-112425_JAY_ANNOTATION.png,"[13,14]",1.07
regenerated_new/1/H/case-112437_JAY_ANNOTATION.png,"[1,11]",0.95
regenerated_new/3/H/case-112437_JAY_ANNOTATION.png,"[3,5]",0.84
regenerated_new/11/H/case-112437_JAY_ANNOTATION.png,"[11,12]",1.07
regenerated_new/1/H/case-112453_JAY_ANNOTATION.png,"[1,11]",0.95
regenerated_new/2/H/case-112453_JAY_ANNOTATION.png,"[2,4]",0.84
regenerated_new/4/H/case-112453_JAY_ANNOTATION.png,"[4,5]",0.83
regenerated_new/10/H/case-112453_JAY_ANNOTATION.png,"[1,10]",0.95
regenerated_new/11/H/case-112453_JAY_ANNOTATION.png,"[10,11]",1.07
regenerated_new/1/H/case-112536_JAY_ANNOTATION.png,"[1,11]",0.95
regenerated_new/2/H/case-112536_JAY_ANNOTATION.png,"[2,3]",0.84
regenerated_new/11/H/case-112536_JAY_ANNOTATION.png,"[11,12]",1.07
regenerated_new/12/H/case-112536_JAY_ANNOTATION.png,"[12,13]",1.07
regenerated_new/1/H/case-112545_JAY_ANNOTATION.png,"[1,10]",0.95
regenerated_new/3/H/case-112545_JAY_ANNOTATION.png,"[3,5]",0.84
regenerated_new/10/H/case-112545_JAY_ANNOTATION.png,"[10,11]",1.07
regenerated_new/11/H/case-112545_JAY_ANNOTATION.png,"[10,11]",1.07
regenerated_new/1/H/case-112559_JAY_ANNOTATION.png,"[1,10]",0.95
regenerated_new/2/H/case-112559_JAY_ANNOTATION.png,"[2,4]",0.84
regenerated_new/11/H/case-112559_JAY_ANNOTATION.png,"[11,13]",1.07
regenerated_new/12/H/case-112559_JAY_ANNOTATION.png,"[11,12]",1.07
regenerated_new/14/H/case-112559_JAY_ANNOTATION.png,"[11,14]",1.07
regenerated_new/2/H/case-100114_JAY_ANNOTATION.png,"[3,2]",58.56
regenerated_new/4/H/case-100114_JAY_ANNOTATION.png,"[15,15]",59.15
regenerated_new/5/H/case-100114_JAY_ANNOTATION.png,"[2,4]",48.84
regenerated_new/6/H/case-100114_JAY_ANNOTATION.png,"[15,15]",52.79
regenerated_new/8/H/case-100114_JAY_ANNOTATION.png,"[15,15]",59.16
regenerated_new/9/H/case-100114_JAY_ANNOTATION.png,"[15,15]",59.06
regenerated_new/10/H/case-100114_JAY_ANNOTATION.png,"[15,15]",59.24
regenerated_new/13/H/case-100114_JAY_ANNOTATION.png,"[15,15]",59.14
regenerated_new/14/H/case-100114_JAY_ANNOTATION.png,"[12,13]",57.64
regenerated_new/4/H/case-100129_JAY_ANNOTATION.png,"[15,15]",59.25
regenerated_new/5/H/case-100129_JAY_ANNOTATION.png,"[15,15]",59.22
regenerated_new/6/H/case-100129_JAY_ANNOTATION.png,"[15,15]",59.24
regenerated_new/7/H/case-100129_JAY_ANNOTATION.png,"[15,15]",59.13
regenerated_new/8/H/case-100129_JAY_ANNOTATION.png,"[15,15]",59.18
regenerated_new/9/H/case-100129_JAY_ANNOTATION.png,"[15,15]",59.29
regenerated_new/14/H/case-100129_JAY_ANNOTATION.png,"[15,15]",59.12
regenerated_new/3/H/case-100164_JAY_ANNOTATION.png,"[2,3]",57.32
regenerated_new/4/H/case-100164_JAY_ANNOTATION.png,"[15,15]",59.19
regenerated_new/5/H/case-100164_JAY_ANNOTATION.png,"[15,15]",59.49
regenerated_new/6/H/case-100164_JAY_ANNOTATION.png,"[99,99]",43.87
regenerated_new/7/H/case-100164_JAY_ANNOTATION.png,"[15,15]",58.97
regenerated_new/8/H/case-100164_JAY_ANNOTATION.png,"[4,5]",55.29
regenerated_new/9/H/case-100164_JAY_ANNOTATION.png,"[15,15]",59.07
regenerated_new/10/H/case-100164_JAY_ANNOTATION.png,"[10,11]",48.7
regenerated_new/11/H/case-100164_JAY_ANNOTATION.png,"[15,15]",58.98
regenerated_new/13/H/case-100164_JAY_ANNOTATION.png,"[15,15]",59.08
regenerated_new/14/H/case-100164_JAY_ANNOTATION.png,"[15,15]",59.26
regenerated_new/3/H/case-100229_JAY_ANNOTATION.png,"[2,4]",57.89
regenerated_new/4/H/case-100229_JAY_ANNOTATION.png,"[15,15]",59.17
regenerated_new/5/H/case-100229_JAY_ANNOTATION.png,"[15,15]",59.18
regenerated_new/6/H/case-100229_JAY_ANNOTATION.png,"[15,15]",59.15
regenerated_new/7/H/case-100229_JAY_ANNOTATION.png,"[15,15]",59.09
regenerated_new/8/H/case-100229_JAY_ANNOTATION.png,"[12,13]",49.88
regenerated_new/9/H/case-100229_JAY_ANNOTATION.png,"[15,15]",59.05
regenerated_new/13/H/case-100229_JAY_ANNOTATION.png,"[15,15]",59.13
regenerated_new/14/H/case-100229_JAY_ANNOTATION.png,"[15,15]",59.14
regenerated_new/2/H/case-100245_JAY_ANNOTATION.png,"[15,15]",59.85
regenerated_new/3/H/case-100245_JAY_ANNOTATION.png,"[10,11]",57.13
regenerated_new/4/H/case-100245_JAY_ANNOTATION.png,"[15,15]",58.97
regenerated_new/5/H/case-100245_JAY_ANNOTATION.png,"[15,15]",59.1
regenerated_new/6/H/case-100245_JAY_ANNOTATION.png,"[6,7]",55.16
regenerated_new/7/H/case-100245_JAY_ANNOTATION.png,"[15,15]",59.17
regenerated_new/8/H/case-100245_JAY_ANNOTATION.png,"[15,15]",59.73
regenerated_new/9/H/case-100245_JAY_ANNOTATION.png,"[15,15]",59.18
regenerated_new/11/H/case-100245_JAY_ANNOTATION.png,"[11,13]",58.4
regenerated_new/2/H/case-100247_JAY_ANNOTATION.png,"[2,4]",47.78
regenerated_new/3/H/case-100247_JAY_ANNOTATION.png,"[8,9]",42.61
regenerated_new/5/H/case-100247_JAY_ANNOTATION.png,"[15,15]",59.13
regenerated_new/6/H/case-100247_JAY_ANNOTATION.png,"[15,15]",59.18
regenerated_new/7/H/case-100247_JAY_ANNOTATION.png,"[15,15]",59.14
regenerated_new/8/H/case-100247_JAY_ANNOTATION.png,"[15,15]",59.3
regenerated_new/9/H/case-100247_JAY_ANNOTATION.png,"[15,15]",59.14
regenerated_new/10/H/case-100247_JAY_ANNOTATION.png,"[15,15]",59.31
regenerated_new/13/H/case-100247_JAY_ANNOTATION.png,"[15,15]",59.31
regenerated_new/14/H/case-100247_JAY_ANNOTATION.png,"[15,15]",59.28
regenerated_new/2/H/case-100254_JAY_ANNOTATION.png,"[15,15]",59.64
regenerated_new/3/H/case-100254_JAY_ANNOTATION.png,"[2,5]",56.86
regenerated_new/4/H/case-100254_JAY_ANNOTATION.png,"[15,15]",58.96
regenerated_new/5/H/case-100254_JAY_ANNOTATION.png,"[15,15]",59.05
regenerated_new/6/H/case-100254_JAY_ANNOTATION.png,"[10,11]",56.57
regenerated_new/7/H/case-100254_JAY_ANNOTATION.png,"[0,0]",56.12
regenerated_new/8/H/case-100254_JAY_ANNOTATION.png,"[15,15]",59.13
regenerated_new/9/H/case-100254_JAY_ANNOTATION.png,"[15,15]",59.11
regenerated_new/10/H/case-100254_JAY_ANNOTATION.png,"[15,15]",59.16
regenerated_new/14/H/case-100254_JAY_ANNOTATION.png,"[15,15]",59.17
regenerated_new/4/H/case-100265_JAY_ANNOTATION.png,"[15,15]",59.24
regenerated_new/5/H/case-100265_JAY_ANNOTATION.png,"[15,15]",59.16
regenerated_new/6/H/case-100265_JAY_ANNOTATION.png,"[4,5]",46.6
regenerated_new/8/H/case-100265_JAY_ANNOTATION.png,"[15,15]",59.19
regenerated_new/9/H/case-100265_JAY_ANNOTATION.png,"[15,15]",59.22
regenerated_new/12/H/case-100265_JAY_ANNOTATION.png,"[15,15]",59.51
regenerated_new/13/H/case-100265_JAY_ANNOTATION.png,"[15,15]",59.1
regenerated_new/2/H/case-100304_JAY_ANNOTATION.png,"[15,15]",59.12
regenerated_new/4/H/case-100304_JAY_ANNOTATION.png,"[15,15]",59.75
regenerated_new/5/H/case-100304_JAY_ANNOTATION.png,"[12,13]",48.17
regenerated_new/6/H/case-100304_JAY_ANNOTATION.png,"[2,4]",54.75
regenerated_new/7/H/case-100304_JAY_ANNOTATION.png,"[15,15]",59.02
regenerated_new/8/H/case-100304_JAY_ANNOTATION.png,"[15,15]",58.97
regenerated_new/9/H/case-100304_JAY_ANNOTATION.png,"[15,15]",59.04
regenerated_new/12/H/case-100304_JAY_ANNOTATION.png,"[15,15]",59.07
regenerated_new/14/H/case-100304_JAY_ANNOTATION.png,"[15,15]",59.08
regenerated_new/2/H/case-100308_JAY_ANNOTATION.png,"[15,15]",59.21
regenerated_new/3/H/case-100308_JAY_ANNOTATION.png,"[15,15]",59.15
regenerated_new/4/H/case-100308_JAY_ANNOTATION.png,"[2,6]",45.38
regenerated_new/5/H/case-100308_JAY_ANNOTATION.png,"[15,15]",59.14
regenerated_new/6/H/case-100308_JAY_ANNOTATION.png,"[15,15]",59.26
regenerated_new/7/H/case-100308_JAY_ANNOTATION.png,"[15,15]",59.23
regenerated_new/8/H/case-100308_JAY_ANNOTATION.png,"[15,15]",59.21
regenerated_new/9/H/case-100308_JAY_ANNOTATION.png,"[15,15]",59.19
regenerated_new/12/H/case-100308_JAY_ANNOTATION.png,"[15,15]",59.16
regenerated_new/13/H/case-100308_JAY_ANNOTATION.png,"[15,15]",59.17
regenerated_new/14/H/case-100308_JAY_ANNOTATION.png,"[10,11]",51.28
regenerated_new/4/H/case-100359_JAY_ANNOTATION.png,"[15,15]",59.87
regenerated_new/5/H/case-100359_JAY_ANNOTATION.png,"[12,13]",48.31
regenerated_new/6/H/case-100359_JAY_ANNOTATION.png,"[15,15]",59.04
regenerated_new/8/H/case-100359_JAY_ANNOTATION.png,"[15,15]",59.15
regenerated_new/9/H/case-100359_JAY_ANNOTATION.png,"[15,15]",59.2
regenerated_new/13/H/case-100359_JAY_ANNOTATION.png,"[15,15]",59.02
regenerated_new/14/H/case-100359_JAY_ANNOTATION.png,"[15,15]",59.11
regenerated_new/2/H/case-100366_JAY_ANNOTATION.png,"[15,15]",59.04
regenerated_new/3/H/case-100366_JAY_ANNOTATION.png,"[15,15]",59.11
regenerated_new/4/H/case-100366_JAY_ANNOTATION.png,"[10,11]",58.0
regenerated_new/5/H/case-100366_JAY_ANNOTATION.png,"[15,15]",59.12
regenerated_new/6/H/case-100366_JAY_ANNOTATION.png,"[2,4]",58.05
regenerated_new/7/H/case-100366_JAY_ANNOTATION.png,"[15,15]",59.09
regenerated_new/8/H/case-100366_JAY_ANNOTATION.png,"[15,15]",59.12
regenerated_new/9/H/case-100366_JAY_ANNOTATION.png,"[15,15]",59.09
regenerated_new/10/H/case-100366_JAY_ANNOTATION.png,"[15,15]",59.08
regenerated_new/11/H/case-100366_JAY_ANNOTATION.png,"[15,15]",59.15
regenerated_new/13/H/case-100366_JAY_ANNOTATION.png,"[15,15]",59.2
regenerated_new/14/H/case-100366_JAY_ANNOTATION.png,"[15,15]",59.63
regenerated_new/2/H/case-100369_JAY_ANNOTATION.png,"[2,4]",57.23
regenerated_new/3/H/case-100369_JAY_ANNOTATION.png,"[2,4]",57.6
regenerated_new/4/H/case-100369_JAY_ANNOTATION.png,"[15,15]",59.2
regenerated_new/5/H/case-100369_JAY_ANNOTATION.png,"[15,15]",59.08
regenerated_new/6/H/case-100369_JAY_ANNOTATION.png,"[6,7]",57.15
regenerated_new/7/H/case-100369_JAY_ANNOTATION.png,"[15,15]",59.09
regenerated_new/8/H/case-100369_JAY_ANNOTATION.png,"[15,15]",59.37
regenerated_new/9/H/case-100369_JAY_ANNOTATION.png,"[15,15]",59.31
regenerated_new/12/H/case-100369_JAY_ANNOTATION.png,"[15,15]",59.12
regenerated_new/13/H/case-100369_JAY_ANNOTATION.png,"[15,15]",59.23
regenerated_new/14/H/case-100369_JAY_ANNOTATION.png,"[15,15]",59.13
regenerated_new/2/H/case-100371_JAY_ANNOTATION.png,"[2,4]",58.33
regenerated_new/7/H/case-100371_JAY_ANNOTATION.png,"[10,11]",43.95
regenerated_new/8/H/case-100371_JAY_ANNOTATION.png,"[15,15]",59.13
regenerated_new/9/H/case-100371_JAY_ANNOTATION.png,"[15,15]",59.09
regenerated_new/13/H/case-100371_JAY_ANNOTATION.png,"[15,15]",59.1
regenerated_new/14/H/case-100371_JAY_ANNOTATION.png,"[4,5]",59.07
regenerated_new/3/H/case-100515_JAY_ANNOTATION.png,"[15,15]",59.05
regenerated_new/4/H/case-100515_JAY_ANNOTATION.png,"[15,15]",59.6
regenerated_new/5/H/case-100515_JAY_ANNOTATION.png,"[10,13]",58.67
regenerated_new/6/H/case-100515_JAY_ANNOTATION.png,"[15,15]",58.98
regenerated_new/7/H/case-100515_JAY_ANNOTATION.png,"[15,15]",58.99
regenerated_new/8/H/case-100515_JAY_ANNOTATION.png,"[15,15]",59.03
regenerated_new/9/H/case-100515_JAY_ANNOTATION.png,"[15,15]",59.02
regenerated_new/13/H/case-100515_JAY_ANNOTATION.png,"[15,15]",59.15
regenerated_new/2/H/case-100518_JAY_ANNOTATION.png,"[6,7]",56.84
regenerated_new/3/H/case-100518_JAY_ANNOTATION.png,"[3,5]",56.28
regenerated_new/4/H/case-100518_JAY_ANNOTATION.png,"[2,4]",51.55
regenerated_new/5/H/case-100518_JAY_ANNOTATION.png,"[15,15]",59.1
regenerated_new/7/H/case-100518_JAY_ANNOTATION.png,"[20,21]",43.45
regenerated_new/8/H/case-100518_JAY_ANNOTATION.png,"[15,15]",59.08
regenerated_new/9/H/case-100518_JAY_ANNOTATION.png,"[15,15]",59.15
regenerated_new/12/H/case-100518_JAY_ANNOTATION.png,"[15,15]",59.28
regenerated_new/13/H/case-100518_JAY_ANNOTATION.png,"[15,15]",59.33
regenerated_new/14/H/case-100518_JAY_ANNOTATION.png,"[15,15]",59.11
regenerated_new/3/H/case-100541_JAY_ANNOTATION.png,"[15,15]",59.09
regenerated_new/4/H/case-100541_JAY_ANNOTATION.png,"[15,15]",59.6
regenerated_new/5/H/case-100541_JAY_ANNOTATION.png,"[15,15]",59.04
regenerated_new/6/H/case-100541_JAY_ANNOTATION.png,"[15,15]",59.13
regenerated_new/7/H/case-100541_JAY_ANNOTATION.png,"[15,15]",59.13
regenerated_new/8/H/case-100541_JAY_ANNOTATION.png,"[15,15]",59.17
regenerated_new/9/H/case-100541_JAY_ANNOTATION.png,"[15,15]",59.12
regenerated_new/13/H/case-100541_JAY_ANNOTATION.png,"[15,15]",59.18
regenerated_new/14/H/case-100541_JAY_ANNOTATION.png,"[15,15]",59.19
regenerated_new/2/H/case-100585_JAY_ANNOTATION.png,"[2,3]",46.73
regenerated_new/4/H/case-100585_JAY_ANNOTATION.png,"[15,15]",59.21
regenerated_new/5/H/case-100585_JAY_ANNOTATION.png,"[15,15]",59.12
regenerated_new/7/H/case-100585_JAY_ANNOTATION.png,"[15,15]",59.21
regenerated_new/8/H/case-100585_JAY_ANNOTATION.png,"[15,15]",59.23
regenerated_new/9/H/case-100585_JAY_ANNOTATION.png,"[15,15]",59.15
regenerated_new/11/H/case-100585_JAY_ANNOTATION.png,"[15,15]",59.12
regenerated_new/14/H/case-100585_JAY_ANNOTATION.png,"[10,11]",46.05
regenerated_new/4/H/case-100591_JAY_ANNOTATION.png,"[15,15]",59.11
regenerated_new/5/H/case-100591_JAY_ANNOTATION.png,"[15,15]",59.21
regenerated_new/6/H/case-100591_JAY_ANNOTATION.png,"[15,15]",59.78
regenerated_new/7/H/case-100591_JAY_ANNOTATION.png,"[15,15]",59.05
regenerated_new/8/H/case-100591_JAY_ANNOTATION.png,"[15,15]",58.98
regenerated_new/9/H/case-100591_JAY_ANNOTATION.png,"[15,15]",59.03
regenerated_new/12/H/case-100591_JAY_ANNOTATION.png,"[15,15]",59.05
regenerated_new/13/H/case-100591_JAY_ANNOTATION.png,"[15,15]",59.12
regenerated_new/14/H/case-100591_JAY_ANNOTATION.png,"[15,15]",59.22
regenerated_new/3/H/case-100702_JAY_ANNOTATION.png,"[15,15]",59.13
regenerated_new/4/H/case-100702_JAY_ANNOTATION.png,"[15,15]",59.22
regenerated_new/5/H/case-100702_JAY_ANNOTATION.png,"[15,15]",59.23
regenerated_new/6/H/case-100702_JAY_ANNOTATION.png,"[15,15]",59.19
regenerated_new/7/H/case-100702_JAY_ANNOTATION.png,"[10,11]",57.51
regenerated_new/8/H/case-100702_JAY_ANNOTATION.png,"[15,15]",59.12
regenerated_new/9/H/case-100702_JAY_ANNOTATION.png,"[15,15]",59.14
regenerated_new/12/H/case-100702_JAY_ANNOTATION.png,"[15,15]",59.2
regenerated_new/13/H/case-100702_JAY_ANNOTATION.png,"[15,15]",59.17
regenerated_new/14/H/case-100702_JAY_ANNOTATION.png,"[15,15]",59.13
regenerated_new/2/H/case-100770_JAY_ANNOTATION.png,"[2,3]",53.0
regenerated_new/4/H/case-100770_JAY_ANNOTATION.png,"[11,10]",58.35
regenerated_new/5/H/case-100770_JAY_ANNOTATION.png,"[15,15]",59.57
regenerated_new/6/H/case-100770_JAY_ANNOTATION.png,"[15,15]",58.95
regenerated_new/7/H/case-100770_JAY_ANNOTATION.png,"[15,15]",59.03
regenerated_new/8/H/case-100770_JAY_ANNOTATION.png,"[15,15]",59.03
regenerated_new/9/H/case-100770_JAY_ANNOTATION.png,"[15,15]",59.0
regenerated_new/10/H/case-100770_JAY_ANNOTATION.png,"[15,15]",59.11
regenerated_new/12/H/case-100770_JAY_ANNOTATION.png,"[15,15]",59.06
regenerated_new/14/H/case-100770_JAY_ANNOTATION.png,"[15,15]",59.08
regenerated_new/3/H/case-100779_JAY_ANNOTATION.png,"[15,15]",59.06
regenerated_new/4/H/case-100779_JAY_ANNOTATION.png,"[15,15]",59.05
regenerated_new/5/H/case-100779_JAY_ANNOTATION.png,"[15,15]",59.11
regenerated_new/6/H/case-100779_JAY_ANNOTATION.png,"[15,15]",59.1
regenerated_new/7/H/case-100779_JAY_ANNOTATION.png,"[15,15]",59.04
regenerated_new/8/H/case-100779_JAY_ANNOTATION.png,"[15,15]",59.09
regenerated_new/9/H/case-100779_JAY_ANNOTATION.png,"[15,15]",59.18
regenerated_new/10/H/case-100779_JAY_ANNOTATION.png,"[10,11]",57.75
regenerated_new/14/H/case-100779_JAY_ANNOTATION.png,"[15,15]",59.08
regenerated_new/2/H/case-100863_JAY_ANNOTATION.png,"[15,15]",59.23
regenerated_new/4/H/case-100863_JAY_ANNOTATION.png,"[15,15]",59.45
regenerated_new/5/H/case-100863_JAY_ANNOTATION.png,"[15,15]",58.98
regenerated_new/6/H/case-100863_JAY_ANNOTATION.png,"[15,15]",58.94
regenerated_new/7/H/case-100863_JAY_ANNOTATION.png,"[15,15]",58.94
regenerated_new/8/H/case-100863_JAY_ANNOTATION.png,"[15,15]",59.02
regenerated_new/9/H/case-100863_JAY_ANNOTATION.png,"[15,15]",59.12
regenerated_new/10/H/case-100863_JAY_ANNOTATION.png,"[15,15]",59.2
regenerated_new/13/H/case-100863_JAY_ANNOTATION.png,"[15,15]",59.15
regenerated_new/14/H/case-100863_JAY_ANNOTATION.png,"[15,15]",58.99
regenerated_new/2/H/case-100915_JAY_ANNOTATION.png,"[2,4]",52.25
regenerated_new/4/H/case-100915_JAY_ANNOTATION.png,"[15,15]",59.22
regenerated_new/5/H/case-100915_JAY_ANNOTATION.png,"[15,15]",59.04
regenerated_new/6/H/case-100915_JAY_ANNOTATION.png,"[15,15]",59.23
regenerated_new/7/H/case-100915_JAY_ANNOTATION.png,"[14,10]",58.62
regenerated_new/8/H/case-100915_JAY_ANNOTATION.png,"[15,15]",59.2
regenerated_new/9/H/case-100915_JAY_ANNOTATION.png,"[15,15]",59.07
regenerated_new/13/H/case-100915_JAY_ANNOTATION.png,"[15,15]",59.18
regenerated_new/14/H/case-100915_JAY_ANNOTATION.png,"[15,15]",59.14
regenerated_new/2/H/case-100917_JAY_ANNOTATION.png,"[15,15]",59.53
regenerated_new/4/H/case-100917_JAY_ANNOTATION.png,"[15,15]",58.95
regenerated_new/5/H/case-100917_JAY_ANNOTATION.png,"[15,15]",59.09
regenerated_new/6/H/case-100917_JAY_ANNOTATION.png,"[15,15]",59.03
regenerated_new/7/H/case-100917_JAY_ANNOTATION.png,"[15,15]",59.12
regenerated_new/8/H/case-100917_JAY_ANNOTATION.png,"[15,15]",59.09
regenerated_new/9/H/case-100917_JAY_ANNOTATION.png,"[15,15]",59.14
regenerated_new/10/H/case-100917_JAY_ANNOTATION.png,"[15,15]",59.18
regenerated_new/12/H/case-100917_JAY_ANNOTATION.png,"[15,15]",59.26
regenerated_new/13/H/case-100917_JAY_ANNOTATION.png,"[15,15]",59.1
regenerated_new/14/H/case-100917_JAY_ANNOTATION.png,"[15,15]",59.08
regenerated_new/4/H/case-101045_JAY_ANNOTATION.png,"[15,15]",59.12
regenerated_new/5/H/case-101045_JAY_ANNOTATION.png,"[15,15]",59.17
regenerated_new/6/H/case-101045_JAY_ANNOTATION.png,"[15,15]",59.09
regenerated_new/7/H/case-101045_JAY_ANNOTATION.png,"[15,15]",59.26
regenerated_new/8/H/case-101045_JAY_ANNOTATION.png,"[15,15]",59.28
regenerated_new/9/H/case-101045_JAY_ANNOTATION.png,"[15,15]",59.12
regenerated_new/13/H/case-101045_JAY_ANNOTATION.png,"[15,15]",59.11
regenerated_new/14/H/case-101045_JAY_ANNOTATION.png,"[15,15]",59.62
regenerated_new/3/H/case-101074_JAY_ANNOTATION.png,"[15,15]",58.96
regenerated_new/4/H/case-101074_JAY_ANNOTATION.png,"[15,15]",59.13
regenerated_new/5/H/case-101074_JAY_ANNOTATION.png,"[15,15]",58.99
regenerated_new/6/H/case-101074_JAY_ANNOTATION.png,"[15,15]",59.12
regenerated_new/7/H/case-101074_JAY_ANNOTATION.png,"[2,4]",48.37
regenerated_new/8/H/case-101074_JAY_ANNOTATION.png,"[10,14]",56.48
regenerated_new/9/H/case-101074_JAY_ANNOTATION.png,"[15,15]",59.08
regenerated_new/10/H/case-101074_JAY_ANNOTATION.png,"[15,15]",59.07
regenerated_new/11/H/case-101074_JAY_ANNOTATION.png,"[15,15]",59.12
regenerated_new/13/H/case-101074_JAY_ANNOTATION.png,"[15,15]",59.13
regenerated_new/14/H/case-101074_JAY_ANNOTATION.png,"[15,15]",59.14
regenerated_new/2/H/case-101133_JAY_ANNOTATION.png,"[2,6]",58.41
regenerated_new/4/H/case-101133_JAY_ANNOTATION.png,"[15,15]",59.04
regenerated_new/5/H/case-101133_JAY_ANNOTATION.png,"[15,15]",59.18
regenerated_new/6/H/case-101133_JAY_ANNOTATION.png,"[15,15]",59.13
regenerated_new/7/H/case-101133_JAY_ANNOTATION.png,"[1,10]",47.4
regenerated_new/8/H/case-101133_JAY_ANNOTATION.png,"[15,15]",59.1
regenerated_new/9/H/case-101133_JAY_ANNOTATION.png,"[15,15]",59.69
regenerated_new/10/H/case-101133_JAY_ANNOTATION.png,"[15,15]",58.91
regenerated_new/12/H/case-101133_JAY_ANNOTATION.png,"[15,15]",59.01
regenerated_new/13/H/case-101133_JAY_ANNOTATION.png,"[15,15]",59.03
regenerated_new/14/H/case-101133_JAY_ANNOTATION.png,"[15,15]",58.99
regenerated_new/3/H/case-101195_JAY_ANNOTATION.png,"[15,15]",59.12
regenerated_new/4/H/case-101195_JAY_ANNOTATION.png,"[15,15]",59.17
regenerated_new/5/H/case-101195_JAY_ANNOTATION.png,"[15,15]",59.13
regenerated_new/7/H/case-101195_JAY_ANNOTATION.png,"[15,15]",59.25
regenerated_new/8/H/case-101195_JAY_ANNOTATION.png,"[15,15]",59.12
regenerated_new/9/H/case-101195_JAY_ANNOTATION.png,"[15,15]",59.11
regenerated_new/12/H/case-101195_JAY_ANNOTATION.png,"[15,15]",59.1
regenerated_new/14/H/case-101195_JAY_ANNOTATION.png,"[15,15]",59.37
regenerated_new/2/H/case-101206_JAY_ANNOTATION.png,"[15,15]",59.18
regenerated_new/6/H/case-101206_JAY_ANNOTATION.png,"[15,15]",59.12
regenerated_new/7/H/case-101206_JAY_ANNOTATION.png,"[15,15]",59.17
regenerated_new/8/H/case-101206_JAY_ANNOTATION.png,"[15,15]",59.15
regenerated_new/9/H/case-101206_JAY_ANNOTATION.png,"[15,15]",59.15
regenerated_new/10/H/case-101206_JAY_ANNOTATION.png,"[15,15]",59.66
regenerated_new/12/H/case-101206_JAY_ANNOTATION.png,"[15,15]",58.98
regenerated_new/13/H/case-101206_JAY_ANNOTATION.png,"[15,15]",59.22
regenerated_new/14/H/case-101206_JAY_ANNOTATION.png,"[15,15]",59.06
regenerated_new/2/H/case-101362_JAY_ANNOTATION.png,"[2,1]",49.96
regenerated_new/3/H/case-101362_JAY_ANNOTATION.png,"[15,15]",59.06
regenerated_new/4/H/case-101362_JAY_ANNOTATION.png,"[15,15]",59.13
regenerated_new/5/H/case-101362_JAY_ANNOTATION.png,"[15,15]",59.13
regenerated_new/6/H/case-101362_JAY_ANNOTATION.png,"[15,15]",59.06
regenerated_new/8/H/case-101362_JAY_ANNOTATION.png,"[15,15]",59.18
regenerated_new/9/H/case-101362_JAY_ANNOTATION.png,"[15,15]",59.15
regenerated_new/10/H/case-101362_JAY_ANNOTATION.png,"[15,15]",59.18
regenerated_new/12/H/case-101362_JAY_ANNOTATION.png,"[6,7]",50.71
regenerated_new/13/H/case-101362_JAY_ANNOTATION.png,"[15,15]",59.22
regenerated_new/14/H/case-101362_JAY_ANNOTATION.png,"[15,15]",59.22
regenerated_new/2/H/case-101367_JAY_ANNOTATION.png,"[15,15]",59.11
regenerated_new/4/H/case-101367_JAY_ANNOTATION.png,"[15,15]",59.13
regenerated_new/5/H/case-101367_JAY_ANNOTATION.png,"[15,15]",59.18
regenerated_new/6/H/case-101367_JAY_ANNOTATION.png,"[15,15]",59.04
regenerated_new/7/H/case-101367_JAY_ANNOTATION.png,"[15,15]",59.53
regenerated_new/8/H/case-101367_JAY_ANNOTATION.png,"[15,15]",59.07
regenerated_new/9/H/case-101367_JAY_ANNOTATION.png,"[15,15]",58.99
regenerated_new/10/H/case-101367_JAY_ANNOTATION.png,"[15,15]",59.06
regenerated_new/13/H/case-101367_JAY_ANNOTATION.png,"[15,15]",59.03
regenerated_new/14/H/case-101367_JAY_ANNOTATION.png,"[15,15]",59.18
regenerated_new/2/H/case-101409_JAY_ANNOTATION.png,"[2,3]",51.87
regenerated_new/3/H/case-101409_JAY_ANNOTATION.png,"[15,15]",59.15
regenerated_new/4/H/case-101409_JAY_ANNOTATION.png,"[15,15]",59.2
regenerated_new/5/H/case-101409_JAY_ANNOTATION.png,"[15,15]",59.08
regenerated_new/6/H/case-101409_JAY_ANNOTATION.png,"[2,3]",58.14
regenerated_new/8/H/case-101409_JAY_ANNOTATION.png,"[15,15]",59.0
regenerated_new/9/H/case-101409_JAY_ANNOTATION.png,"[15,15]",59.04
regenerated_new/13/H/case-101409_JAY_ANNOTATION.png,"[15,15]",59.0
regenerated_new/14/H/case-101409_JAY_ANNOTATION.png,"[15,15]",59.02
regenerated_new/3/H/case-101413_JAY_ANNOTATION.png,"[2,5]",53.28
regenerated_new/4/H/case-101413_JAY_ANNOTATION.png,"[15,15]",59.08
regenerated_new/5/H/case-101413_JAY_ANNOTATION.png,"[15,15]",59.33
regenerated_new/6/H/case-101413_JAY_ANNOTATION.png,"[15,15]",59.59
regenerated_new/8/H/case-101413_JAY_ANNOTATION.png,"[15,15]",58.91
regenerated_new/9/H/case-101413_JAY_ANNOTATION.png,"[15,15]",58.96
regenerated_new/13/H/case-101413_JAY_ANNOTATION.png,"[15,15]",58.97
regenerated_new/14/H/case-101413_JAY_ANNOTATION.png,"[15,15]",59.03
regenerated_new/2/H/case-101447_JAY_ANNOTATION.png,"[15,15]",59.08
regenerated_new/4/H/case-101447_JAY_ANNOTATION.png,"[15,15]",59.16
regenerated_new/5/H/case-101447_JAY_ANNOTATION.png,"[10,11]",55.59
regenerated_new/6/H/case-101447_JAY_ANNOTATION.png,"[15,15]",59.08
regenerated_new/7/H/case-101447_JAY_ANNOTATION.png,"[15,15]",59.09
regenerated_new/8/H/case-101447_JAY_ANNOTATION.png,"[15,15]",59.16
regenerated_new/9/H/case-101447_JAY_ANNOTATION.png,"[15,15]",59.26
regenerated_new/13/H/case-101447_JAY_ANNOTATION.png,"[15,15]",59.19
regenerated_new/14/H/case-101447_JAY_ANNOTATION.png,"[15,15]",59.04
regenerated_new/2/H/case-101510_JAY_ANNOTATION.png,"[2,4]",54.38
regenerated_new/4/H/case-101510_JAY_ANNOTATION.png,"[15,15]",59.13
regenerated_new/5/H/case-101510_JAY_ANNOTATION.png,"[10,11]",58.13
regenerated_new/6/H/case-101510_JAY_ANNOTATION.png,"[15,15]",59.15
regenerated_new/7/H/case-101510_JAY_ANNOTATION.png,"[15,15]",59.56
regenerated_new/8/H/case-101510_JAY_ANNOTATION.png,"[15,15]",58.99
regenerated_new/9/H/case-101510_JAY_ANNOTATION.png,"[15,15]",59.01
regenerated_new/10/H/case-101510_JAY_ANNOTATION.png,"[15,15]",59.19
regenerated_new/12/H/case-101510_JAY_ANNOTATION.png,"[15,15]",59.08
regenerated_new/13/H/case-101510_JAY_ANNOTATION.png,"[15,15]",59.15
regenerated_new/2/H/case-101540_JAY_ANNOTATION.png,"[15,15]",59.0
regenerated_new/3/H/case-101540_JAY_ANNOTATION.png,"[2,3]",58.9
regenerated_new/4/H/case-101540_JAY_ANNOTATION.png,"[15,15]",59.04
regenerated_new/5/H/case-101540_JAY_ANNOTATION.png,"[15,15]",59.08
regenerated_new/6/H/case-101540_JAY_ANNOTATION.png,"[8,9]",57.35
regenerated_new/7/H/case-101540_JAY_ANNOTATION.png,"[15,15]",59.12
regenerated_new/8/H/case-101540_JAY_ANNOTATION.png,"[15,15]",59.15
regenerated_new/9/H/case-101540_JAY_ANNOTATION.png,"[15,15]",59.14
regenerated_new/10/H/case-101540_JAY_ANNOTATION.png,"[15,15]",59.11
regenerated_new/12/H/case-101540_JAY_ANNOTATION.png,"[15,15]",59.15
regenerated_new/13/H/case-101540_JAY_ANNOTATION.png,"[15,15]",59.25
regenerated_new/14/H/case-101540_JAY_ANNOTATION.png,"[15,15]",59.19
regenerated_new/2/H/case-101581_JAY_ANNOTATION.png,"[15,15]",59.64
regenerated_new/4/H/case-101581_JAY_ANNOTATION.png,"[15,15]",59.03
regenerated_new/5/H/case-101581_JAY_ANNOTATION.png,"[15,15]",58.9
regenerated_new/6/H/case-101581_JAY_ANNOTATION.png,"[15,15]",58.97
regenerated_new/7/H/case-101581_JAY_ANNOTATION.png,"[15,15]",59.01
regenerated_new/8/H/case-101581_JAY_ANNOTATION.png,"[15,15]",59.01
regenerated_new/9/H/case-101581_JAY_ANNOTATION.png,"[15,15]",59.16
regenerated_new/10/H/case-101581_JAY_ANNOTATION.png,"[15,15]",59.02
regenerated_new/11/H/case-101581_JAY_ANNOTATION.png,"[15,15]",59.17
regenerated_new/12/H/case-101581_JAY_ANNOTATION.png,"[12,13]",56.96
regenerated_new/14/H/case-101581_JAY_ANNOTATION.png,"[15,15]",59.06
regenerated_new/5/H/case-101599_JAY_ANNOTATION.png,"[15,15]",59.16
regenerated_new/6/H/case-101599_JAY_ANNOTATION.png,"[15,15]",59.08
regenerated_new/7/H/case-101599_JAY_ANNOTATION.png,"[15,15]",59.05
regenerated_new/8/H/case-101599_JAY_ANNOTATION.png,"[15,15]",59.01
regenerated_new/9/H/case-101599_JAY_ANNOTATION.png,"[15,15]",59.1
regenerated_new/13/H/case-101599_JAY_ANNOTATION.png,"[15,15]",59.16
regenerated_new/14/H/case-101599_JAY_ANNOTATION.png,"[15,15]",59.07
regenerated_new/3/H/case-101625_JAY_ANNOTATION.png,"[4,5]",57.62
regenerated_new/4/H/case-101625_JAY_ANNOTATION.png,"[2,3]",53.06
regenerated_new/5/H/case-101625_JAY_ANNOTATION.png,"[10,14]",56.71
regenerated_new/6/H/case-101625_JAY_ANNOTATION.png,"[4,5]",42.56
regenerated_new/7/H/case-101625_JAY_ANNOTATION.png,"[15,15]",59.1
regenerated_new/8/H/case-101625_JAY_ANNOTATION.png,"[2,3]",49.48
regenerated_new/9/H/case-101625_JAY_ANNOTATION.png,"[13,14]",58.47
regenerated_new/10/H/case-101625_JAY_ANNOTATION.png,"[15,15]",59.15
regenerated_new/13/H/case-101625_JAY_ANNOTATION.png,"[15,15]",59.24
regenerated_new/14/H/case-101625_JAY_ANNOTATION.png,"[10,11]",56.31
regenerated_new/2/H/case-101641_JAY_ANNOTATION.png,"[15,15]",59.16
regenerated_new/3/H/case-101641_JAY_ANNOTATION.png,"[15,15]",59.09
regenerated_new/4/H/case-101641_JAY_ANNOTATION.png,"[15,15]",59.33
regenerated_new/5/H/case-101641_JAY_ANNOTATION.png,"[1,11]",58.45
regenerated_new/6/H/case-101641_JAY_ANNOTATION.png,"[6,7]",51.06
regenerated_new/7/H/case-101641_JAY_ANNOTATION.png,"[15,15]",59.15
regenerated_new/8/H/case-101641_JAY_ANNOTATION.png,"[15,15]",59.16
regenerated_new/10/H/case-101641_JAY_ANNOTATION.png,"[15,15]",59.22
regenerated_new/12/H/case-101641_JAY_ANNOTATION.png,"[15,15]",59.13
regenerated_new/13/H/case-101641_JAY_ANNOTATION.png,"[15,15]",59.51
regenerated_new/14/H/case-101641_JAY_ANNOTATION.png,"[15,15]",59.05
regenerated_new/2/H/case-101857_JAY_ANNOTATION.png,"[4,5]",54.62
regenerated_new/3/H/case-101857_JAY_ANNOTATION.png,"[6,14]",58.07
regenerated_new/4/H/case-101857_JAY_ANNOTATION.png,"[15,15]",59.0
regenerated_new/5/H/case-101857_JAY_ANNOTATION.png,"[15,15]",59.05
regenerated_new/6/H/case-101857_JAY_ANNOTATION.png,"[15,15]",59.23
regenerated_new/7/H/case-101857_JAY_ANNOTATION.png,"[15,15]",59.05
regenerated_new/8/H/case-101857_JAY_ANNOTATION.png,"[15,15]",59.04
regenerated_new/9/H/case-101857_JAY_ANNOTATION.png,"[15,15]",59.35
regenerated_new/10/H/case-101857_JAY_ANNOTATION.png,"[15,15]",59.16
regenerated_new/13/H/case-101857_JAY_ANNOTATION.png,"[15,15]",59.1
regenerated_new/14/H/case-101857_JAY_ANNOTATION.png,"[15,15]",59.08
regenerated_new/2/H/case-101860_JAY_ANNOTATION.png,"[3,7]",56.02
regenerated_new/3/H/case-101860_JAY_ANNOTATION.png,"[4,5]",52.86
regenerated_new/4/H/case-101860_JAY_ANNOTATION.png,"[15,15]",59.28
regenerated_new/5/H/case-101860_JAY_ANNOTATION.png,"[15,15]",59.08
regenerated_new/6/H/case-101860_JAY_ANNOTATION.png,"[4,5]",45.21
regenerated_new/8/H/case-101860_JAY_ANNOTATION.png,"[15,15]",59.76
regenerated_new/9/H/case-101860_JAY_ANNOTATION.png,"[15,15]",59.02
regenerated_new/10/H/case-101860_JAY_ANNOTATION.png,"[15,15]",59.08
regenerated_new/12/H/case-101860_JAY_ANNOTATION.png,"[4,5]",57.51
regenerated_new/13/H/case-101860_JAY_ANNOTATION.png,"[15,15]",58.97
regenerated_new/4/H/case-101885_JAY_ANNOTATION.png,"[15,15]",59.04
regenerated_new/5/H/case-101885_JAY_ANNOTATION.png,"[15,15]",59.05
regenerated_new/6/H/case-101885_JAY_ANNOTATION.png,"[2,3]",58.98
regenerated_new/7/H/case-101885_JAY_ANNOTATION.png,"[6,7]",58.73
regenerated_new/8/H/case-101885_JAY_ANNOTATION.png,"[10,11]",41.73
regenerated_new/9/H/case-101885_JAY_ANNOTATION.png,"[15,15]",59.07
regenerated_new/11/H/case-101885_JAY_ANNOTATION.png,"[15,15]",59.14
regenerated_new/13/H/case-101885_JAY_ANNOTATION.png,"[15,15]",59.06
regenerated_new/14/H/case-101885_JAY_ANNOTATION.png,"[15,15]",59.35
regenerated_new/2/H/case-101937_JAY_ANNOTATION.png,"[4,5]",55.24
regenerated_new/3/H/case-101937_JAY_ANNOTATION.png,"[15,15]",59.24
regenerated_new/4/H/case-101937_JAY_ANNOTATION.png,"[15,15]",59.33
regenerated_new/5/H/case-101937_JAY_ANNOTATION.png,"[15,15]",59.12
regenerated_new/6/H/case-101937_JAY_ANNOTATION.png,"[2,3]",43.87
regenerated_new/7/H/case-101937_JAY_ANNOTATION.png,"[15,15]",59.7
regenerated_new/8/H/case-101937_JAY_ANNOTATION.png,"[15,15]",58.93
regenerated_new/9/H/case-101937_JAY_ANNOTATION.png,"[15,15]",58.9
regenerated_new/10/H/case-101937_JAY_ANNOTATION.png,"[15,15]",58.96
regenerated_new/11/H/case-101937_JAY_ANNOTATION.png,"[15,15]",58.96
regenerated_new/13/H/case-101937_JAY_ANNOTATION.png,"[15,15]",59.01
regenerated_new/14/H/case-101937_JAY_ANNOTATION.png,"[15,15]",58.99
regenerated_new/4/H/case-101940_JAY_ANNOTATION.png,"[15,15]",59.04
regenerated_new/5/H/case-101940_JAY_ANNOTATION.png,"[15,15]",59.06
regenerated_new/6/H/case-101940_JAY_ANNOTATION.png,"[10,11]",38.83
regenerated_new/8/H/case-101940_JAY_ANNOTATION.png,"[15,15]",59.86
regenerated_new/9/H/case-101940_JAY_ANNOTATION.png,"[15,15]",59.11
regenerated_new/14/H/case-101940_JAY_ANNOTATION.png,"[15,15]",59.93
regenerated_new/3/H/case-101982_JAY_ANNOTATION.png,"[15,15]",59.27
regenerated_new/4/H/case-101982_JAY_ANNOTATION.png,"[15,15]",59.94
regenerated_new/5/H/case-101982_JAY_ANNOTATION.png,"[15,15]",59.17
regenerated_new/6/H/case-101982_JAY_ANNOTATION.png,"[2,3]",40.24
regenerated_new/7/H/case-101982_JAY_ANNOTATION.png,"[8,9]",57.33
regenerated_new/8/H/case-101982_JAY_ANNOTATION.png,"[15,15]",59.19
regenerated_new/9/H/case-101982_JAY_ANNOTATION.png,"[15,15]",60.6
regenerated_new/10/H/case-101982_JAY_ANNOTATION.png,"[11,10]",57.35
regenerated_new/13/H/case-101982_JAY_ANNOTATION.png,"[15,15]",59.78
regenerated_new/14/H/case-101982_JAY_ANNOTATION.png,"[15,15]",59.02
regenerated_new/2/H/case-102010_JAY_ANNOTATION.png,"[2,4]",51.32
regenerated_new/4/H/case-102010_JAY_ANNOTATION.png,"[15,15]",59.11
regenerated_new/5/H/case-102010_JAY_ANNOTATION.png,"[15,15]",59.45
regenerated_new/6/H/case-102010_JAY_ANNOTATION.png,"[6,7]",53.21
regenerated_new/8/H/case-102010_JAY_ANNOTATION.png,"[15,15]",59.81
regenerated_new/9/H/case-102010_JAY_ANNOTATION.png,"[15,15]",59.12
regenerated_new/10/H/case-102010_JAY_ANNOTATION.png,"[15,15]",59.81
regenerated_new/12/H/case-102010_JAY_ANNOTATION.png,"[15,15]",59.08
regenerated_new/13/H/case-102010_JAY_ANNOTATION.png,"[12,13]",56.82
regenerated_new/14/H/case-102010_JAY_ANNOTATION.png,"[15,15]",59.12
regenerated_new/2/H/case-102041_JAY_ANNOTATION.png,"[2,3]",55.72
regenerated_new/3/H/case-102041_JAY_ANNOTATION.png,"[15,15]",59.5
regenerated_new/4/H/case-102041_JAY_ANNOTATION.png,"[15,15]",59.42
regenerated_new/5/H/case-102041_JAY_ANNOTATION.png,"[15,15]",59.51
regenerated_new/6/H/case-102041_JAY_ANNOTATION.png,"[15,15]",59.74
regenerated_new/7/H/case-102041_JAY_ANNOTATION.png,"[15,15]",59.0
regenerated_new/8/H/case-102041_JAY_ANNOTATION.png,"[15,15]",58.99
regenerated_new/9/H/case-102041_JAY_ANNOTATION.png,"[15,15]",59.51
regenerated_new/13/H/case-102041_JAY_ANNOTATION.png,"[15,15]",59.05
regenerated_new/14/H/case-102041_JAY_ANNOTATION.png,"[15,15]",59.16
regenerated_new/3/H/case-102093_JAY_ANNOTATION.png,"[15,15]",59.0
regenerated_new/4/H/case-102093_JAY_ANNOTATION.png,"[15,15]",59.69
regenerated_new/5/H/case-102093_JAY_ANNOTATION.png,"[15,15]",59.01
regenerated_new/6/H/case-102093_JAY_ANNOTATION.png,"[5,11]",52.63
regenerated_new/7/H/case-102093_JAY_ANNOTATION.png,"[15,15]",59.02
regenerated_new/8/H/case-102093_JAY_ANNOTATION.png,"[15,15]",59.17
regenerated_new/9/H/case-102093_JAY_ANNOTATION.png,"[15,15]",59.07
regenerated_new/12/H/case-102093_JAY_ANNOTATION.png,"[14,13]",58.84
regenerated_new/13/H/case-102093_JAY_ANNOTATION.png,"[15,15]",59.07
regenerated_new/14/H/case-102093_JAY_ANNOTATION.png,"[15,15]",59.49
regenerated_new/2/H/case-102157_JAY_ANNOTATION.png,"[2,3]",42.47
regenerated_new/4/H/case-102157_JAY_ANNOTATION.png,"[15,15]",59.13
regenerated_new/5/H/case-102157_JAY_ANNOTATION.png,"[15,15]",59.1
regenerated_new/6/H/case-102157_JAY_ANNOTATION.png,"[6,7]",57.41
regenerated_new/7/H/case-102157_JAY_ANNOTATION.png,"[15,15]",59.55
regenerated_new/8/H/case-102157_JAY_ANNOTATION.png,"[15,15]",59.15
regenerated_new/9/H/case-102157_JAY_ANNOTATION.png,"[15,15]",59.09
regenerated_new/10/H/case-102157_JAY_ANNOTATION.png,"[10,11]",56.6
regenerated_new/12/H/case-102157_JAY_ANNOTATION.png,"[15,15]",59.63
regenerated_new/13/H/case-102157_JAY_ANNOTATION.png,"[15,15]",59.14
regenerated_new/14/H/case-102157_JAY_ANNOTATION.png,"[15,15]",59.76
regenerated_new/3/H/case-102183_JAY_ANNOTATION.png,"[2,3]",59.13
regenerated_new/4/H/case-102183_JAY_ANNOTATION.png,"[15,15]",59.5
regenerated_new/5/H/case-102183_JAY_ANNOTATION.png,"[15,15]",59.11
regenerated_new/6/H/case-102183_JAY_ANNOTATION.png,"[12,13]",58.88
regenerated_new/8/H/case-102183_JAY_ANNOTATION.png,"[15,15]",59.18
regenerated_new/9/H/case-102183_JAY_ANNOTATION.png,"[14,10]",53.46
regenerated_new/10/H/case-102183_JAY_ANNOTATION.png,"[15,15]",59.22
regenerated_new/13/H/case-102183_JAY_ANNOTATION.png,"[15,15]",59.57
regenerated_new/14/H/case-102183_JAY_ANNOTATION.png,"[15,15]",59.28
regenerated_new/2/H/case-102224_JAY_ANNOTATION.png,"[2,4]",55.73
regenerated_new/4/H/case-102224_JAY_ANNOTATION.png,"[15,15]",59.93
regenerated_new/5/H/case-102224_JAY_ANNOTATION.png,"[15,15]",59.29
regenerated_new/6/H/case-102224_JAY_ANNOTATION.png,"[15,15]",59.47
regenerated_new/8/H/case-102224_JAY_ANNOTATION.png,"[12,13]",58.11
regenerated_new/9/H/case-102224_JAY_ANNOTATION.png,"[15,15]",59.56
regenerated_new/10/H/case-102224_JAY_ANNOTATION.png,"[15,15]",59.1
regenerated_new/12/H/case-102224_JAY_ANNOTATION.png,"[15,15]",59.7
regenerated_new/14/H/case-102224_JAY_ANNOTATION.png,"[15,15]",59.22
regenerated_new/4/H/case-102308_JAY_ANNOTATION.png,"[15,15]",59.64
regenerated_new/5/H/case-102308_JAY_ANNOTATION.png,"[15,15]",59.07
regenerated_new/6/H/case-102308_JAY_ANNOTATION.png,"[10,11]",58.5
regenerated_new/7/H/case-102308_JAY_ANNOTATION.png,"[15,15]",59.06
regenerated_new/8/H/case-102308_JAY_ANNOTATION.png,"[15,15]",59.87
regenerated_new/9/H/case-102308_JAY_ANNOTATION.png,"[15,15]",59.18
regenerated_new/13/H/case-102308_JAY_ANNOTATION.png,"[15,15]",59.8
regenerated_new/3/H/case-102321_JAY_ANNOTATION.png,"[6,7]",46.94
regenerated_new/4/H/case-102321_JAY_ANNOTATION.png,"[15,15]",59.8
regenerated_new/5/H/case-102321_JAY_ANNOTATION.png,"[15,15]",59.25
regenerated_new/6/H/case-102321_JAY_ANNOTATION.png,"[15,15]",60.13
regenerated_new/7/H/case-102321_JAY_ANNOTATION.png,"[15,15]",58.92
regenerated_new/8/H/case-102321_JAY_ANNOTATION.png,"[15,15]",59.49
regenerated_new/9/H/case-102321_JAY_ANNOTATION.png,"[15,15]",59.12
regenerated_new/13/H/case-102321_JAY_ANNOTATION.png,"[6,7]",58.04
regenerated_new/4/H/case-102367_JAY_ANNOTATION.png,"[2,4]",51.78
regenerated_new/5/H/case-102367_JAY_ANNOTATION.png,"[15,15]",59.17
regenerated_new/6/H/case-102367_JAY_ANNOTATION.png,"[15,15]",59.07
regenerated_new/7/H/case-102367_JAY_ANNOTATION.png,"[15,15]",59.16
regenerated_new/8/H/case-102367_JAY_ANNOTATION.png,"[15,15]",59.09
regenerated_new/9/H/case-102367_JAY_ANNOTATION.png,"[15,15]",59.03
regenerated_new/10/H/case-102367_JAY_ANNOTATION.png,"[15,15]",59.77
regenerated_new/12/H/case-102367_JAY_ANNOTATION.png,"[15,15]",59.11
regenerated_new/13/H/case-102367_JAY_ANNOTATION.png,"[15,15]",59.82
regenerated_new/14/H/case-102367_JAY_ANNOTATION.png,"[15,15]",59.25
regenerated_new/3/H/case-102388_JAY_ANNOTATION.png,"[3,5]",57.88
regenerated_new/5/H/case-102388_JAY_ANNOTATION.png,"[15,15]",59.22
regenerated_new/6/H/case-102388_JAY_ANNOTATION.png,"[15,15]",59.8
regenerated_new/7/H/case-102388_JAY_ANNOTATION.png,"[15,15]",59.75
regenerated_new/8/H/case-102388_JAY_ANNOTATION.png,"[15,15]",59.46
regenerated_new/13/H/case-102388_JAY_ANNOTATION.png,"[15,15]",59.09
regenerated_new/14/H/case-102388_JAY_ANNOTATION.png,"[15,15]",59.78
regenerated_new/2/H/case-104754_JAY_ANNOTATION.png,"[2,3]",50.28
regenerated_new/3/H/case-104754_JAY_ANNOTATION.png,"[15,15]",59.69
regenerated_new/5/H/case-104754_JAY_ANNOTATION.png,"[15,15]",59.26
regenerated_new/6/H/case-104754_JAY_ANNOTATION.png,"[15,15]",59.39
regenerated_new/7/H/case-104754_JAY_ANNOTATION.png,"[15,15]",59.22
regenerated_new/8/H/case-104754_JAY_ANNOTATION.png,"[15,15]",59.52
regenerated_new/9/H/case-104754_JAY_ANNOTATION.png,"[15,15]",59.47
regenerated_new/10/H/case-104754_JAY_ANNOTATION.png,"[15,15]",59.33
regenerated_new/12/H/case-104754_JAY_ANNOTATION.png,"[15,15]",59.24
regenerated_new/14/H/case-104754_JAY_ANNOTATION.png,"[15,15]",59.09
regenerated_new/2/H/case-104780_JAY_ANNOTATION.png,"[15,15]",59.73
regenerated_new/3/H/case-104780_JAY_ANNOTATION.png,"[2,3]",58.84
regenerated_new/4/H/case-104780_JAY_ANNOTATION.png,"[15,15]",59.84
regenerated_new/5/H/case-104780_JAY_ANNOTATION.png,"[12,13]",54.53
regenerated_new/6/H/case-104780_JAY_ANNOTATION.png,"[10,11]",51.27
regenerated_new/7/H/case-104780_JAY_ANNOTATION.png,"[15,15]",59.68
regenerated_new/8/H/case-104780_JAY_ANNOTATION.png,"[15,15]",59.2
regenerated_new/9/H/case-104780_JAY_ANNOTATION.png,"[15,15]",59.0
regenerated_new/13/H/case-104780_JAY_ANNOTATION.png,"[15,15]",58.97
regenerated_new/14/H/case-104780_JAY_ANNOTATION.png,"[15,15]",59.22
regenerated_new/4/H/case-104842_JAY_ANNOTATION.png,"[15,15]",59.67
regenerated_new/5/H/case-104842_JAY_ANNOTATION.png,"[15,15]",59.2
regenerated_new/6/H/case-104842_JAY_ANNOTATION.png,"[8,9]",56.2
regenerated_new/7/H/case-104842_JAY_ANNOTATION.png,"[15,15]",59.44
regenerated_new/8/H/case-104842_JAY_ANNOTATION.png,"[15,15]",59.41
regenerated_new/9/H/case-104842_JAY_ANNOTATION.png,"[15,15]",59.63
regenerated_new/10/H/case-104842_JAY_ANNOTATION.png,"[15,15]",59.23
regenerated_new/13/H/case-104842_JAY_ANNOTATION.png,"[15,15]",59.64
regenerated_new/14/H/case-104842_JAY_ANNOTATION.png,"[12,13]",59.0
regenerated_new/2/H/case-104941_JAY_ANNOTATION.png,"[15,15]",59.76
regenerated_new/4/H/case-104941_JAY_ANNOTATION.png,"[12,13]",58.84
regenerated_new/5/H/case-104941_JAY_ANNOTATION.png,"[15,15]",59.77
regenerated_new/6/H/case-104941_JAY_ANNOTATION.png,"[15,15]",59.11
regenerated_new/7/H/case-104941_JAY_ANNOTATION.png,"[15,15]",60.42
regenerated_new/8/H/case-104941_JAY_ANNOTATION.png,"[15,15]",58.99
regenerated_new/9/H/case-104941_JAY_ANNOTATION.png,"[15,15]",59.68
regenerated_new/10/H/case-104941_JAY_ANNOTATION.png,"[15,15]",59.04
regenerated_new/12/H/case-104941_JAY_ANNOTATION.png,"[15,15]",59.83
regenerated_new/13/H/case-104941_JAY_ANNOTATION.png,"[15,15]",59.03
regenerated_new/14/H/case-104941_JAY_ANNOTATION.png,"[10,13]",31.06
regenerated_new/3/H/case-104979_JAY_ANNOTATION.png,"[6,7]",51.28
regenerated_new/4/H/case-104979_JAY_ANNOTATION.png,"[15,15]",59.06
regenerated_new/6/H/case-104979_JAY_ANNOTATION.png,"[2,3]",55.29
regenerated_new/7/H/case-104979_JAY_ANNOTATION.png,"[15,15]",59.16
regenerated_new/8/H/case-104979_JAY_ANNOTATION.png,"[15,15]",59.35
regenerated_new/9/H/case-104979_JAY_ANNOTATION.png,"[10,11]",50.11
regenerated_new/13/H/case-104979_JAY_ANNOTATION.png,"[12,13]",54.43
regenerated_new/14/H/case-104979_JAY_ANNOTATION.png,"[15,15]",59.13
regenerated_new/3/H/case-104990_JAY_ANNOTATION.png,"[2,3]",46.68
regenerated_new/4/H/case-104990_JAY_ANNOTATION.png,"[15,15]",59.36
regenerated_new/5/H/case-104990_JAY_ANNOTATION.png,"[15,15]",59.27
regenerated_new/6/H/case-104990_JAY_ANNOTATION.png,"[15,15]",59.64
regenerated_new/7/H/case-104990_JAY_ANNOTATION.png,"[4,5]",43.24
regenerated_new/8/H/case-104990_JAY_ANNOTATION.png,"[15,15]",59.49
regenerated_new/9/H/case-104990_JAY_ANNOTATION.png,"[15,15]",58.95
regenerated_new/13/H/case-104990_JAY_ANNOTATION.png,"[15,15]",59.74
regenerated_new/14/H/case-104990_JAY_ANNOTATION.png,"[15,15]",58.99
regenerated_new/3/H/case-105035_JAY_ANNOTATION.png,"[15,15]",59.67
regenerated_new/4/H/case-105035_JAY_ANNOTATION.png,"[15,15]",59.05
regenerated_new/5/H/case-105035_JAY_ANNOTATION.png,"[15,15]",59.71
regenerated_new/6/H/case-105035_JAY_ANNOTATION.png,"[15,15]",59.17
regenerated_new/7/H/case-105035_JAY_ANNOTATION.png,"[2,3]",39.86
regenerated_new/8/H/case-105035_JAY_ANNOTATION.png,"[15,15]",59.2
regenerated_new/9/H/case-105035_JAY_ANNOTATION.png,"[15,15]",59.24
regenerated_new/13/H/case-105035_JAY_ANNOTATION.png,"[15,15]",59.65
regenerated_new/14/H/case-105035_JAY_ANNOTATION.png,"[15,15]",59.22
regenerated_new/3/H/case-105051_JAY_ANNOTATION.png,"[3,10]",57.4
regenerated_new/4/H/case-105051_JAY_ANNOTATION.png,"[15,15]",59.11
regenerated_new/5/H/case-105051_JAY_ANNOTATION.png,"[15,15]",59.88
regenerated_new/6/H/case-105051_JAY_ANNOTATION.png,"[2,3]",46.58
regenerated_new/8/H/case-105051_JAY_ANNOTATION.png,"[15,15]",59.74
regenerated_new/9/H/case-105051_JAY_ANNOTATION.png,"[15,15]",59.64
regenerated_new/14/H/case-105051_JAY_ANNOTATION.png,"[15,15]",59.08
regenerated_new/3/H/case-105171_JAY_ANNOTATION.png,"[15,15]",58.98
regenerated_new/4/H/case-105171_JAY_ANNOTATION.png,"[6,7]",53.7
regenerated_new/5/H/case-105171_JAY_ANNOTATION.png,"[15,15]",59.26
regenerated_new/6/H/case-105171_JAY_ANNOTATION.png,"[15,15]",59.12
regenerated_new/8/H/case-105171_JAY_ANNOTATION.png,"[15,15]",59.33
regenerated_new/9/H/case-105171_JAY_ANNOTATION.png,"[15,15]",59.23
regenerated_new/11/H/case-105171_JAY_ANNOTATION.png,"[15,15]",59.58
regenerated_new/13/H/case-105171_JAY_ANNOTATION.png,"[15,15]",59.14
regenerated_new/14/H/case-105171_JAY_ANNOTATION.png,"[15,15]",59.8
regenerated_new/2/H/case-105177_JAY_ANNOTATION.png,"[15,15]",59.16
regenerated_new/3/H/case-105177_JAY_ANNOTATION.png,"[15,15]",59.89
regenerated_new/4/H/case-105177_JAY_ANNOTATION.png,"[15,15]",59.11
regenerated_new/5/H/case-105177_JAY_ANNOTATION.png,"[15,15]",59.25
regenerated_new/7/H/case-105177_JAY_ANNOTATION.png,"[15,15]",59.1
regenerated_new/8/H/case-105177_JAY_ANNOTATION.png,"[15,15]",59.46
regenerated_new/9/H/case-105177_JAY_ANNOTATION.png,"[15,15]",59.09
regenerated_new/10/H/case-105177_JAY_ANNOTATION.png,"[15,15]",60.09
regenerated_new/13/H/case-105177_JAY_ANNOTATION.png,"[15,15]",58.94
regenerated_new/14/H/case-105177_JAY_ANNOTATION.png,"[15,15]",59.55
regenerated_new/2/H/case-105234_JAY_ANNOTATION.png,"[15,15]",58.98
regenerated_new/4/H/case-105234_JAY_ANNOTATION.png,"[15,15]",59.61
regenerated_new/5/H/case-105234_JAY_ANNOTATION.png,"[15,15]",59.06
regenerated_new/6/H/case-105234_JAY_ANNOTATION.png,"[15,15]",59.74
regenerated_new/7/H/case-105234_JAY_ANNOTATION.png,"[10,13]",57.21
regenerated_new/8/H/case-105234_JAY_ANNOTATION.png,"[15,15]",59.5
regenerated_new/9/H/case-105234_JAY_ANNOTATION.png,"[15,15]",59.34
regenerated_new/12/H/case-105234_JAY_ANNOTATION.png,"[15,15]",59.52
regenerated_new/14/H/case-105234_JAY_ANNOTATION.png,"[15,15]",59.46
regenerated_new/4/H/case-105246_JAY_ANNOTATION.png,"[15,15]",59.32
regenerated_new/5/H/case-105246_JAY_ANNOTATION.png,"[15,15]",59.45
regenerated_new/6/H/case-105246_JAY_ANNOTATION.png,"[11,14]",56.39
regenerated_new/7/H/case-105246_JAY_ANNOTATION.png,"[6,7]",40.61
regenerated_new/8/H/case-105246_JAY_ANNOTATION.png,"[15,15]",59.12
regenerated_new/9/H/case-105246_JAY_ANNOTATION.png,"[15,15]",59.64
regenerated_new/10/H/case-105246_JAY_ANNOTATION.png,"[15,15]",59.82
regenerated_new/12/H/case-105246_JAY_ANNOTATION.png,"[15,15]",59.1
regenerated_new/13/H/case-105246_JAY_ANNOTATION.png,"[15,15]",59.06
regenerated_new/14/H/case-105246_JAY_ANNOTATION.png,"[10,11]",51.93
regenerated_new/2/H/case-105257_JAY_ANNOTATION.png,"[15,15]",58.96
regenerated_new/4/H/case-105257_JAY_ANNOTATION.png,"[15,15]",59.55
regenerated_new/5/H/case-105257_JAY_ANNOTATION.png,"[15,15]",59.26
regenerated_new/6/H/case-105257_JAY_ANNOTATION.png,"[15,15]",59.21
regenerated_new/7/H/case-105257_JAY_ANNOTATION.png,"[10,14]",57.36
regenerated_new/8/H/case-105257_JAY_ANNOTATION.png,"[2,3]",42.67
regenerated_new/9/H/case-105257_JAY_ANNOTATION.png,"[15,15]",59.79
regenerated_new/13/H/case-105257_JAY_ANNOTATION.png,"[14,13]",57.84
regenerated_new/14/H/case-105257_JAY_ANNOTATION.png,"[12,13]",57.23
regenerated_new/4/H/case-105288_JAY_ANNOTATION.png,"[15,15]",59.04
regenerated_new/5/H/case-105288_JAY_ANNOTATION.png,"[15,15]",59.81
regenerated_new/6/H/case-105288_JAY_ANNOTATION.png,"[15,15]",59.26
regenerated_new/7/H/case-105288_JAY_ANNOTATION.png,"[10,13]",58.26
regenerated_new/8/H/case-105288_JAY_ANNOTATION.png,"[15,15]",59.22
regenerated_new/12/H/case-105288_JAY_ANNOTATION.png,"[15,15]",59.72
regenerated_new/13/H/case-105288_JAY_ANNOTATION.png,"[15,15]",59.7
regenerated_new/14/H/case-105288_JAY_ANNOTATION.png,"[15,15]",59.67
regenerated_new/2/H/case-105318_JAY_ANNOTATION.png,"[15,15]",59.04
regenerated_new/3/H/case-105318_JAY_ANNOTATION.png,"[2,3]",50.89
regenerated_new/5/H/case-105318_JAY_ANNOTATION.png,"[15,15]",59.52
regenerated_new/6/H/case-105318_JAY_ANNOTATION.png,"[15,15]",59.25
regenerated_new/7/H/case-105318_JAY_ANNOTATION.png,"[15,15]",55.12
regenerated_new/8/H/case-105318_JAY_ANNOTATION.png,"[15,15]",59.24
regenerated_new/9/H/case-105318_JAY_ANNOTATION.png,"[15,15]",59.84
regenerated_new/10/H/case-105318_JAY_ANNOTATION.png,"[15,15]",59.09
regenerated_new/13/H/case-105318_JAY_ANNOTATION.png,"[15,15]",59.87
regenerated_new/14/H/case-105318_JAY_ANNOTATION.png,"[15,15]",59.2
regenerated_new/3/H/case-105476_JAY_ANNOTATION.png,"[15,15]",59.87
regenerated_new/4/H/case-105476_JAY_ANNOTATION.png,"[15,15]",59.28
regenerated_new/5/H/case-105476_JAY_ANNOTATION.png,"[15,15]",59.39
regenerated_new/6/H/case-105476_JAY_ANNOTATION.png,"[8,9]",57.18
regenerated_new/7/H/case-105476_JAY_ANNOTATION.png,"[15,15]",59.61
regenerated_new/8/H/case-105476_JAY_ANNOTATION.png,"[15,15]",59.32
regenerated_new/9/H/case-105476_JAY_ANNOTATION.png,"[15,15]",60.56
regenerated_new/13/H/case-105476_JAY_ANNOTATION.png,"[15,15]",58.96
regenerated_new/14/H/case-105476_JAY_ANNOTATION.png,"[15,15]",59.36
regenerated_new/3/H/case-105567_JAY_ANNOTATION.png,"[15,15]",59.19
regenerated_new/4/H/case-105567_JAY_ANNOTATION.png,"[15,15]",59.68
regenerated_new/5/H/case-105567_JAY_ANNOTATION.png,"[15,15]",59.44
regenerated_new/6/H/case-105567_JAY_ANNOTATION.png,"[14,13]",59.62
regenerated_new/8/H/case-105567_JAY_ANNOTATION.png,"[15,15]",59.7
regenerated_new/9/H/case-105567_JAY_ANNOTATION.png,"[15,15]",59.35
regenerated_new/10/H/case-105567_JAY_ANNOTATION.png,"[15,15]",59.64
regenerated_new/13/H/case-105567_JAY_ANNOTATION.png,"[6,7]",41.8
regenerated_new/14/H/case-105567_JAY_ANNOTATION.png,"[15,15]",59.77
regenerated_new/4/H/case-105579_JAY_ANNOTATION.png,"[15,15]",59.11
regenerated_new/5/H/case-105579_JAY_ANNOTATION.png,"[15,15]",59.86
regenerated_new/7/H/case-105579_JAY_ANNOTATION.png,"[15,15]",59.12
regenerated_new/8/H/case-105579_JAY_ANNOTATION.png,"[15,15]",59.3
regenerated_new/9/H/case-105579_JAY_ANNOTATION.png,"[15,15]",59.06
regenerated_new/10/H/case-105579_JAY_ANNOTATION.png,"[15,15]",59.61
regenerated_new/13/H/case-105579_JAY_ANNOTATION.png,"[15,15]",59.67
regenerated_new/14/H/case-105579_JAY_ANNOTATION.png,"[15,15]",59.54
regenerated_new/2/H/case-105586_JAY_ANNOTATION.png,"[15,15]",59.06
regenerated_new/4/H/case-105586_JAY_ANNOTATION.png,"[15,15]",59.13
regenerated_new/5/H/case-105586_JAY_ANNOTATION.png,"[15,15]",59.15
regenerated_new/6/H/case-105586_JAY_ANNOTATION.png,"[15,15]",59.26
regenerated_new/7/H/case-105586_JAY_ANNOTATION.png,"[2,3]",56.56
regenerated_new/8/H/case-105586_JAY_ANNOTATION.png,"[15,15]",59.19
regenerated_new/9/H/case-105586_JAY_ANNOTATION.png,"[15,15]",59.57
regenerated_new/10/H/case-105586_JAY_ANNOTATION.png,"[15,15]",59.15
regenerated_new/13/H/case-105586_JAY_ANNOTATION.png,"[15,15]",59.23
regenerated_new/14/H/case-105586_JAY_ANNOTATION.png,"[15,15]",59.04
regenerated_new/2/H/case-105592_JAY_ANNOTATION.png,"[15,15]",59.37
regenerated_new/5/H/case-105592_JAY_ANNOTATION.png,"[15,15]",59.06
regenerated_new/6/H/case-105592_JAY_ANNOTATION.png,"[15,15]",59.79
regenerated_new/7/H/case-105592_JAY_ANNOTATION.png,"[2,4]",50.16
regenerated_new/8/H/case-105592_JAY_ANNOTATION.png,"[15,15]",59.71
regenerated_new/9/H/case-105592_JAY_ANNOTATION.png,"[15,15]",59.12
regenerated_new/10/H/case-105592_JAY_ANNOTATION.png,"[15,15]",59.39
regenerated_new/13/H/case-105592_JAY_ANNOTATION.png,"[15,15]",59.54
regenerated_new/14/H/case-105592_JAY_ANNOTATION.png,"[0,0]",31.35
regenerated_new/3/H/case-105597_JAY_ANNOTATION.png,"[2,3]",47.8
regenerated_new/4/H/case-105597_JAY_ANNOTATION.png,"[2,3]",59.11
regenerated_new/5/H/case-105597_JAY_ANNOTATION.png,"[15,15]",59.21
regenerated_new/8/H/case-105597_JAY_ANNOTATION.png,"[15,15]",59.01
regenerated_new/9/H/case-105597_JAY_ANNOTATION.png,"[15,15]",59.43
regenerated_new/13/H/case-105597_JAY_ANNOTATION.png,"[15,15]",59.03
regenerated_new/14/H/case-105597_JAY_ANNOTATION.png,"[15,15]",59.25
regenerated_new/2/H/case-105602_JAY_ANNOTATION.png,"[2,3]",52.09
regenerated_new/3/H/case-105602_JAY_ANNOTATION.png,"[2,3]",55.76
regenerated_new/4/H/case-105602_JAY_ANNOTATION.png,"[15,15]",59.61
regenerated_new/5/H/case-105602_JAY_ANNOTATION.png,"[15,15]",59.33
regenerated_new/6/H/case-105602_JAY_ANNOTATION.png,"[15,15]",59.28
regenerated_new/7/H/case-105602_JAY_ANNOTATION.png,"[10,14]",53.93
regenerated_new/8/H/case-105602_JAY_ANNOTATION.png,"[15,15]",59.14
regenerated_new/9/H/case-105602_JAY_ANNOTATION.png,"[15,15]",59.07
regenerated_new/10/H/case-105602_JAY_ANNOTATION.png,"[15,15]",59.81
regenerated_new/13/H/case-105602_JAY_ANNOTATION.png,"[15,15]",59.2
regenerated_new/14/H/case-105602_JAY_ANNOTATION.png,"[15,15]",60.31
regenerated_new/2/H/case-105681_JAY_ANNOTATION.png,"[2,3]",47.15
regenerated_new/4/H/case-105681_JAY_ANNOTATION.png,"[15,15]",59.79
regenerated_new/5/H/case-105681_JAY_ANNOTATION.png,"[15,15]",59.05
regenerated_new/6/H/case-105681_JAY_ANNOTATION.png,"[15,15]",59.68
regenerated_new/7/H/case-105681_JAY_ANNOTATION.png,"[15,15]",59.16
regenerated_new/8/H/case-105681_JAY_ANNOTATION.png,"[10,14]",56.74
regenerated_new/9/H/case-105681_JAY_ANNOTATION.png,"[15,15]",59.11
regenerated_new/10/H/case-105681_JAY_ANNOTATION.png,"[15,15]",59.19
regenerated_new/13/H/case-105681_JAY_ANNOTATION.png,"[15,15]",59.17
regenerated_new/14/H/case-105681_JAY_ANNOTATION.png,"[15,15]",59.33
regenerated_new/5/H/case-105704_JAY_ANNOTATION.png,"[15,15]",59.76
regenerated_new/6/H/case-105704_JAY_ANNOTATION.png,"[2,3]",41.6
regenerated_new/7/H/case-105704_JAY_ANNOTATION.png,"[15,16]",55.69
regenerated_new/8/H/case-105704_JAY_ANNOTATION.png,"[15,15]",59.13
regenerated_new/9/H/case-105704_JAY_ANNOTATION.png,"[15,15]",59.85
regenerated_new/13/H/case-105704_JAY_ANNOTATION.png,"[15,15]",59.11
regenerated_new/5/H/case-105817_JAY_ANNOTATION.png,"[15,15]",59.84
regenerated_new/6/H/case-105817_JAY_ANNOTATION.png,"[15,15]",59.38
regenerated_new/7/H/case-105817_JAY_ANNOTATION.png,"[8,9]",50.36
regenerated_new/9/H/case-105817_JAY_ANNOTATION.png,"[15,15]",59.41
regenerated_new/13/H/case-105817_JAY_ANNOTATION.png,"[15,15]",59.41
regenerated_new/14/H/case-105817_JAY_ANNOTATION.png,"[15,15]",59.36
regenerated_new/2/H/case-105839_JAY_ANNOTATION.png,"[15,15]",59.63
regenerated_new/3/H/case-105839_JAY_ANNOTATION.png,"[15,15]",59.21
regenerated_new/4/H/case-105839_JAY_ANNOTATION.png,"[15,15]",59.15
regenerated_new/5/H/case-105839_JAY_ANNOTATION.png,"[15,15]",59.09
regenerated_new/6/H/case-105839_JAY_ANNOTATION.png,"[15,15]",59.39
regenerated_new/7/H/case-105839_JAY_ANNOTATION.png,"[15,15]",59.23
regenerated_new/8/H/case-105839_JAY_ANNOTATION.png,"[15,15]",59.27
regenerated_new/9/H/case-105839_JAY_ANNOTATION.png,"[15,15]",59.18
regenerated_new/10/H/case-105839_JAY_ANNOTATION.png,"[15,15]",59.31
regenerated_new/13/H/case-105839_JAY_ANNOTATION.png,"[15,15]",59.16
regenerated_new/2/H/case-105862_JAY_ANNOTATION.png,"[15,15]",59.86
regenerated_new/3/H/case-105862_JAY_ANNOTATION.png,"[8,9]",58.61
regenerated_new/4/H/case-105862_JAY_ANNOTATION.png,"[15,15]",60.37
regenerated_new/5/H/case-105862_JAY_ANNOTATION.png,"[15,15]",58.91
regenerated_new/7/H/case-105862_JAY_ANNOTATION.png,"[10,11]",49.12
regenerated_new/8/H/case-105862_JAY_ANNOTATION.png,"[10,11]",57.36
regenerated_new/9/H/case-105862_JAY_ANNOTATION.png,"[15,15]",59.53
regenerated_new/10/H/case-105862_JAY_ANNOTATION.png,"[15,15]",59.17
regenerated_new/12/H/case-105862_JAY_ANNOTATION.png,"[15,15]",59.41
regenerated_new/14/H/case-105862_JAY_ANNOTATION.png,"[4,5]",55.52
regenerated_new/2/H/case-105915_JAY_ANNOTATION.png,"[6,7]",47.86
regenerated_new/3/H/case-105915_JAY_ANNOTATION.png,"[15,15]",59.81
regenerated_new/4/H/case-105915_JAY_ANNOTATION.png,"[15,15]",59.05
regenerated_new/5/H/case-105915_JAY_ANNOTATION.png,"[15,15]",59.82
regenerated_new/6/H/case-105915_JAY_ANNOTATION.png,"[15,15]",59.01
regenerated_new/7/H/case-105915_JAY_ANNOTATION.png,"[15,15]",59.26
regenerated_new/8/H/case-105915_JAY_ANNOTATION.png,"[15,15]",59.06
regenerated_new/9/H/case-105915_JAY_ANNOTATION.png,"[10,14]",58.73
regenerated_new/12/H/case-105915_JAY_ANNOTATION.png,"[15,15]",59.05
regenerated_new/14/H/case-105915_JAY_ANNOTATION.png,"[15,15]",59.37
regenerated_new/3/H/case-106012_JAY_ANNOTATION.png,"[15,15]",59.27
regenerated_new/4/H/case-106012_JAY_ANNOTATION.png,"[15,15]",60.13
regenerated_new/5/H/case-106012_JAY_ANNOTATION.png,"[15,15]",58.96
regenerated_new/6/H/case-106012_JAY_ANNOTATION.png,"[15,15]",59.62
regenerated_new/8/H/case-106012_JAY_ANNOTATION.png,"[2,3]",55.01
regenerated_new/9/H/case-106012_JAY_ANNOTATION.png,"[15,15]",59.59
regenerated_new/10/H/case-106012_JAY_ANNOTATION.png,"[15,15]",59.22
regenerated_new/2/H/case-106016_JAY_ANNOTATION.png,"[2,4]",48.5
regenerated_new/4/H/case-106016_JAY_ANNOTATION.png,"[15,15]",59.61
regenerated_new/5/H/case-106016_JAY_ANNOTATION.png,"[2,4]",57.66
regenerated_new/6/H/case-106016_JAY_ANNOTATION.png,"[2,3]",51.11
regenerated_new/7/H/case-106016_JAY_ANNOTATION.png,"[6,7]",52.9
regenerated_new/8/H/case-106016_JAY_ANNOTATION.png,"[15,15]",59.71
regenerated_new/9/H/case-106016_JAY_ANNOTATION.png,"[10,14]",48.59
regenerated_new/2/H/case-106081_JAY_ANNOTATION.png,"[15,15]",59.65
regenerated_new/3/H/case-106081_JAY_ANNOTATION.png,"[15,15]",59.35
regenerated_new/4/H/case-106081_JAY_ANNOTATION.png,"[15,15]",59.62
regenerated_new/5/H/case-106081_JAY_ANNOTATION.png,"[15,15]",59.33
regenerated_new/6/H/case-106081_JAY_ANNOTATION.png,"[15,15]",59.46
regenerated_new/7/H/case-106081_JAY_ANNOTATION.png,"[15,15]",59.39
regenerated_new/8/H/case-106081_JAY_ANNOTATION.png,"[15,15]",59.86
regenerated_new/9/H/case-106081_JAY_ANNOTATION.png,"[15,15]",59.4
regenerated_new/10/H/case-106081_JAY_ANNOTATION.png,"[15,15]",59.25
regenerated_new/12/H/case-106081_JAY_ANNOTATION.png,"[15,15]",59.65
regenerated_new/13/H/case-106081_JAY_ANNOTATION.png,"[15,15]",59.16
regenerated_new/14/H/case-106081_JAY_ANNOTATION.png,"[15,15]",59.76
regenerated_new/3/H/case-106101_JAY_ANNOTATION.png,"[2,3]",55.48
regenerated_new/4/H/case-106101_JAY_ANNOTATION.png,"[15,15]",59.83
regenerated_new/5/H/case-106101_JAY_ANNOTATION.png,"[12,13]",56.76
regenerated_new/7/H/case-106101_JAY_ANNOTATION.png,"[15,15]",59.83
regenerated_new/8/H/case-106101_JAY_ANNOTATION.png,"[15,15]",59.01
regenerated_new/9/H/case-106101_JAY_ANNOTATION.png,"[15,15]",59.88
regenerated_new/10/H/case-106101_JAY_ANNOTATION.png,"[15,15]",59.14
regenerated_new/12/H/case-106101_JAY_ANNOTATION.png,"[15,15]",59.16
regenerated_new/14/H/case-106101_JAY_ANNOTATION.png,"[10,14]",57.61
regenerated_new/2/H/case-106127_JAY_ANNOTATION.png,"[15,15]",59.33
regenerated_new/3/H/case-106127_JAY_ANNOTATION.png,"[15,15]",59.18
regenerated_new/4/H/case-106127_JAY_ANNOTATION.png,"[15,15]",59.63
regenerated_new/5/H/case-106127_JAY_ANNOTATION.png,"[15,15]",59.72
regenerated_new/6/H/case-106127_JAY_ANNOTATION.png,"[15,15]",59.37
regenerated_new/7/H/case-106127_JAY_ANNOTATION.png,"[15,15]",59.28
regenerated_new/8/H/case-106127_JAY_ANNOTATION.png,"[15,15]",59.38
regenerated_new/9/H/case-106127_JAY_ANNOTATION.png,"[15,15]",59.12
regenerated_new/10/H/case-106127_JAY_ANNOTATION.png,"[15,15]",59.29
regenerated_new/14/H/case-106127_JAY_ANNOTATION.png,"[15,15]",59.74
regenerated_new/2/H/case-106139_JAY_ANNOTATION.png,"[15,15]",59.14
regenerated_new/3/H/case-106139_JAY_ANNOTATION.png,"[12,13]",44.42
regenerated_new/4/H/case-106139_JAY_ANNOTATION.png,"[15,15]",59.08
regenerated_new/7/H/case-106139_JAY_ANNOTATION.png,"[15,15]",59.08
regenerated_new/8/H/case-106139_JAY_ANNOTATION.png,"[15,15]",59.1
regenerated_new/9/H/case-106139_JAY_ANNOTATION.png,"[15,15]",59.38
regenerated_new/13/H/case-106139_JAY_ANNOTATION.png,"[15,15]",59.24
regenerated_new/14/H/case-106139_JAY_ANNOTATION.png,"[15,15]",59.93
regenerated_new/2/H/case-106141_JAY_ANNOTATION.png,"[3,7]",54.06
regenerated_new/3/H/case-106141_JAY_ANNOTATION.png,"[15,15]",59.6
regenerated_new/4/H/case-106141_JAY_ANNOTATION.png,"[15,15]",59.34
regenerated_new/5/H/case-106141_JAY_ANNOTATION.png,"[15,15]",60.07
regenerated_new/6/H/case-106141_JAY_ANNOTATION.png,"[15,15]",59.27
regenerated_new/7/H/case-106141_JAY_ANNOTATION.png,"[15,15]",59.25
regenerated_new/8/H/case-106141_JAY_ANNOTATION.png,"[15,15]",59.45
regenerated_new/9/H/case-106141_JAY_ANNOTATION.png,"[15,15]",59.27
regenerated_new/10/H/case-106141_JAY_ANNOTATION.png,"[15,15]",59.78
regenerated_new/11/H/case-106141_JAY_ANNOTATION.png,"[15,15]",59.16
regenerated_new/14/H/case-106141_JAY_ANNOTATION.png,"[15,15]",59.27
regenerated_new/3/H/case-106157_JAY_ANNOTATION.png,"[10,14]",44.25
regenerated_new/4/H/case-106157_JAY_ANNOTATION.png,"[15,15]",59.84
regenerated_new/5/H/case-106157_JAY_ANNOTATION.png,"[15,15]",59.15
regenerated_new/6/H/case-106157_JAY_ANNOTATION.png,"[15,15]",59.88
regenerated_new/8/H/case-106157_JAY_ANNOTATION.png,"[15,15]",59.11
regenerated_new/9/H/case-106157_JAY_ANNOTATION.png,"[15,15]",59.79
regenerated_new/10/H/case-106157_JAY_ANNOTATION.png,"[15,15]",59.1
regenerated_new/11/H/case-106157_JAY_ANNOTATION.png,"[15,15]",59.81
regenerated_new/12/H/case-106157_JAY_ANNOTATION.png,"[15,15]",59.35
regenerated_new/2/H/case-106172_JAY_ANNOTATION.png,"[2,3]",37.66
regenerated_new/3/H/case-106172_JAY_ANNOTATION.png,"[2,3]",45.15
regenerated_new/4/H/case-106172_JAY_ANNOTATION.png,"[15,15]",59.83
regenerated_new/5/H/case-106172_JAY_ANNOTATION.png,"[6,7]",49.75
regenerated_new/6/H/case-106172_JAY_ANNOTATION.png,"[15,15]",58.97
regenerated_new/7/H/case-106172_JAY_ANNOTATION.png,"[15,15]",59.46
regenerated_new/8/H/case-106172_JAY_ANNOTATION.png,"[15,15]",59.09
regenerated_new/9/H/case-106172_JAY_ANNOTATION.png,"[15,15]",59.18
regenerated_new/13/H/case-106172_JAY_ANNOTATION.png,"[15,15]",59.25
regenerated_new/14/H/case-106172_JAY_ANNOTATION.png,"[10,11]",48.42
regenerated_new/2/H/case-106301_JAY_ANNOTATION.png,"[15,15]",59.86
regenerated_new/4/H/case-106301_JAY_ANNOTATION.png,"[4,12]",56.77
regenerated_new/5/H/case-106301_JAY_ANNOTATION.png,"[15,15]",59.78
regenerated_new/6/H/case-106301_JAY_ANNOTATION.png,"[15,15]",59.14
regenerated_new/7/H/case-106301_JAY_ANNOTATION.png,"[15,15]",59.86
regenerated_new/8/H/case-106301_JAY_ANNOTATION.png,"[15,15]",59.18
regenerated_new/9/H/case-106301_JAY_ANNOTATION.png,"[15,15]",59.49
regenerated_new/12/H/case-106301_JAY_ANNOTATION.png,"[15,15]",59.17
regenerated_new/13/H/case-106301_JAY_ANNOTATION.png,"[15,15]",59.79
regenerated_new/2/H/case-106371_JAY_ANNOTATION.png,"[3,5]",51.12
regenerated_new/3/H/case-106371_JAY_ANNOTATION.png,"[15,15]",59.79
regenerated_new/4/H/case-106371_JAY_ANNOTATION.png,"[15,15]",59.86
regenerated_new/5/H/case-106371_JAY_ANNOTATION.png,"[15,15]",59.5
regenerated_new/7/H/case-106371_JAY_ANNOTATION.png,"[15,15]",59.21
regenerated_new/8/H/case-106371_JAY_ANNOTATION.png,"[15,15]",59.53
regenerated_new/9/H/case-106371_JAY_ANNOTATION.png,"[15,15]",59.54
regenerated_new/12/H/case-106371_JAY_ANNOTATION.png,"[15,15]",59.52
regenerated_new/3/H/case-106374_JAY_ANNOTATION.png,"[15,15]",59.6
regenerated_new/4/H/case-106374_JAY_ANNOTATION.png,"[15,15]",59.33
regenerated_new/5/H/case-106374_JAY_ANNOTATION.png,"[15,15]",59.7
regenerated_new/7/H/case-106374_JAY_ANNOTATION.png,"[15,15]",59.42
regenerated_new/8/H/case-106374_JAY_ANNOTATION.png,"[15,15]",59.86
regenerated_new/9/H/case-106374_JAY_ANNOTATION.png,"[15,15]",59.13
regenerated_new/13/H/case-106374_JAY_ANNOTATION.png,"[15,15]",59.73
regenerated_new/14/H/case-106374_JAY_ANNOTATION.png,"[15,15]",59.22
regenerated_new/2/H/case-106456_JAY_ANNOTATION.png,"[2,3]",56.97
regenerated_new/4/H/case-106456_JAY_ANNOTATION.png,"[15,15]",59.28
regenerated_new/5/H/case-106456_JAY_ANNOTATION.png,"[15,15]",59.92
regenerated_new/6/H/case-106456_JAY_ANNOTATION.png,"[15,15]",59.17
regenerated_new/7/H/case-106456_JAY_ANNOTATION.png,"[15,15]",60.26
regenerated_new/8/H/case-106456_JAY_ANNOTATION.png,"[15,15]",59.04
regenerated_new/9/H/case-106456_JAY_ANNOTATION.png,"[15,15]",59.78
regenerated_new/10/H/case-106456_JAY_ANNOTATION.png,"[15,15]",59.0
regenerated_new/12/H/case-106456_JAY_ANNOTATION.png,"[15,15]",59.85
regenerated_new/13/H/case-106456_JAY_ANNOTATION.png,"[15,15]",59.19
regenerated_new/14/H/case-106456_JAY_ANNOTATION.png,"[15,15]",59.66
regenerated_new/2/H/case-106464_JAY_ANNOTATION.png,"[3,5]",58.44
regenerated_new/4/H/case-106464_JAY_ANNOTATION.png,"[15,15]",59.31
regenerated_new/5/H/case-106464_JAY_ANNOTATION.png,"[15,15]",59.26
regenerated_new/6/H/case-106464_JAY_ANNOTATION.png,"[15,15]",59.25
regenerated_new/7/H/case-106464_JAY_ANNOTATION.png,"[15,15]",59.26
regenerated_new/8/H/case-106464_JAY_ANNOTATION.png,"[15,15]",59.45
regenerated_new/9/H/case-106464_JAY_ANNOTATION.png,"[15,15]",59.22
regenerated_new/13/H/case-106464_JAY_ANNOTATION.png,"[15,15]",59.24
regenerated_new/14/H/case-106464_JAY_ANNOTATION.png,"[15,15]",59.79
regenerated_new/3/H/case-106541_JAY_ANNOTATION.png,"[15,15]",59.26
regenerated_new/4/H/case-106541_JAY_ANNOTATION.png,"[15,15]",59.83
regenerated_new/6/H/case-106541_JAY_ANNOTATION.png,"[4,5]",59.74
regenerated_new/7/H/case-106541_JAY_ANNOTATION.png,"[8,9]",52.96
regenerated_new/8/H/case-106541_JAY_ANNOTATION.png,"[15,15]",58.98
regenerated_new/9/H/case-106541_JAY_ANNOTATION.png,"[15,15]",59.73
regenerated_new/10/H/case-106541_JAY_ANNOTATION.png,"[15,15]",59.18
regenerated_new/13/H/case-106541_JAY_ANNOTATION.png,"[15,15]",59.78
regenerated_new/14/H/case-106541_JAY_ANNOTATION.png,"[15,15]",59.23
regenerated_new/2/H/case-106569_JAY_ANNOTATION.png,"[2,3]",51.14
regenerated_new/3/H/case-106569_JAY_ANNOTATION.png,"[15,15]",59.07
regenerated_new/4/H/case-106569_JAY_ANNOTATION.png,"[15,15]",59.46
regenerated_new/5/H/case-106569_JAY_ANNOTATION.png,"[15,15]",59.07
regenerated_new/6/H/case-106569_JAY_ANNOTATION.png,"[15,15]",59.57
regenerated_new/7/H/case-106569_JAY_ANNOTATION.png,"[15,15]",59.17
regenerated_new/8/H/case-106569_JAY_ANNOTATION.png,"[15,15]",59.58
regenerated_new/9/H/case-106569_JAY_ANNOTATION.png,"[15,15]",59.42
regenerated_new/11/H/case-106569_JAY_ANNOTATION.png,"[15,15]",59.25
regenerated_new/13/H/case-106569_JAY_ANNOTATION.png,"[15,15]",59.24
regenerated_new/14/H/case-106569_JAY_ANNOTATION.png,"[15,15]",59.42
regenerated_new/3/H/case-106811_JAY_ANNOTATION.png,"[2,4]",58.34
regenerated_new/4/H/case-106811_JAY_ANNOTATION.png,"[15,15]",59.19
regenerated_new/5/H/case-106811_JAY_ANNOTATION.png,"[15,15]",59.82
regenerated_new/6/H/case-106811_JAY_ANNOTATION.png,"[8,10]",48.91
regenerated_new/7/H/case-106811_JAY_ANNOTATION.png,"[15,15]",59.14
regenerated_new/8/H/case-106811_JAY_ANNOTATION.png,"[15,15]",59.1
regenerated_new/9/H/case-106811_JAY_ANNOTATION.png,"[15,15]",59.76
regenerated_new/10/H/case-106811_JAY_ANNOTATION.png,"[15,15]",59.1
regenerated_new/12/H/case-106811_JAY_ANNOTATION.png,"[15,15]",59.77
regenerated_new/13/H/case-106811_JAY_ANNOTATION.png,"[15,15]",59.13
regenerated_new/14/H/case-106811_JAY_ANNOTATION.png,"[10,14]",52.93
regenerated_new/2/H/case-106835_JAY_ANNOTATION.png,"[15,15]",59.21
regenerated_new/3/H/case-106835_JAY_ANNOTATION.png,"[4,2]",58.33
regenerated_new/4/H/case-106835_JAY_ANNOTATION.png,"[15,15]",59.52
regenerated_new/5/H/case-106835_JAY_ANNOTATION.png,"[15,15]",59.51
regenerated_new/6/H/case-106835_JAY_ANNOTATION.png,"[15,15]",59.69
regenerated_new/7/H/case-106835_JAY_ANNOTATION.png,"[10,11]",57.1
regenerated_new/8/H/case-106835_JAY_ANNOTATION.png,"[15,15]",59.5
regenerated_new/9/H/case-106835_JAY_ANNOTATION.png,"[15,15]",59.72
regenerated_new/10/H/case-106835_JAY_ANNOTATION.png,"[15,15]",59.69
regenerated_new/12/H/case-106835_JAY_ANNOTATION.png,"[15,15]",59.04
regenerated_new/13/H/case-106835_JAY_ANNOTATION.png,"[15,15]",59.5
regenerated_new/14/H/case-106835_JAY_ANNOTATION.png,"[15,15]",59.11
regenerated_new/2/H/case-106856_JAY_ANNOTATION.png,"[15,15]",59.61
regenerated_new/5/H/case-106856_JAY_ANNOTATION.png,"[10,14]",44.11
regenerated_new/6/H/case-106856_JAY_ANNOTATION.png,"[15,15]",59.86
regenerated_new/7/H/case-106856_JAY_ANNOTATION.png,"[15,15]",59.27
regenerated_new/8/H/case-106856_JAY_ANNOTATION.png,"[10,11]",58.49
regenerated_new/9/H/case-106856_JAY_ANNOTATION.png,"[15,15]",59.38
regenerated_new/12/H/case-106856_JAY_ANNOTATION.png,"[15,15]",59.57
regenerated_new/13/H/case-106856_JAY_ANNOTATION.png,"[4,5]",47.27
regenerated_new/14/H/case-106856_JAY_ANNOTATION.png,"[12,13]",27.73
regenerated_new/2/H/case-106882_JAY_ANNOTATION.png,"[15,15]",59.85
regenerated_new/3/H/case-106882_JAY_ANNOTATION.png,"[15,15]",59.41
regenerated_new/4/H/case-106882_JAY_ANNOTATION.png,"[15,15]",59.96
regenerated_new/5/H/case-106882_JAY_ANNOTATION.png,"[15,15]",59.45
regenerated_new/6/H/case-106882_JAY_ANNOTATION.png,"[8,9]",44.87
regenerated_new/7/H/case-106882_JAY_ANNOTATION.png,"[15,15]",59.8
regenerated_new/8/H/case-106882_JAY_ANNOTATION.png,"[15,15]",59.61
regenerated_new/9/H/case-106882_JAY_ANNOTATION.png,"[15,15]",59.81
regenerated_new/10/H/case-106882_JAY_ANNOTATION.png,"[15,15]",59.06
regenerated_new/13/H/case-106882_JAY_ANNOTATION.png,"[15,15]",59.09
regenerated_new/14/H/case-106882_JAY_ANNOTATION.png,"[10,14]",57.61
regenerated_new/2/H/case-106963_JAY_ANNOTATION.png,"[15,15]",59.84
regenerated_new/3/H/case-106963_JAY_ANNOTATION.png,"[15,15]",59.11
regenerated_new/4/H/case-106963_JAY_ANNOTATION.png,"[4,5]",38.21
regenerated_new/5/H/case-106963_JAY_ANNOTATION.png,"[15,15]",59.39
regenerated_new/6/H/case-106963_JAY_ANNOTATION.png,"[10,11]",56.43
regenerated_new/7/H/case-106963_JAY_ANNOTATION.png,"[4,5]",58.33
regenerated_new/8/H/case-106963_JAY_ANNOTATION.png,"[15,15]",59.2
regenerated_new/9/H/case-106963_JAY_ANNOTATION.png,"[15,15]",59.51
regenerated_new/10/H/case-106963_JAY_ANNOTATION.png,"[15,15]",59.28
regenerated_new/2/H/case-106973_JAY_ANNOTATION.png,"[15,15]",59.45
regenerated_new/3/H/case-106973_JAY_ANNOTATION.png,"[8,9]",49.23
regenerated_new/4/H/case-106973_JAY_ANNOTATION.png,"[15,15]",59.83
regenerated_new/5/H/case-106973_JAY_ANNOTATION.png,"[15,15]",59.22
regenerated_new/6/H/case-106973_JAY_ANNOTATION.png,"[1,2]",59.34
regenerated_new/7/H/case-106973_JAY_ANNOTATION.png,"[15,15]",58.96
regenerated_new/8/H/case-106973_JAY_ANNOTATION.png,"[15,15]",59.74
regenerated_new/9/H/case-106973_JAY_ANNOTATION.png,"[15,15]",59.05
regenerated_new/10/H/case-106973_JAY_ANNOTATION.png,"[15,15]",59.84
regenerated_new/12/H/case-106973_JAY_ANNOTATION.png,"[2,3]",59.16
regenerated_new/13/H/case-106973_JAY_ANNOTATION.png,"[15,15]",59.64
regenerated_new/14/H/case-106973_JAY_ANNOTATION.png,"[15,15]",59.27
regenerated_new/2/H/case-106991_JAY_ANNOTATION.png,"[15,15]",59.39
regenerated_new/4/H/case-106991_JAY_ANNOTATION.png,"[15,15]",59.55
regenerated_new/5/H/case-106991_JAY_ANNOTATION.png,"[15,15]",59.28
regenerated_new/6/H/case-106991_JAY_ANNOTATION.png,"[15,15]",59.83
regenerated_new/7/H/case-106991_JAY_ANNOTATION.png,"[15,15]",59.23
regenerated_new/8/H/case-106991_JAY_ANNOTATION.png,"[15,15]",60.06
regenerated_new/9/H/case-106991_JAY_ANNOTATION.png,"[15,15]",59.21
regenerated_new/10/H/case-106991_JAY_ANNOTATION.png,"[15,15]",59.96
regenerated_new/12/H/case-106991_JAY_ANNOTATION.png,"[15,15]",59.18
regenerated_new/14/H/case-106991_JAY_ANNOTATION.png,"[15,15]",60.01
regenerated_new/4/H/case-107068_JAY_ANNOTATION.png,"[15,15]",59.9
regenerated_new/5/H/case-107068_JAY_ANNOTATION.png,"[15,15]",59.15
regenerated_new/6/H/case-107068_JAY_ANNOTATION.png,"[12,13]",45.58
regenerated_new/8/H/case-107068_JAY_ANNOTATION.png,"[15,15]",59.75
regenerated_new/9/H/case-107068_JAY_ANNOTATION.png,"[15,15]",59.27
regenerated_new/10/H/case-107068_JAY_ANNOTATION.png,"[15,15]",59.21
regenerated_new/11/H/case-107068_JAY_ANNOTATION.png,"[15,15]",59.27
regenerated_new/13/H/case-107068_JAY_ANNOTATION.png,"[15,15]",59.49
regenerated_new/14/H/case-107068_JAY_ANNOTATION.png,"[15,15]",59.41
regenerated_new/4/H/case-107184_JAY_ANNOTATION.png,"[15,15]",59.53
regenerated_new/5/H/case-107184_JAY_ANNOTATION.png,"[15,15]",59.46
regenerated_new/6/H/case-107184_JAY_ANNOTATION.png,"[8,9]",53.82
regenerated_new/7/H/case-107184_JAY_ANNOTATION.png,"[15,15]",59.71
regenerated_new/8/H/case-107184_JAY_ANNOTATION.png,"[15,15]",59.17
regenerated_new/9/H/case-107184_JAY_ANNOTATION.png,"[15,15]",59.81
regenerated_new/13/H/case-107184_JAY_ANNOTATION.png,"[15,15]",59.12
regenerated_new/14/H/case-107184_JAY_ANNOTATION.png,"[15,15]",59.9
regenerated_new/2/H/case-107267_JAY_ANNOTATION.png,"[5,11]",57.74
regenerated_new/3/H/case-107267_JAY_ANNOTATION.png,"[15,15]",59.56
regenerated_new/4/H/case-107267_JAY_ANNOTATION.png,"[15,15]",59.66
regenerated_new/6/H/case-107267_JAY_ANNOTATION.png,"[15,15]",59.37
regenerated_new/7/H/case-107267_JAY_ANNOTATION.png,"[15,15]",59.05
regenerated_new/8/H/case-107267_JAY_ANNOTATION.png,"[15,15]",59.78
regenerated_new/9/H/case-107267_JAY_ANNOTATION.png,"[15,15]",59.06
regenerated_new/10/H/case-107267_JAY_ANNOTATION.png,"[15,15]",59.82
regenerated_new/11/H/case-107267_JAY_ANNOTATION.png,"[15,15]",59.01
regenerated_new/12/H/case-107267_JAY_ANNOTATION.png,"[15,15]",59.57
regenerated_new/4/H/case-107296_JAY_ANNOTATION.png,"[15,15]",59.05
regenerated_new/5/H/case-107296_JAY_ANNOTATION.png,"[15,15]",59.3
regenerated_new/7/H/case-107296_JAY_ANNOTATION.png,"[15,15]",59.07
regenerated_new/8/H/case-107296_JAY_ANNOTATION.png,"[15,15]",58.99
regenerated_new/9/H/case-107296_JAY_ANNOTATION.png,"[15,15]",59.1
regenerated_new/12/H/case-107296_JAY_ANNOTATION.png,"[15,15]",58.79
regenerated_new/14/H/case-107296_JAY_ANNOTATION.png,"[15,15]",58.8
regenerated_new/4/H/case-110146_JAY_ANNOTATION.png,"[15,15]",58.69
regenerated_new/5/H/case-110146_JAY_ANNOTATION.png,"[15,15]",59.32
regenerated_new/6/H/case-110146_JAY_ANNOTATION.png,"[23,24]",39.0
regenerated_new/7/H/case-110146_JAY_ANNOTATION.png,"[15,15]",59.84
regenerated_new/8/H/case-110146_JAY_ANNOTATION.png,"[15,15]",58.49
regenerated_new/9/H/case-110146_JAY_ANNOTATION.png,"[15,15]",58.57
regenerated_new/13/H/case-110146_JAY_ANNOTATION.png,"[15,15]",58.61
regenerated_new/2/H/case-110184_JAY_ANNOTATION.png,"[2,6]",50.22
regenerated_new/3/H/case-110184_JAY_ANNOTATION.png,"[15,15]",58.54
regenerated_new/4/H/case-110184_JAY_ANNOTATION.png,"[15,15]",58.63
regenerated_new/5/H/case-110184_JAY_ANNOTATION.png,"[15,15]",58.55
regenerated_new/6/H/case-110184_JAY_ANNOTATION.png,"[2,3]",51.32
regenerated_new/7/H/case-110184_JAY_ANNOTATION.png,"[15,15]",58.53
regenerated_new/9/H/case-110184_JAY_ANNOTATION.png,"[12,13]",57.96
regenerated_new/10/H/case-110184_JAY_ANNOTATION.png,"[15,15]",58.63
regenerated_new/14/H/case-110184_JAY_ANNOTATION.png,"[10,14]",30.07
regenerated_new/2/H/case-110307_JAY_ANNOTATION.png,"[2,3]",50.66
regenerated_new/4/H/case-110307_JAY_ANNOTATION.png,"[15,15]",58.51
regenerated_new/5/H/case-110307_JAY_ANNOTATION.png,"[6,7]",58.65
regenerated_new/7/H/case-110307_JAY_ANNOTATION.png,"[15,15]",58.53
regenerated_new/8/H/case-110307_JAY_ANNOTATION.png,"[2,3]",56.77
regenerated_new/9/H/case-110307_JAY_ANNOTATION.png,"[15,15]",58.62
regenerated_new/10/H/case-110307_JAY_ANNOTATION.png,"[15,15]",59.14
regenerated_new/13/H/case-110307_JAY_ANNOTATION.png,"[15,15]",58.58
regenerated_new/14/H/case-110307_JAY_ANNOTATION.png,"[10,14]",43.62
regenerated_new/4/H/case-110324_JAY_ANNOTATION.png,"[15,15]",58.52
regenerated_new/5/H/case-110324_JAY_ANNOTATION.png,"[15,15]",58.61
regenerated_new/6/H/case-110324_JAY_ANNOTATION.png,"[15,15]",58.63
regenerated_new/8/H/case-110324_JAY_ANNOTATION.png,"[15,15]",58.6
regenerated_new/9/H/case-110324_JAY_ANNOTATION.png,"[15,15]",58.55
regenerated_new/12/H/case-110324_JAY_ANNOTATION.png,"[15,15]",58.54
regenerated_new/13/H/case-110324_JAY_ANNOTATION.png,"[15,15]",58.52
regenerated_new/14/H/case-110324_JAY_ANNOTATION.png,"[15,15]",58.53
regenerated_new/2/H/case-110378_JAY_ANNOTATION.png,"[15,15]",58.47
regenerated_new/3/H/case-110378_JAY_ANNOTATION.png,"[15,15]",58.52
regenerated_new/5/H/case-110378_JAY_ANNOTATION.png,"[15,15]",58.55
regenerated_new/6/H/case-110378_JAY_ANNOTATION.png,"[4,5]",43.77
regenerated_new/7/H/case-110378_JAY_ANNOTATION.png,"[2,11]",56.24
regenerated_new/8/H/case-110378_JAY_ANNOTATION.png,"[15,15]",58.7
regenerated_new/9/H/case-110378_JAY_ANNOTATION.png,"[15,15]",59.03
regenerated_new/12/H/case-110378_JAY_ANNOTATION.png,"[10,11]",55.79
regenerated_new/13/H/case-110378_JAY_ANNOTATION.png,"[15,15]",58.57
regenerated_new/14/H/case-110378_JAY_ANNOTATION.png,"[15,15]",58.45
regenerated_new/2/H/case-110382_JAY_ANNOTATION.png,"[2,3]",54.16
regenerated_new/3/H/case-110382_JAY_ANNOTATION.png,"[15,15]",58.56
regenerated_new/4/H/case-110382_JAY_ANNOTATION.png,"[15,15]",58.52
regenerated_new/5/H/case-110382_JAY_ANNOTATION.png,"[15,15]",58.58
regenerated_new/6/H/case-110382_JAY_ANNOTATION.png,"[2,3]",58.48
regenerated_new/7/H/case-110382_JAY_ANNOTATION.png,"[12,13]",57.18
regenerated_new/8/H/case-110382_JAY_ANNOTATION.png,"[15,15]",58.56
regenerated_new/9/H/case-110382_JAY_ANNOTATION.png,"[15,15]",58.49
regenerated_new/11/H/case-110382_JAY_ANNOTATION.png,"[11,10]",56.6
regenerated_new/14/H/case-110382_JAY_ANNOTATION.png,"[15,15]",58.72
regenerated_new/4/H/case-110393_JAY_ANNOTATION.png,"[15,15]",58.53
regenerated_new/5/H/case-110393_JAY_ANNOTATION.png,"[15,15]",58.55
regenerated_new/6/H/case-110393_JAY_ANNOTATION.png,"[15,15]",58.5
regenerated_new/7/H/case-110393_JAY_ANNOTATION.png,"[15,15]",58.54
regenerated_new/8/H/case-110393_JAY_ANNOTATION.png,"[15,15]",58.59
regenerated_new/9/H/case-110393_JAY_ANNOTATION.png,"[15,15]",59.08
regenerated_new/12/H/case-110393_JAY_ANNOTATION.png,"[15,15]",58.54
regenerated_new/13/H/case-110393_JAY_ANNOTATION.png,"[15,15]",58.54
regenerated_new/14/H/case-110393_JAY_ANNOTATION.png,"[15,15]",58.54
regenerated_new/2/H/case-110447_JAY_ANNOTATION.png,"[4,5]",52.57
regenerated_new/4/H/case-110447_JAY_ANNOTATION.png,"[15,15]",58.58
regenerated_new/5/H/case-110447_JAY_ANNOTATION.png,"[15,15]",58.62
regenerated_new/6/H/case-110447_JAY_ANNOTATION.png,"[15,15]",58.61
regenerated_new/7/H/case-110447_JAY_ANNOTATION.png,"[2,3]",57.66
regenerated_new/8/H/case-110447_JAY_ANNOTATION.png,"[15,15]",58.57
regenerated_new/9/H/case-110447_JAY_ANNOTATION.png,"[15,15]",58.47
regenerated_new/13/H/case-110447_JAY_ANNOTATION.png,"[15,15]",58.6
regenerated_new/14/H/case-110447_JAY_ANNOTATION.png,"[12,14]",55.95
regenerated_new/3/H/case-110519_JAY_ANNOTATION.png,"[2,3]",48.48
regenerated_new/4/H/case-110519_JAY_ANNOTATION.png,"[15,15]",58.5
regenerated_new/5/H/case-110519_JAY_ANNOTATION.png,"[15,15]",58.63
regenerated_new/6/H/case-110519_JAY_ANNOTATION.png,"[10,11]",56.89
regenerated_new/7/H/case-110519_JAY_ANNOTATION.png,"[15,15]",58.56
regenerated_new/8/H/case-110519_JAY_ANNOTATION.png,"[15,15]",59.15
regenerated_new/9/H/case-110519_JAY_ANNOTATION.png,"[15,15]",58.33
regenerated_new/10/H/case-110519_JAY_ANNOTATION.png,"[10,11]",53.81
regenerated_new/11/H/case-110519_JAY_ANNOTATION.png,"[15,15]",58.39
regenerated_new/12/H/case-110519_JAY_ANNOTATION.png,"[15,15]",58.49
regenerated_new/13/H/case-110519_JAY_ANNOTATION.png,"[15,15]",58.51
regenerated_new/14/H/case-110519_JAY_ANNOTATION.png,"[15,15]",58.53
regenerated_new/3/H/case-110588_JAY_ANNOTATION.png,"[15,15]",58.51
regenerated_new/4/H/case-110588_JAY_ANNOTATION.png,"[15,15]",58.53
regenerated_new/6/H/case-110588_JAY_ANNOTATION.png,"[15,15]",58.44
regenerated_new/7/H/case-110588_JAY_ANNOTATION.png,"[6,7]",45.33
regenerated_new/8/H/case-110588_JAY_ANNOTATION.png,"[15,15]",58.44
regenerated_new/9/H/case-110588_JAY_ANNOTATION.png,"[11,10]",58.55
regenerated_new/12/H/case-110588_JAY_ANNOTATION.png,"[15,15]",58.52
regenerated_new/14/H/case-110588_JAY_ANNOTATION.png,"[15,15]",58.56
regenerated_new/2/H/case-110636_JAY_ANNOTATION.png,"[15,15]",58.52
regenerated_new/4/H/case-110636_JAY_ANNOTATION.png,"[15,15]",58.63
regenerated_new/5/H/case-110636_JAY_ANNOTATION.png,"[15,15]",58.61
regenerated_new/6/H/case-110636_JAY_ANNOTATION.png,"[15,15]",59.13
regenerated_new/8/H/case-110636_JAY_ANNOTATION.png,"[15,15]",58.46
regenerated_new/9/H/case-110636_JAY_ANNOTATION.png,"[15,15]",58.56
regenerated_new/13/H/case-110636_JAY_ANNOTATION.png,"[15,15]",58.53
regenerated_new/14/H/case-110636_JAY_ANNOTATION.png,"[15,15]",58.45
regenerated_new/3/H/case-110640_JAY_ANNOTATION.png,"[15,15]",58.4
regenerated_new/4/H/case-110640_JAY_ANNOTATION.png,"[15,15]",58.49
regenerated_new/5/H/case-110640_JAY_ANNOTATION.png,"[15,15]",58.55
regenerated_new/6/H/case-110640_JAY_ANNOTATION.png,"[1,11]",43.73
regenerated_new/7/H/case-110640_JAY_ANNOTATION.png,"[6,7]",48.48
regenerated_new/8/H/case-110640_JAY_ANNOTATION.png,"[15,15]",58.49
regenerated_new/9/H/case-110640_JAY_ANNOTATION.png,"[15,15]",58.56
regenerated_new/10/H/case-110640_JAY_ANNOTATION.png,"[15,15]",58.64
regenerated_new/12/H/case-110640_JAY_ANNOTATION.png,"[15,15]",58.58
regenerated_new/13/H/case-110640_JAY_ANNOTATION.png,"[15,15]",58.62
regenerated_new/14/H/case-110640_JAY_ANNOTATION.png,"[15,15]",58.57
regenerated_new/2/H/case-110649_JAY_ANNOTATION.png,"[15,15]",58.67
regenerated_new/3/H/case-110649_JAY_ANNOTATION.png,"[15,15]",58.6
regenerated_new/4/H/case-110649_JAY_ANNOTATION.png,"[15,15]",58.63
regenerated_new/5/H/case-110649_JAY_ANNOTATION.png,"[15,15]",58.95
regenerated_new/6/H/case-110649_JAY_ANNOTATION.png,"[4,14]",58.11
regenerated_new/7/H/case-110649_JAY_ANNOTATION.png,"[10,12]",57.32
regenerated_new/8/H/case-110649_JAY_ANNOTATION.png,"[15,15]",58.44
regenerated_new/9/H/case-110649_JAY_ANNOTATION.png,"[15,15]",58.5
regenerated_new/12/H/case-110649_JAY_ANNOTATION.png,"[15,15]",58.58
regenerated_new/13/H/case-110649_JAY_ANNOTATION.png,"[15,15]",58.65
regenerated_new/3/H/case-110664_JAY_ANNOTATION.png,"[15,15]",58.67
regenerated_new/4/H/case-110664_JAY_ANNOTATION.png,"[15,15]",58.52
regenerated_new/5/H/case-110664_JAY_ANNOTATION.png,"[10,14]",56.66
regenerated_new/6/H/case-110664_JAY_ANNOTATION.png,"[14,10]",54.8
regenerated_new/7/H/case-110664_JAY_ANNOTATION.png,"[15,15]",58.45
regenerated_new/8/H/case-110664_JAY_ANNOTATION.png,"[15,15]",58.53
regenerated_new/9/H/case-110664_JAY_ANNOTATION.png,"[15,15]",58.55
regenerated_new/10/H/case-110664_JAY_ANNOTATION.png,"[15,15]",58.69
regenerated_new/12/H/case-110664_JAY_ANNOTATION.png,"[15,15]",58.51
regenerated_new/13/H/case-110664_JAY_ANNOTATION.png,"[15,15]",58.58
regenerated_new/14/H/case-110664_JAY_ANNOTATION.png,"[14,10]",58.64
regenerated_new/2/H/case-110831_JAY_ANNOTATION.png,"[2,3]",57.48
regenerated_new/3/H/case-110831_JAY_ANNOTATION.png,"[15,15]",58.37
regenerated_new/4/H/case-110831_JAY_ANNOTATION.png,"[15,15]",58.4
regenerated_new/5/H/case-110831_JAY_ANNOTATION.png,"[15,15]",58.41
regenerated_new/6/H/case-110831_JAY_ANNOTATION.png,"[6,7]",58.33
regenerated_new/7/H/case-110831_JAY_ANNOTATION.png,"[15,15]",53.78
regenerated_new/8/H/case-110831_JAY_ANNOTATION.png,"[15,15]",58.51
regenerated_new/9/H/case-110831_JAY_ANNOTATION.png,"[15,15]",58.63
regenerated_new/13/H/case-110831_JAY_ANNOTATION.png,"[15,15]",58.68
regenerated_new/14/H/case-110831_JAY_ANNOTATION.png,"[15,15]",58.76
regenerated_new/2/H/case-110870_JAY_ANNOTATION.png,"[15,15]",58.59
regenerated_new/3/H/case-110870_JAY_ANNOTATION.png,"[4,5]",53.64
regenerated_new/4/H/case-110870_JAY_ANNOTATION.png,"[15,15]",58.64
regenerated_new/5/H/case-110870_JAY_ANNOTATION.png,"[15,15]",58.65
regenerated_new/6/H/case-110870_JAY_ANNOTATION.png,"[15,15]",58.51
regenerated_new/7/H/case-110870_JAY_ANNOTATION.png,"[4,5]",32.78
regenerated_new/8/H/case-110870_JAY_ANNOTATION.png,"[12,13]",55.55
regenerated_new/9/H/case-110870_JAY_ANNOTATION.png,"[15,15]",58.67
regenerated_new/10/H/case-110870_JAY_ANNOTATION.png,"[15,15]",58.54
regenerated_new/11/H/case-110870_JAY_ANNOTATION.png,"[15,15]",58.85
regenerated_new/13/H/case-110870_JAY_ANNOTATION.png,"[15,15]",58.48
regenerated_new/14/H/case-110870_JAY_ANNOTATION.png,"[6,7]",42.31
regenerated_new/3/H/case-111040_JAY_ANNOTATION.png,"[15,15]",58.43
regenerated_new/5/H/case-111040_JAY_ANNOTATION.png,"[12,13]",57.57
regenerated_new/6/H/case-111040_JAY_ANNOTATION.png,"[12,14]",56.77
regenerated_new/8/H/case-111040_JAY_ANNOTATION.png,"[15,15]",58.49
regenerated_new/9/H/case-111040_JAY_ANNOTATION.png,"[15,15]",58.53
regenerated_new/10/H/case-111040_JAY_ANNOTATION.png,"[15,15]",58.5
regenerated_new/12/H/case-111040_JAY_ANNOTATION.png,"[15,15]",58.47
regenerated_new/13/H/case-111040_JAY_ANNOTATION.png,"[15,15]",58.55
regenerated_new/14/H/case-111040_JAY_ANNOTATION.png,"[15,15]",58.56
regenerated_new/4/H/case-111057_JAY_ANNOTATION.png,"[15,15]",58.55
regenerated_new/5/H/case-111057_JAY_ANNOTATION.png,"[12,13]",56.29
regenerated_new/6/H/case-111057_JAY_ANNOTATION.png,"[15,15]",58.75
regenerated_new/7/H/case-111057_JAY_ANNOTATION.png,"[15,15]",58.67
regenerated_new/8/H/case-111057_JAY_ANNOTATION.png,"[15,15]",58.58
regenerated_new/12/H/case-111057_JAY_ANNOTATION.png,"[15,15]",58.54
regenerated_new/13/H/case-111057_JAY_ANNOTATION.png,"[15,15]",59.1
regenerated_new/14/H/case-111057_JAY_ANNOTATION.png,"[15,15]",58.49
regenerated_new/2/H/case-111159_JAY_ANNOTATION.png,"[2,4]",57.69
regenerated_new/5/H/case-111159_JAY_ANNOTATION.png,"[15,15]",58.44
regenerated_new/6/H/case-111159_JAY_ANNOTATION.png,"[2,3]",41.89
regenerated_new/7/H/case-111159_JAY_ANNOTATION.png,"[11,12]",53.61
regenerated_new/8/H/case-111159_JAY_ANNOTATION.png,"[15,15]",58.54
regenerated_new/9/H/case-111159_JAY_ANNOTATION.png,"[8,9]",55.2
regenerated_new/12/H/case-111159_JAY_ANNOTATION.png,"[15,15]",58.63
regenerated_new/13/H/case-111159_JAY_ANNOTATION.png,"[15,15]",58.61
regenerated_new/14/H/case-111159_JAY_ANNOTATION.png,"[15,15]",58.67
regenerated_new/5/H/case-111162_JAY_ANNOTATION.png,"[15,15]",58.71
regenerated_new/6/H/case-111162_JAY_ANNOTATION.png,"[15,15]",58.57
regenerated_new/7/H/case-111162_JAY_ANNOTATION.png,"[15,15]",58.58
regenerated_new/8/H/case-111162_JAY_ANNOTATION.png,"[15,15]",58.5
regenerated_new/9/H/case-111162_JAY_ANNOTATION.png,"[15,15]",58.53
regenerated_new/10/H/case-111162_JAY_ANNOTATION.png,"[15,15]",58.61
regenerated_new/14/H/case-111162_JAY_ANNOTATION.png,"[12,13]",57.57
regenerated_new/2/H/case-111165_JAY_ANNOTATION.png,"[15,15]",59.19
regenerated_new/3/H/case-111165_JAY_ANNOTATION.png,"[15,15]",58.57
regenerated_new/4/H/case-111165_JAY_ANNOTATION.png,"[15,15]",58.49
regenerated_new/5/H/case-111165_JAY_ANNOTATION.png,"[15,15]",58.61
regenerated_new/6/H/case-111165_JAY_ANNOTATION.png,"[15,15]",58.62
regenerated_new/7/H/case-111165_JAY_ANNOTATION.png,"[8,9]",39.83
regenerated_new/8/H/case-111165_JAY_ANNOTATION.png,"[15,15]",58.47
regenerated_new/9/H/case-111165_JAY_ANNOTATION.png,"[15,15]",58.54
regenerated_new/13/H/case-111165_JAY_ANNOTATION.png,"[15,15]",58.67
regenerated_new/14/H/case-111165_JAY_ANNOTATION.png,"[15,15]",58.57
regenerated_new/2/H/case-111178_JAY_ANNOTATION.png,"[15,15]",58.59
regenerated_new/4/H/case-111178_JAY_ANNOTATION.png,"[15,15]",58.6
regenerated_new/5/H/case-111178_JAY_ANNOTATION.png,"[15,15]",58.69
regenerated_new/6/H/case-111178_JAY_ANNOTATION.png,"[15,15]",58.6
regenerated_new/7/H/case-111178_JAY_ANNOTATION.png,"[15,15]",58.46
regenerated_new/8/H/case-111178_JAY_ANNOTATION.png,"[10,11]",57.52
regenerated_new/9/H/case-111178_JAY_ANNOTATION.png,"[15,15]",58.47
regenerated_new/12/H/case-111178_JAY_ANNOTATION.png,"[15,15]",58.5
regenerated_new/14/H/case-111178_JAY_ANNOTATION.png,"[15,15]",58.67
regenerated_new/2/H/case-111246_JAY_ANNOTATION.png,"[2,3]",44.03
regenerated_new/4/H/case-111246_JAY_ANNOTATION.png,"[15,15]",58.37
regenerated_new/5/H/case-111246_JAY_ANNOTATION.png,"[15,15]",58.44
regenerated_new/6/H/case-111246_JAY_ANNOTATION.png,"[15,15]",58.38
regenerated_new/7/H/case-111246_JAY_ANNOTATION.png,"[15,15]",58.38
regenerated_new/8/H/case-111246_JAY_ANNOTATION.png,"[15,15]",58.44
regenerated_new/9/H/case-111246_JAY_ANNOTATION.png,"[15,15]",58.55
regenerated_new/13/H/case-111246_JAY_ANNOTATION.png,"[15,15]",58.5
regenerated_new/2/H/case-111273_JAY_ANNOTATION.png,"[2,4]",56.14
regenerated_new/3/H/case-111273_JAY_ANNOTATION.png,"[15,15]",58.51
regenerated_new/4/H/case-111273_JAY_ANNOTATION.png,"[15,15]",58.44
regenerated_new/5/H/case-111273_JAY_ANNOTATION.png,"[15,15]",58.52
regenerated_new/6/H/case-111273_JAY_ANNOTATION.png,"[10,11]",57.43
regenerated_new/7/H/case-111273_JAY_ANNOTATION.png,"[15,15]",58.53
regenerated_new/8/H/case-111273_JAY_ANNOTATION.png,"[15,15]",58.53
regenerated_new/9/H/case-111273_JAY_ANNOTATION.png,"[15,15]",58.57
regenerated_new/10/H/case-111273_JAY_ANNOTATION.png,"[15,15]",58.43
regenerated_new/14/H/case-111273_JAY_ANNOTATION.png,"[15,15]",58.61
regenerated_new/2/H/case-111359_JAY_ANNOTATION.png,"[2,7]",53.78
regenerated_new/3/H/case-111359_JAY_ANNOTATION.png,"[15,15]",58.4
regenerated_new/4/H/case-111359_JAY_ANNOTATION.png,"[15,15]",58.4
regenerated_new/5/H/case-111359_JAY_ANNOTATION.png,"[15,15]",58.47
regenerated_new/6/H/case-111359_JAY_ANNOTATION.png,"[10,11]",50.71
regenerated_new/7/H/case-111359_JAY_ANNOTATION.png,"[15,15]",58.58
regenerated_new/8/H/case-111359_JAY_ANNOTATION.png,"[15,15]",58.53
regenerated_new/9/H/case-111359_JAY_ANNOTATION.png,"[15,15]",58.54
regenerated_new/10/H/case-111359_JAY_ANNOTATION.png,"[15,15]",58.59
regenerated_new/12/H/case-111359_JAY_ANNOTATION.png,"[15,15]",58.64
regenerated_new/14/H/case-111359_JAY_ANNOTATION.png,"[15,15]",58.56
regenerated_new/2/H/case-111405_JAY_ANNOTATION.png,"[15,15]",58.51
regenerated_new/4/H/case-111405_JAY_ANNOTATION.png,"[15,15]",58.5
regenerated_new/5/H/case-111405_JAY_ANNOTATION.png,"[15,15]",58.68
regenerated_new/7/H/case-111405_JAY_ANNOTATION.png,"[15,15]",58.62
regenerated_new/8/H/case-111405_JAY_ANNOTATION.png,"[15,15]",58.68
regenerated_new/9/H/case-111405_JAY_ANNOTATION.png,"[15,15]",58.47
regenerated_new/10/H/case-111405_JAY_ANNOTATION.png,"[15,15]",58.49
regenerated_new/11/H/case-111405_JAY_ANNOTATION.png,"[15,15]",59.15
regenerated_new/12/H/case-111405_JAY_ANNOTATION.png,"[15,15]",58.54
regenerated_new/13/H/case-111405_JAY_ANNOTATION.png,"[2,3]",54.85
regenerated_new/14/H/case-111405_JAY_ANNOTATION.png,"[15,15]",58.53
regenerated_new/3/H/case-111446_JAY_ANNOTATION.png,"[2,6]",54.6
regenerated_new/4/H/case-111446_JAY_ANNOTATION.png,"[15,15]",58.47
regenerated_new/5/H/case-111446_JAY_ANNOTATION.png,"[15,15]",58.47
regenerated_new/6/H/case-111446_JAY_ANNOTATION.png,"[2,3]",56.53
regenerated_new/7/H/case-111446_JAY_ANNOTATION.png,"[15,15]",58.5
regenerated_new/8/H/case-111446_JAY_ANNOTATION.png,"[15,15]",58.63
regenerated_new/9/H/case-111446_JAY_ANNOTATION.png,"[15,15]",58.74
regenerated_new/13/H/case-111446_JAY_ANNOTATION.png,"[15,15]",58.69
regenerated_new/14/H/case-111446_JAY_ANNOTATION.png,"[15,15]",58.72
regenerated_new/2/H/case-111546_JAY_ANNOTATION.png,"[15,15]",58.66
regenerated_new/3/H/case-111546_JAY_ANNOTATION.png,"[15,15]",58.75
regenerated_new/4/H/case-111546_JAY_ANNOTATION.png,"[15,15]",58.68
regenerated_new/5/H/case-111546_JAY_ANNOTATION.png,"[15,15]",58.51
regenerated_new/6/H/case-111546_JAY_ANNOTATION.png,"[15,15]",58.6
regenerated_new/7/H/case-111546_JAY_ANNOTATION.png,"[3,10]",50.1
regenerated_new/8/H/case-111546_JAY_ANNOTATION.png,"[15,15]",59.11
regenerated_new/9/H/case-111546_JAY_ANNOTATION.png,"[10,14]",49.9
regenerated_new/10/H/case-111546_JAY_ANNOTATION.png,"[15,15]",58.59
regenerated_new/13/H/case-111546_JAY_ANNOTATION.png,"[15,15]",58.62
regenerated_new/14/H/case-111546_JAY_ANNOTATION.png,"[15,15]",58.64
regenerated_new/3/H/case-111573_JAY_ANNOTATION.png,"[15,15]",58.51
regenerated_new/4/H/case-111573_JAY_ANNOTATION.png,"[15,15]",58.55
regenerated_new/5/H/case-111573_JAY_ANNOTATION.png,"[15,15]",58.45
regenerated_new/6/H/case-111573_JAY_ANNOTATION.png,"[15,15]",58.48
regenerated_new/7/H/case-111573_JAY_ANNOTATION.png,"[15,15]",58.56
regenerated_new/8/H/case-111573_JAY_ANNOTATION.png,"[15,15]",58.57
regenerated_new/9/H/case-111573_JAY_ANNOTATION.png,"[15,15]",58.65
regenerated_new/10/H/case-111573_JAY_ANNOTATION.png,"[15,15]",58.63
regenerated_new/13/H/case-111573_JAY_ANNOTATION.png,"[15,15]",58.47
regenerated_new/4/H/case-111685_JAY_ANNOTATION.png,"[15,15]",58.51
regenerated_new/5/H/case-111685_JAY_ANNOTATION.png,"[15,15]",58.6
regenerated_new/6/H/case-111685_JAY_ANNOTATION.png,"[15,15]",58.62
regenerated_new/7/H/case-111685_JAY_ANNOTATION.png,"[12,13]",53.72
regenerated_new/8/H/case-111685_JAY_ANNOTATION.png,"[15,15]",59.07
regenerated_new/9/H/case-111685_JAY_ANNOTATION.png,"[10,11]",57.19
regenerated_new/10/H/case-111685_JAY_ANNOTATION.png,"[15,15]",58.47
regenerated_new/12/H/case-111685_JAY_ANNOTATION.png,"[15,15]",58.49
regenerated_new/13/H/case-111685_JAY_ANNOTATION.png,"[15,15]",58.56
regenerated_new/14/H/case-111685_JAY_ANNOTATION.png,"[15,15]",58.54
regenerated_new/2/H/case-111755_JAY_ANNOTATION.png,"[15,15]",58.5
regenerated_new/3/H/case-111755_JAY_ANNOTATION.png,"[15,15]",58.54
regenerated_new/4/H/case-111755_JAY_ANNOTATION.png,"[15,15]",58.61
regenerated_new/5/H/case-111755_JAY_ANNOTATION.png,"[15,15]",58.4
regenerated_new/6/H/case-111755_JAY_ANNOTATION.png,"[2,3]",50.07
regenerated_new/7/H/case-111755_JAY_ANNOTATION.png,"[15,15]",58.5
regenerated_new/8/H/case-111755_JAY_ANNOTATION.png,"[15,15]",58.56
regenerated_new/9/H/case-111755_JAY_ANNOTATION.png,"[15,15]",58.54
regenerated_new/12/H/case-111755_JAY_ANNOTATION.png,"[15,15]",58.58
regenerated_new/14/H/case-111755_JAY_ANNOTATION.png,"[15,15]",58.61
regenerated_new/4/H/case-111791_JAY_ANNOTATION.png,"[15,15]",58.66
regenerated_new/6/H/case-111791_JAY_ANNOTATION.png,"[3,6]",58.48
regenerated_new/7/H/case-111791_JAY_ANNOTATION.png,"[3,7]",58.33
regenerated_new/8/H/case-111791_JAY_ANNOTATION.png,"[15,15]",58.45
regenerated_new/9/H/case-111791_JAY_ANNOTATION.png,"[15,15]",58.43
regenerated_new/10/H/case-111791_JAY_ANNOTATION.png,"[15,15]",58.43
regenerated_new/12/H/case-111791_JAY_ANNOTATION.png,"[15,15]",58.42
regenerated_new/13/H/case-111791_JAY_ANNOTATION.png,"[15,15]",58.52
regenerated_new/14/H/case-111791_JAY_ANNOTATION.png,"[11,10]",57.17
regenerated_new/4/H/case-111819_JAY_ANNOTATION.png,"[15,15]",58.52
regenerated_new/5/H/case-111819_JAY_ANNOTATION.png,"[15,15]",58.52
regenerated_new/6/H/case-111819_JAY_ANNOTATION.png,"[10,11]",51.75
regenerated_new/7/H/case-111819_JAY_ANNOTATION.png,"[6,7]",49.69
regenerated_new/8/H/case-111819_JAY_ANNOTATION.png,"[15,15]",58.49
regenerated_new/9/H/case-111819_JAY_ANNOTATION.png,"[15,15]",58.42
regenerated_new/12/H/case-111819_JAY_ANNOTATION.png,"[15,15]",58.54
regenerated_new/13/H/case-111819_JAY_ANNOTATION.png,"[15,15]",58.57
regenerated_new/14/H/case-111819_JAY_ANNOTATION.png,"[15,15]",58.57
regenerated_new/3/H/case-111830_JAY_ANNOTATION.png,"[12,13]",50.5
regenerated_new/4/H/case-111830_JAY_ANNOTATION.png,"[15,15]",58.6
regenerated_new/6/H/case-111830_JAY_ANNOTATION.png,"[15,15]",58.55
regenerated_new/7/H/case-111830_JAY_ANNOTATION.png,"[15,15]",58.99
regenerated_new/8/H/case-111830_JAY_ANNOTATION.png,"[15,15]",58.49
regenerated_new/9/H/case-111830_JAY_ANNOTATION.png,"[15,15]",58.43
regenerated_new/10/H/case-111830_JAY_ANNOTATION.png,"[15,15]",58.41
regenerated_new/12/H/case-111830_JAY_ANNOTATION.png,"[15,15]",58.37
regenerated_new/13/H/case-111830_JAY_ANNOTATION.png,"[10,14]",54.04
regenerated_new/14/H/case-111830_JAY_ANNOTATION.png,"[15,15]",58.55
regenerated_new/3/H/case-111863_JAY_ANNOTATION.png,"[2,3]",58.34
regenerated_new/5/H/case-111863_JAY_ANNOTATION.png,"[15,15]",58.53
regenerated_new/6/H/case-111863_JAY_ANNOTATION.png,"[2,4]",56.01
regenerated_new/7/H/case-111863_JAY_ANNOTATION.png,"[15,15]",58.46
regenerated_new/8/H/case-111863_JAY_ANNOTATION.png,"[15,15]",58.45
regenerated_new/9/H/case-111863_JAY_ANNOTATION.png,"[15,15]",58.43
regenerated_new/10/H/case-111863_JAY_ANNOTATION.png,"[15,15]",58.47
regenerated_new/12/H/case-111863_JAY_ANNOTATION.png,"[15,15]",58.61
regenerated_new/13/H/case-111863_JAY_ANNOTATION.png,"[12,13]",47.3
regenerated_new/14/H/case-111863_JAY_ANNOTATION.png,"[15,15]",58.61
regenerated_new/4/H/case-111923_JAY_ANNOTATION.png,"[15,15]",58.68
regenerated_new/5/H/case-111923_JAY_ANNOTATION.png,"[15,15]",59.14
regenerated_new/7/H/case-111923_JAY_ANNOTATION.png,"[15,15]",58.45
regenerated_new/8/H/case-111923_JAY_ANNOTATION.png,"[15,15]",58.53
regenerated_new/9/H/case-111923_JAY_ANNOTATION.png,"[15,15]",58.52
regenerated_new/12/H/case-111923_JAY_ANNOTATION.png,"[15,15]",58.39
regenerated_new/13/H/case-111923_JAY_ANNOTATION.png,"[15,15]",58.53
regenerated_new/14/H/case-111923_JAY_ANNOTATION.png,"[15,15]",58.62
regenerated_new/4/H/case-112038_JAY_ANNOTATION.png,"[15,15]",58.69
regenerated_new/5/H/case-112038_JAY_ANNOTATION.png,"[15,15]",58.55
regenerated_new/6/H/case-112038_JAY_ANNOTATION.png,"[2,4]",55.76
regenerated_new/7/H/case-112038_JAY_ANNOTATION.png,"[15,15]",58.7
regenerated_new/8/H/case-112038_JAY_ANNOTATION.png,"[15,15]",58.62
regenerated_new/9/H/case-112038_JAY_ANNOTATION.png,"[15,15]",58.55
regenerated_new/10/H/case-112038_JAY_ANNOTATION.png,"[15,15]",58.57
regenerated_new/12/H/case-112038_JAY_ANNOTATION.png,"[15,15]",58.68
regenerated_new/13/H/case-112038_JAY_ANNOTATION.png,"[15,15]",58.72
regenerated_new/14/H/case-112038_JAY_ANNOTATION.png,"[15,15]",58.48
regenerated_new/2/H/case-112071_JAY_ANNOTATION.png,"[15,15]",58.65
regenerated_new/4/H/case-112071_JAY_ANNOTATION.png,"[15,15]",59.1
regenerated_new/5/H/case-112071_JAY_ANNOTATION.png,"[15,15]",58.61
regenerated_new/7/H/case-112071_JAY_ANNOTATION.png,"[15,15]",58.53
regenerated_new/8/H/case-112071_JAY_ANNOTATION.png,"[15,15]",58.63
regenerated_new/9/H/case-112071_JAY_ANNOTATION.png,"[15,15]",58.61
regenerated_new/13/H/case-112071_JAY_ANNOTATION.png,"[15,15]",58.51
regenerated_new/14/H/case-112071_JAY_ANNOTATION.png,"[15,15]",58.47
regenerated_new/3/H/case-112086_JAY_ANNOTATION.png,"[2,3]",48.05
regenerated_new/4/H/case-112086_JAY_ANNOTATION.png,"[15,15]",58.49
regenerated_new/5/H/case-112086_JAY_ANNOTATION.png,"[15,15]",58.66
regenerated_new/6/H/case-112086_JAY_ANNOTATION.png,"[15,15]",58.66
regenerated_new/7/H/case-112086_JAY_ANNOTATION.png,"[15,15]",58.69
regenerated_new/8/H/case-112086_JAY_ANNOTATION.png,"[15,15]",58.67
regenerated_new/10/H/case-112086_JAY_ANNOTATION.png,"[10,11]",57.46
regenerated_new/13/H/case-112086_JAY_ANNOTATION.png,"[15,15]",58.58
regenerated_new/14/H/case-112086_JAY_ANNOTATION.png,"[15,15]",58.63
regenerated_new/2/H/case-112092_JAY_ANNOTATION.png,"[15,15]",58.63
regenerated_new/3/H/case-112092_JAY_ANNOTATION.png,"[2,4]",50.71
regenerated_new/4/H/case-112092_JAY_ANNOTATION.png,"[15,15]",58.59
regenerated_new/5/H/case-112092_JAY_ANNOTATION.png,"[15,15]",59.04
regenerated_new/7/H/case-112092_JAY_ANNOTATION.png,"[1,11]",54.24
regenerated_new/9/H/case-112092_JAY_ANNOTATION.png,"[15,15]",58.69
regenerated_new/10/H/case-112092_JAY_ANNOTATION.png,"[15,15]",58.61
regenerated_new/12/H/case-112092_JAY_ANNOTATION.png,"[15,15]",58.45
regenerated_new/14/H/case-112092_JAY_ANNOTATION.png,"[15,15]",58.59
regenerated_new/3/H/case-112132_JAY_ANNOTATION.png,"[2,7]",54.02
regenerated_new/4/H/case-112132_JAY_ANNOTATION.png,"[15,15]",58.59
regenerated_new/5/H/case-112132_JAY_ANNOTATION.png,"[15,15]",58.53
regenerated_new/6/H/case-112132_JAY_ANNOTATION.png,"[15,15]",58.53
regenerated_new/7/H/case-112132_JAY_ANNOTATION.png,"[1,11]",54.68
regenerated_new/8/H/case-112132_JAY_ANNOTATION.png,"[15,15]",58.7
regenerated_new/9/H/case-112132_JAY_ANNOTATION.png,"[15,15]",58.66
regenerated_new/14/H/case-112132_JAY_ANNOTATION.png,"[15,15]",58.67
regenerated_new/4/H/case-112180_JAY_ANNOTATION.png,"[2,4]",56.1
regenerated_new/5/H/case-112180_JAY_ANNOTATION.png,"[15,15]",58.67
regenerated_new/6/H/case-112180_JAY_ANNOTATION.png,"[15,15]",58.61
regenerated_new/7/H/case-112180_JAY_ANNOTATION.png,"[15,15]",59.02
regenerated_new/8/H/case-112180_JAY_ANNOTATION.png,"[15,15]",58.39
regenerated_new/9/H/case-112180_JAY_ANNOTATION.png,"[15,15]",58.6
regenerated_new/12/H/case-112180_JAY_ANNOTATION.png,"[15,15]",58.43
regenerated_new/13/H/case-112180_JAY_ANNOTATION.png,"[15,15]",58.48
regenerated_new/14/H/case-112180_JAY_ANNOTATION.png,"[12,11]",55.28
regenerated_new/5/H/case-112208_JAY_ANNOTATION.png,"[15,15]",58.51
regenerated_new/6/H/case-112208_JAY_ANNOTATION.png,"[6,7]",39.21
regenerated_new/7/H/case-112208_JAY_ANNOTATION.png,"[15,15]",58.61
regenerated_new/8/H/case-112208_JAY_ANNOTATION.png,"[15,15]",58.54
regenerated_new/9/H/case-112208_JAY_ANNOTATION.png,"[15,15]",58.53
regenerated_new/13/H/case-112208_JAY_ANNOTATION.png,"[15,15]",58.73
regenerated_new/14/H/case-112208_JAY_ANNOTATION.png,"[4,5]",48.81
regenerated_new/3/H/case-112234_JAY_ANNOTATION.png,"[2,3]",55.84
regenerated_new/4/H/case-112234_JAY_ANNOTATION.png,"[6,7]",55.41
regenerated_new/5/H/case-112234_JAY_ANNOTATION.png,"[15,15]",58.65
regenerated_new/6/H/case-112234_JAY_ANNOTATION.png,"[15,15]",58.69
regenerated_new/7/H/case-112234_JAY_ANNOTATION.png,"[15,15]",58.55
regenerated_new/8/H/case-112234_JAY_ANNOTATION.png,"[15,15]",59.07
regenerated_new/9/H/case-112234_JAY_ANNOTATION.png,"[15,15]",58.51
regenerated_new/12/H/case-112234_JAY_ANNOTATION.png,"[15,15]",58.6
regenerated_new/13/H/case-112234_JAY_ANNOTATION.png,"[15,15]",58.66
regenerated_new/14/H/case-112234_JAY_ANNOTATION.png,"[15,15]",58.63
regenerated_new/4/H/case-112249_JAY_ANNOTATION.png,"[15,15]",58.46
regenerated_new/5/H/case-112249_JAY_ANNOTATION.png,"[15,15]",58.49
regenerated_new/6/H/case-112249_JAY_ANNOTATION.png,"[10,5]",57.02
regenerated_new/8/H/case-112249_JAY_ANNOTATION.png,"[15,15]",58.66
regenerated_new/9/H/case-112249_JAY_ANNOTATION.png,"[15,15]",58.48
regenerated_new/12/H/case-112249_JAY_ANNOTATION.png,"[15,15]",58.68
regenerated_new/13/H/case-112249_JAY_ANNOTATION.png,"[15,15]",58.57
regenerated_new/14/H/case-112249_JAY_ANNOTATION.png,"[4,5]",52.87
regenerated_new/2/H/case-112292_JAY_ANNOTATION.png,"[15,15]",58.59
regenerated_new/3/H/case-112292_JAY_ANNOTATION.png,"[15,15]",58.62
regenerated_new/4/H/case-112292_JAY_ANNOTATION.png,"[15,15]",58.63
regenerated_new/5/H/case-112292_JAY_ANNOTATION.png,"[15,15]",58.55
regenerated_new/6/H/case-112292_JAY_ANNOTATION.png,"[2,3]",51.57
regenerated_new/8/H/case-112292_JAY_ANNOTATION.png,"[10,14]",56.47
regenerated_new/9/H/case-112292_JAY_ANNOTATION.png,"[10,11]",57.65
regenerated_new/14/H/case-112292_JAY_ANNOTATION.png,"[15,15]",58.61
regenerated_new/3/H/case-112297_JAY_ANNOTATION.png,"[4,2]",53.06
regenerated_new/4/H/case-112297_JAY_ANNOTATION.png,"[15,15]",58.56
regenerated_new/5/H/case-112297_JAY_ANNOTATION.png,"[15,15]",58.59
regenerated_new/8/H/case-112297_JAY_ANNOTATION.png,"[15,15]",58.73
regenerated_new/9/H/case-112297_JAY_ANNOTATION.png,"[15,15]",58.66
regenerated_new/10/H/case-112297_JAY_ANNOTATION.png,"[15,15]",58.61
regenerated_new/12/H/case-112297_JAY_ANNOTATION.png,"[15,15]",58.48
regenerated_new/13/H/case-112297_JAY_ANNOTATION.png,"[15,15]",58.63
regenerated_new/2/H/case-112348_JAY_ANNOTATION.png,"[3,5]",50.46
regenerated_new/3/H/case-112348_JAY_ANNOTATION.png,"[15,15]",58.7
regenerated_new/4/H/case-112348_JAY_ANNOTATION.png,"[15,15]",58.66
regenerated_new/5/H/case-112348_JAY_ANNOTATION.png,"[15,15]",58.65
regenerated_new/6/H/case-112348_JAY_ANNOTATION.png,"[15,15]",58.7
regenerated_new/7/H/case-112348_JAY_ANNOTATION.png,"[15,15]",51.55
regenerated_new/8/H/case-112348_JAY_ANNOTATION.png,"[15,15]",58.69
regenerated_new/9/H/case-112348_JAY_ANNOTATION.png,"[15,15]",58.64
regenerated_new/13/H/case-112348_JAY_ANNOTATION.png,"[15,15]",58.97
regenerated_new/14/H/case-112348_JAY_ANNOTATION.png,"[15,15]",58.51
regenerated_new/3/H/case-112364_JAY_ANNOTATION.png,"[4,5]",48.46
regenerated_new/4/H/case-112364_JAY_ANNOTATION.png,"[15,15]",58.59
regenerated_new/5/H/case-112364_JAY_ANNOTATION.png,"[15,15]",58.62
regenerated_new/6/H/case-112364_JAY_ANNOTATION.png,"[15,15]",58.57
regenerated_new/7/H/case-112364_JAY_ANNOTATION.png,"[15,15]",58.71
regenerated_new/8/H/case-112364_JAY_ANNOTATION.png,"[15,15]",58.62
regenerated_new/9/H/case-112364_JAY_ANNOTATION.png,"[15,15]",58.68
regenerated_new/10/H/case-112364_JAY_ANNOTATION.png,"[15,15]",58.58
regenerated_new/12/H/case-112364_JAY_ANNOTATION.png,"[15,15]",58.68
regenerated_new/4/H/case-112387_JAY_ANNOTATION.png,"[15,15]",58.71
regenerated_new/5/H/case-112387_JAY_ANNOTATION.png,"[15,15]",58.56
regenerated_new/6/H/case-112387_JAY_ANNOTATION.png,"[15,15]",58.7
regenerated_new/7/H/case-112387_JAY_ANNOTATION.png,"[15,15]",58.7
regenerated_new/8/H/case-112387_JAY_ANNOTATION.png,"[15,15]",58.66
regenerated_new/9/H/case-112387_JAY_ANNOTATION.png,"[10,14]",55.36
regenerated_new/14/H/case-112387_JAY_ANNOTATION.png,"[15,15]",58.58
regenerated_new/2/H/case-112425_JAY_ANNOTATION.png,"[2,3]",52.05
regenerated_new/4/H/case-112425_JAY_ANNOTATION.png,"[15,15]",59.05
regenerated_new/5/H/case-112425_JAY_ANNOTATION.png,"[15,15]",58.52
regenerated_new/6/H/case-112425_JAY_ANNOTATION.png,"[8,9]",49.95
regenerated_new/8/H/case-112425_JAY_ANNOTATION.png,"[15,15]",58.55
regenerated_new/9/H/case-112425_JAY_ANNOTATION.png,"[15,15]",58.53
regenerated_new/12/H/case-112425_JAY_ANNOTATION.png,"[15,15]",58.52
regenerated_new/14/H/case-112425_JAY_ANNOTATION.png,"[15,15]",58.57
regenerated_new/2/H/case-112437_JAY_ANNOTATION.png,"[15,15]",58.54
regenerated_new/4/H/case-112437_JAY_ANNOTATION.png,"[4,5]",57.97
regenerated_new/5/H/case-112437_JAY_ANNOTATION.png,"[12,13]",48.82
regenerated_new/6/H/case-112437_JAY_ANNOTATION.png,"[2,3]",56.82
regenerated_new/7/H/case-112437_JAY_ANNOTATION.png,"[15,15]",58.49
regenerated_new/8/H/case-112437_JAY_ANNOTATION.png,"[15,15]",58.61
regenerated_new/9/H/case-112437_JAY_ANNOTATION.png,"[15,15]",58.64
regenerated_new/10/H/case-112437_JAY_ANNOTATION.png,"[15,15]",58.65
regenerated_new/12/H/case-112437_JAY_ANNOTATION.png,"[15,15]",58.68
regenerated_new/13/H/case-112437_JAY_ANNOTATION.png,"[15,15]",58.67
regenerated_new/14/H/case-112437_JAY_ANNOTATION.png,"[15,15]",58.57
regenerated_new/3/H/case-112453_JAY_ANNOTATION.png,"[15,15]",58.93
regenerated_new/5/H/case-112453_JAY_ANNOTATION.png,"[15,15]",58.44
regenerated_new/6/H/case-112453_JAY_ANNOTATION.png,"[6,7]",52.55
regenerated_new/7/H/case-112453_JAY_ANNOTATION.png,"[1,10]",55.99
regenerated_new/8/H/case-112453_JAY_ANNOTATION.png,"[15,15]",58.43
regenerated_new/9/H/case-112453_JAY_ANNOTATION.png,"[15,15]",58.46
regenerated_new/12/H/case-112453_JAY_ANNOTATION.png,"[15,15]",58.57
regenerated_new/13/H/case-112453_JAY_ANNOTATION.png,"[15,15]",58.6
regenerated_new/14/H/case-112453_JAY_ANNOTATION.png,"[15,15]",58.68
regenerated_new/3/H/case-112536_JAY_ANNOTATION.png,"[15,15]",58.62
regenerated_new/4/H/case-112536_JAY_ANNOTATION.png,"[15,15]",58.69
regenerated_new/5/H/case-112536_JAY_ANNOTATION.png,"[15,15]",58.57
regenerated_new/6/H/case-112536_JAY_ANNOTATION.png,"[15,15]",58.59
regenerated_new/7/H/case-112536_JAY_ANNOTATION.png,"[15,15]",58.58
regenerated_new/8/H/case-112536_JAY_ANNOTATION.png,"[15,15]",58.64
regenerated_new/9/H/case-112536_JAY_ANNOTATION.png,"[15,15]",58.65
regenerated_new/10/H/case-112536_JAY_ANNOTATION.png,"[15,15]",58.52
regenerated_new/13/H/case-112536_JAY_ANNOTATION.png,"[15,15]",58.66
regenerated_new/14/H/case-112536_JAY_ANNOTATION.png,"[15,15]",59.21
regenerated_new/2/H/case-112545_JAY_ANNOTATION.png,"[2,3]",49.2
regenerated_new/4/H/case-112545_JAY_ANNOTATION.png,"[15,15]",58.52
regenerated_new/5/H/case-112545_JAY_ANNOTATION.png,"[15,15]",58.51
regenerated_new/6/H/case-112545_JAY_ANNOTATION.png,"[15,15]",58.6
regenerated_new/7/H/case-112545_JAY_ANNOTATION.png,"[15,15]",58.65
regenerated_new/8/H/case-112545_JAY_ANNOTATION.png,"[15,15]",58.67
regenerated_new/9/H/case-112545_JAY_ANNOTATION.png,"[15,15]",58.72
regenerated_new/12/H/case-112545_JAY_ANNOTATION.png,"[15,15]",58.61
regenerated_new/13/H/case-112545_JAY_ANNOTATION.png,"[15,15]",58.61
regenerated_new/14/H/case-112545_JAY_ANNOTATION.png,"[15,15]",58.58
regenerated_new/3/H/case-112559_JAY_ANNOTATION.png,"[15,15]",58.59
regenerated_new/4/H/case-112559_JAY_ANNOTATION.png,"[15,15]",58.47
regenerated_new/5/H/case-112559_JAY_ANNOTATION.png,"[15,15]",58.68
regenerated_new/6/H/case-112559_JAY_ANNOTATION.png,"[15,15]",58.51
regenerated_new/7/H/case-112559_JAY_ANNOTATION.png,"[6,7]",58.71
regenerated_new/8/H/case-112559_JAY_ANNOTATION.png,"[15,15]",58.67
regenerated_new/9/H/case-112559_JAY_ANNOTATION.png,"[15,15]",58.71
regenerated_new/10/H/case-112559_JAY_ANNOTATION.png,"[15,15]",59.03
regenerated_new/13/H/case-112559_JAY_ANNOTATION.png,"[15,15]",58.44
