filename,output,inference_time_sec
regenerated_new/1/H/case-100114_JAY_ANNOTATION.png,"[1,2]",1.05
regenerated_new/2/H/case-100114_JAY_ANNOTATION.png,"[2,3]",0.41
regenerated_new/3/H/case-100114_JAY_ANNOTATION.png,"[3,4]",0.41
regenerated_new/7/H/case-100114_JAY_ANNOTATION.png,"[8,7]",0.41
regenerated_new/10/H/case-100114_JAY_ANNOTATION.png,"[10,11]",0.52
regenerated_new/11/H/case-100114_JAY_ANNOTATION.png,"[10,11]",0.51
regenerated_new/13/H/case-100114_JAY_ANNOTATION.png,"[13,11]",0.52
regenerated_new/1/H/case-100129_JAY_ANNOTATION.png,"[1,11]",0.46
regenerated_new/6/H/case-100129_JAY_ANNOTATION.png,"[6,7]",0.41
regenerated_new/7/H/case-100129_JAY_ANNOTATION.png,"[7,8]",0.41
regenerated_new/10/H/case-100129_JAY_ANNOTATION.png,"[10,11]",0.51
regenerated_new/11/H/case-100129_JAY_ANNOTATION.png,"[10,11]",0.51
regenerated_new/12/H/case-100129_JAY_ANNOTATION.png,"[12,13]",0.52
regenerated_new/1/H/case-100164_JAY_ANNOTATION.png,"[1,2]",0.41
regenerated_new/2/H/case-100164_JAY_ANNOTATION.png,"[2,5]",0.41
regenerated_new/6/H/case-100164_JAY_ANNOTATION.png,"[5,6]",0.41
regenerated_new/10/H/case-100164_JAY_ANNOTATION.png,"[10,11]",0.51
regenerated_new/11/H/case-100164_JAY_ANNOTATION.png,"[11,12]",0.51
regenerated_new/1/H/case-100229_JAY_ANNOTATION.png,"[1,12]",0.46
regenerated_new/2/H/case-100229_JAY_ANNOTATION.png,"[2,3]",0.41
regenerated_new/10/H/case-100229_JAY_ANNOTATION.png,"[10,12]",0.51
regenerated_new/11/H/case-100229_JAY_ANNOTATION.png,"[10,11]",0.51
regenerated_new/1/H/case-100245_JAY_ANNOTATION.png,"[1,13]",0.46
regenerated_new/3/H/case-100245_JAY_ANNOTATION.png,"[2,3]",0.41
regenerated_new/4/H/case-100245_JAY_ANNOTATION.png,"[4,6]",0.41
regenerated_new/7/H/case-100245_JAY_ANNOTATION.png,"[6,7]",0.41
regenerated_new/10/H/case-100245_JAY_ANNOTATION.png,"[10,11]",0.51
regenerated_new/11/H/case-100245_JAY_ANNOTATION.png,"[11,12]",0.51
regenerated_new/1/H/case-100247_JAY_ANNOTATION.png,"[1,7]",0.41
regenerated_new/3/H/case-100247_JAY_ANNOTATION.png,"[2,3]",0.41
regenerated_new/6/H/case-100247_JAY_ANNOTATION.png,"[6,9]",0.41
regenerated_new/11/H/case-100247_JAY_ANNOTATION.png,"[10,11]",0.51
regenerated_new/12/H/case-100247_JAY_ANNOTATION.png,"[12,13]",0.51
regenerated_new/1/H/case-100254_JAY_ANNOTATION.png,"[1,6]",0.41
regenerated_new/3/H/case-100254_JAY_ANNOTATION.png,"[3,4]",0.41
regenerated_new/11/H/case-100254_JAY_ANNOTATION.png,"[11,12]",0.51
regenerated_new/12/H/case-100254_JAY_ANNOTATION.png,"[12,13]",0.52
regenerated_new/1/H/case-100265_JAY_ANNOTATION.png,"[1,11]",0.46
regenerated_new/3/H/case-100265_JAY_ANNOTATION.png,"[3,4]",0.41
regenerated_new/7/H/case-100265_JAY_ANNOTATION.png,"[4,7]",0.41
regenerated_new/10/H/case-100265_JAY_ANNOTATION.png,"[10,11]",0.51
regenerated_new/11/H/case-100265_JAY_ANNOTATION.png,"[10,11]",0.52
regenerated_new/12/H/case-100265_JAY_ANNOTATION.png,"[12,13]",0.51
regenerated_new/1/H/case-100304_JAY_ANNOTATION.png,"[1,7]",0.41
regenerated_new/2/H/case-100304_JAY_ANNOTATION.png,"[7,2]",0.41
regenerated_new/3/H/case-100304_JAY_ANNOTATION.png,"[3,2]",0.41
regenerated_new/10/H/case-100304_JAY_ANNOTATION.png,"[10,11]",0.51
regenerated_new/11/H/case-100304_JAY_ANNOTATION.png,"[10,11]",0.52
regenerated_new/1/H/case-100308_JAY_ANNOTATION.png,"[1,11]",0.46
regenerated_new/2/H/case-100308_JAY_ANNOTATION.png,"[2,3]",0.41
regenerated_new/4/H/case-100308_JAY_ANNOTATION.png,"[2,4]",0.41
regenerated_new/6/H/case-100308_JAY_ANNOTATION.png,"[6,7]",0.41
regenerated_new/10/H/case-100308_JAY_ANNOTATION.png,"[10,11]",0.51
regenerated_new/11/H/case-100308_JAY_ANNOTATION.png,"[11,12]",0.51
regenerated_new/14/H/case-100308_JAY_ANNOTATION.png,"[10,14]",0.52
regenerated_new/1/H/case-100359_JAY_ANNOTATION.png,"[1,12]",0.46
regenerated_new/6/H/case-100359_JAY_ANNOTATION.png,"[6,7]",0.41
regenerated_new/7/H/case-100359_JAY_ANNOTATION.png,"[7,8]",0.41
regenerated_new/10/H/case-100359_JAY_ANNOTATION.png,"[10,11]",0.51
regenerated_new/11/H/case-100359_JAY_ANNOTATION.png,"[11,13]",0.51
regenerated_new/1/H/case-100366_JAY_ANNOTATION.png,"[1,11]",0.46
regenerated_new/11/H/case-100366_JAY_ANNOTATION.png,"[10,11]",0.51
regenerated_new/1/H/case-100369_JAY_ANNOTATION.png,"[1,10]",0.46
regenerated_new/10/H/case-100369_JAY_ANNOTATION.png,"[10,11]",0.52
regenerated_new/11/H/case-100369_JAY_ANNOTATION.png,"[11,14]",0.51
regenerated_new/12/H/case-100369_JAY_ANNOTATION.png,"[2,12]",0.46
regenerated_new/1/H/case-100371_JAY_ANNOTATION.png,"[1,2]",0.41
regenerated_new/6/H/case-100371_JAY_ANNOTATION.png,"[6,7]",0.41
regenerated_new/10/H/case-100371_JAY_ANNOTATION.png,"[10,11]",0.51
regenerated_new/11/H/case-100371_JAY_ANNOTATION.png,"[10,11]",0.51
regenerated_new/1/H/case-100515_JAY_ANNOTATION.png,"[1,13]",0.46
regenerated_new/2/H/case-100515_JAY_ANNOTATION.png,"[2,5]",0.41
regenerated_new/5/H/case-100515_JAY_ANNOTATION.png,"[4,5]",0.41
regenerated_new/7/H/case-100515_JAY_ANNOTATION.png,"[6,7]",0.41
regenerated_new/8/H/case-100515_JAY_ANNOTATION.png,"[8,9]",0.41
regenerated_new/10/H/case-100515_JAY_ANNOTATION.png,"[10,11]",0.52
regenerated_new/11/H/case-100515_JAY_ANNOTATION.png,"[11,12]",0.52
regenerated_new/1/H/case-100518_JAY_ANNOTATION.png,"[1,11]",0.46
regenerated_new/2/H/case-100518_JAY_ANNOTATION.png,"[2,3]",0.41
regenerated_new/11/H/case-100518_JAY_ANNOTATION.png,"[10,11]",0.52
regenerated_new/1/H/case-100541_JAY_ANNOTATION.png,"[1,11]",0.46
regenerated_new/10/H/case-100541_JAY_ANNOTATION.png,"[10,11]",0.52
regenerated_new/12/H/case-100541_JAY_ANNOTATION.png,"[10,12]",0.52
regenerated_new/1/H/case-100585_JAY_ANNOTATION.png,"[1,2]",0.41
regenerated_new/2/H/case-100585_JAY_ANNOTATION.png,"[2,3]",0.41
regenerated_new/10/H/case-100585_JAY_ANNOTATION.png,"[10,12]",0.52
regenerated_new/11/H/case-100585_JAY_ANNOTATION.png,"[11,12]",0.51
regenerated_new/1/H/case-100591_JAY_ANNOTATION.png,"[1,12]",0.46
regenerated_new/10/H/case-100591_JAY_ANNOTATION.png,"[10,11]",0.52
regenerated_new/11/H/case-100591_JAY_ANNOTATION.png,"[11,10]",0.52
regenerated_new/13/H/case-100591_JAY_ANNOTATION.png,"[10,13]",0.51
regenerated_new/1/H/case-100702_JAY_ANNOTATION.png,"[1,12]",0.46
regenerated_new/3/H/case-100702_JAY_ANNOTATION.png,"[3,4]",0.41
regenerated_new/7/H/case-100702_JAY_ANNOTATION.png,"[6,7]",0.41
regenerated_new/10/H/case-100702_JAY_ANNOTATION.png,"[10,11]",0.52
regenerated_new/11/H/case-100702_JAY_ANNOTATION.png,"[11,6]",0.46
regenerated_new/12/H/case-100702_JAY_ANNOTATION.png,"[8,12]",0.46
regenerated_new/1/H/case-100770_JAY_ANNOTATION.png,"[1,10]",0.46
regenerated_new/2/H/case-100770_JAY_ANNOTATION.png,"[2,3]",0.41
regenerated_new/1/H/case-100779_JAY_ANNOTATION.png,"[1,2]",0.41
regenerated_new/10/H/case-100779_JAY_ANNOTATION.png,"[10,11]",0.52
regenerated_new/11/H/case-100779_JAY_ANNOTATION.png,"[11,14]",0.51
regenerated_new/1/H/case-100863_JAY_ANNOTATION.png,"[1,12]",0.46
regenerated_new/3/H/case-100863_JAY_ANNOTATION.png,"[2,3]",0.41
regenerated_new/10/H/case-100863_JAY_ANNOTATION.png,"[10,13]",0.51
regenerated_new/11/H/case-100863_JAY_ANNOTATION.png,"[11,13]",0.51
regenerated_new/1/H/case-100915_JAY_ANNOTATION.png,"[1,11]",0.46
regenerated_new/9/H/case-100915_JAY_ANNOTATION.png,"[8,9]",0.41
regenerated_new/10/H/case-100915_JAY_ANNOTATION.png,"[10,11]",0.51
regenerated_new/11/H/case-100915_JAY_ANNOTATION.png,"[1,11]",0.46
regenerated_new/13/H/case-100915_JAY_ANNOTATION.png,"[12,13]",0.51
regenerated_new/1/H/case-100917_JAY_ANNOTATION.png,"[1,7]",0.41
regenerated_new/2/H/case-100917_JAY_ANNOTATION.png,"[2,3]",0.41
regenerated_new/3/H/case-100917_JAY_ANNOTATION.png,"[3,4]",0.41
regenerated_new/10/H/case-100917_JAY_ANNOTATION.png,"[10,11]",0.51
regenerated_new/11/H/case-100917_JAY_ANNOTATION.png,"[10,11]",0.51
regenerated_new/13/H/case-100917_JAY_ANNOTATION.png,"[12,13]",0.51
regenerated_new/1/H/case-101045_JAY_ANNOTATION.png,"[1,2]",0.41
regenerated_new/3/H/case-101045_JAY_ANNOTATION.png,"[2,3]",0.41
regenerated_new/5/H/case-101045_JAY_ANNOTATION.png,"[5,11]",0.46
regenerated_new/10/H/case-101045_JAY_ANNOTATION.png,"[10,12]",0.51
regenerated_new/11/H/case-101045_JAY_ANNOTATION.png,"[10,11]",0.51
regenerated_new/1/H/case-101074_JAY_ANNOTATION.png,"[1,12]",0.46
regenerated_new/2/H/case-101074_JAY_ANNOTATION.png,"[2,3]",0.41
regenerated_new/5/H/case-101074_JAY_ANNOTATION.png,"[5,13]",0.46
regenerated_new/6/H/case-101074_JAY_ANNOTATION.png,"[6,9]",0.41
regenerated_new/11/H/case-101074_JAY_ANNOTATION.png,"[10,11]",0.51
regenerated_new/1/H/case-101133_JAY_ANNOTATION.png,"[1,11]",0.46
regenerated_new/3/H/case-101133_JAY_ANNOTATION.png,"[2,3]",0.41
regenerated_new/10/H/case-101133_JAY_ANNOTATION.png,"[10,11]",0.51
regenerated_new/11/H/case-101133_JAY_ANNOTATION.png,"[10,11]",0.51
regenerated_new/13/H/case-101133_JAY_ANNOTATION.png,"[13,14]",0.51
regenerated_new/1/H/case-101195_JAY_ANNOTATION.png,"[1,12]",0.46
regenerated_new/3/H/case-101195_JAY_ANNOTATION.png,"[2,3]",0.41
regenerated_new/10/H/case-101195_JAY_ANNOTATION.png,"[10,11]",0.51
regenerated_new/11/H/case-101195_JAY_ANNOTATION.png,"[10,11]",0.51
regenerated_new/1/H/case-101206_JAY_ANNOTATION.png,"[1,11]",0.46
regenerated_new/6/H/case-101206_JAY_ANNOTATION.png,"[4,6]",0.41
regenerated_new/10/H/case-101206_JAY_ANNOTATION.png,"[10,11]",0.51
regenerated_new/1/H/case-101362_JAY_ANNOTATION.png,"[1,12]",0.46
regenerated_new/2/H/case-101362_JAY_ANNOTATION.png,"[2,3]",0.4
regenerated_new/10/H/case-101362_JAY_ANNOTATION.png,"[11,10]",0.51
regenerated_new/1/H/case-101367_JAY_ANNOTATION.png,"[1,5]",0.41
regenerated_new/10/H/case-101367_JAY_ANNOTATION.png,"[10,11]",0.51
regenerated_new/11/H/case-101367_JAY_ANNOTATION.png,"[11,12]",0.51
regenerated_new/12/H/case-101367_JAY_ANNOTATION.png,"[13,12]",0.51
regenerated_new/13/H/case-101367_JAY_ANNOTATION.png,"[13,14]",0.51
regenerated_new/1/H/case-101409_JAY_ANNOTATION.png,"[1,11]",0.46
regenerated_new/11/H/case-101409_JAY_ANNOTATION.png,"[11,10]",0.51
regenerated_new/12/H/case-101409_JAY_ANNOTATION.png,"[12,13]",0.51
regenerated_new/13/H/case-101409_JAY_ANNOTATION.png,"[12,13]",0.51
regenerated_new/1/H/case-101413_JAY_ANNOTATION.png,"[1,1]",0.41
regenerated_new/2/H/case-101413_JAY_ANNOTATION.png,"[2,4]",0.4
regenerated_new/3/H/case-101413_JAY_ANNOTATION.png,"[3,4]",0.41
regenerated_new/10/H/case-101413_JAY_ANNOTATION.png,"[10,11]",0.51
regenerated_new/11/H/case-101413_JAY_ANNOTATION.png,"[10,11]",0.51
regenerated_new/1/H/case-101447_JAY_ANNOTATION.png,"[1,10]",0.46
regenerated_new/7/H/case-101447_JAY_ANNOTATION.png,"[7,9]",0.4
regenerated_new/10/H/case-101447_JAY_ANNOTATION.png,"[10,11]",0.51
regenerated_new/12/H/case-101447_JAY_ANNOTATION.png,"[13,12]",0.51
regenerated_new/1/H/case-101510_JAY_ANNOTATION.png,"[1,2]",0.41
regenerated_new/2/H/case-101510_JAY_ANNOTATION.png,"[2,3]",0.4
regenerated_new/3/H/case-101510_JAY_ANNOTATION.png,"[13,3]",0.46
regenerated_new/7/H/case-101510_JAY_ANNOTATION.png,"[7,6]",0.4
regenerated_new/10/H/case-101510_JAY_ANNOTATION.png,"[10,11]",0.51
regenerated_new/11/H/case-101510_JAY_ANNOTATION.png,"[1,11]",0.46
regenerated_new/13/H/case-101510_JAY_ANNOTATION.png,"[12,13]",0.51
regenerated_new/1/H/case-101540_JAY_ANNOTATION.png,"[1,12]",0.46
regenerated_new/3/H/case-101540_JAY_ANNOTATION.png,"[2,3]",0.41
regenerated_new/11/H/case-101540_JAY_ANNOTATION.png,"[10,11]",0.51
regenerated_new/12/H/case-101540_JAY_ANNOTATION.png,"[12,13]",0.51
regenerated_new/1/H/case-101581_JAY_ANNOTATION.png,"[1,10]",0.46
regenerated_new/10/H/case-101581_JAY_ANNOTATION.png,"[10,11]",0.51
regenerated_new/11/H/case-101581_JAY_ANNOTATION.png,"[10,11]",0.52
regenerated_new/12/H/case-101581_JAY_ANNOTATION.png,"[11,12]",0.51
regenerated_new/1/H/case-101599_JAY_ANNOTATION.png,"[1,11]",0.46
regenerated_new/3/H/case-101599_JAY_ANNOTATION.png,"[2,3]",0.41
regenerated_new/7/H/case-101599_JAY_ANNOTATION.png,"[6,7]",0.41
regenerated_new/10/H/case-101599_JAY_ANNOTATION.png,"[10,12]",0.51
regenerated_new/11/H/case-101599_JAY_ANNOTATION.png,"[11,12]",0.51
regenerated_new/1/H/case-101625_JAY_ANNOTATION.png,"[1,10]",0.46
regenerated_new/2/H/case-101625_JAY_ANNOTATION.png,"[2,14]",0.46
regenerated_new/4/H/case-101625_JAY_ANNOTATION.png,"[3,4]",0.41
regenerated_new/7/H/case-101625_JAY_ANNOTATION.png,"[7,8]",0.41
regenerated_new/8/H/case-101625_JAY_ANNOTATION.png,"[8,9]",0.4
regenerated_new/11/H/case-101625_JAY_ANNOTATION.png,"[1,11]",0.46
regenerated_new/1/H/case-101641_JAY_ANNOTATION.png,"[1,11]",0.46
regenerated_new/7/H/case-101641_JAY_ANNOTATION.png,"[3,7]",0.4
regenerated_new/10/H/case-101641_JAY_ANNOTATION.png,"[10,11]",0.51
regenerated_new/11/H/case-101641_JAY_ANNOTATION.png,"[10,11]",0.51
regenerated_new/1/H/case-101857_JAY_ANNOTATION.png,"[1,12]",0.46
regenerated_new/2/H/case-101857_JAY_ANNOTATION.png,"[2,3]",0.4
regenerated_new/11/H/case-101857_JAY_ANNOTATION.png,"[10,11]",0.51
regenerated_new/12/H/case-101857_JAY_ANNOTATION.png,"[11,12]",0.51
regenerated_new/1/H/case-101860_JAY_ANNOTATION.png,"[1,7]",0.41
regenerated_new/3/H/case-101860_JAY_ANNOTATION.png,"[2,3]",0.41
regenerated_new/10/H/case-101860_JAY_ANNOTATION.png,"[10,11]",0.51
regenerated_new/11/H/case-101860_JAY_ANNOTATION.png,"[10,11]",0.51
regenerated_new/1/H/case-101885_JAY_ANNOTATION.png,"[1,6]",0.41
regenerated_new/3/H/case-101885_JAY_ANNOTATION.png,"[3,12]",0.46
regenerated_new/1/H/case-101937_JAY_ANNOTATION.png,"[1,11]",0.46
regenerated_new/2/H/case-101937_JAY_ANNOTATION.png,"[2,3]",0.41
regenerated_new/11/H/case-101937_JAY_ANNOTATION.png,"[11,14]",0.51
regenerated_new/12/H/case-101937_JAY_ANNOTATION.png,"[11,12]",0.51
regenerated_new/1/H/case-101940_JAY_ANNOTATION.png,"[1,11]",0.46
regenerated_new/2/H/case-101940_JAY_ANNOTATION.png,"[2,5]",0.41
regenerated_new/10/H/case-101940_JAY_ANNOTATION.png,"[10,11]",0.51
regenerated_new/1/H/case-101982_JAY_ANNOTATION.png,"[1,11]",0.46
regenerated_new/3/H/case-101982_JAY_ANNOTATION.png,"[3,12]",0.46
regenerated_new/7/H/case-101982_JAY_ANNOTATION.png,"[6,7]",0.41
regenerated_new/10/H/case-101982_JAY_ANNOTATION.png,"[10,11]",0.51
regenerated_new/11/H/case-101982_JAY_ANNOTATION.png,"[10,11]",0.51
regenerated_new/1/H/case-102010_JAY_ANNOTATION.png,"[1,10]",0.46
regenerated_new/2/H/case-102010_JAY_ANNOTATION.png,"[2,3]",0.41
regenerated_new/3/H/case-102010_JAY_ANNOTATION.png,"[2,3]",0.41
regenerated_new/11/H/case-102010_JAY_ANNOTATION.png,"[10,11]",0.51
regenerated_new/1/H/case-102041_JAY_ANNOTATION.png,"[1,11]",0.46
regenerated_new/3/H/case-102041_JAY_ANNOTATION.png,"[2,3]",0.41
regenerated_new/10/H/case-102041_JAY_ANNOTATION.png,"[10,11]",0.51
regenerated_new/11/H/case-102041_JAY_ANNOTATION.png,"[10,11]",0.51
regenerated_new/1/H/case-102093_JAY_ANNOTATION.png,"[1,13]",0.46
regenerated_new/2/H/case-102093_JAY_ANNOTATION.png,"[2,3]",0.41
regenerated_new/11/H/case-102093_JAY_ANNOTATION.png,"[11,13]",0.51
regenerated_new/13/H/case-102093_JAY_ANNOTATION.png,"[13,10]",0.51
regenerated_new/1/H/case-102157_JAY_ANNOTATION.png,"[1,12]",0.46
regenerated_new/2/H/case-102157_JAY_ANNOTATION.png,"[2,3]",0.4
regenerated_new/6/H/case-102157_JAY_ANNOTATION.png,"[6,7]",0.4
regenerated_new/11/H/case-102157_JAY_ANNOTATION.png,"[10,11]",0.51
regenerated_new/1/H/case-102183_JAY_ANNOTATION.png,"[1,11]",0.46
regenerated_new/5/H/case-102183_JAY_ANNOTATION.png,"[5,11]",0.46
regenerated_new/11/H/case-102183_JAY_ANNOTATION.png,"[10,11]",0.51
regenerated_new/12/H/case-102183_JAY_ANNOTATION.png,"[10,12]",0.51
regenerated_new/13/H/case-102183_JAY_ANNOTATION.png,"[11,13]",0.51
regenerated_new/1/H/case-102224_JAY_ANNOTATION.png,"[1,2]",0.41
regenerated_new/3/H/case-102224_JAY_ANNOTATION.png,"[3,7]",0.41
regenerated_new/6/H/case-102224_JAY_ANNOTATION.png,"[5,6]",0.41
regenerated_new/7/H/case-102224_JAY_ANNOTATION.png,"[6,7]",0.4
regenerated_new/9/H/case-102224_JAY_ANNOTATION.png,"[9,14]",0.46
regenerated_new/11/H/case-102224_JAY_ANNOTATION.png,"[10,11]",0.51
regenerated_new/12/H/case-102224_JAY_ANNOTATION.png,"[12,13]",0.51
regenerated_new/14/H/case-102224_JAY_ANNOTATION.png,"[11,14]",0.51
regenerated_new/1/H/case-102308_JAY_ANNOTATION.png,"[1,11]",0.46
regenerated_new/10/H/case-102308_JAY_ANNOTATION.png,"[10,11]",0.51
regenerated_new/11/H/case-102308_JAY_ANNOTATION.png,"[11,13]",0.51
regenerated_new/12/H/case-102308_JAY_ANNOTATION.png,"[10,12]",0.51
regenerated_new/13/H/case-102308_JAY_ANNOTATION.png,"[11,13]",0.51
regenerated_new/1/H/case-102321_JAY_ANNOTATION.png,"[1,11]",0.46
regenerated_new/2/H/case-102321_JAY_ANNOTATION.png,"[2,3]",0.4
regenerated_new/10/H/case-102321_JAY_ANNOTATION.png,"[10,11]",0.51
regenerated_new/11/H/case-102321_JAY_ANNOTATION.png,"[10,11]",0.51
regenerated_new/1/H/case-102367_JAY_ANNOTATION.png,"[1,11]",0.46
regenerated_new/4/H/case-102367_JAY_ANNOTATION.png,"[4,5]",0.41
regenerated_new/6/H/case-102367_JAY_ANNOTATION.png,"[6,7]",0.41
regenerated_new/11/H/case-102367_JAY_ANNOTATION.png,"[10,11]",0.51
regenerated_new/1/H/case-102388_JAY_ANNOTATION.png,"[1,11]",0.46
regenerated_new/9/H/case-102388_JAY_ANNOTATION.png,"[8,9]",0.4
regenerated_new/10/H/case-102388_JAY_ANNOTATION.png,"[10,11]",0.52
regenerated_new/11/H/case-102388_JAY_ANNOTATION.png,"[10,11]",0.51
regenerated_new/1/H/case-104754_JAY_ANNOTATION.png,"[1,6]",0.41
regenerated_new/2/H/case-104754_JAY_ANNOTATION.png,"[2,3]",0.41
regenerated_new/11/H/case-104754_JAY_ANNOTATION.png,"[10,11]",0.51
regenerated_new/1/H/case-104780_JAY_ANNOTATION.png,"[1,11]",0.46
regenerated_new/10/H/case-104780_JAY_ANNOTATION.png,"[10,11]",0.51
regenerated_new/12/H/case-104780_JAY_ANNOTATION.png,"[12,13]",0.51
regenerated_new/1/H/case-104842_JAY_ANNOTATION.png,"[1,11]",0.46
regenerated_new/6/H/case-104842_JAY_ANNOTATION.png,"[6,8]",0.41
regenerated_new/10/H/case-104842_JAY_ANNOTATION.png,"[10,11]",0.52
regenerated_new/11/H/case-104842_JAY_ANNOTATION.png,"[11,12]",0.51
regenerated_new/12/H/case-104842_JAY_ANNOTATION.png,"[11,12]",0.51
regenerated_new/14/H/case-104842_JAY_ANNOTATION.png,"[10,14]",0.52
regenerated_new/1/H/case-104941_JAY_ANNOTATION.png,"[1,12]",0.46
regenerated_new/2/H/case-104941_JAY_ANNOTATION.png,"[3,2]",0.41
regenerated_new/3/H/case-104941_JAY_ANNOTATION.png,"[3,5]",0.41
regenerated_new/11/H/case-104941_JAY_ANNOTATION.png,"[11,12]",0.51
regenerated_new/13/H/case-104941_JAY_ANNOTATION.png,"[5,13]",0.46
regenerated_new/1/H/case-104979_JAY_ANNOTATION.png,"[1,11]",0.46
regenerated_new/3/H/case-104979_JAY_ANNOTATION.png,"[2,3]",0.41
regenerated_new/11/H/case-104979_JAY_ANNOTATION.png,"[10,11]",0.51
regenerated_new/1/H/case-104990_JAY_ANNOTATION.png,"[1,11]",0.46
regenerated_new/6/H/case-104990_JAY_ANNOTATION.png,"[6,9]",0.41
regenerated_new/7/H/case-104990_JAY_ANNOTATION.png,"[6,7]",0.41
regenerated_new/1/H/case-105035_JAY_ANNOTATION.png,"[1,6]",0.41
regenerated_new/2/H/case-105035_JAY_ANNOTATION.png,"[2,3]",0.41
regenerated_new/10/H/case-105035_JAY_ANNOTATION.png,"[10,11]",0.51
regenerated_new/11/H/case-105035_JAY_ANNOTATION.png,"[10,11]",0.51
regenerated_new/13/H/case-105035_JAY_ANNOTATION.png,"[10,13]",0.51
regenerated_new/14/H/case-105035_JAY_ANNOTATION.png,"[10,14]",0.51
regenerated_new/1/H/case-105051_JAY_ANNOTATION.png,"[1,11]",0.46
regenerated_new/3/H/case-105051_JAY_ANNOTATION.png,"[2,3]",0.41
regenerated_new/5/H/case-105051_JAY_ANNOTATION.png,"[5,11]",0.46
regenerated_new/7/H/case-105051_JAY_ANNOTATION.png,"[6,7]",0.41
regenerated_new/10/H/case-105051_JAY_ANNOTATION.png,"[10,11]",0.51
regenerated_new/11/H/case-105051_JAY_ANNOTATION.png,"[10,11]",0.52
regenerated_new/13/H/case-105051_JAY_ANNOTATION.png,"[12,13]",0.52
regenerated_new/1/H/case-105171_JAY_ANNOTATION.png,"[1,10]",0.46
regenerated_new/2/H/case-105171_JAY_ANNOTATION.png,"[7,2]",0.41
regenerated_new/3/H/case-105171_JAY_ANNOTATION.png,"[2,3]",0.41
regenerated_new/12/H/case-105171_JAY_ANNOTATION.png,"[12,13]",0.51
regenerated_new/1/H/case-105177_JAY_ANNOTATION.png,"[1,2]",0.41
regenerated_new/10/H/case-105177_JAY_ANNOTATION.png,"[10,11]",0.51
regenerated_new/11/H/case-105177_JAY_ANNOTATION.png,"[10,11]",0.52
regenerated_new/1/H/case-105234_JAY_ANNOTATION.png,"[1,2]",0.41
regenerated_new/4/H/case-105234_JAY_ANNOTATION.png,"[4,6]",0.41
regenerated_new/10/H/case-105234_JAY_ANNOTATION.png,"[10,11]",0.52
regenerated_new/1/H/case-105246_JAY_ANNOTATION.png,"[1,2]",0.41
regenerated_new/11/H/case-105246_JAY_ANNOTATION.png,"[10,11]",0.51
regenerated_new/12/H/case-105246_JAY_ANNOTATION.png,"[10,12]",0.51
regenerated_new/14/H/case-105246_JAY_ANNOTATION.png,"[10,14]",0.51
regenerated_new/1/H/case-105257_JAY_ANNOTATION.png,"[1,11]",0.46
regenerated_new/7/H/case-105257_JAY_ANNOTATION.png,"[5,7]",0.41
regenerated_new/10/H/case-105257_JAY_ANNOTATION.png,"[10,11]",0.51
regenerated_new/11/H/case-105257_JAY_ANNOTATION.png,"[10,11]",0.51
regenerated_new/12/H/case-105257_JAY_ANNOTATION.png,"[11,12]",0.51
regenerated_new/13/H/case-105257_JAY_ANNOTATION.png,"[10,13]",0.51
regenerated_new/1/H/case-105288_JAY_ANNOTATION.png,"[1,2]",0.41
regenerated_new/10/H/case-105288_JAY_ANNOTATION.png,"[10,11]",0.51
regenerated_new/11/H/case-105288_JAY_ANNOTATION.png,"[11,10]",0.52
regenerated_new/12/H/case-105288_JAY_ANNOTATION.png,"[10,12]",0.51
regenerated_new/1/H/case-105318_JAY_ANNOTATION.png,"[1,10]",0.46
regenerated_new/3/H/case-105318_JAY_ANNOTATION.png,"[2,3]",0.41
regenerated_new/4/H/case-105318_JAY_ANNOTATION.png,"[3,4]",0.41
regenerated_new/10/H/case-105318_JAY_ANNOTATION.png,"[10,11]",0.51
regenerated_new/11/H/case-105318_JAY_ANNOTATION.png,"[10,11]",0.51
regenerated_new/1/H/case-105476_JAY_ANNOTATION.png,"[1,2]",0.41
regenerated_new/3/H/case-105476_JAY_ANNOTATION.png,"[3,7]",0.41
regenerated_new/10/H/case-105476_JAY_ANNOTATION.png,"[10,11]",0.51
regenerated_new/11/H/case-105476_JAY_ANNOTATION.png,"[10,11]",0.51
regenerated_new/12/H/case-105476_JAY_ANNOTATION.png,"[12,13]",0.52
regenerated_new/1/H/case-105567_JAY_ANNOTATION.png,"[1,11]",0.46
regenerated_new/2/H/case-105567_JAY_ANNOTATION.png,"[2,5]",0.41
regenerated_new/3/H/case-105567_JAY_ANNOTATION.png,"[3,4]",0.41
regenerated_new/10/H/case-105567_JAY_ANNOTATION.png,"[10,11]",0.51
regenerated_new/12/H/case-105567_JAY_ANNOTATION.png,"[12,13]",0.51
regenerated_new/1/H/case-105579_JAY_ANNOTATION.png,"[1,11]",0.46
regenerated_new/2/H/case-105579_JAY_ANNOTATION.png,"[2,5]",0.41
regenerated_new/3/H/case-105579_JAY_ANNOTATION.png,"[3,6]",0.41
regenerated_new/5/H/case-105579_JAY_ANNOTATION.png,"[5,12]",0.46
regenerated_new/10/H/case-105579_JAY_ANNOTATION.png,"[10,11]",0.51
regenerated_new/1/H/case-105586_JAY_ANNOTATION.png,"[1,11]",0.46
regenerated_new/2/H/case-105586_JAY_ANNOTATION.png,"[2,5]",0.41
regenerated_new/6/H/case-105586_JAY_ANNOTATION.png,"[6,7]",0.41
regenerated_new/10/H/case-105586_JAY_ANNOTATION.png,"[10,11]",0.51
regenerated_new/11/H/case-105586_JAY_ANNOTATION.png,"[10,11]",0.51
regenerated_new/1/H/case-105592_JAY_ANNOTATION.png,"[1,12]",0.46
regenerated_new/6/H/case-105592_JAY_ANNOTATION.png,"[6,7]",0.41
regenerated_new/10/H/case-105592_JAY_ANNOTATION.png,"[10,12]",0.52
regenerated_new/11/H/case-105592_JAY_ANNOTATION.png,"[10,11]",0.51
regenerated_new/12/H/case-105592_JAY_ANNOTATION.png,"[10,12]",0.52
regenerated_new/1/H/case-105597_JAY_ANNOTATION.png,"[1,11]",0.46
regenerated_new/3/H/case-105597_JAY_ANNOTATION.png,"[3,11]",0.46
regenerated_new/10/H/case-105597_JAY_ANNOTATION.png,"[10,11]",0.51
regenerated_new/11/H/case-105597_JAY_ANNOTATION.png,"[10,11]",0.51
regenerated_new/13/H/case-105597_JAY_ANNOTATION.png,"[12,13]",0.51
regenerated_new/1/H/case-105602_JAY_ANNOTATION.png,"[1,12]",0.46
regenerated_new/3/H/case-105602_JAY_ANNOTATION.png,"[2,3]",0.41
regenerated_new/4/H/case-105602_JAY_ANNOTATION.png,"[4,6]",0.41
regenerated_new/6/H/case-105602_JAY_ANNOTATION.png,"[5,6]",0.41
regenerated_new/10/H/case-105602_JAY_ANNOTATION.png,"[10,11]",0.51
regenerated_new/11/H/case-105602_JAY_ANNOTATION.png,"[10,11]",0.51
regenerated_new/1/H/case-105681_JAY_ANNOTATION.png,"[1,11]",0.46
regenerated_new/2/H/case-105681_JAY_ANNOTATION.png,"[2,3]",0.41
regenerated_new/4/H/case-105681_JAY_ANNOTATION.png,"[4,14]",0.46
regenerated_new/10/H/case-105681_JAY_ANNOTATION.png,"[10,11]",0.51
regenerated_new/1/H/case-105704_JAY_ANNOTATION.png,"[1,11]",0.44
regenerated_new/3/H/case-105704_JAY_ANNOTATION.png,"[3,4]",0.39
regenerated_new/6/H/case-105704_JAY_ANNOTATION.png,"[4,6]",0.39
regenerated_new/10/H/case-105704_JAY_ANNOTATION.png,"[10,12]",0.51
regenerated_new/11/H/case-105704_JAY_ANNOTATION.png,"[10,11]",0.51
regenerated_new/1/H/case-105817_JAY_ANNOTATION.png,"[1,11]",0.44
regenerated_new/2/H/case-105817_JAY_ANNOTATION.png,"[2,3]",0.39
regenerated_new/3/H/case-105817_JAY_ANNOTATION.png,"[2,3]",0.39
regenerated_new/7/H/case-105817_JAY_ANNOTATION.png,"[6,7]",0.4
regenerated_new/10/H/case-105817_JAY_ANNOTATION.png,"[10,11]",0.49
regenerated_new/12/H/case-105817_JAY_ANNOTATION.png,"[11,12]",0.49
regenerated_new/1/H/case-105839_JAY_ANNOTATION.png,"[1,2]",0.4
regenerated_new/8/H/case-105839_JAY_ANNOTATION.png,"[8,12]",0.44
regenerated_new/10/H/case-105839_JAY_ANNOTATION.png,"[10,11]",0.49
regenerated_new/11/H/case-105839_JAY_ANNOTATION.png,"[10,11]",0.5
regenerated_new/13/H/case-105839_JAY_ANNOTATION.png,"[11,13]",0.51
regenerated_new/1/H/case-105862_JAY_ANNOTATION.png,"[1,2]",0.4
regenerated_new/2/H/case-105862_JAY_ANNOTATION.png,"[2,3]",0.4
regenerated_new/4/H/case-105862_JAY_ANNOTATION.png,"[4,5]",0.39
regenerated_new/10/H/case-105862_JAY_ANNOTATION.png,"[10,11]",0.51
regenerated_new/11/H/case-105862_JAY_ANNOTATION.png,"[10,11]",0.51
regenerated_new/1/H/case-105915_JAY_ANNOTATION.png,"[1,11]",0.44
regenerated_new/10/H/case-105915_JAY_ANNOTATION.png,"[10,11]",0.49
regenerated_new/11/H/case-105915_JAY_ANNOTATION.png,"[11,12]",0.49
regenerated_new/12/H/case-105915_JAY_ANNOTATION.png,"[12,13]",0.49
regenerated_new/1/H/case-106012_JAY_ANNOTATION.png,"[1,11]",0.46
regenerated_new/3/H/case-106012_JAY_ANNOTATION.png,"[2,3]",0.39
regenerated_new/6/H/case-106012_JAY_ANNOTATION.png,"[6,7]",0.4
regenerated_new/7/H/case-106012_JAY_ANNOTATION.png,"[6,7]",0.4
regenerated_new/8/H/case-106012_JAY_ANNOTATION.png,"[13,8]",0.45
regenerated_new/10/H/case-106012_JAY_ANNOTATION.png,"[11,10]",0.49
regenerated_new/11/H/case-106012_JAY_ANNOTATION.png,"[10,11]",0.49
regenerated_new/1/H/case-106016_JAY_ANNOTATION.png,"[1,2]",0.41
regenerated_new/10/H/case-106016_JAY_ANNOTATION.png,"[10,12]",0.5
regenerated_new/11/H/case-106016_JAY_ANNOTATION.png,"[10,11]",0.51
regenerated_new/1/H/case-106081_JAY_ANNOTATION.png,"[1,12]",0.46
regenerated_new/5/H/case-106081_JAY_ANNOTATION.png,"[5,7]",0.39
regenerated_new/10/H/case-106081_JAY_ANNOTATION.png,"[10,11]",0.51
regenerated_new/11/H/case-106081_JAY_ANNOTATION.png,"[10,11]",0.51
regenerated_new/12/H/case-106081_JAY_ANNOTATION.png,"[10,12]",0.51
regenerated_new/13/H/case-106081_JAY_ANNOTATION.png,"[10,13]",0.51
regenerated_new/1/H/case-106101_JAY_ANNOTATION.png,"[1,10]",0.44
regenerated_new/2/H/case-106101_JAY_ANNOTATION.png,"[2,11]",0.44
regenerated_new/12/H/case-106101_JAY_ANNOTATION.png,"[12,13]",0.5
regenerated_new/1/H/case-106127_JAY_ANNOTATION.png,"[1,11]",0.44
regenerated_new/2/H/case-106127_JAY_ANNOTATION.png,"[3,2]",0.39
regenerated_new/10/H/case-106127_JAY_ANNOTATION.png,"[10,12]",0.5
regenerated_new/11/H/case-106127_JAY_ANNOTATION.png,"[10,11]",0.5
regenerated_new/12/H/case-106127_JAY_ANNOTATION.png,"[10,12]",0.5
regenerated_new/13/H/case-106127_JAY_ANNOTATION.png,"[10,13]",0.5
regenerated_new/1/H/case-106139_JAY_ANNOTATION.png,"[1,11]",0.44
regenerated_new/10/H/case-106139_JAY_ANNOTATION.png,"[10,11]",0.5
regenerated_new/11/H/case-106139_JAY_ANNOTATION.png,"[10,11]",0.49
regenerated_new/1/H/case-106141_JAY_ANNOTATION.png,"[1,11]",0.46
regenerated_new/11/H/case-106141_JAY_ANNOTATION.png,"[10,11]",0.52
regenerated_new/12/H/case-106141_JAY_ANNOTATION.png,"[12,13]",0.52
regenerated_new/14/H/case-106141_JAY_ANNOTATION.png,"[13,14]",0.52
regenerated_new/1/H/case-106157_JAY_ANNOTATION.png,"[1,12]",0.46
regenerated_new/3/H/case-106157_JAY_ANNOTATION.png,"[2,3]",0.41
regenerated_new/11/H/case-106157_JAY_ANNOTATION.png,"[10,11]",0.51
regenerated_new/12/H/case-106157_JAY_ANNOTATION.png,"[11,12]",0.51
regenerated_new/1/H/case-106172_JAY_ANNOTATION.png,"[1,5]",0.41
regenerated_new/3/H/case-106172_JAY_ANNOTATION.png,"[3,5]",0.41
regenerated_new/12/H/case-106172_JAY_ANNOTATION.png,"[12,13]",0.51
regenerated_new/1/H/case-106301_JAY_ANNOTATION.png,"[1,2]",0.41
regenerated_new/2/H/case-106301_JAY_ANNOTATION.png,"[2,3]",0.41
regenerated_new/11/H/case-106301_JAY_ANNOTATION.png,"[10,11]",0.51
regenerated_new/12/H/case-106301_JAY_ANNOTATION.png,"[11,12]",0.51
regenerated_new/13/H/case-106301_JAY_ANNOTATION.png,"[12,13]",0.51
regenerated_new/1/H/case-106371_JAY_ANNOTATION.png,"[1,7]",0.41
regenerated_new/2/H/case-106371_JAY_ANNOTATION.png,"[2,3]",0.41
regenerated_new/3/H/case-106371_JAY_ANNOTATION.png,"[3,5]",0.4
regenerated_new/10/H/case-106371_JAY_ANNOTATION.png,"[10,12]",0.51
regenerated_new/11/H/case-106371_JAY_ANNOTATION.png,"[10,11]",0.51
regenerated_new/1/H/case-106374_JAY_ANNOTATION.png,"[1,12]",0.46
regenerated_new/3/H/case-106374_JAY_ANNOTATION.png,"[2,3]",0.41
regenerated_new/7/H/case-106374_JAY_ANNOTATION.png,"[1,7]",0.4
regenerated_new/10/H/case-106374_JAY_ANNOTATION.png,"[10,11]",0.51
regenerated_new/11/H/case-106374_JAY_ANNOTATION.png,"[10,11]",0.51
regenerated_new/1/H/case-106456_JAY_ANNOTATION.png,"[1,1]",0.4
regenerated_new/2/H/case-106456_JAY_ANNOTATION.png,"[2,12]",0.46
regenerated_new/11/H/case-106456_JAY_ANNOTATION.png,"[7,11]",0.46
regenerated_new/13/H/case-106456_JAY_ANNOTATION.png,"[11,13]",0.51
regenerated_new/1/H/case-106464_JAY_ANNOTATION.png,"[1,3]",0.41
regenerated_new/2/H/case-106464_JAY_ANNOTATION.png,"[2,7]",0.41
regenerated_new/10/H/case-106464_JAY_ANNOTATION.png,"[1,10]",0.46
regenerated_new/12/H/case-106464_JAY_ANNOTATION.png,"[12,13]",0.51
regenerated_new/1/H/case-106541_JAY_ANNOTATION.png,"[1,11]",0.46
regenerated_new/6/H/case-106541_JAY_ANNOTATION.png,"[11,6]",0.46
regenerated_new/7/H/case-106541_JAY_ANNOTATION.png,"[6,7]",0.4
regenerated_new/12/H/case-106541_JAY_ANNOTATION.png,"[11,12]",0.52
regenerated_new/13/H/case-106541_JAY_ANNOTATION.png,"[12,13]",0.51
regenerated_new/1/H/case-106569_JAY_ANNOTATION.png,"[1,11]",0.46
regenerated_new/2/H/case-106569_JAY_ANNOTATION.png,"[2,3]",0.4
regenerated_new/10/H/case-106569_JAY_ANNOTATION.png,"[10,11]",0.51
regenerated_new/11/H/case-106569_JAY_ANNOTATION.png,"[11,12]",0.51
regenerated_new/13/H/case-106569_JAY_ANNOTATION.png,"[11,13]",0.51
regenerated_new/1/H/case-106811_JAY_ANNOTATION.png,"[1,10]",0.46
regenerated_new/10/H/case-106811_JAY_ANNOTATION.png,"[10,12]",0.51
regenerated_new/11/H/case-106811_JAY_ANNOTATION.png,"[11,10]",0.51
regenerated_new/1/H/case-106835_JAY_ANNOTATION.png,"[1,7]",0.41
regenerated_new/2/H/case-106835_JAY_ANNOTATION.png,"[2,3]",0.41
regenerated_new/3/H/case-106835_JAY_ANNOTATION.png,"[2,3]",0.41
regenerated_new/10/H/case-106835_JAY_ANNOTATION.png,"[10,11]",0.51
regenerated_new/11/H/case-106835_JAY_ANNOTATION.png,"[10,11]",0.51
regenerated_new/1/H/case-106856_JAY_ANNOTATION.png,"[1,12]",0.46
regenerated_new/3/H/case-106856_JAY_ANNOTATION.png,"[2,3]",0.41
regenerated_new/10/H/case-106856_JAY_ANNOTATION.png,"[10,11]",0.51
regenerated_new/11/H/case-106856_JAY_ANNOTATION.png,"[11,10]",0.51
regenerated_new/1/H/case-106882_JAY_ANNOTATION.png,"[1,11]",0.46
regenerated_new/7/H/case-106882_JAY_ANNOTATION.png,"[3,7]",0.41
regenerated_new/9/H/case-106882_JAY_ANNOTATION.png,"[9,10]",0.46
regenerated_new/10/H/case-106882_JAY_ANNOTATION.png,"[10,11]",0.51
regenerated_new/11/H/case-106882_JAY_ANNOTATION.png,"[10,11]",0.51
regenerated_new/1/H/case-106963_JAY_ANNOTATION.png,"[1,11]",0.46
regenerated_new/10/H/case-106963_JAY_ANNOTATION.png,"[10,11]",0.51
regenerated_new/11/H/case-106963_JAY_ANNOTATION.png,"[10,11]",0.51
regenerated_new/12/H/case-106963_JAY_ANNOTATION.png,"[8,12]",0.46
regenerated_new/13/H/case-106963_JAY_ANNOTATION.png,"[12,13]",0.51
regenerated_new/14/H/case-106963_JAY_ANNOTATION.png,"[13,14]",0.51
regenerated_new/1/H/case-106973_JAY_ANNOTATION.png,"[1,2]",0.4
regenerated_new/3/H/case-106973_JAY_ANNOTATION.png,"[3,2]",0.41
regenerated_new/11/H/case-106973_JAY_ANNOTATION.png,"[10,11]",0.51
regenerated_new/1/H/case-106991_JAY_ANNOTATION.png,"[1,11]",0.46
regenerated_new/3/H/case-106991_JAY_ANNOTATION.png,"[2,3]",0.4
regenerated_new/5/H/case-106991_JAY_ANNOTATION.png,"[3,5]",0.41
regenerated_new/10/H/case-106991_JAY_ANNOTATION.png,"[10,11]",0.51
regenerated_new/11/H/case-106991_JAY_ANNOTATION.png,"[10,11]",0.51
regenerated_new/12/H/case-106991_JAY_ANNOTATION.png,"[12,13]",0.51
regenerated_new/1/H/case-107068_JAY_ANNOTATION.png,"[1,11]",0.46
regenerated_new/7/H/case-107068_JAY_ANNOTATION.png,"[6,7]",0.4
regenerated_new/11/H/case-107068_JAY_ANNOTATION.png,"[10,11]",0.52
regenerated_new/12/H/case-107068_JAY_ANNOTATION.png,"[10,12]",0.52
regenerated_new/1/H/case-107184_JAY_ANNOTATION.png,"[1,13]",0.46
regenerated_new/10/H/case-107184_JAY_ANNOTATION.png,"[10,11]",0.51
regenerated_new/11/H/case-107184_JAY_ANNOTATION.png,"[10,11]",0.51
regenerated_new/1/H/case-107267_JAY_ANNOTATION.png,"[1,8]",0.4
regenerated_new/3/H/case-107267_JAY_ANNOTATION.png,"[2,3]",0.41
regenerated_new/5/H/case-107267_JAY_ANNOTATION.png,"[4,5]",0.41
regenerated_new/8/H/case-107267_JAY_ANNOTATION.png,"[8,10]",0.46
regenerated_new/1/H/case-107296_JAY_ANNOTATION.png,"[1,12]",0.46
regenerated_new/10/H/case-107296_JAY_ANNOTATION.png,"[10,11]",0.51
regenerated_new/11/H/case-107296_JAY_ANNOTATION.png,"[10,11]",0.51
regenerated_new/1/H/case-110146_JAY_ANNOTATION.png,"[1,12]",0.46
regenerated_new/3/H/case-110146_JAY_ANNOTATION.png,"[2,3]",0.4
regenerated_new/10/H/case-110146_JAY_ANNOTATION.png,"[10,11]",0.51
regenerated_new/11/H/case-110146_JAY_ANNOTATION.png,"[10,11]",0.51
regenerated_new/1/H/case-110184_JAY_ANNOTATION.png,"[1,6]",0.41
regenerated_new/3/H/case-110184_JAY_ANNOTATION.png,"[3,4]",0.41
regenerated_new/5/H/case-110184_JAY_ANNOTATION.png,"[5,11]",0.46
regenerated_new/6/H/case-110184_JAY_ANNOTATION.png,"[6,7]",0.41
regenerated_new/10/H/case-110184_JAY_ANNOTATION.png,"[10,11]",0.51
regenerated_new/11/H/case-110184_JAY_ANNOTATION.png,"[10,11]",0.51
regenerated_new/12/H/case-110184_JAY_ANNOTATION.png,"[12,13]",0.51
regenerated_new/1/H/case-110307_JAY_ANNOTATION.png,"[1,11]",0.46
regenerated_new/2/H/case-110307_JAY_ANNOTATION.png,"[3,2]",0.4
regenerated_new/8/H/case-110307_JAY_ANNOTATION.png,"[8,11]",0.46
regenerated_new/12/H/case-110307_JAY_ANNOTATION.png,"[1,12]",0.46
regenerated_new/13/H/case-110307_JAY_ANNOTATION.png,"[13,10]",0.51
regenerated_new/1/H/case-110324_JAY_ANNOTATION.png,"[1,11]",0.46
regenerated_new/2/H/case-110324_JAY_ANNOTATION.png,"[3,2]",0.4
regenerated_new/3/H/case-110324_JAY_ANNOTATION.png,"[2,3]",0.41
regenerated_new/7/H/case-110324_JAY_ANNOTATION.png,"[7,5]",0.41
regenerated_new/11/H/case-110324_JAY_ANNOTATION.png,"[10,11]",0.51
regenerated_new/1/H/case-110378_JAY_ANNOTATION.png,"[1,11]",0.46
regenerated_new/11/H/case-110378_JAY_ANNOTATION.png,"[10,11]",0.51
regenerated_new/12/H/case-110378_JAY_ANNOTATION.png,"[12,13]",0.51
regenerated_new/1/H/case-110382_JAY_ANNOTATION.png,"[1,7]",0.41
regenerated_new/3/H/case-110382_JAY_ANNOTATION.png,"[2,3]",0.41
regenerated_new/11/H/case-110382_JAY_ANNOTATION.png,"[10,11]",0.51
regenerated_new/12/H/case-110382_JAY_ANNOTATION.png,"[12,13]",0.51
regenerated_new/13/H/case-110382_JAY_ANNOTATION.png,"[11,13]",0.51
regenerated_new/1/H/case-110393_JAY_ANNOTATION.png,"[1,11]",0.46
regenerated_new/2/H/case-110393_JAY_ANNOTATION.png,"[3,2]",0.41
regenerated_new/10/H/case-110393_JAY_ANNOTATION.png,"[10,11]",0.51
regenerated_new/11/H/case-110393_JAY_ANNOTATION.png,"[10,11]",0.51
regenerated_new/1/H/case-110447_JAY_ANNOTATION.png,"[1,2]",0.41
regenerated_new/3/H/case-110447_JAY_ANNOTATION.png,"[2,3]",0.41
regenerated_new/8/H/case-110447_JAY_ANNOTATION.png,"[8,9]",0.41
regenerated_new/10/H/case-110447_JAY_ANNOTATION.png,"[10,11]",0.51
regenerated_new/11/H/case-110447_JAY_ANNOTATION.png,"[10,11]",0.51
regenerated_new/1/H/case-110519_JAY_ANNOTATION.png,"[1,8]",0.41
regenerated_new/2/H/case-110519_JAY_ANNOTATION.png,"[2,3]",0.4
regenerated_new/1/H/case-110588_JAY_ANNOTATION.png,"[1,11]",0.46
regenerated_new/2/H/case-110588_JAY_ANNOTATION.png,"[2,3]",0.4
regenerated_new/3/H/case-110588_JAY_ANNOTATION.png,"[2,3]",0.4
regenerated_new/11/H/case-110588_JAY_ANNOTATION.png,"[10,11]",0.51
regenerated_new/13/H/case-110588_JAY_ANNOTATION.png,"[6,13]",0.46
regenerated_new/1/H/case-110636_JAY_ANNOTATION.png,"[1,12]",0.46
regenerated_new/9/H/case-110636_JAY_ANNOTATION.png,"[8,9]",0.4
regenerated_new/10/H/case-110636_JAY_ANNOTATION.png,"[10,11]",0.51
regenerated_new/11/H/case-110636_JAY_ANNOTATION.png,"[10,11]",0.51
regenerated_new/1/H/case-110640_JAY_ANNOTATION.png,"[1,11]",0.46
regenerated_new/2/H/case-110640_JAY_ANNOTATION.png,"[2,3]",0.4
regenerated_new/3/H/case-110640_JAY_ANNOTATION.png,"[2,3]",0.41
regenerated_new/10/H/case-110640_JAY_ANNOTATION.png,"[10,12]",0.51
regenerated_new/1/H/case-110649_JAY_ANNOTATION.png,"[1,10]",0.46
regenerated_new/2/H/case-110649_JAY_ANNOTATION.png,"[2,3]",0.41
regenerated_new/3/H/case-110649_JAY_ANNOTATION.png,"[2,3]",0.41
regenerated_new/10/H/case-110649_JAY_ANNOTATION.png,"[10,11]",0.51
regenerated_new/11/H/case-110649_JAY_ANNOTATION.png,"[11,10]",0.51
regenerated_new/1/H/case-110664_JAY_ANNOTATION.png,"[1,12]",0.46
regenerated_new/2/H/case-110664_JAY_ANNOTATION.png,"[2,5]",0.41
regenerated_new/5/H/case-110664_JAY_ANNOTATION.png,"[4,5]",0.41
regenerated_new/10/H/case-110664_JAY_ANNOTATION.png,"[10,12]",0.51
regenerated_new/11/H/case-110664_JAY_ANNOTATION.png,"[10,11]",0.51
regenerated_new/1/H/case-110831_JAY_ANNOTATION.png,"[1,11]",0.46
regenerated_new/10/H/case-110831_JAY_ANNOTATION.png,"[10,11]",0.51
regenerated_new/11/H/case-110831_JAY_ANNOTATION.png,"[10,11]",0.51
regenerated_new/12/H/case-110831_JAY_ANNOTATION.png,"[10,12]",0.51
regenerated_new/1/H/case-110870_JAY_ANNOTATION.png,"[1,11]",0.46
regenerated_new/4/H/case-110870_JAY_ANNOTATION.png,"[1,4]",0.41
regenerated_new/6/H/case-110870_JAY_ANNOTATION.png,"[5,6]",0.4
regenerated_new/7/H/case-110870_JAY_ANNOTATION.png,"[6,7]",0.4
regenerated_new/8/H/case-110870_JAY_ANNOTATION.png,"[5,8]",0.41
regenerated_new/10/H/case-110870_JAY_ANNOTATION.png,"[10,11]",0.51
regenerated_new/11/H/case-110870_JAY_ANNOTATION.png,"[11,13]",0.51
regenerated_new/13/H/case-110870_JAY_ANNOTATION.png,"[12,13]",0.51
regenerated_new/1/H/case-111040_JAY_ANNOTATION.png,"[1,12]",0.46
regenerated_new/3/H/case-111040_JAY_ANNOTATION.png,"[2,3]",0.4
regenerated_new/7/H/case-111040_JAY_ANNOTATION.png,"[6,7]",0.41
regenerated_new/10/H/case-111040_JAY_ANNOTATION.png,"[10,11]",0.51
regenerated_new/11/H/case-111040_JAY_ANNOTATION.png,"[10,11]",0.51
regenerated_new/1/H/case-111057_JAY_ANNOTATION.png,"[1,12]",0.46
regenerated_new/3/H/case-111057_JAY_ANNOTATION.png,"[2,3]",0.41
regenerated_new/6/H/case-111057_JAY_ANNOTATION.png,"[6,7]",0.41
regenerated_new/10/H/case-111057_JAY_ANNOTATION.png,"[10,11]",0.51
regenerated_new/11/H/case-111057_JAY_ANNOTATION.png,"[10,11]",0.51
regenerated_new/12/H/case-111057_JAY_ANNOTATION.png,"[10,12]",0.51
regenerated_new/13/H/case-111057_JAY_ANNOTATION.png,"[12,13]",0.51
regenerated_new/1/H/case-111159_JAY_ANNOTATION.png,"[1,11]",0.46
regenerated_new/3/H/case-111159_JAY_ANNOTATION.png,"[2,3]",0.4
regenerated_new/11/H/case-111159_JAY_ANNOTATION.png,"[11,13]",0.51
regenerated_new/12/H/case-111159_JAY_ANNOTATION.png,"[11,12]",0.51
regenerated_new/1/H/case-111162_JAY_ANNOTATION.png,"[1,11]",0.46
regenerated_new/2/H/case-111162_JAY_ANNOTATION.png,"[2,3]",0.4
regenerated_new/6/H/case-111162_JAY_ANNOTATION.png,"[6,7]",0.41
regenerated_new/10/H/case-111162_JAY_ANNOTATION.png,"[10,11]",0.51
regenerated_new/11/H/case-111162_JAY_ANNOTATION.png,"[11,12]",0.51
regenerated_new/13/H/case-111162_JAY_ANNOTATION.png,"[12,13]",0.51
regenerated_new/1/H/case-111165_JAY_ANNOTATION.png,"[1,11]",0.46
regenerated_new/2/H/case-111165_JAY_ANNOTATION.png,"[2,3]",0.4
regenerated_new/10/H/case-111165_JAY_ANNOTATION.png,"[10,11]",0.51
regenerated_new/11/H/case-111165_JAY_ANNOTATION.png,"[10,11]",0.51
regenerated_new/1/H/case-111178_JAY_ANNOTATION.png,"[1,10]",0.46
regenerated_new/6/H/case-111178_JAY_ANNOTATION.png,"[6,7]",0.4
regenerated_new/10/H/case-111178_JAY_ANNOTATION.png,"[10,11]",0.51
regenerated_new/11/H/case-111178_JAY_ANNOTATION.png,"[10,11]",0.51
regenerated_new/1/H/case-111246_JAY_ANNOTATION.png,"[1,10]",0.46
regenerated_new/2/H/case-111246_JAY_ANNOTATION.png,"[2,5]",0.41
regenerated_new/3/H/case-111246_JAY_ANNOTATION.png,"[3,5]",0.41
regenerated_new/10/H/case-111246_JAY_ANNOTATION.png,"[10,11]",0.51
regenerated_new/11/H/case-111246_JAY_ANNOTATION.png,"[10,11]",0.51
regenerated_new/1/H/case-111273_JAY_ANNOTATION.png,"[1,11]",0.46
regenerated_new/4/H/case-111273_JAY_ANNOTATION.png,"[3,4]",0.4
regenerated_new/7/H/case-111273_JAY_ANNOTATION.png,"[7,12]",0.46
regenerated_new/11/H/case-111273_JAY_ANNOTATION.png,"[11,12]",0.51
regenerated_new/12/H/case-111273_JAY_ANNOTATION.png,"[10,12]",0.51
regenerated_new/1/H/case-111359_JAY_ANNOTATION.png,"[1,11]",0.46
regenerated_new/10/H/case-111359_JAY_ANNOTATION.png,"[10,11]",0.51
regenerated_new/11/H/case-111359_JAY_ANNOTATION.png,"[11,12]",0.51
regenerated_new/1/H/case-111405_JAY_ANNOTATION.png,"[1,10]",0.46
regenerated_new/5/H/case-111405_JAY_ANNOTATION.png,"[4,5]",0.41
regenerated_new/10/H/case-111405_JAY_ANNOTATION.png,"[10,11]",0.51
regenerated_new/1/H/case-111446_JAY_ANNOTATION.png,"[1,13]",0.46
regenerated_new/10/H/case-111446_JAY_ANNOTATION.png,"[10,11]",0.51
regenerated_new/11/H/case-111446_JAY_ANNOTATION.png,"[10,11]",0.51
regenerated_new/12/H/case-111446_JAY_ANNOTATION.png,"[10,12]",0.51
regenerated_new/1/H/case-111546_JAY_ANNOTATION.png,"[1,4]",0.41
regenerated_new/6/H/case-111546_JAY_ANNOTATION.png,"[4,6]",0.41
regenerated_new/7/H/case-111546_JAY_ANNOTATION.png,"[8,7]",0.4
regenerated_new/11/H/case-111546_JAY_ANNOTATION.png,"[10,11]",0.51
regenerated_new/1/H/case-111573_JAY_ANNOTATION.png,"[1,2]",0.41
regenerated_new/6/H/case-111573_JAY_ANNOTATION.png,[],0.19
regenerated_new/1/H/case-111685_JAY_ANNOTATION.png,"[1,13]",0.46
regenerated_new/2/H/case-111685_JAY_ANNOTATION.png,"[2,5]",0.4
regenerated_new/7/H/case-111685_JAY_ANNOTATION.png,"[3,7]",0.41
regenerated_new/10/H/case-111685_JAY_ANNOTATION.png,"[10,11]",0.51
regenerated_new/12/H/case-111685_JAY_ANNOTATION.png,"[12,13]",0.51
regenerated_new/1/H/case-111755_JAY_ANNOTATION.png,"[1,10]",0.46
regenerated_new/3/H/case-111755_JAY_ANNOTATION.png,"[2,3]",0.41
regenerated_new/4/H/case-111755_JAY_ANNOTATION.png,"[1,4]",0.4
regenerated_new/10/H/case-111755_JAY_ANNOTATION.png,"[10,11]",0.51
regenerated_new/11/H/case-111755_JAY_ANNOTATION.png,"[10,11]",0.51
regenerated_new/1/H/case-111791_JAY_ANNOTATION.png,"[1,11]",0.46
regenerated_new/2/H/case-111791_JAY_ANNOTATION.png,"[2,3]",0.41
regenerated_new/3/H/case-111791_JAY_ANNOTATION.png,"[3,5]",0.41
regenerated_new/11/H/case-111791_JAY_ANNOTATION.png,"[10,11]",0.51
regenerated_new/13/H/case-111791_JAY_ANNOTATION.png,"[12,13]",0.51
regenerated_new/1/H/case-111819_JAY_ANNOTATION.png,"[1,11]",0.46
regenerated_new/2/H/case-111819_JAY_ANNOTATION.png,"[2,3]",0.41
regenerated_new/3/H/case-111819_JAY_ANNOTATION.png,"[3,4]",0.4
regenerated_new/10/H/case-111819_JAY_ANNOTATION.png,"[10,11]",0.51
regenerated_new/1/H/case-111830_JAY_ANNOTATION.png,"[1,11]",0.45
regenerated_new/2/H/case-111830_JAY_ANNOTATION.png,"[2,3]",0.41
regenerated_new/7/H/case-111830_JAY_ANNOTATION.png,"[7,8]",0.41
regenerated_new/10/H/case-111830_JAY_ANNOTATION.png,"[10,12]",0.52
regenerated_new/1/H/case-111863_JAY_ANNOTATION.png,"[1,2]",0.4
regenerated_new/2/H/case-111863_JAY_ANNOTATION.png,"[2,3]",0.4
regenerated_new/3/H/case-111863_JAY_ANNOTATION.png,"[2,3]",0.4
regenerated_new/10/H/case-111863_JAY_ANNOTATION.png,"[11,10]",0.51
regenerated_new/12/H/case-111863_JAY_ANNOTATION.png,"[12,13]",0.51
regenerated_new/1/H/case-111923_JAY_ANNOTATION.png,"[1,3]",0.41
regenerated_new/10/H/case-111923_JAY_ANNOTATION.png,"[10,11]",0.51
regenerated_new/1/H/case-112038_JAY_ANNOTATION.png,"[1,11]",0.46
regenerated_new/2/H/case-112038_JAY_ANNOTATION.png,"[2,3]",0.4
regenerated_new/10/H/case-112038_JAY_ANNOTATION.png,"[10,11]",0.51
regenerated_new/1/H/case-112071_JAY_ANNOTATION.png,"[1,3]",0.4
regenerated_new/10/H/case-112071_JAY_ANNOTATION.png,"[10,11]",0.51
regenerated_new/11/H/case-112071_JAY_ANNOTATION.png,"[10,11]",0.51
regenerated_new/12/H/case-112071_JAY_ANNOTATION.png,"[10,12]",0.51
regenerated_new/1/H/case-112086_JAY_ANNOTATION.png,"[1,11]",0.46
regenerated_new/2/H/case-112086_JAY_ANNOTATION.png,"[2,3]",0.4
regenerated_new/7/H/case-112086_JAY_ANNOTATION.png,"[6,7]",0.41
regenerated_new/1/H/case-112092_JAY_ANNOTATION.png,"[1,2]",0.41
regenerated_new/6/H/case-112092_JAY_ANNOTATION.png,"[6,7]",0.41
regenerated_new/10/H/case-112092_JAY_ANNOTATION.png,"[10,12]",0.51
regenerated_new/11/H/case-112092_JAY_ANNOTATION.png,"[11,12]",0.51
regenerated_new/13/H/case-112092_JAY_ANNOTATION.png,"[12,13]",0.51
regenerated_new/1/H/case-112132_JAY_ANNOTATION.png,"[1,12]",0.46
regenerated_new/3/H/case-112132_JAY_ANNOTATION.png,"[3,4]",0.4
regenerated_new/10/H/case-112132_JAY_ANNOTATION.png,"[10,11]",0.51
regenerated_new/13/H/case-112132_JAY_ANNOTATION.png,"[11,13]",0.51
regenerated_new/1/H/case-112180_JAY_ANNOTATION.png,"[1,11]",0.46
regenerated_new/2/H/case-112180_JAY_ANNOTATION.png,"[2,7]",0.41
regenerated_new/3/H/case-112180_JAY_ANNOTATION.png,"[2,3]",0.4
regenerated_new/10/H/case-112180_JAY_ANNOTATION.png,"[10,11]",0.51
regenerated_new/11/H/case-112180_JAY_ANNOTATION.png,"[10,11]",0.51
regenerated_new/1/H/case-112208_JAY_ANNOTATION.png,"[1,11]",0.46
regenerated_new/3/H/case-112208_JAY_ANNOTATION.png,"[2,3]",0.4
regenerated_new/10/H/case-112208_JAY_ANNOTATION.png,"[10,11]",0.51
regenerated_new/11/H/case-112208_JAY_ANNOTATION.png,"[10,11]",0.51
regenerated_new/13/H/case-112208_JAY_ANNOTATION.png,"[7,13]",0.46
regenerated_new/1/H/case-112234_JAY_ANNOTATION.png,"[1,10]",0.46
regenerated_new/3/H/case-112234_JAY_ANNOTATION.png,"[3,6]",0.4
regenerated_new/10/H/case-112234_JAY_ANNOTATION.png,"[10,11]",0.51
regenerated_new/11/H/case-112234_JAY_ANNOTATION.png,"[10,11]",0.51
regenerated_new/12/H/case-112234_JAY_ANNOTATION.png,"[12,13]",0.51
regenerated_new/1/H/case-112249_JAY_ANNOTATION.png,"[1,10]",0.46
regenerated_new/3/H/case-112249_JAY_ANNOTATION.png,"[2,3]",0.41
regenerated_new/10/H/case-112249_JAY_ANNOTATION.png,"[10,11]",0.51
regenerated_new/11/H/case-112249_JAY_ANNOTATION.png,"[10,11]",0.51
regenerated_new/1/H/case-112292_JAY_ANNOTATION.png,"[1,12]",0.46
regenerated_new/6/H/case-112292_JAY_ANNOTATION.png,"[6,7]",0.4
regenerated_new/12/H/case-112292_JAY_ANNOTATION.png,"[12,13]",0.51
regenerated_new/14/H/case-112292_JAY_ANNOTATION.png,"[10,14]",0.51
regenerated_new/1/H/case-112297_JAY_ANNOTATION.png,"[1,11]",0.46
regenerated_new/2/H/case-112297_JAY_ANNOTATION.png,"[2,3]",0.41
regenerated_new/10/H/case-112297_JAY_ANNOTATION.png,"[10,11]",0.51
regenerated_new/11/H/case-112297_JAY_ANNOTATION.png,"[10,11]",0.51
regenerated_new/13/H/case-112297_JAY_ANNOTATION.png,"[12,13]",0.51
regenerated_new/1/H/case-112348_JAY_ANNOTATION.png,"[1,2]",0.4
regenerated_new/6/H/case-112348_JAY_ANNOTATION.png,"[6,8]",0.41
regenerated_new/10/H/case-112348_JAY_ANNOTATION.png,"[10,11]",0.51
regenerated_new/11/H/case-112348_JAY_ANNOTATION.png,"[10,11]",0.51
regenerated_new/13/H/case-112348_JAY_ANNOTATION.png,"[11,13]",0.51
regenerated_new/1/H/case-112364_JAY_ANNOTATION.png,"[1,13]",0.46
regenerated_new/2/H/case-112364_JAY_ANNOTATION.png,"[2,3]",0.41
regenerated_new/7/H/case-112364_JAY_ANNOTATION.png,"[6,7]",0.4
regenerated_new/10/H/case-112364_JAY_ANNOTATION.png,"[10,11]",0.51
regenerated_new/11/H/case-112364_JAY_ANNOTATION.png,"[10,11]",0.51
regenerated_new/1/H/case-112387_JAY_ANNOTATION.png,"[1,11]",0.46
regenerated_new/6/H/case-112387_JAY_ANNOTATION.png,"[6,7]",0.41
regenerated_new/9/H/case-112387_JAY_ANNOTATION.png,"[8,9]",0.41
regenerated_new/10/H/case-112387_JAY_ANNOTATION.png,"[10,11]",0.51
regenerated_new/11/H/case-112387_JAY_ANNOTATION.png,"[10,11]",0.51
regenerated_new/12/H/case-112387_JAY_ANNOTATION.png,"[12,13]",0.51
regenerated_new/1/H/case-112425_JAY_ANNOTATION.png,"[1,5]",0.4
regenerated_new/3/H/case-112425_JAY_ANNOTATION.png,"[2,3]",0.4
regenerated_new/10/H/case-112425_JAY_ANNOTATION.png,"[10,11]",0.51
regenerated_new/11/H/case-112425_JAY_ANNOTATION.png,"[11,10]",0.51
regenerated_new/12/H/case-112425_JAY_ANNOTATION.png,"[10,12]",0.51
regenerated_new/13/H/case-112425_JAY_ANNOTATION.png,"[11,13]",0.51
regenerated_new/1/H/case-112437_JAY_ANNOTATION.png,"[1,11]",0.46
regenerated_new/2/H/case-112437_JAY_ANNOTATION.png,"[2,3]",0.41
regenerated_new/4/H/case-112437_JAY_ANNOTATION.png,"[4,5]",0.41
regenerated_new/5/H/case-112437_JAY_ANNOTATION.png,"[3,5]",0.4
regenerated_new/11/H/case-112437_JAY_ANNOTATION.png,"[10,11]",0.51
regenerated_new/14/H/case-112437_JAY_ANNOTATION.png,"[11,14]",0.51
regenerated_new/1/H/case-112453_JAY_ANNOTATION.png,"[1,11]",0.46
regenerated_new/3/H/case-112453_JAY_ANNOTATION.png,"[2,3]",0.41
regenerated_new/4/H/case-112453_JAY_ANNOTATION.png,"[4,11]",0.46
regenerated_new/10/H/case-112453_JAY_ANNOTATION.png,"[1,10]",0.46
regenerated_new/11/H/case-112453_JAY_ANNOTATION.png,"[10,11]",0.51
regenerated_new/13/H/case-112453_JAY_ANNOTATION.png,"[12,13]",0.51
regenerated_new/1/H/case-112536_JAY_ANNOTATION.png,"[1,8]",0.4
regenerated_new/3/H/case-112536_JAY_ANNOTATION.png,"[3,5]",0.4
regenerated_new/7/H/case-112536_JAY_ANNOTATION.png,"[7,8]",0.4
regenerated_new/9/H/case-112536_JAY_ANNOTATION.png,"[9,10]",0.46
regenerated_new/10/H/case-112536_JAY_ANNOTATION.png,"[10,11]",0.51
regenerated_new/12/H/case-112536_JAY_ANNOTATION.png,"[11,12]",0.51
regenerated_new/1/H/case-112545_JAY_ANNOTATION.png,"[1,3]",0.4
regenerated_new/2/H/case-112545_JAY_ANNOTATION.png,"[2,3]",0.4
regenerated_new/11/H/case-112545_JAY_ANNOTATION.png,"[10,11]",0.51
regenerated_new/14/H/case-112545_JAY_ANNOTATION.png,"[11,14]",0.51
regenerated_new/1/H/case-112559_JAY_ANNOTATION.png,"[1,12]",0.46
regenerated_new/7/H/case-112559_JAY_ANNOTATION.png,"[5,7]",0.41
regenerated_new/8/H/case-112559_JAY_ANNOTATION.png,"[8,9]",0.4
regenerated_new/11/H/case-112559_JAY_ANNOTATION.png,"[10,11]",0.51
regenerated_new/4/H/case-100114_JAY_ANNOTATION.png,"[12,13]",10.82
regenerated_new/5/H/case-100114_JAY_ANNOTATION.png,"[6,12]",23.73
regenerated_new/6/H/case-100114_JAY_ANNOTATION.png,"[7,8]",8.18
regenerated_new/8/H/case-100114_JAY_ANNOTATION.png,"[12,14]",13.44
regenerated_new/9/H/case-100114_JAY_ANNOTATION.png,"[10,13]",9.86
regenerated_new/12/H/case-100114_JAY_ANNOTATION.png,"[14,11]",10.7
regenerated_new/14/H/case-100114_JAY_ANNOTATION.png,"[11,14]",11.43
regenerated_new/2/H/case-100129_JAY_ANNOTATION.png,"[2,3]",9.27
regenerated_new/3/H/case-100129_JAY_ANNOTATION.png,"[2,3]",9.74
regenerated_new/4/H/case-100129_JAY_ANNOTATION.png,"[10,10]",15.96
regenerated_new/5/H/case-100129_JAY_ANNOTATION.png,"[3,5]",14.47
regenerated_new/8/H/case-100129_JAY_ANNOTATION.png,"[10,14]",14.27
regenerated_new/9/H/case-100129_JAY_ANNOTATION.png,"[10,12]",10.57
regenerated_new/13/H/case-100129_JAY_ANNOTATION.png,"[14,10]",8.54
regenerated_new/14/H/case-100129_JAY_ANNOTATION.png,"[10,13]",9.45
regenerated_new/3/H/case-100164_JAY_ANNOTATION.png,"[2,8]",11.4
regenerated_new/4/H/case-100164_JAY_ANNOTATION.png,"[4,5]",9.32
regenerated_new/5/H/case-100164_JAY_ANNOTATION.png,"[11,10]",17.63
regenerated_new/7/H/case-100164_JAY_ANNOTATION.png,"[10,13]",10.0
regenerated_new/8/H/case-100164_JAY_ANNOTATION.png,"[10,12]",13.0
regenerated_new/9/H/case-100164_JAY_ANNOTATION.png,"[12,13]",9.13
regenerated_new/12/H/case-100164_JAY_ANNOTATION.png,"[10,12]",14.28
regenerated_new/13/H/case-100164_JAY_ANNOTATION.png,"[7,8]",11.08
regenerated_new/14/H/case-100164_JAY_ANNOTATION.png,"[10,11]",14.39
regenerated_new/3/H/case-100229_JAY_ANNOTATION.png,"[3,5]",11.67
regenerated_new/4/H/case-100229_JAY_ANNOTATION.png,"[5,14]",11.81
regenerated_new/5/H/case-100229_JAY_ANNOTATION.png,"[5,6]",9.95
regenerated_new/6/H/case-100229_JAY_ANNOTATION.png,"[11,14]",10.51
regenerated_new/7/H/case-100229_JAY_ANNOTATION.png,"[6,9]",14.39
regenerated_new/8/H/case-100229_JAY_ANNOTATION.png,"[12,14]",11.65
regenerated_new/9/H/case-100229_JAY_ANNOTATION.png,"[10,14]",10.06
regenerated_new/12/H/case-100229_JAY_ANNOTATION.png,"[10,13]",12.34
regenerated_new/13/H/case-100229_JAY_ANNOTATION.png,"[4,5]",13.75
regenerated_new/14/H/case-100229_JAY_ANNOTATION.png,"[5,13]",9.75
regenerated_new/2/H/case-100245_JAY_ANNOTATION.png,"[2,3]",6.86
regenerated_new/5/H/case-100245_JAY_ANNOTATION.png,"[3,4]",11.15
regenerated_new/6/H/case-100245_JAY_ANNOTATION.png,"[2,12]",11.66
regenerated_new/8/H/case-100245_JAY_ANNOTATION.png,"[10,13]",17.55
regenerated_new/9/H/case-100245_JAY_ANNOTATION.png,"[12,14]",13.74
regenerated_new/12/H/case-100245_JAY_ANNOTATION.png,"[10,12]",9.01
regenerated_new/13/H/case-100245_JAY_ANNOTATION.png,"[10,14]",9.98
regenerated_new/14/H/case-100245_JAY_ANNOTATION.png,"[11,12]",21.53
regenerated_new/2/H/case-100247_JAY_ANNOTATION.png,"[3,6]",15.35
regenerated_new/4/H/case-100247_JAY_ANNOTATION.png,"[10,14]",9.93
regenerated_new/5/H/case-100247_JAY_ANNOTATION.png,"[14,11]",11.07
regenerated_new/7/H/case-100247_JAY_ANNOTATION.png,"[6,9]",10.65
regenerated_new/8/H/case-100247_JAY_ANNOTATION.png,"[12,14]",13.75
regenerated_new/9/H/case-100247_JAY_ANNOTATION.png,"[10,14]",11.03
regenerated_new/10/H/case-100247_JAY_ANNOTATION.png,"[4,11]",22.41
regenerated_new/13/H/case-100247_JAY_ANNOTATION.png,"[11,14]",17.65
regenerated_new/14/H/case-100247_JAY_ANNOTATION.png,"[10,12]",16.6
regenerated_new/2/H/case-100254_JAY_ANNOTATION.png,"[10,12]",9.74
regenerated_new/4/H/case-100254_JAY_ANNOTATION.png,"[15,15]",10.1
regenerated_new/5/H/case-100254_JAY_ANNOTATION.png,"[7,11]",15.3
regenerated_new/6/H/case-100254_JAY_ANNOTATION.png,"[11,8]",15.23
regenerated_new/7/H/case-100254_JAY_ANNOTATION.png,"[2,10]",14.71
regenerated_new/8/H/case-100254_JAY_ANNOTATION.png,"[10,14]",14.37
regenerated_new/9/H/case-100254_JAY_ANNOTATION.png,"[11,12]",10.38
regenerated_new/10/H/case-100254_JAY_ANNOTATION.png,"[14,11]",16.11
regenerated_new/13/H/case-100254_JAY_ANNOTATION.png,"[10,11]",6.39
regenerated_new/14/H/case-100254_JAY_ANNOTATION.png,"[11,12]",8.3
regenerated_new/2/H/case-100265_JAY_ANNOTATION.png,"[14,2]",15.39
regenerated_new/4/H/case-100265_JAY_ANNOTATION.png,"[14,11]",11.61
regenerated_new/5/H/case-100265_JAY_ANNOTATION.png,"[12,14]",21.25
regenerated_new/6/H/case-100265_JAY_ANNOTATION.png,"[10,11]",16.48
regenerated_new/8/H/case-100265_JAY_ANNOTATION.png,"[3,5]",10.63
regenerated_new/9/H/case-100265_JAY_ANNOTATION.png,"[10,11]",13.52
regenerated_new/13/H/case-100265_JAY_ANNOTATION.png,"[10,13]",14.67
regenerated_new/14/H/case-100265_JAY_ANNOTATION.png,"[12,13]",13.73
regenerated_new/4/H/case-100304_JAY_ANNOTATION.png,"[10,14]",15.57
regenerated_new/5/H/case-100304_JAY_ANNOTATION.png,"[10,11]",18.09
regenerated_new/6/H/case-100304_JAY_ANNOTATION.png,"[10,4]",19.05
regenerated_new/7/H/case-100304_JAY_ANNOTATION.png,"[5,4]",11.86
regenerated_new/8/H/case-100304_JAY_ANNOTATION.png,"[10,14]",11.84
regenerated_new/9/H/case-100304_JAY_ANNOTATION.png,"[10,13]",9.53
regenerated_new/12/H/case-100304_JAY_ANNOTATION.png,"[10,14]",11.46
regenerated_new/13/H/case-100304_JAY_ANNOTATION.png,"[5,4]",15.8
regenerated_new/14/H/case-100304_JAY_ANNOTATION.png,"[5,4]",10.33
regenerated_new/3/H/case-100308_JAY_ANNOTATION.png,"[11,3]",6.86
regenerated_new/5/H/case-100308_JAY_ANNOTATION.png,"[12,11]",10.75
regenerated_new/7/H/case-100308_JAY_ANNOTATION.png,"[10,11]",8.98
regenerated_new/8/H/case-100308_JAY_ANNOTATION.png,"[6,7]",12.78
regenerated_new/9/H/case-100308_JAY_ANNOTATION.png,"[11,14]",13.91
regenerated_new/12/H/case-100308_JAY_ANNOTATION.png,"[14,8]",16.51
regenerated_new/13/H/case-100308_JAY_ANNOTATION.png,"[10,12]",11.08
regenerated_new/2/H/case-100359_JAY_ANNOTATION.png,"[10,11]",10.26
regenerated_new/3/H/case-100359_JAY_ANNOTATION.png,"[10,11]",17.97
regenerated_new/4/H/case-100359_JAY_ANNOTATION.png,"[10,11]",9.49
regenerated_new/5/H/case-100359_JAY_ANNOTATION.png,"[4,14]",9.38
regenerated_new/8/H/case-100359_JAY_ANNOTATION.png,"[10,13]",10.78
regenerated_new/9/H/case-100359_JAY_ANNOTATION.png,"[14,7]",10.5
regenerated_new/12/H/case-100359_JAY_ANNOTATION.png,"[6,7]",15.39
regenerated_new/13/H/case-100359_JAY_ANNOTATION.png,"[11,12]",8.83
regenerated_new/14/H/case-100359_JAY_ANNOTATION.png,"[14,10]",14.3
regenerated_new/2/H/case-100366_JAY_ANNOTATION.png,"[5,4]",8.24
regenerated_new/3/H/case-100366_JAY_ANNOTATION.png,"[2,3]",8.45
regenerated_new/4/H/case-100366_JAY_ANNOTATION.png,"[2,3]",9.39
regenerated_new/5/H/case-100366_JAY_ANNOTATION.png,"[4,5]",8.04
regenerated_new/6/H/case-100366_JAY_ANNOTATION.png,"[2,10]",12.07
regenerated_new/7/H/case-100366_JAY_ANNOTATION.png,"[14,11]",16.58
regenerated_new/8/H/case-100366_JAY_ANNOTATION.png,"[14,7]",11.4
regenerated_new/9/H/case-100366_JAY_ANNOTATION.png,"[10,12]",11.67
regenerated_new/10/H/case-100366_JAY_ANNOTATION.png,"[10,14]",9.04
regenerated_new/12/H/case-100366_JAY_ANNOTATION.png,"[11,13]",13.43
regenerated_new/13/H/case-100366_JAY_ANNOTATION.png,"[11,13]",13.22
regenerated_new/14/H/case-100366_JAY_ANNOTATION.png,"[14,11]",14.38
regenerated_new/2/H/case-100369_JAY_ANNOTATION.png,"[11,12]",12.8
regenerated_new/3/H/case-100369_JAY_ANNOTATION.png,"[3,14]",10.48
regenerated_new/4/H/case-100369_JAY_ANNOTATION.png,"[10,12]",11.97
regenerated_new/5/H/case-100369_JAY_ANNOTATION.png,"[14,1]",16.02
regenerated_new/6/H/case-100369_JAY_ANNOTATION.png,"[2,14]",16.01
regenerated_new/7/H/case-100369_JAY_ANNOTATION.png,"[14,5]",13.89
regenerated_new/8/H/case-100369_JAY_ANNOTATION.png,"[14,6]",15.86
regenerated_new/9/H/case-100369_JAY_ANNOTATION.png,"[14,13]",7.71
regenerated_new/13/H/case-100369_JAY_ANNOTATION.png,"[13,11]",9.88
regenerated_new/14/H/case-100369_JAY_ANNOTATION.png,"[11,14]",11.9
regenerated_new/2/H/case-100371_JAY_ANNOTATION.png,"[12,13]",14.84
regenerated_new/3/H/case-100371_JAY_ANNOTATION.png,"[3,9]",9.58
regenerated_new/4/H/case-100371_JAY_ANNOTATION.png,"[5,4]",11.95
regenerated_new/5/H/case-100371_JAY_ANNOTATION.png,"[12,13]",17.99
regenerated_new/7/H/case-100371_JAY_ANNOTATION.png,"[2,3]",16.41
regenerated_new/8/H/case-100371_JAY_ANNOTATION.png,"[10,11]",12.85
regenerated_new/9/H/case-100371_JAY_ANNOTATION.png,"[10,12]",9.53
regenerated_new/12/H/case-100371_JAY_ANNOTATION.png,"[10,14]",8.72
regenerated_new/13/H/case-100371_JAY_ANNOTATION.png,"[10,11]",9.07
regenerated_new/14/H/case-100371_JAY_ANNOTATION.png,"[10,14]",8.96
regenerated_new/3/H/case-100515_JAY_ANNOTATION.png,"[2,4]",8.55
regenerated_new/4/H/case-100515_JAY_ANNOTATION.png,"[8,9]",7.73
regenerated_new/6/H/case-100515_JAY_ANNOTATION.png,"[9,14]",10.06
regenerated_new/9/H/case-100515_JAY_ANNOTATION.png,"[12,14]",13.21
regenerated_new/12/H/case-100515_JAY_ANNOTATION.png,"[11,13]",12.7
regenerated_new/13/H/case-100515_JAY_ANNOTATION.png,"[14,11]",7.93
regenerated_new/14/H/case-100515_JAY_ANNOTATION.png,"[10,12]",22.14
regenerated_new/3/H/case-100518_JAY_ANNOTATION.png,"[9,13]",9.38
regenerated_new/4/H/case-100518_JAY_ANNOTATION.png,"[10,2]",13.37
regenerated_new/5/H/case-100518_JAY_ANNOTATION.png,"[10,14]",12.76
regenerated_new/6/H/case-100518_JAY_ANNOTATION.png,"[3,7]",7.99
regenerated_new/7/H/case-100518_JAY_ANNOTATION.png,"[4,2]",7.95
regenerated_new/8/H/case-100518_JAY_ANNOTATION.png,"[10,11]",14.1
regenerated_new/9/H/case-100518_JAY_ANNOTATION.png,"[10,14]",14.24
regenerated_new/10/H/case-100518_JAY_ANNOTATION.png,"[10,14]",9.49
regenerated_new/12/H/case-100518_JAY_ANNOTATION.png,"[14,11]",9.48
regenerated_new/13/H/case-100518_JAY_ANNOTATION.png,"[13,12]",7.57
regenerated_new/14/H/case-100518_JAY_ANNOTATION.png,"[10,11]",9.88
regenerated_new/2/H/case-100541_JAY_ANNOTATION.png,"[10,12]",10.93
regenerated_new/3/H/case-100541_JAY_ANNOTATION.png,"[4,5]",14.56
regenerated_new/4/H/case-100541_JAY_ANNOTATION.png,"[10,14]",9.3
regenerated_new/5/H/case-100541_JAY_ANNOTATION.png,"[14,10]",9.15
regenerated_new/6/H/case-100541_JAY_ANNOTATION.png,"[11,8]",13.94
regenerated_new/7/H/case-100541_JAY_ANNOTATION.png,"[11,12]",12.23
regenerated_new/8/H/case-100541_JAY_ANNOTATION.png,"[10,12]",14.86
regenerated_new/9/H/case-100541_JAY_ANNOTATION.png,"[15,15]",25.85
regenerated_new/11/H/case-100541_JAY_ANNOTATION.png,"[14,11]",19.68
regenerated_new/13/H/case-100541_JAY_ANNOTATION.png,"[10,11]",9.31
regenerated_new/14/H/case-100541_JAY_ANNOTATION.png,"[11,12]",8.2
regenerated_new/3/H/case-100585_JAY_ANNOTATION.png,"[10,11]",10.37
regenerated_new/4/H/case-100585_JAY_ANNOTATION.png,"[11,1]",13.06
regenerated_new/5/H/case-100585_JAY_ANNOTATION.png,"[10,11]",10.36
regenerated_new/6/H/case-100585_JAY_ANNOTATION.png,"[10,11]",12.61
regenerated_new/7/H/case-100585_JAY_ANNOTATION.png,"[14,11]",9.56
regenerated_new/8/H/case-100585_JAY_ANNOTATION.png,"[6,7]",14.06
regenerated_new/9/H/case-100585_JAY_ANNOTATION.png,"[10,11]",10.27
regenerated_new/12/H/case-100585_JAY_ANNOTATION.png,"[14,12]",20.54
regenerated_new/13/H/case-100585_JAY_ANNOTATION.png,"[10,14]",13.98
regenerated_new/14/H/case-100585_JAY_ANNOTATION.png,"[10,11]",11.39
regenerated_new/2/H/case-100591_JAY_ANNOTATION.png,"[3,4]",14.43
regenerated_new/3/H/case-100591_JAY_ANNOTATION.png,"[3,12]",11.51
regenerated_new/4/H/case-100591_JAY_ANNOTATION.png,"[10,14]",10.06
regenerated_new/5/H/case-100591_JAY_ANNOTATION.png,"[10,14]",9.09
regenerated_new/6/H/case-100591_JAY_ANNOTATION.png,"[6,7]",10.12
regenerated_new/7/H/case-100591_JAY_ANNOTATION.png,"[9,11]",12.04
regenerated_new/8/H/case-100591_JAY_ANNOTATION.png,"[10,15]",21.05
regenerated_new/9/H/case-100591_JAY_ANNOTATION.png,"[4,7]",13.11
regenerated_new/12/H/case-100591_JAY_ANNOTATION.png,"[10,12]",9.44
regenerated_new/14/H/case-100591_JAY_ANNOTATION.png,"[10,11]",17.77
regenerated_new/2/H/case-100702_JAY_ANNOTATION.png,"[3,4]",13.54
regenerated_new/4/H/case-100702_JAY_ANNOTATION.png,"[10,11]",10.52
regenerated_new/5/H/case-100702_JAY_ANNOTATION.png,"[10,14]",10.08
regenerated_new/6/H/case-100702_JAY_ANNOTATION.png,"[14,7]",17.02
regenerated_new/8/H/case-100702_JAY_ANNOTATION.png,"[4,5]",10.99
regenerated_new/9/H/case-100702_JAY_ANNOTATION.png,"[10,14]",11.51
regenerated_new/13/H/case-100702_JAY_ANNOTATION.png,"[14,12]",12.54
regenerated_new/14/H/case-100702_JAY_ANNOTATION.png,"[10,14]",12.18
regenerated_new/3/H/case-100770_JAY_ANNOTATION.png,"[14,11]",11.15
regenerated_new/4/H/case-100770_JAY_ANNOTATION.png,"[4,5]",16.31
regenerated_new/5/H/case-100770_JAY_ANNOTATION.png,"[15,15]",16.16
regenerated_new/6/H/case-100770_JAY_ANNOTATION.png,"[15,15]",25.83
regenerated_new/7/H/case-100770_JAY_ANNOTATION.png,"[10,11]",9.4
regenerated_new/8/H/case-100770_JAY_ANNOTATION.png,"[10,14]",11.84
regenerated_new/9/H/case-100770_JAY_ANNOTATION.png,"[12,10]",8.39
regenerated_new/10/H/case-100770_JAY_ANNOTATION.png,"[11,4]",15.47
regenerated_new/11/H/case-100770_JAY_ANNOTATION.png,"[10,14]",10.47
regenerated_new/12/H/case-100770_JAY_ANNOTATION.png,"[10,14]",21.91
regenerated_new/13/H/case-100770_JAY_ANNOTATION.png,"[4,13]",9.11
regenerated_new/14/H/case-100770_JAY_ANNOTATION.png,"[10,12]",8.39
regenerated_new/2/H/case-100779_JAY_ANNOTATION.png,"[11,13]",6.79
regenerated_new/3/H/case-100779_JAY_ANNOTATION.png,"[2,3]",8.6
regenerated_new/4/H/case-100779_JAY_ANNOTATION.png,"[3,2]",19.64
regenerated_new/5/H/case-100779_JAY_ANNOTATION.png,"[10,11]",8.86
regenerated_new/6/H/case-100779_JAY_ANNOTATION.png,"[12,14]",13.32
regenerated_new/7/H/case-100779_JAY_ANNOTATION.png,"[10,11]",9.22
regenerated_new/8/H/case-100779_JAY_ANNOTATION.png,"[4,14]",12.18
regenerated_new/9/H/case-100779_JAY_ANNOTATION.png,"[4,5]",23.33
regenerated_new/12/H/case-100779_JAY_ANNOTATION.png,"[6,7]",11.76
regenerated_new/13/H/case-100779_JAY_ANNOTATION.png,"[10,14]",11.26
regenerated_new/14/H/case-100779_JAY_ANNOTATION.png,"[11,12]",9.96
regenerated_new/2/H/case-100863_JAY_ANNOTATION.png,"[11,4]",20.75
regenerated_new/4/H/case-100863_JAY_ANNOTATION.png,"[5,14]",11.45
regenerated_new/5/H/case-100863_JAY_ANNOTATION.png,"[10,14]",9.34
regenerated_new/6/H/case-100863_JAY_ANNOTATION.png,"[12,7]",10.45
regenerated_new/7/H/case-100863_JAY_ANNOTATION.png,"[11,14]",16.11
regenerated_new/8/H/case-100863_JAY_ANNOTATION.png,"[4,5]",8.32
regenerated_new/9/H/case-100863_JAY_ANNOTATION.png,"[12,13]",13.99
regenerated_new/12/H/case-100863_JAY_ANNOTATION.png,"[10,11]",10.78
regenerated_new/13/H/case-100863_JAY_ANNOTATION.png,"[14,12]",11.8
regenerated_new/14/H/case-100863_JAY_ANNOTATION.png,"[10,12]",10.45
regenerated_new/2/H/case-100915_JAY_ANNOTATION.png,"[3,2]",9.76
regenerated_new/3/H/case-100915_JAY_ANNOTATION.png,"[10,11]",11.66
regenerated_new/4/H/case-100915_JAY_ANNOTATION.png,"[12,13]",11.0
regenerated_new/5/H/case-100915_JAY_ANNOTATION.png,"[10,14]",12.49
regenerated_new/6/H/case-100915_JAY_ANNOTATION.png,"[10,13]",12.64
regenerated_new/7/H/case-100915_JAY_ANNOTATION.png,"[10,11]",11.73
regenerated_new/8/H/case-100915_JAY_ANNOTATION.png,"[10,14]",9.76
regenerated_new/12/H/case-100915_JAY_ANNOTATION.png,"[5,6]",10.9
regenerated_new/14/H/case-100915_JAY_ANNOTATION.png,"[10,20]",12.75
regenerated_new/4/H/case-100917_JAY_ANNOTATION.png,"[2,14]",8.42
regenerated_new/5/H/case-100917_JAY_ANNOTATION.png,"[3,2]",10.18
regenerated_new/6/H/case-100917_JAY_ANNOTATION.png,"[13,14]",10.71
regenerated_new/7/H/case-100917_JAY_ANNOTATION.png,"[10,12]",9.78
regenerated_new/8/H/case-100917_JAY_ANNOTATION.png,"[9,13]",8.59
regenerated_new/9/H/case-100917_JAY_ANNOTATION.png,"[13,4]",14.39
regenerated_new/12/H/case-100917_JAY_ANNOTATION.png,"[10,11]",12.78
regenerated_new/14/H/case-100917_JAY_ANNOTATION.png,"[10,14]",13.39
regenerated_new/2/H/case-101045_JAY_ANNOTATION.png,"[14,10]",10.88
regenerated_new/4/H/case-101045_JAY_ANNOTATION.png,"[4,3]",11.87
regenerated_new/6/H/case-101045_JAY_ANNOTATION.png,"[10,12]",11.26
regenerated_new/7/H/case-101045_JAY_ANNOTATION.png,"[6,8]",23.15
regenerated_new/8/H/case-101045_JAY_ANNOTATION.png,"[14,10]",12.59
regenerated_new/9/H/case-101045_JAY_ANNOTATION.png,"[10,12]",13.21
regenerated_new/12/H/case-101045_JAY_ANNOTATION.png,"[12,13]",9.86
regenerated_new/13/H/case-101045_JAY_ANNOTATION.png,"[12,10]",10.16
regenerated_new/14/H/case-101045_JAY_ANNOTATION.png,"[10,14]",16.56
regenerated_new/3/H/case-101074_JAY_ANNOTATION.png,"[2,3]",8.82
regenerated_new/4/H/case-101074_JAY_ANNOTATION.png,"[10,13]",13.88
regenerated_new/7/H/case-101074_JAY_ANNOTATION.png,"[15,15]",7.31
regenerated_new/8/H/case-101074_JAY_ANNOTATION.png,"[10,14]",13.7
regenerated_new/9/H/case-101074_JAY_ANNOTATION.png,"[10,14]",14.34
regenerated_new/10/H/case-101074_JAY_ANNOTATION.png,"[14,14]",19.49
regenerated_new/12/H/case-101074_JAY_ANNOTATION.png,"[10,14]",8.88
regenerated_new/13/H/case-101074_JAY_ANNOTATION.png,"[2,3]",13.0
regenerated_new/14/H/case-101074_JAY_ANNOTATION.png,"[15,15]",11.77
regenerated_new/2/H/case-101133_JAY_ANNOTATION.png,"[10,14]",13.22
regenerated_new/4/H/case-101133_JAY_ANNOTATION.png,"[12,5]",14.92
regenerated_new/5/H/case-101133_JAY_ANNOTATION.png,"[11,12]",9.45
regenerated_new/6/H/case-101133_JAY_ANNOTATION.png,"[12,13]",12.95
regenerated_new/7/H/case-101133_JAY_ANNOTATION.png,"[13,14]",12.39
regenerated_new/8/H/case-101133_JAY_ANNOTATION.png,"[10,14]",11.72
regenerated_new/9/H/case-101133_JAY_ANNOTATION.png,"[14,11]",13.59
regenerated_new/12/H/case-101133_JAY_ANNOTATION.png,"[10,14]",9.5
regenerated_new/14/H/case-101133_JAY_ANNOTATION.png,"[10,14]",12.23
regenerated_new/2/H/case-101195_JAY_ANNOTATION.png,"[2,3]",12.17
regenerated_new/4/H/case-101195_JAY_ANNOTATION.png,"[10,11]",14.59
regenerated_new/5/H/case-101195_JAY_ANNOTATION.png,"[10,13]",15.8
regenerated_new/6/H/case-101195_JAY_ANNOTATION.png,"[7,11]",8.76
regenerated_new/7/H/case-101195_JAY_ANNOTATION.png,"[10,12]",10.14
regenerated_new/8/H/case-101195_JAY_ANNOTATION.png,"[10,14]",12.63
regenerated_new/9/H/case-101195_JAY_ANNOTATION.png,"[2,13]",9.88
regenerated_new/12/H/case-101195_JAY_ANNOTATION.png,"[12,10]",16.76
regenerated_new/13/H/case-101195_JAY_ANNOTATION.png,"[10,12]",15.87
regenerated_new/14/H/case-101195_JAY_ANNOTATION.png,"[10,14]",12.03
regenerated_new/2/H/case-101206_JAY_ANNOTATION.png,"[2,3]",14.28
regenerated_new/3/H/case-101206_JAY_ANNOTATION.png,"[4,5]",16.52
regenerated_new/4/H/case-101206_JAY_ANNOTATION.png,"[10,11]",16.05
regenerated_new/5/H/case-101206_JAY_ANNOTATION.png,"[10,11]",14.39
regenerated_new/7/H/case-101206_JAY_ANNOTATION.png,"[2,3]",14.08
regenerated_new/8/H/case-101206_JAY_ANNOTATION.png,"[11,12]",11.96
regenerated_new/9/H/case-101206_JAY_ANNOTATION.png,"[10,13]",14.56
regenerated_new/11/H/case-101206_JAY_ANNOTATION.png,"[10,12]",13.93
regenerated_new/12/H/case-101206_JAY_ANNOTATION.png,"[10,11]",12.76
regenerated_new/13/H/case-101206_JAY_ANNOTATION.png,"[10,14]",20.02
regenerated_new/14/H/case-101206_JAY_ANNOTATION.png,"[11,13]",14.46
regenerated_new/3/H/case-101362_JAY_ANNOTATION.png,"[3,2]",6.91
regenerated_new/4/H/case-101362_JAY_ANNOTATION.png,"[10,14]",13.63
regenerated_new/5/H/case-101362_JAY_ANNOTATION.png,"[10,11]",12.24
regenerated_new/6/H/case-101362_JAY_ANNOTATION.png,"[14,5]",15.41
regenerated_new/7/H/case-101362_JAY_ANNOTATION.png,"[15,15]",15.29
regenerated_new/8/H/case-101362_JAY_ANNOTATION.png,"[10,11]",9.29
regenerated_new/9/H/case-101362_JAY_ANNOTATION.png,"[14,13]",9.66
regenerated_new/11/H/case-101362_JAY_ANNOTATION.png,"[10,12]",9.82
regenerated_new/12/H/case-101362_JAY_ANNOTATION.png,"[12,4]",9.86
regenerated_new/13/H/case-101362_JAY_ANNOTATION.png,"[11,12]",13.78
regenerated_new/14/H/case-101362_JAY_ANNOTATION.png,"[10,14]",11.61
regenerated_new/2/H/case-101367_JAY_ANNOTATION.png,"[2,5]",13.27
regenerated_new/3/H/case-101367_JAY_ANNOTATION.png,"[2,12]",10.79
regenerated_new/4/H/case-101367_JAY_ANNOTATION.png,"[6,4]",10.58
regenerated_new/5/H/case-101367_JAY_ANNOTATION.png,"[10,14]",11.4
regenerated_new/6/H/case-101367_JAY_ANNOTATION.png,"[8,11]",7.12
regenerated_new/7/H/case-101367_JAY_ANNOTATION.png,"[10,14]",10.02
regenerated_new/8/H/case-101367_JAY_ANNOTATION.png,"[10,11]",15.47
regenerated_new/9/H/case-101367_JAY_ANNOTATION.png,"[10,14]",10.84
regenerated_new/14/H/case-101367_JAY_ANNOTATION.png,"[10,11]",14.06
regenerated_new/2/H/case-101409_JAY_ANNOTATION.png,"[3,7]",9.16
regenerated_new/3/H/case-101409_JAY_ANNOTATION.png,"[11,4]",15.32
regenerated_new/4/H/case-101409_JAY_ANNOTATION.png,"[11,14]",9.78
regenerated_new/5/H/case-101409_JAY_ANNOTATION.png,"[11,5]",11.83
regenerated_new/6/H/case-101409_JAY_ANNOTATION.png,"[10,11]",9.11
regenerated_new/7/H/case-101409_JAY_ANNOTATION.png,"[9,3]",17.24
regenerated_new/8/H/case-101409_JAY_ANNOTATION.png,"[10,12]",16.06
regenerated_new/9/H/case-101409_JAY_ANNOTATION.png,"[10,14]",16.61
regenerated_new/10/H/case-101409_JAY_ANNOTATION.png,"[10,11]",13.0
regenerated_new/14/H/case-101409_JAY_ANNOTATION.png,"[6,14]",11.79
regenerated_new/4/H/case-101413_JAY_ANNOTATION.png,"[15,15]",25.92
regenerated_new/5/H/case-101413_JAY_ANNOTATION.png,"[2,3]",9.39
regenerated_new/6/H/case-101413_JAY_ANNOTATION.png,"[10,14]",11.92
regenerated_new/7/H/case-101413_JAY_ANNOTATION.png,"[10,14]",8.97
regenerated_new/8/H/case-101413_JAY_ANNOTATION.png,"[10,13]",9.35
regenerated_new/9/H/case-101413_JAY_ANNOTATION.png,"[14,12]",13.94
regenerated_new/12/H/case-101413_JAY_ANNOTATION.png,"[4,5]",13.83
regenerated_new/13/H/case-101413_JAY_ANNOTATION.png,"[5,4]",11.66
regenerated_new/14/H/case-101413_JAY_ANNOTATION.png,"[14,15]",10.59
regenerated_new/2/H/case-101447_JAY_ANNOTATION.png,"[4,5]",11.87
regenerated_new/3/H/case-101447_JAY_ANNOTATION.png,"[4,5]",17.62
regenerated_new/4/H/case-101447_JAY_ANNOTATION.png,"[10,12]",11.76
regenerated_new/5/H/case-101447_JAY_ANNOTATION.png,"[10,12]",19.84
regenerated_new/6/H/case-101447_JAY_ANNOTATION.png,"[2,3]",7.07
regenerated_new/8/H/case-101447_JAY_ANNOTATION.png,"[10,14]",14.5
regenerated_new/9/H/case-101447_JAY_ANNOTATION.png,"[4,5]",12.6
regenerated_new/11/H/case-101447_JAY_ANNOTATION.png,"[10,11]",10.32
regenerated_new/13/H/case-101447_JAY_ANNOTATION.png,"[10,14]",12.53
regenerated_new/14/H/case-101447_JAY_ANNOTATION.png,"[10,14]",9.6
regenerated_new/4/H/case-101510_JAY_ANNOTATION.png,"[9,3]",21.69
regenerated_new/5/H/case-101510_JAY_ANNOTATION.png,"[10,11]",14.78
regenerated_new/6/H/case-101510_JAY_ANNOTATION.png,"[10,14]",9.55
regenerated_new/8/H/case-101510_JAY_ANNOTATION.png,"[1,10]",10.77
regenerated_new/9/H/case-101510_JAY_ANNOTATION.png,"[4,5]",12.9
regenerated_new/12/H/case-101510_JAY_ANNOTATION.png,"[14,12]",15.66
regenerated_new/14/H/case-101510_JAY_ANNOTATION.png,"[10,12]",8.6
regenerated_new/2/H/case-101540_JAY_ANNOTATION.png,"[3,2]",12.1
regenerated_new/4/H/case-101540_JAY_ANNOTATION.png,"[4,6]",10.97
regenerated_new/5/H/case-101540_JAY_ANNOTATION.png,"[10,14]",13.61
regenerated_new/6/H/case-101540_JAY_ANNOTATION.png,"[11,5]",14.23
regenerated_new/7/H/case-101540_JAY_ANNOTATION.png,"[10,11]",21.05
regenerated_new/8/H/case-101540_JAY_ANNOTATION.png,"[10,14]",9.48
regenerated_new/9/H/case-101540_JAY_ANNOTATION.png,"[10,14]",12.27
regenerated_new/10/H/case-101540_JAY_ANNOTATION.png,"[12,10]",11.29
regenerated_new/13/H/case-101540_JAY_ANNOTATION.png,"[14,13]",12.05
regenerated_new/14/H/case-101540_JAY_ANNOTATION.png,"[10,12]",15.73
regenerated_new/2/H/case-101581_JAY_ANNOTATION.png,"[11,12]",10.05
regenerated_new/3/H/case-101581_JAY_ANNOTATION.png,"[2,3]",11.19
regenerated_new/4/H/case-101581_JAY_ANNOTATION.png,"[11,12]",15.07
regenerated_new/5/H/case-101581_JAY_ANNOTATION.png,"[11,13]",12.69
regenerated_new/6/H/case-101581_JAY_ANNOTATION.png,"[10,14]",10.54
regenerated_new/7/H/case-101581_JAY_ANNOTATION.png,"[11,10]",12.78
regenerated_new/8/H/case-101581_JAY_ANNOTATION.png,"[10,11]",13.56
regenerated_new/9/H/case-101581_JAY_ANNOTATION.png,"[10,14]",14.49
regenerated_new/13/H/case-101581_JAY_ANNOTATION.png,"[11,8]",12.75
regenerated_new/14/H/case-101581_JAY_ANNOTATION.png,"[11,12]",10.07
regenerated_new/2/H/case-101599_JAY_ANNOTATION.png,"[3,7]",11.13
regenerated_new/4/H/case-101599_JAY_ANNOTATION.png,"[11,12]",20.0
regenerated_new/5/H/case-101599_JAY_ANNOTATION.png,"[2,4]",10.95
regenerated_new/6/H/case-101599_JAY_ANNOTATION.png,"[9,14]",19.2
regenerated_new/8/H/case-101599_JAY_ANNOTATION.png,"[11,12]",16.86
regenerated_new/9/H/case-101599_JAY_ANNOTATION.png,"[9,10]",9.95
regenerated_new/12/H/case-101599_JAY_ANNOTATION.png,"[9,10]",11.94
regenerated_new/13/H/case-101599_JAY_ANNOTATION.png,"[4,9]",9.08
regenerated_new/14/H/case-101599_JAY_ANNOTATION.png,"[4,5]",7.96
regenerated_new/3/H/case-101625_JAY_ANNOTATION.png,"[12,10]",13.5
regenerated_new/5/H/case-101625_JAY_ANNOTATION.png,"[10,11]",10.98
regenerated_new/6/H/case-101625_JAY_ANNOTATION.png,"[10,11]",10.13
regenerated_new/9/H/case-101625_JAY_ANNOTATION.png,"[4,5]",15.99
regenerated_new/10/H/case-101625_JAY_ANNOTATION.png,"[10,14]",12.53
regenerated_new/12/H/case-101625_JAY_ANNOTATION.png,"[10,12]",14.64
regenerated_new/13/H/case-101625_JAY_ANNOTATION.png,"[15,15]",11.18
regenerated_new/14/H/case-101625_JAY_ANNOTATION.png,"[7,8]",15.14
regenerated_new/2/H/case-101641_JAY_ANNOTATION.png,"[10,11]",10.39
regenerated_new/3/H/case-101641_JAY_ANNOTATION.png,"[11,13]",18.3
regenerated_new/4/H/case-101641_JAY_ANNOTATION.png,"[4,5]",14.58
regenerated_new/5/H/case-101641_JAY_ANNOTATION.png,"[5,14]",14.5
regenerated_new/6/H/case-101641_JAY_ANNOTATION.png,"[10,11]",14.51
regenerated_new/8/H/case-101641_JAY_ANNOTATION.png,"[11,14]",10.42
regenerated_new/9/H/case-101641_JAY_ANNOTATION.png,"[3,7]",9.78
regenerated_new/12/H/case-101641_JAY_ANNOTATION.png,"[10,12]",9.54
regenerated_new/13/H/case-101641_JAY_ANNOTATION.png,"[5,7]",11.91
regenerated_new/14/H/case-101641_JAY_ANNOTATION.png,"[5,6]",9.95
regenerated_new/3/H/case-101857_JAY_ANNOTATION.png,"[4,3]",9.75
regenerated_new/4/H/case-101857_JAY_ANNOTATION.png,"[11,13]",9.29
regenerated_new/5/H/case-101857_JAY_ANNOTATION.png,"[13,14]",12.89
regenerated_new/6/H/case-101857_JAY_ANNOTATION.png,"[10,14]",10.1
regenerated_new/7/H/case-101857_JAY_ANNOTATION.png,"[13,14]",12.6
regenerated_new/8/H/case-101857_JAY_ANNOTATION.png,"[11,14]",15.34
regenerated_new/9/H/case-101857_JAY_ANNOTATION.png,"[10,14]",11.49
regenerated_new/10/H/case-101857_JAY_ANNOTATION.png,"[11,14]",9.41
regenerated_new/13/H/case-101857_JAY_ANNOTATION.png,"[12,11]",9.55
regenerated_new/14/H/case-101857_JAY_ANNOTATION.png,"[10,14]",17.7
regenerated_new/2/H/case-101860_JAY_ANNOTATION.png,"[2,7]",12.56
regenerated_new/4/H/case-101860_JAY_ANNOTATION.png,"[10,11]",13.71
regenerated_new/5/H/case-101860_JAY_ANNOTATION.png,"[10,14]",12.01
regenerated_new/6/H/case-101860_JAY_ANNOTATION.png,"[4,5]",10.22
regenerated_new/7/H/case-101860_JAY_ANNOTATION.png,"[3,5]",13.3
regenerated_new/8/H/case-101860_JAY_ANNOTATION.png,"[4,6]",11.22
regenerated_new/9/H/case-101860_JAY_ANNOTATION.png,"[5,4]",12.46
regenerated_new/12/H/case-101860_JAY_ANNOTATION.png,"[2,3]",15.47
regenerated_new/13/H/case-101860_JAY_ANNOTATION.png,"[4,6]",9.69
regenerated_new/14/H/case-101860_JAY_ANNOTATION.png,"[10,14]",12.67
regenerated_new/2/H/case-101885_JAY_ANNOTATION.png,"[2,4]",13.32
regenerated_new/4/H/case-101885_JAY_ANNOTATION.png,"[14,13]",15.23
regenerated_new/5/H/case-101885_JAY_ANNOTATION.png,"[11,14]",8.56
regenerated_new/6/H/case-101885_JAY_ANNOTATION.png,"[12,14]",18.07
regenerated_new/7/H/case-101885_JAY_ANNOTATION.png,"[10,11]",9.22
regenerated_new/8/H/case-101885_JAY_ANNOTATION.png,"[4,5]",10.15
regenerated_new/9/H/case-101885_JAY_ANNOTATION.png,"[12,13]",14.65
regenerated_new/10/H/case-101885_JAY_ANNOTATION.png,"[10,14]",10.76
regenerated_new/11/H/case-101885_JAY_ANNOTATION.png,"[10,13]",16.65
regenerated_new/12/H/case-101885_JAY_ANNOTATION.png,"[10,11]",14.7
regenerated_new/13/H/case-101885_JAY_ANNOTATION.png,"[6,14]",16.9
regenerated_new/14/H/case-101885_JAY_ANNOTATION.png,"[11,13]",19.14
regenerated_new/3/H/case-101937_JAY_ANNOTATION.png,"[2,14]",12.89
regenerated_new/4/H/case-101937_JAY_ANNOTATION.png,"[10,13]",10.78
regenerated_new/5/H/case-101937_JAY_ANNOTATION.png,"[10,12]",15.69
regenerated_new/6/H/case-101937_JAY_ANNOTATION.png,"[10,14]",14.45
regenerated_new/7/H/case-101937_JAY_ANNOTATION.png,"[10,13]",11.2
regenerated_new/8/H/case-101937_JAY_ANNOTATION.png,"[11,12]",11.62
regenerated_new/9/H/case-101937_JAY_ANNOTATION.png,"[11,12]",13.69
regenerated_new/10/H/case-101937_JAY_ANNOTATION.png,"[10,14]",8.82
regenerated_new/13/H/case-101937_JAY_ANNOTATION.png,"[5,4]",11.36
regenerated_new/14/H/case-101937_JAY_ANNOTATION.png,"[10,14]",10.53
regenerated_new/3/H/case-101940_JAY_ANNOTATION.png,"[5,6]",11.26
regenerated_new/4/H/case-101940_JAY_ANNOTATION.png,"[10,11]",12.99
regenerated_new/5/H/case-101940_JAY_ANNOTATION.png,"[5,6]",15.25
regenerated_new/6/H/case-101940_JAY_ANNOTATION.png,"[4,5]",9.41
regenerated_new/7/H/case-101940_JAY_ANNOTATION.png,"[13,15]",12.04
regenerated_new/8/H/case-101940_JAY_ANNOTATION.png,"[10,14]",9.14
regenerated_new/9/H/case-101940_JAY_ANNOTATION.png,"[10,14]",14.26
regenerated_new/11/H/case-101940_JAY_ANNOTATION.png,"[4,5]",18.16
regenerated_new/12/H/case-101940_JAY_ANNOTATION.png,"[4,5]",13.75
regenerated_new/13/H/case-101940_JAY_ANNOTATION.png,"[12,10]",15.15
regenerated_new/14/H/case-101940_JAY_ANNOTATION.png,"[14,15]",12.08
regenerated_new/2/H/case-101982_JAY_ANNOTATION.png,"[10,14]",10.79
regenerated_new/4/H/case-101982_JAY_ANNOTATION.png,"[9,11]",7.11
regenerated_new/5/H/case-101982_JAY_ANNOTATION.png,"[12,13]",14.08
regenerated_new/6/H/case-101982_JAY_ANNOTATION.png,"[4,5]",15.15
regenerated_new/8/H/case-101982_JAY_ANNOTATION.png,"[11,12]",13.34
regenerated_new/9/H/case-101982_JAY_ANNOTATION.png,"[10,14]",12.24
regenerated_new/12/H/case-101982_JAY_ANNOTATION.png,"[11,14]",9.08
regenerated_new/13/H/case-101982_JAY_ANNOTATION.png,"[10,14]",11.23
regenerated_new/14/H/case-101982_JAY_ANNOTATION.png,"[10,14]",17.42
regenerated_new/4/H/case-102010_JAY_ANNOTATION.png,"[10,14]",13.66
regenerated_new/5/H/case-102010_JAY_ANNOTATION.png,"[10,13]",10.3
regenerated_new/6/H/case-102010_JAY_ANNOTATION.png,"[2,3]",12.73
regenerated_new/7/H/case-102010_JAY_ANNOTATION.png,"[2,11]",10.04
regenerated_new/8/H/case-102010_JAY_ANNOTATION.png,"[10,14]",12.02
regenerated_new/9/H/case-102010_JAY_ANNOTATION.png,"[2,4]",12.78
regenerated_new/10/H/case-102010_JAY_ANNOTATION.png,"[3,5]",9.06
regenerated_new/12/H/case-102010_JAY_ANNOTATION.png,"[10,12]",10.51
regenerated_new/13/H/case-102010_JAY_ANNOTATION.png,"[10,14]",9.79
regenerated_new/14/H/case-102010_JAY_ANNOTATION.png,"[10,14]",10.87
regenerated_new/2/H/case-102041_JAY_ANNOTATION.png,"[10,11]",16.72
regenerated_new/4/H/case-102041_JAY_ANNOTATION.png,"[3,4]",17.72
regenerated_new/5/H/case-102041_JAY_ANNOTATION.png,"[10,12]",10.4
regenerated_new/6/H/case-102041_JAY_ANNOTATION.png,"[15,15]",11.76
regenerated_new/7/H/case-102041_JAY_ANNOTATION.png,"[3,10]",9.24
regenerated_new/8/H/case-102041_JAY_ANNOTATION.png,"[10,5]",18.91
regenerated_new/9/H/case-102041_JAY_ANNOTATION.png,"[10,11]",9.34
regenerated_new/12/H/case-102041_JAY_ANNOTATION.png,"[10,11]",12.23
regenerated_new/13/H/case-102041_JAY_ANNOTATION.png,"[14,12]",12.71
regenerated_new/14/H/case-102041_JAY_ANNOTATION.png,"[4,5]",11.88
regenerated_new/3/H/case-102093_JAY_ANNOTATION.png,"[10,12]",11.73
regenerated_new/4/H/case-102093_JAY_ANNOTATION.png,"[14,13]",13.33
regenerated_new/5/H/case-102093_JAY_ANNOTATION.png,"[12,14]",8.84
regenerated_new/6/H/case-102093_JAY_ANNOTATION.png,"[15,15]",10.23
regenerated_new/7/H/case-102093_JAY_ANNOTATION.png,"[10,14]",8.3
regenerated_new/8/H/case-102093_JAY_ANNOTATION.png,"[12,14]",11.62
regenerated_new/9/H/case-102093_JAY_ANNOTATION.png,"[10,13]",8.78
regenerated_new/10/H/case-102093_JAY_ANNOTATION.png,"[11,14]",12.81
regenerated_new/12/H/case-102093_JAY_ANNOTATION.png,"[4,6]",7.45
regenerated_new/14/H/case-102093_JAY_ANNOTATION.png,"[4,5]",15.19
regenerated_new/3/H/case-102157_JAY_ANNOTATION.png,"[3,4]",16.49
regenerated_new/4/H/case-102157_JAY_ANNOTATION.png,"[4,5]",11.01
regenerated_new/5/H/case-102157_JAY_ANNOTATION.png,"[12,13]",8.1
regenerated_new/7/H/case-102157_JAY_ANNOTATION.png,"[3,10]",10.94
regenerated_new/8/H/case-102157_JAY_ANNOTATION.png,"[10,14]",9.34
regenerated_new/9/H/case-102157_JAY_ANNOTATION.png,"[3,12]",10.63
regenerated_new/10/H/case-102157_JAY_ANNOTATION.png,"[10,14]",10.3
regenerated_new/12/H/case-102157_JAY_ANNOTATION.png,"[11,14]",13.33
regenerated_new/13/H/case-102157_JAY_ANNOTATION.png,"[11,14]",13.45
regenerated_new/14/H/case-102157_JAY_ANNOTATION.png,"[10,11]",18.41
regenerated_new/2/H/case-102183_JAY_ANNOTATION.png,"[2,3]",8.93
regenerated_new/3/H/case-102183_JAY_ANNOTATION.png,"[4,12]",14.74
regenerated_new/4/H/case-102183_JAY_ANNOTATION.png,"[4,5]",25.17
regenerated_new/6/H/case-102183_JAY_ANNOTATION.png,"[1,1]",11.86
regenerated_new/7/H/case-102183_JAY_ANNOTATION.png,"[3,10]",8.51
regenerated_new/8/H/case-102183_JAY_ANNOTATION.png,"[11,13]",15.64
regenerated_new/9/H/case-102183_JAY_ANNOTATION.png,"[11,12]",10.52
regenerated_new/10/H/case-102183_JAY_ANNOTATION.png,"[10,14]",9.08
regenerated_new/14/H/case-102183_JAY_ANNOTATION.png,"[12,14]",9.65
regenerated_new/2/H/case-102224_JAY_ANNOTATION.png,"[2,3]",17.13
regenerated_new/4/H/case-102224_JAY_ANNOTATION.png,"[4,7]",13.11
regenerated_new/5/H/case-102224_JAY_ANNOTATION.png,"[8,9]",11.94
regenerated_new/8/H/case-102224_JAY_ANNOTATION.png,"[3,4]",10.03
regenerated_new/10/H/case-102224_JAY_ANNOTATION.png,"[11,12]",10.9
regenerated_new/13/H/case-102224_JAY_ANNOTATION.png,"[12,14]",16.85
regenerated_new/2/H/case-102308_JAY_ANNOTATION.png,"[10,11]",14.58
regenerated_new/3/H/case-102308_JAY_ANNOTATION.png,"[10,4]",13.7
regenerated_new/4/H/case-102308_JAY_ANNOTATION.png,"[10,12]",9.5
regenerated_new/5/H/case-102308_JAY_ANNOTATION.png,"[3,11]",11.41
regenerated_new/6/H/case-102308_JAY_ANNOTATION.png,"[5,4]",14.07
regenerated_new/7/H/case-102308_JAY_ANNOTATION.png,"[2,3]",10.23
regenerated_new/8/H/case-102308_JAY_ANNOTATION.png,"[11,13]",10.03
regenerated_new/9/H/case-102308_JAY_ANNOTATION.png,"[10,4]",13.75
regenerated_new/14/H/case-102308_JAY_ANNOTATION.png,"[14,11]",16.86
regenerated_new/3/H/case-102321_JAY_ANNOTATION.png,"[4,7]",7.44
regenerated_new/4/H/case-102321_JAY_ANNOTATION.png,"[3,4]",11.25
regenerated_new/5/H/case-102321_JAY_ANNOTATION.png,"[10,14]",16.94
regenerated_new/6/H/case-102321_JAY_ANNOTATION.png,"[14,5]",18.71
regenerated_new/7/H/case-102321_JAY_ANNOTATION.png,"[12,11]",15.77
regenerated_new/8/H/case-102321_JAY_ANNOTATION.png,"[5,6]",10.48
regenerated_new/9/H/case-102321_JAY_ANNOTATION.png,"[5,12]",16.07
regenerated_new/12/H/case-102321_JAY_ANNOTATION.png,"[14,13]",9.76
regenerated_new/13/H/case-102321_JAY_ANNOTATION.png,"[11,13]",10.87
regenerated_new/14/H/case-102321_JAY_ANNOTATION.png,"[14,11]",10.78
regenerated_new/2/H/case-102367_JAY_ANNOTATION.png,"[5,3]",10.18
regenerated_new/3/H/case-102367_JAY_ANNOTATION.png,"[3,5]",23.16
regenerated_new/5/H/case-102367_JAY_ANNOTATION.png,"[10,11]",8.76
regenerated_new/7/H/case-102367_JAY_ANNOTATION.png,"[2,3]",8.54
regenerated_new/8/H/case-102367_JAY_ANNOTATION.png,"[3,7]",7.67
regenerated_new/9/H/case-102367_JAY_ANNOTATION.png,"[11,1]",17.74
regenerated_new/10/H/case-102367_JAY_ANNOTATION.png,"[13,14]",14.24
regenerated_new/12/H/case-102367_JAY_ANNOTATION.png,"[2,3]",13.57
regenerated_new/13/H/case-102367_JAY_ANNOTATION.png,"[13,10]",16.43
regenerated_new/14/H/case-102367_JAY_ANNOTATION.png,"[10,14]",9.9
regenerated_new/2/H/case-102388_JAY_ANNOTATION.png,"[3,12]",10.16
regenerated_new/3/H/case-102388_JAY_ANNOTATION.png,"[15,15]",25.94
regenerated_new/4/H/case-102388_JAY_ANNOTATION.png,"[10,11]",14.56
regenerated_new/5/H/case-102388_JAY_ANNOTATION.png,"[2,3]",9.57
regenerated_new/6/H/case-102388_JAY_ANNOTATION.png,"[10,14]",9.98
regenerated_new/7/H/case-102388_JAY_ANNOTATION.png,"[6,14]",14.13
regenerated_new/8/H/case-102388_JAY_ANNOTATION.png,"[12,13]",7.27
regenerated_new/12/H/case-102388_JAY_ANNOTATION.png,"[10,11]",11.13
regenerated_new/13/H/case-102388_JAY_ANNOTATION.png,"[10,14]",20.64
regenerated_new/14/H/case-102388_JAY_ANNOTATION.png,"[11,12]",16.75
regenerated_new/3/H/case-104754_JAY_ANNOTATION.png,"[11,5]",12.91
regenerated_new/4/H/case-104754_JAY_ANNOTATION.png,"[11,14]",8.97
regenerated_new/5/H/case-104754_JAY_ANNOTATION.png,"[10,14]",9.95
regenerated_new/6/H/case-104754_JAY_ANNOTATION.png,"[14,10]",19.65
regenerated_new/7/H/case-104754_JAY_ANNOTATION.png,"[5,1]",16.39
regenerated_new/8/H/case-104754_JAY_ANNOTATION.png,"[11,14]",9.39
regenerated_new/9/H/case-104754_JAY_ANNOTATION.png,"[10,6]",10.9
regenerated_new/10/H/case-104754_JAY_ANNOTATION.png,"[10,14]",9.5
regenerated_new/12/H/case-104754_JAY_ANNOTATION.png,"[4,9]",8.55
regenerated_new/13/H/case-104754_JAY_ANNOTATION.png,"[12,11]",13.44
regenerated_new/14/H/case-104754_JAY_ANNOTATION.png,"[10,13]",10.32
regenerated_new/2/H/case-104780_JAY_ANNOTATION.png,"[3,2]",16.25
regenerated_new/3/H/case-104780_JAY_ANNOTATION.png,"[10,14]",10.89
regenerated_new/4/H/case-104780_JAY_ANNOTATION.png,"[5,11]",22.9
regenerated_new/5/H/case-104780_JAY_ANNOTATION.png,"[11,14]",24.77
regenerated_new/6/H/case-104780_JAY_ANNOTATION.png,"[2,5]",17.16
regenerated_new/7/H/case-104780_JAY_ANNOTATION.png,"[14,13]",14.22
regenerated_new/8/H/case-104780_JAY_ANNOTATION.png,"[10,14]",14.45
regenerated_new/9/H/case-104780_JAY_ANNOTATION.png,"[10,11]",16.03
regenerated_new/11/H/case-104780_JAY_ANNOTATION.png,"[10,11]",14.7
regenerated_new/13/H/case-104780_JAY_ANNOTATION.png,"[4,5]",8.6
regenerated_new/14/H/case-104780_JAY_ANNOTATION.png,"[10,11]",10.0
regenerated_new/2/H/case-104842_JAY_ANNOTATION.png,"[2,3]",14.33
regenerated_new/3/H/case-104842_JAY_ANNOTATION.png,"[3,2]",11.65
regenerated_new/4/H/case-104842_JAY_ANNOTATION.png,"[14,14]",12.74
regenerated_new/5/H/case-104842_JAY_ANNOTATION.png,"[10,14]",7.84
regenerated_new/7/H/case-104842_JAY_ANNOTATION.png,"[4,5]",8.56
regenerated_new/8/H/case-104842_JAY_ANNOTATION.png,"[10,12]",13.68
regenerated_new/9/H/case-104842_JAY_ANNOTATION.png,"[2,3]",8.14
regenerated_new/13/H/case-104842_JAY_ANNOTATION.png,"[10,14]",11.19
regenerated_new/4/H/case-104941_JAY_ANNOTATION.png,"[11,14]",15.39
regenerated_new/5/H/case-104941_JAY_ANNOTATION.png,"[10,13]",16.02
regenerated_new/6/H/case-104941_JAY_ANNOTATION.png,"[11,14]",11.36
regenerated_new/7/H/case-104941_JAY_ANNOTATION.png,"[4,5]",16.54
regenerated_new/8/H/case-104941_JAY_ANNOTATION.png,"[5,4]",13.28
regenerated_new/9/H/case-104941_JAY_ANNOTATION.png,"[12,14]",12.15
regenerated_new/10/H/case-104941_JAY_ANNOTATION.png,"[10,14]",10.17
regenerated_new/12/H/case-104941_JAY_ANNOTATION.png,"[10,12]",15.19
regenerated_new/14/H/case-104941_JAY_ANNOTATION.png,"[5,6]",21.63
regenerated_new/2/H/case-104979_JAY_ANNOTATION.png,"[4,5]",11.89
regenerated_new/4/H/case-104979_JAY_ANNOTATION.png,"[12,13]",10.39
regenerated_new/5/H/case-104979_JAY_ANNOTATION.png,"[4,5]",12.14
regenerated_new/6/H/case-104979_JAY_ANNOTATION.png,"[10,14]",22.07
regenerated_new/7/H/case-104979_JAY_ANNOTATION.png,"[10,11]",14.11
regenerated_new/8/H/case-104979_JAY_ANNOTATION.png,"[12,13]",12.07
regenerated_new/9/H/case-104979_JAY_ANNOTATION.png,"[10,14]",15.96
regenerated_new/10/H/case-104979_JAY_ANNOTATION.png,"[10,14]",10.01
regenerated_new/12/H/case-104979_JAY_ANNOTATION.png,"[10,12]",11.21
regenerated_new/13/H/case-104979_JAY_ANNOTATION.png,"[12,13]",14.79
regenerated_new/14/H/case-104979_JAY_ANNOTATION.png,"[10,14]",12.7
regenerated_new/2/H/case-104990_JAY_ANNOTATION.png,"[4,5]",11.27
regenerated_new/3/H/case-104990_JAY_ANNOTATION.png,"[2,9]",10.18
regenerated_new/4/H/case-104990_JAY_ANNOTATION.png,"[8,9]",10.45
regenerated_new/5/H/case-104990_JAY_ANNOTATION.png,"[4,5]",20.35
regenerated_new/8/H/case-104990_JAY_ANNOTATION.png,"[10,11]",18.49
regenerated_new/9/H/case-104990_JAY_ANNOTATION.png,"[10,14]",10.23
regenerated_new/10/H/case-104990_JAY_ANNOTATION.png,"[14,13]",7.36
regenerated_new/11/H/case-104990_JAY_ANNOTATION.png,"[14,6]",14.28
regenerated_new/12/H/case-104990_JAY_ANNOTATION.png,"[1,6]",9.38
regenerated_new/13/H/case-104990_JAY_ANNOTATION.png,"[10,14]",12.49
regenerated_new/14/H/case-104990_JAY_ANNOTATION.png,"[14,5]",17.27
regenerated_new/3/H/case-105035_JAY_ANNOTATION.png,"[3,4]",14.17
regenerated_new/4/H/case-105035_JAY_ANNOTATION.png,"[4,5]",9.88
regenerated_new/5/H/case-105035_JAY_ANNOTATION.png,"[13,14]",14.15
regenerated_new/6/H/case-105035_JAY_ANNOTATION.png,"[10,14]",9.55
regenerated_new/7/H/case-105035_JAY_ANNOTATION.png,"[14,12]",15.34
regenerated_new/8/H/case-105035_JAY_ANNOTATION.png,"[10,10]",13.28
regenerated_new/9/H/case-105035_JAY_ANNOTATION.png,"[11,13]",9.6
regenerated_new/12/H/case-105035_JAY_ANNOTATION.png,"[12,13]",13.13
regenerated_new/2/H/case-105051_JAY_ANNOTATION.png,"[2,4]",10.32
regenerated_new/4/H/case-105051_JAY_ANNOTATION.png,"[12,13]",11.67
regenerated_new/6/H/case-105051_JAY_ANNOTATION.png,"[10,14]",23.23
regenerated_new/8/H/case-105051_JAY_ANNOTATION.png,"[5,6]",12.1
regenerated_new/9/H/case-105051_JAY_ANNOTATION.png,"[14,15]",13.96
regenerated_new/12/H/case-105051_JAY_ANNOTATION.png,"[10,11]",9.35
regenerated_new/14/H/case-105051_JAY_ANNOTATION.png,"[10,12]",13.38
regenerated_new/4/H/case-105171_JAY_ANNOTATION.png,"[6,7]",16.53
regenerated_new/5/H/case-105171_JAY_ANNOTATION.png,"[3,2]",11.37
regenerated_new/6/H/case-105171_JAY_ANNOTATION.png,"[3,4]",14.6
regenerated_new/7/H/case-105171_JAY_ANNOTATION.png,"[4,5]",9.83
regenerated_new/8/H/case-105171_JAY_ANNOTATION.png,"[5,14]",16.08
regenerated_new/9/H/case-105171_JAY_ANNOTATION.png,"[12,6]",8.57
regenerated_new/10/H/case-105171_JAY_ANNOTATION.png,"[10,14]",15.97
regenerated_new/11/H/case-105171_JAY_ANNOTATION.png,"[10,14]",17.09
regenerated_new/13/H/case-105171_JAY_ANNOTATION.png,"[10,12]",24.79
regenerated_new/14/H/case-105171_JAY_ANNOTATION.png,"[5,4]",10.17
regenerated_new/2/H/case-105177_JAY_ANNOTATION.png,"[10,12]",9.02
regenerated_new/3/H/case-105177_JAY_ANNOTATION.png,"[3,2]",14.05
regenerated_new/4/H/case-105177_JAY_ANNOTATION.png,"[1,9]",9.88
regenerated_new/5/H/case-105177_JAY_ANNOTATION.png,"[11,12]",12.63
regenerated_new/6/H/case-105177_JAY_ANNOTATION.png,"[11,14]",15.88
regenerated_new/7/H/case-105177_JAY_ANNOTATION.png,"[8,7]",11.65
regenerated_new/8/H/case-105177_JAY_ANNOTATION.png,"[5,2]",10.88
regenerated_new/9/H/case-105177_JAY_ANNOTATION.png,"[10,12]",14.43
regenerated_new/12/H/case-105177_JAY_ANNOTATION.png,"[5,4]",10.26
regenerated_new/13/H/case-105177_JAY_ANNOTATION.png,"[12,13]",10.69
regenerated_new/14/H/case-105177_JAY_ANNOTATION.png,"[10,14]",16.76
regenerated_new/2/H/case-105234_JAY_ANNOTATION.png,"[4,5]",10.58
regenerated_new/3/H/case-105234_JAY_ANNOTATION.png,"[3,4]",10.78
regenerated_new/5/H/case-105234_JAY_ANNOTATION.png,"[5,12]",8.86
regenerated_new/6/H/case-105234_JAY_ANNOTATION.png,"[10,11]",14.6
regenerated_new/7/H/case-105234_JAY_ANNOTATION.png,"[10,11]",12.93
regenerated_new/8/H/case-105234_JAY_ANNOTATION.png,"[3,5]",17.37
regenerated_new/9/H/case-105234_JAY_ANNOTATION.png,"[13,14]",10.11
regenerated_new/11/H/case-105234_JAY_ANNOTATION.png,"[12,13]",10.51
regenerated_new/12/H/case-105234_JAY_ANNOTATION.png,"[11,11]",12.59
regenerated_new/13/H/case-105234_JAY_ANNOTATION.png,"[3,2]",13.67
regenerated_new/14/H/case-105234_JAY_ANNOTATION.png,"[12,13]",25.33
regenerated_new/2/H/case-105246_JAY_ANNOTATION.png,"[10,12]",9.96
regenerated_new/3/H/case-105246_JAY_ANNOTATION.png,"[3,5]",10.55
regenerated_new/4/H/case-105246_JAY_ANNOTATION.png,"[7,8]",11.73
regenerated_new/5/H/case-105246_JAY_ANNOTATION.png,"[5,12]",10.19
regenerated_new/6/H/case-105246_JAY_ANNOTATION.png,"[5,6]",14.44
regenerated_new/7/H/case-105246_JAY_ANNOTATION.png,"[4,14]",13.24
regenerated_new/8/H/case-105246_JAY_ANNOTATION.png,"[10,14]",12.07
regenerated_new/9/H/case-105246_JAY_ANNOTATION.png,"[10,14]",10.86
regenerated_new/10/H/case-105246_JAY_ANNOTATION.png,"[10,11]",10.98
regenerated_new/13/H/case-105246_JAY_ANNOTATION.png,"[14,11]",9.8
regenerated_new/2/H/case-105257_JAY_ANNOTATION.png,"[4,5]",8.18
regenerated_new/3/H/case-105257_JAY_ANNOTATION.png,"[11,14]",16.6
regenerated_new/4/H/case-105257_JAY_ANNOTATION.png,"[4,5]",13.34
regenerated_new/5/H/case-105257_JAY_ANNOTATION.png,"[11,13]",10.24
regenerated_new/6/H/case-105257_JAY_ANNOTATION.png,"[4,13]",7.97
regenerated_new/8/H/case-105257_JAY_ANNOTATION.png,"[10,12]",7.46
regenerated_new/9/H/case-105257_JAY_ANNOTATION.png,"[4,12]",12.74
regenerated_new/14/H/case-105257_JAY_ANNOTATION.png,"[3,11]",15.47
regenerated_new/2/H/case-105288_JAY_ANNOTATION.png,"[3,5]",8.69
regenerated_new/3/H/case-105288_JAY_ANNOTATION.png,"[2,7]",15.64
regenerated_new/4/H/case-105288_JAY_ANNOTATION.png,"[10,11]",9.15
regenerated_new/5/H/case-105288_JAY_ANNOTATION.png,"[14,10]",15.12
regenerated_new/6/H/case-105288_JAY_ANNOTATION.png,"[10,12]",15.78
regenerated_new/7/H/case-105288_JAY_ANNOTATION.png,"[10,6]",21.49
regenerated_new/8/H/case-105288_JAY_ANNOTATION.png,"[10,13]",15.59
regenerated_new/9/H/case-105288_JAY_ANNOTATION.png,"[12,13]",13.43
regenerated_new/13/H/case-105288_JAY_ANNOTATION.png,"[10,14]",7.52
regenerated_new/14/H/case-105288_JAY_ANNOTATION.png,"[10,11]",12.97
regenerated_new/2/H/case-105318_JAY_ANNOTATION.png,"[5,3]",9.7
regenerated_new/5/H/case-105318_JAY_ANNOTATION.png,"[10,11]",14.74
regenerated_new/6/H/case-105318_JAY_ANNOTATION.png,"[12,14]",8.94
regenerated_new/7/H/case-105318_JAY_ANNOTATION.png,"[5,4]",8.78
regenerated_new/8/H/case-105318_JAY_ANNOTATION.png,"[1,12]",21.76
regenerated_new/9/H/case-105318_JAY_ANNOTATION.png,"[5,12]",17.53
regenerated_new/12/H/case-105318_JAY_ANNOTATION.png,"[5,6]",9.82
regenerated_new/13/H/case-105318_JAY_ANNOTATION.png,"[14,15]",8.73
regenerated_new/14/H/case-105318_JAY_ANNOTATION.png,"[14,13]",20.87
regenerated_new/2/H/case-105476_JAY_ANNOTATION.png,"[4,5]",8.77
regenerated_new/4/H/case-105476_JAY_ANNOTATION.png,"[10,14]",11.0
regenerated_new/5/H/case-105476_JAY_ANNOTATION.png,"[12,13]",11.3
regenerated_new/6/H/case-105476_JAY_ANNOTATION.png,"[12,13]",7.29
regenerated_new/7/H/case-105476_JAY_ANNOTATION.png,"[10,11]",16.87
regenerated_new/8/H/case-105476_JAY_ANNOTATION.png,"[10,12]",8.68
regenerated_new/9/H/case-105476_JAY_ANNOTATION.png,"[10,14]",19.49
regenerated_new/13/H/case-105476_JAY_ANNOTATION.png,"[10,14]",13.04
regenerated_new/14/H/case-105476_JAY_ANNOTATION.png,"[10,12]",14.02
regenerated_new/4/H/case-105567_JAY_ANNOTATION.png,"[4,5]",10.75
regenerated_new/5/H/case-105567_JAY_ANNOTATION.png,"[4,5]",17.15
regenerated_new/6/H/case-105567_JAY_ANNOTATION.png,"[10,14]",16.75
regenerated_new/7/H/case-105567_JAY_ANNOTATION.png,"[5,4]",15.16
regenerated_new/8/H/case-105567_JAY_ANNOTATION.png,"[10,10]",14.02
regenerated_new/9/H/case-105567_JAY_ANNOTATION.png,"[10,14]",11.33
regenerated_new/11/H/case-105567_JAY_ANNOTATION.png,"[12,11]",13.77
regenerated_new/13/H/case-105567_JAY_ANNOTATION.png,"[5,3]",8.1
regenerated_new/14/H/case-105567_JAY_ANNOTATION.png,"[10,12]",9.84
regenerated_new/4/H/case-105579_JAY_ANNOTATION.png,"[10,14]",11.13
regenerated_new/6/H/case-105579_JAY_ANNOTATION.png,"[2,13]",8.08
regenerated_new/7/H/case-105579_JAY_ANNOTATION.png,"[2,3]",12.95
regenerated_new/8/H/case-105579_JAY_ANNOTATION.png,"[10,14]",9.8
regenerated_new/9/H/case-105579_JAY_ANNOTATION.png,"[15,15]",22.41
regenerated_new/11/H/case-105579_JAY_ANNOTATION.png,"[5,4]",13.22
regenerated_new/12/H/case-105579_JAY_ANNOTATION.png,"[12,13]",9.96
regenerated_new/13/H/case-105579_JAY_ANNOTATION.png,"[10,14]",14.86
regenerated_new/14/H/case-105579_JAY_ANNOTATION.png,"[10,14]",11.62
regenerated_new/3/H/case-105586_JAY_ANNOTATION.png,"[2,2]",8.82
regenerated_new/4/H/case-105586_JAY_ANNOTATION.png,"[10,14]",14.06
regenerated_new/5/H/case-105586_JAY_ANNOTATION.png,"[10,11]",11.87
regenerated_new/7/H/case-105586_JAY_ANNOTATION.png,"[2,3]",8.01
regenerated_new/8/H/case-105586_JAY_ANNOTATION.png,"[10,11]",14.88
regenerated_new/9/H/case-105586_JAY_ANNOTATION.png,"[10,14]",12.06
regenerated_new/12/H/case-105586_JAY_ANNOTATION.png,"[14,10]",11.25
regenerated_new/13/H/case-105586_JAY_ANNOTATION.png,"[11,14]",14.36
regenerated_new/14/H/case-105586_JAY_ANNOTATION.png,"[10,11]",9.21
regenerated_new/2/H/case-105592_JAY_ANNOTATION.png,"[10,14]",9.48
regenerated_new/3/H/case-105592_JAY_ANNOTATION.png,"[15,15]",24.22
regenerated_new/4/H/case-105592_JAY_ANNOTATION.png,"[5,4]",12.2
regenerated_new/5/H/case-105592_JAY_ANNOTATION.png,"[10,12]",13.98
regenerated_new/7/H/case-105592_JAY_ANNOTATION.png,"[11,14]",10.75
regenerated_new/8/H/case-105592_JAY_ANNOTATION.png,"[10,11]",12.34
regenerated_new/9/H/case-105592_JAY_ANNOTATION.png,"[10,14]",10.45
regenerated_new/13/H/case-105592_JAY_ANNOTATION.png,"[10,13]",18.1
regenerated_new/14/H/case-105592_JAY_ANNOTATION.png,"[12,5]",13.91
regenerated_new/2/H/case-105597_JAY_ANNOTATION.png,"[2,3]",14.06
regenerated_new/4/H/case-105597_JAY_ANNOTATION.png,"[5,11]",11.77
regenerated_new/5/H/case-105597_JAY_ANNOTATION.png,"[10,12]",15.93
regenerated_new/6/H/case-105597_JAY_ANNOTATION.png,"[10,11]",13.55
regenerated_new/7/H/case-105597_JAY_ANNOTATION.png,"[10,12]",9.63
regenerated_new/8/H/case-105597_JAY_ANNOTATION.png,"[4,13]",19.68
regenerated_new/9/H/case-105597_JAY_ANNOTATION.png,"[15,15]",23.47
regenerated_new/12/H/case-105597_JAY_ANNOTATION.png,"[12,13]",13.24
regenerated_new/14/H/case-105597_JAY_ANNOTATION.png,"[5,4]",13.82
regenerated_new/2/H/case-105602_JAY_ANNOTATION.png,"[4,5]",9.03
regenerated_new/5/H/case-105602_JAY_ANNOTATION.png,"[14,12]",10.68
regenerated_new/7/H/case-105602_JAY_ANNOTATION.png,"[10,14]",11.62
regenerated_new/8/H/case-105602_JAY_ANNOTATION.png,"[12,13]",13.75
regenerated_new/9/H/case-105602_JAY_ANNOTATION.png,"[10,11]",13.83
regenerated_new/12/H/case-105602_JAY_ANNOTATION.png,"[2,3]",16.47
regenerated_new/13/H/case-105602_JAY_ANNOTATION.png,"[11,13]",9.75
regenerated_new/14/H/case-105602_JAY_ANNOTATION.png,"[10,14]",9.25
regenerated_new/3/H/case-105681_JAY_ANNOTATION.png,"[10,14]",9.35
regenerated_new/5/H/case-105681_JAY_ANNOTATION.png,"[11,1]",15.81
regenerated_new/6/H/case-105681_JAY_ANNOTATION.png,"[10,11]",15.8
regenerated_new/7/H/case-105681_JAY_ANNOTATION.png,"[10,14]",14.67
regenerated_new/8/H/case-105681_JAY_ANNOTATION.png,"[10,11]",9.5
regenerated_new/9/H/case-105681_JAY_ANNOTATION.png,"[13,14]",11.43
regenerated_new/11/H/case-105681_JAY_ANNOTATION.png,"[4,5]",8.0
regenerated_new/12/H/case-105681_JAY_ANNOTATION.png,"[10,14]",18.65
regenerated_new/13/H/case-105681_JAY_ANNOTATION.png,"[3,2]",7.13
regenerated_new/14/H/case-105681_JAY_ANNOTATION.png,"[12,10]",9.01
regenerated_new/2/H/case-105704_JAY_ANNOTATION.png,"[10,13]",15.57
regenerated_new/4/H/case-105704_JAY_ANNOTATION.png,"[11,14]",9.61
regenerated_new/5/H/case-105704_JAY_ANNOTATION.png,"[4,5]",16.09
regenerated_new/7/H/case-105704_JAY_ANNOTATION.png,"[2,3]",15.34
regenerated_new/8/H/case-105704_JAY_ANNOTATION.png,"[11,14]",16.22
regenerated_new/9/H/case-105704_JAY_ANNOTATION.png,"[12,14]",17.12
regenerated_new/12/H/case-105704_JAY_ANNOTATION.png,"[4,5]",12.2
regenerated_new/13/H/case-105704_JAY_ANNOTATION.png,"[4,5]",14.38
regenerated_new/14/H/case-105704_JAY_ANNOTATION.png,"[10,14]",9.41
regenerated_new/5/H/case-105817_JAY_ANNOTATION.png,"[15,15]",10.19
regenerated_new/6/H/case-105817_JAY_ANNOTATION.png,"[10,14]",16.11
regenerated_new/8/H/case-105817_JAY_ANNOTATION.png,"[10,11]",14.2
regenerated_new/9/H/case-105817_JAY_ANNOTATION.png,"[12,14]",17.07
regenerated_new/11/H/case-105817_JAY_ANNOTATION.png,"[11,10]",17.86
regenerated_new/13/H/case-105817_JAY_ANNOTATION.png,"[6,7]",18.64
regenerated_new/14/H/case-105817_JAY_ANNOTATION.png,"[10,14]",12.68
regenerated_new/2/H/case-105839_JAY_ANNOTATION.png,"[12,13]",12.28
regenerated_new/3/H/case-105839_JAY_ANNOTATION.png,"[2,5]",20.25
regenerated_new/4/H/case-105839_JAY_ANNOTATION.png,"[12,11]",11.42
regenerated_new/5/H/case-105839_JAY_ANNOTATION.png,"[10,14]",8.7
regenerated_new/6/H/case-105839_JAY_ANNOTATION.png,"[3,2]",12.45
regenerated_new/7/H/case-105839_JAY_ANNOTATION.png,"[15,15]",12.55
regenerated_new/9/H/case-105839_JAY_ANNOTATION.png,"[3,4]",8.62
regenerated_new/12/H/case-105839_JAY_ANNOTATION.png,"[6,7]",12.4
regenerated_new/14/H/case-105839_JAY_ANNOTATION.png,"[4,5]",16.62
regenerated_new/3/H/case-105862_JAY_ANNOTATION.png,"[10,4]",15.56
regenerated_new/5/H/case-105862_JAY_ANNOTATION.png,"[10,14]",11.46
regenerated_new/6/H/case-105862_JAY_ANNOTATION.png,"[2,3]",11.41
regenerated_new/7/H/case-105862_JAY_ANNOTATION.png,"[10,14]",16.49
regenerated_new/8/H/case-105862_JAY_ANNOTATION.png,"[10,12]",8.46
regenerated_new/9/H/case-105862_JAY_ANNOTATION.png,"[10,14]",12.91
regenerated_new/12/H/case-105862_JAY_ANNOTATION.png,"[10,13]",10.91
regenerated_new/13/H/case-105862_JAY_ANNOTATION.png,"[10,13]",9.7
regenerated_new/14/H/case-105862_JAY_ANNOTATION.png,"[12,14]",8.12
regenerated_new/2/H/case-105915_JAY_ANNOTATION.png,"[10,14]",12.69
regenerated_new/3/H/case-105915_JAY_ANNOTATION.png,"[1,10]",17.48
regenerated_new/4/H/case-105915_JAY_ANNOTATION.png,"[10,14]",9.39
regenerated_new/5/H/case-105915_JAY_ANNOTATION.png,"[10,11]",18.54
regenerated_new/6/H/case-105915_JAY_ANNOTATION.png,"[15,15]",10.65
regenerated_new/7/H/case-105915_JAY_ANNOTATION.png,"[14,14]",11.42
regenerated_new/8/H/case-105915_JAY_ANNOTATION.png,"[10,13]",16.71
regenerated_new/9/H/case-105915_JAY_ANNOTATION.png,"[10,11]",18.57
regenerated_new/13/H/case-105915_JAY_ANNOTATION.png,"[14,14]",11.68
regenerated_new/14/H/case-105915_JAY_ANNOTATION.png,"[15,15]",6.51
regenerated_new/2/H/case-106012_JAY_ANNOTATION.png,"[11,14]",14.23
regenerated_new/4/H/case-106012_JAY_ANNOTATION.png,"[2,3]",10.64
regenerated_new/5/H/case-106012_JAY_ANNOTATION.png,"[14,13]",16.03
regenerated_new/9/H/case-106012_JAY_ANNOTATION.png,"[14,12]",10.41
regenerated_new/12/H/case-106012_JAY_ANNOTATION.png,"[14,10]",8.64
regenerated_new/13/H/case-106012_JAY_ANNOTATION.png,"[10,14]",7.52
regenerated_new/14/H/case-106012_JAY_ANNOTATION.png,"[10,11]",12.83
regenerated_new/2/H/case-106016_JAY_ANNOTATION.png,"[2,4]",11.2
regenerated_new/3/H/case-106016_JAY_ANNOTATION.png,"[11,14]",16.15
regenerated_new/4/H/case-106016_JAY_ANNOTATION.png,"[11,14]",13.98
regenerated_new/5/H/case-106016_JAY_ANNOTATION.png,"[14,11]",9.84
regenerated_new/6/H/case-106016_JAY_ANNOTATION.png,"[2,3]",14.09
regenerated_new/7/H/case-106016_JAY_ANNOTATION.png,"[14,14]",15.23
regenerated_new/8/H/case-106016_JAY_ANNOTATION.png,"[5,4]",12.23
regenerated_new/9/H/case-106016_JAY_ANNOTATION.png,"[5,4]",11.78
regenerated_new/12/H/case-106016_JAY_ANNOTATION.png,"[5,6]",8.42
regenerated_new/13/H/case-106016_JAY_ANNOTATION.png,"[5,13]",10.37
regenerated_new/14/H/case-106016_JAY_ANNOTATION.png,"[11,14]",12.41
regenerated_new/2/H/case-106081_JAY_ANNOTATION.png,"[2,3]",11.82
regenerated_new/3/H/case-106081_JAY_ANNOTATION.png,"[10,12]",17.84
regenerated_new/4/H/case-106081_JAY_ANNOTATION.png,"[13,14]",12.91
regenerated_new/6/H/case-106081_JAY_ANNOTATION.png,"[10,14]",9.66
regenerated_new/7/H/case-106081_JAY_ANNOTATION.png,"[10,12]",14.84
regenerated_new/8/H/case-106081_JAY_ANNOTATION.png,"[10,14]",11.36
regenerated_new/9/H/case-106081_JAY_ANNOTATION.png,"[5,6]",13.82
regenerated_new/14/H/case-106081_JAY_ANNOTATION.png,"[12,14]",14.46
regenerated_new/3/H/case-106101_JAY_ANNOTATION.png,"[2,3]",9.72
regenerated_new/4/H/case-106101_JAY_ANNOTATION.png,"[3,10]",11.32
regenerated_new/5/H/case-106101_JAY_ANNOTATION.png,"[10,14]",10.74
regenerated_new/6/H/case-106101_JAY_ANNOTATION.png,"[14,10]",8.72
regenerated_new/7/H/case-106101_JAY_ANNOTATION.png,"[3,4]",10.13
regenerated_new/8/H/case-106101_JAY_ANNOTATION.png,"[7,8]",15.47
regenerated_new/9/H/case-106101_JAY_ANNOTATION.png,"[13,10]",11.78
regenerated_new/10/H/case-106101_JAY_ANNOTATION.png,"[10,14]",10.55
regenerated_new/11/H/case-106101_JAY_ANNOTATION.png,"[10,11]",9.45
regenerated_new/13/H/case-106101_JAY_ANNOTATION.png,"[10,7]",13.09
regenerated_new/14/H/case-106101_JAY_ANNOTATION.png,"[10,14]",9.57
regenerated_new/3/H/case-106127_JAY_ANNOTATION.png,"[5,6]",11.22
regenerated_new/4/H/case-106127_JAY_ANNOTATION.png,"[14,14]",13.73
regenerated_new/5/H/case-106127_JAY_ANNOTATION.png,"[10,14]",15.79
regenerated_new/6/H/case-106127_JAY_ANNOTATION.png,"[3,5]",11.37
regenerated_new/7/H/case-106127_JAY_ANNOTATION.png,"[4,5]",18.56
regenerated_new/8/H/case-106127_JAY_ANNOTATION.png,"[11,13]",8.4
regenerated_new/9/H/case-106127_JAY_ANNOTATION.png,"[13,14]",9.69
regenerated_new/14/H/case-106127_JAY_ANNOTATION.png,"[12,11]",14.34
regenerated_new/2/H/case-106139_JAY_ANNOTATION.png,"[5,4]",16.16
regenerated_new/3/H/case-106139_JAY_ANNOTATION.png,"[11,14]",13.14
regenerated_new/4/H/case-106139_JAY_ANNOTATION.png,"[10,14]",16.65
regenerated_new/5/H/case-106139_JAY_ANNOTATION.png,"[14,6]",13.79
regenerated_new/6/H/case-106139_JAY_ANNOTATION.png,"[14,13]",11.14
regenerated_new/7/H/case-106139_JAY_ANNOTATION.png,"[15,15]",11.56
regenerated_new/8/H/case-106139_JAY_ANNOTATION.png,"[2,3]",17.64
regenerated_new/9/H/case-106139_JAY_ANNOTATION.png,"[4,5]",9.64
regenerated_new/12/H/case-106139_JAY_ANNOTATION.png,"[6,7]",16.29
regenerated_new/13/H/case-106139_JAY_ANNOTATION.png,"[12,14]",11.96
regenerated_new/14/H/case-106139_JAY_ANNOTATION.png,"[9,10]",16.21
regenerated_new/2/H/case-106141_JAY_ANNOTATION.png,"[2,3]",8.93
regenerated_new/3/H/case-106141_JAY_ANNOTATION.png,"[2,3]",13.82
regenerated_new/4/H/case-106141_JAY_ANNOTATION.png,"[5,10]",12.54
regenerated_new/5/H/case-106141_JAY_ANNOTATION.png,"[10,12]",11.01
regenerated_new/6/H/case-106141_JAY_ANNOTATION.png,"[14,13]",10.13
regenerated_new/7/H/case-106141_JAY_ANNOTATION.png,"[10,14]",12.07
regenerated_new/8/H/case-106141_JAY_ANNOTATION.png,"[10,14]",8.87
regenerated_new/9/H/case-106141_JAY_ANNOTATION.png,"[15,15]",15.59
regenerated_new/10/H/case-106141_JAY_ANNOTATION.png,"[10,11]",9.5
regenerated_new/13/H/case-106141_JAY_ANNOTATION.png,"[10,12]",11.72
regenerated_new/2/H/case-106157_JAY_ANNOTATION.png,"[10,5]",9.66
regenerated_new/4/H/case-106157_JAY_ANNOTATION.png,"[4,5]",11.57
regenerated_new/5/H/case-106157_JAY_ANNOTATION.png,"[12,13]",14.5
regenerated_new/6/H/case-106157_JAY_ANNOTATION.png,"[11,12]",11.4
regenerated_new/7/H/case-106157_JAY_ANNOTATION.png,"[10,11]",11.4
regenerated_new/8/H/case-106157_JAY_ANNOTATION.png,"[10,13]",18.34
regenerated_new/9/H/case-106157_JAY_ANNOTATION.png,"[11,13]",16.58
regenerated_new/10/H/case-106157_JAY_ANNOTATION.png,"[10,14]",12.87
regenerated_new/13/H/case-106157_JAY_ANNOTATION.png,"[12,13]",12.36
regenerated_new/14/H/case-106157_JAY_ANNOTATION.png,"[11,14]",10.74
regenerated_new/2/H/case-106172_JAY_ANNOTATION.png,"[10,13]",12.38
regenerated_new/4/H/case-106172_JAY_ANNOTATION.png,"[3,4]",10.35
regenerated_new/5/H/case-106172_JAY_ANNOTATION.png,"[10,14]",15.61
regenerated_new/6/H/case-106172_JAY_ANNOTATION.png,"[15,15]",25.9
regenerated_new/7/H/case-106172_JAY_ANNOTATION.png,"[6,7]",13.31
regenerated_new/8/H/case-106172_JAY_ANNOTATION.png,"[6,12]",11.3
regenerated_new/9/H/case-106172_JAY_ANNOTATION.png,"[4,5]",11.29
regenerated_new/10/H/case-106172_JAY_ANNOTATION.png,"[10,14]",14.96
regenerated_new/11/H/case-106172_JAY_ANNOTATION.png,"[10,11]",15.59
regenerated_new/13/H/case-106172_JAY_ANNOTATION.png,"[8,9]",11.73
regenerated_new/14/H/case-106172_JAY_ANNOTATION.png,"[14,15]",7.26
regenerated_new/3/H/case-106301_JAY_ANNOTATION.png,"[10,14]",10.79
regenerated_new/4/H/case-106301_JAY_ANNOTATION.png,"[10,14]",7.06
regenerated_new/5/H/case-106301_JAY_ANNOTATION.png,"[10,11]",12.29
regenerated_new/6/H/case-106301_JAY_ANNOTATION.png,"[14,11]",13.38
regenerated_new/7/H/case-106301_JAY_ANNOTATION.png,"[7,9]",6.86
regenerated_new/8/H/case-106301_JAY_ANNOTATION.png,"[10,13]",18.55
regenerated_new/9/H/case-106301_JAY_ANNOTATION.png,"[11,12]",14.09
regenerated_new/10/H/case-106301_JAY_ANNOTATION.png,"[4,5]",8.46
regenerated_new/14/H/case-106301_JAY_ANNOTATION.png,"[10,14]",10.48
regenerated_new/4/H/case-106371_JAY_ANNOTATION.png,"[10,14]",5.2
regenerated_new/5/H/case-106371_JAY_ANNOTATION.png,"[7,8]",21.75
regenerated_new/6/H/case-106371_JAY_ANNOTATION.png,"[15,15]",6.6
regenerated_new/7/H/case-106371_JAY_ANNOTATION.png,"[10,12]",17.07
regenerated_new/8/H/case-106371_JAY_ANNOTATION.png,"[10,14]",8.57
regenerated_new/9/H/case-106371_JAY_ANNOTATION.png,"[14,10]",7.58
regenerated_new/12/H/case-106371_JAY_ANNOTATION.png,"[10,14]",16.72
regenerated_new/13/H/case-106371_JAY_ANNOTATION.png,"[4,5]",12.08
regenerated_new/14/H/case-106371_JAY_ANNOTATION.png,"[10,14]",9.49
regenerated_new/2/H/case-106374_JAY_ANNOTATION.png,"[2,3]",17.16
regenerated_new/4/H/case-106374_JAY_ANNOTATION.png,"[10,14]",15.5
regenerated_new/5/H/case-106374_JAY_ANNOTATION.png,"[11,14]",14.67
regenerated_new/6/H/case-106374_JAY_ANNOTATION.png,"[6,7]",11.05
regenerated_new/8/H/case-106374_JAY_ANNOTATION.png,"[12,10]",13.25
regenerated_new/9/H/case-106374_JAY_ANNOTATION.png,"[4,5]",10.94
regenerated_new/12/H/case-106374_JAY_ANNOTATION.png,"[15,15]",16.14
regenerated_new/13/H/case-106374_JAY_ANNOTATION.png,"[10,12]",10.73
regenerated_new/14/H/case-106374_JAY_ANNOTATION.png,"[14,10]",14.11
regenerated_new/3/H/case-106456_JAY_ANNOTATION.png,"[14,12]",8.64
regenerated_new/4/H/case-106456_JAY_ANNOTATION.png,"[10,11]",11.69
regenerated_new/5/H/case-106456_JAY_ANNOTATION.png,"[10,12]",16.29
regenerated_new/6/H/case-106456_JAY_ANNOTATION.png,"[10,14]",12.13
regenerated_new/7/H/case-106456_JAY_ANNOTATION.png,"[10,14]",6.95
regenerated_new/8/H/case-106456_JAY_ANNOTATION.png,"[12,13]",12.69
regenerated_new/9/H/case-106456_JAY_ANNOTATION.png,"[10,12]",13.47
regenerated_new/10/H/case-106456_JAY_ANNOTATION.png,"[10,14]",11.14
regenerated_new/12/H/case-106456_JAY_ANNOTATION.png,"[14,12]",11.29
regenerated_new/14/H/case-106456_JAY_ANNOTATION.png,"[7,8]",9.81
regenerated_new/3/H/case-106464_JAY_ANNOTATION.png,"[3,4]",12.74
regenerated_new/4/H/case-106464_JAY_ANNOTATION.png,"[4,5]",15.3
regenerated_new/5/H/case-106464_JAY_ANNOTATION.png,"[10,14]",10.48
regenerated_new/6/H/case-106464_JAY_ANNOTATION.png,"[3,4]",17.22
regenerated_new/7/H/case-106464_JAY_ANNOTATION.png,"[6,14]",12.22
regenerated_new/8/H/case-106464_JAY_ANNOTATION.png,"[6,11]",11.15
regenerated_new/9/H/case-106464_JAY_ANNOTATION.png,"[10,14]",13.06
regenerated_new/11/H/case-106464_JAY_ANNOTATION.png,"[10,14]",14.56
regenerated_new/13/H/case-106464_JAY_ANNOTATION.png,"[11,12]",19.39
regenerated_new/14/H/case-106464_JAY_ANNOTATION.png,"[14,12]",11.35
regenerated_new/2/H/case-106541_JAY_ANNOTATION.png,"[4,5]",16.69
regenerated_new/3/H/case-106541_JAY_ANNOTATION.png,"[4,5]",13.52
regenerated_new/4/H/case-106541_JAY_ANNOTATION.png,"[5,6]",14.5
regenerated_new/5/H/case-106541_JAY_ANNOTATION.png,"[10,14]",11.46
regenerated_new/8/H/case-106541_JAY_ANNOTATION.png,"[15,15]",8.04
regenerated_new/9/H/case-106541_JAY_ANNOTATION.png,"[10,14]",8.26
regenerated_new/10/H/case-106541_JAY_ANNOTATION.png,"[10,14]",10.81
regenerated_new/11/H/case-106541_JAY_ANNOTATION.png,"[11,14]",22.21
regenerated_new/14/H/case-106541_JAY_ANNOTATION.png,"[10,11]",23.3
regenerated_new/3/H/case-106569_JAY_ANNOTATION.png,"[2,4]",7.93
regenerated_new/4/H/case-106569_JAY_ANNOTATION.png,"[12,13]",11.1
regenerated_new/5/H/case-106569_JAY_ANNOTATION.png,"[10,12]",12.35
regenerated_new/6/H/case-106569_JAY_ANNOTATION.png,"[14,11]",9.76
regenerated_new/7/H/case-106569_JAY_ANNOTATION.png,"[14,15]",13.71
regenerated_new/8/H/case-106569_JAY_ANNOTATION.png,"[10,14]",11.19
regenerated_new/9/H/case-106569_JAY_ANNOTATION.png,"[11,14]",15.69
regenerated_new/12/H/case-106569_JAY_ANNOTATION.png,"[14,4]",10.5
regenerated_new/14/H/case-106569_JAY_ANNOTATION.png,"[10,14]",12.41
regenerated_new/2/H/case-106811_JAY_ANNOTATION.png,"[4,5]",8.28
regenerated_new/3/H/case-106811_JAY_ANNOTATION.png,"[2,3]",10.94
regenerated_new/4/H/case-106811_JAY_ANNOTATION.png,"[12,13]",11.33
regenerated_new/5/H/case-106811_JAY_ANNOTATION.png,"[5,4]",7.19
regenerated_new/6/H/case-106811_JAY_ANNOTATION.png,"[14,14]",19.48
regenerated_new/7/H/case-106811_JAY_ANNOTATION.png,"[6,7]",14.69
regenerated_new/8/H/case-106811_JAY_ANNOTATION.png,"[10,14]",11.79
regenerated_new/9/H/case-106811_JAY_ANNOTATION.png,"[10,11]",8.56
regenerated_new/12/H/case-106811_JAY_ANNOTATION.png,"[14,11]",13.16
regenerated_new/13/H/case-106811_JAY_ANNOTATION.png,"[14,11]",22.43
regenerated_new/14/H/case-106811_JAY_ANNOTATION.png,"[10,11]",14.56
regenerated_new/4/H/case-106835_JAY_ANNOTATION.png,"[10,14]",15.06
regenerated_new/5/H/case-106835_JAY_ANNOTATION.png,"[6,7]",17.0
regenerated_new/6/H/case-106835_JAY_ANNOTATION.png,"[10,14]",11.01
regenerated_new/7/H/case-106835_JAY_ANNOTATION.png,"[10,11]",13.47
regenerated_new/8/H/case-106835_JAY_ANNOTATION.png,"[12,10]",15.22
regenerated_new/9/H/case-106835_JAY_ANNOTATION.png,"[11,13]",16.11
regenerated_new/12/H/case-106835_JAY_ANNOTATION.png,"[14,14]",13.45
regenerated_new/13/H/case-106835_JAY_ANNOTATION.png,"[4,5]",8.89
regenerated_new/14/H/case-106835_JAY_ANNOTATION.png,"[11,12]",9.42
regenerated_new/2/H/case-106856_JAY_ANNOTATION.png,"[3,5]",10.31
regenerated_new/4/H/case-106856_JAY_ANNOTATION.png,"[10,11]",11.18
regenerated_new/5/H/case-106856_JAY_ANNOTATION.png,"[10,14]",13.26
regenerated_new/6/H/case-106856_JAY_ANNOTATION.png,"[4,5]",18.66
regenerated_new/7/H/case-106856_JAY_ANNOTATION.png,"[12,13]",13.11
regenerated_new/8/H/case-106856_JAY_ANNOTATION.png,"[10,14]",14.99
regenerated_new/9/H/case-106856_JAY_ANNOTATION.png,"[3,2]",15.48
regenerated_new/12/H/case-106856_JAY_ANNOTATION.png,"[11,14]",9.15
regenerated_new/13/H/case-106856_JAY_ANNOTATION.png,"[6,12]",12.96
regenerated_new/14/H/case-106856_JAY_ANNOTATION.png,"[5,14]",11.19
regenerated_new/2/H/case-106882_JAY_ANNOTATION.png,"[10,14]",12.24
regenerated_new/3/H/case-106882_JAY_ANNOTATION.png,"[3,10]",9.04
regenerated_new/4/H/case-106882_JAY_ANNOTATION.png,"[13,14]",10.54
regenerated_new/5/H/case-106882_JAY_ANNOTATION.png,"[3,5]",17.73
regenerated_new/6/H/case-106882_JAY_ANNOTATION.png,"[2,8]",11.78
regenerated_new/8/H/case-106882_JAY_ANNOTATION.png,"[10,12]",11.32
regenerated_new/12/H/case-106882_JAY_ANNOTATION.png,"[10,12]",11.91
regenerated_new/13/H/case-106882_JAY_ANNOTATION.png,"[5,4]",10.52
regenerated_new/14/H/case-106882_JAY_ANNOTATION.png,"[10,13]",7.99
regenerated_new/2/H/case-106963_JAY_ANNOTATION.png,"[2,3]",11.61
regenerated_new/3/H/case-106963_JAY_ANNOTATION.png,"[3,11]",11.49
regenerated_new/4/H/case-106963_JAY_ANNOTATION.png,"[5,7]",16.05
regenerated_new/5/H/case-106963_JAY_ANNOTATION.png,"[14,11]",12.43
regenerated_new/6/H/case-106963_JAY_ANNOTATION.png,"[10,14]",17.12
regenerated_new/7/H/case-106963_JAY_ANNOTATION.png,"[3,4]",11.94
regenerated_new/8/H/case-106963_JAY_ANNOTATION.png,"[11,12]",15.24
regenerated_new/9/H/case-106963_JAY_ANNOTATION.png,"[10,11]",20.77
regenerated_new/2/H/case-106973_JAY_ANNOTATION.png,"[10,11]",16.21
regenerated_new/4/H/case-106973_JAY_ANNOTATION.png,"[4,5]",12.0
regenerated_new/5/H/case-106973_JAY_ANNOTATION.png,"[11,13]",20.07
regenerated_new/6/H/case-106973_JAY_ANNOTATION.png,"[10,11]",16.81
regenerated_new/7/H/case-106973_JAY_ANNOTATION.png,"[2,3]",13.32
regenerated_new/8/H/case-106973_JAY_ANNOTATION.png,"[11,14]",8.24
regenerated_new/9/H/case-106973_JAY_ANNOTATION.png,"[12,13]",11.61
regenerated_new/10/H/case-106973_JAY_ANNOTATION.png,"[3,2]",10.02
regenerated_new/12/H/case-106973_JAY_ANNOTATION.png,"[14,5]",9.55
regenerated_new/13/H/case-106973_JAY_ANNOTATION.png,"[10,14]",12.71
regenerated_new/14/H/case-106973_JAY_ANNOTATION.png,"[12,13]",17.36
regenerated_new/2/H/case-106991_JAY_ANNOTATION.png,"[2,3]",9.0
regenerated_new/4/H/case-106991_JAY_ANNOTATION.png,"[10,12]",9.55
regenerated_new/6/H/case-106991_JAY_ANNOTATION.png,"[3,10]",10.18
regenerated_new/7/H/case-106991_JAY_ANNOTATION.png,"[8,11]",10.87
regenerated_new/8/H/case-106991_JAY_ANNOTATION.png,"[10,11]",11.58
regenerated_new/9/H/case-106991_JAY_ANNOTATION.png,"[4,5]",8.26
regenerated_new/13/H/case-106991_JAY_ANNOTATION.png,"[5,4]",9.24
regenerated_new/14/H/case-106991_JAY_ANNOTATION.png,"[12,13]",9.19
regenerated_new/2/H/case-107068_JAY_ANNOTATION.png,"[3,5]",9.29
regenerated_new/3/H/case-107068_JAY_ANNOTATION.png,"[10,11]",15.43
regenerated_new/4/H/case-107068_JAY_ANNOTATION.png,"[14,14]",21.68
regenerated_new/5/H/case-107068_JAY_ANNOTATION.png,"[7,8]",12.39
regenerated_new/6/H/case-107068_JAY_ANNOTATION.png,"[7,8]",19.87
regenerated_new/8/H/case-107068_JAY_ANNOTATION.png,"[10,12]",10.56
regenerated_new/9/H/case-107068_JAY_ANNOTATION.png,"[12,14]",8.2
regenerated_new/10/H/case-107068_JAY_ANNOTATION.png,"[11,13]",12.46
regenerated_new/13/H/case-107068_JAY_ANNOTATION.png,"[10,13]",15.75
regenerated_new/14/H/case-107068_JAY_ANNOTATION.png,"[10,12]",13.23
regenerated_new/2/H/case-107184_JAY_ANNOTATION.png,"[11,14]",13.65
regenerated_new/3/H/case-107184_JAY_ANNOTATION.png,"[10,14]",18.53
regenerated_new/4/H/case-107184_JAY_ANNOTATION.png,"[10,14]",8.1
regenerated_new/5/H/case-107184_JAY_ANNOTATION.png,"[11,5]",8.93
regenerated_new/6/H/case-107184_JAY_ANNOTATION.png,"[2,3]",11.83
regenerated_new/7/H/case-107184_JAY_ANNOTATION.png,"[15,15]",6.76
regenerated_new/8/H/case-107184_JAY_ANNOTATION.png,"[11,14]",16.39
regenerated_new/9/H/case-107184_JAY_ANNOTATION.png,"[10,6]",12.82
regenerated_new/12/H/case-107184_JAY_ANNOTATION.png,"[10,11]",10.01
regenerated_new/13/H/case-107184_JAY_ANNOTATION.png,"[3,4]",10.74
regenerated_new/14/H/case-107184_JAY_ANNOTATION.png,"[12,14]",16.55
regenerated_new/2/H/case-107267_JAY_ANNOTATION.png,"[4,3]",24.68
regenerated_new/4/H/case-107267_JAY_ANNOTATION.png,"[10,11]",9.06
regenerated_new/6/H/case-107267_JAY_ANNOTATION.png,"[4,5]",10.46
regenerated_new/7/H/case-107267_JAY_ANNOTATION.png,"[11,13]",15.94
regenerated_new/9/H/case-107267_JAY_ANNOTATION.png,"[10,5]",8.77
regenerated_new/10/H/case-107267_JAY_ANNOTATION.png,"[10,11]",13.93
regenerated_new/11/H/case-107267_JAY_ANNOTATION.png,"[10,14]",11.25
regenerated_new/12/H/case-107267_JAY_ANNOTATION.png,"[9,13]",12.86
regenerated_new/13/H/case-107267_JAY_ANNOTATION.png,"[11,14]",12.49
regenerated_new/14/H/case-107267_JAY_ANNOTATION.png,"[15,15]",15.35
regenerated_new/2/H/case-107296_JAY_ANNOTATION.png,"[5,14]",9.87
regenerated_new/3/H/case-107296_JAY_ANNOTATION.png,"[2,5]",10.98
regenerated_new/4/H/case-107296_JAY_ANNOTATION.png,"[10,13]",9.65
regenerated_new/5/H/case-107296_JAY_ANNOTATION.png,"[5,6]",18.66
regenerated_new/6/H/case-107296_JAY_ANNOTATION.png,"[12,14]",21.59
regenerated_new/7/H/case-107296_JAY_ANNOTATION.png,"[15,15]",8.26
regenerated_new/8/H/case-107296_JAY_ANNOTATION.png,"[10,14]",11.82
regenerated_new/9/H/case-107296_JAY_ANNOTATION.png,"[4,6]",14.87
regenerated_new/12/H/case-107296_JAY_ANNOTATION.png,"[10,14]",8.92
regenerated_new/13/H/case-107296_JAY_ANNOTATION.png,"[14,4]",15.1
regenerated_new/14/H/case-107296_JAY_ANNOTATION.png,"[4,5]",8.99
regenerated_new/2/H/case-110146_JAY_ANNOTATION.png,"[14,15]",16.18
regenerated_new/4/H/case-110146_JAY_ANNOTATION.png,"[12,14]",7.77
regenerated_new/5/H/case-110146_JAY_ANNOTATION.png,"[1,10]",15.04
regenerated_new/6/H/case-110146_JAY_ANNOTATION.png,"[3,4]",15.93
regenerated_new/7/H/case-110146_JAY_ANNOTATION.png,"[10,12]",9.47
regenerated_new/8/H/case-110146_JAY_ANNOTATION.png,"[2,3]",21.04
regenerated_new/9/H/case-110146_JAY_ANNOTATION.png,"[11,14]",17.63
regenerated_new/12/H/case-110146_JAY_ANNOTATION.png,"[10,11]",13.99
regenerated_new/13/H/case-110146_JAY_ANNOTATION.png,"[5,4]",12.18
regenerated_new/14/H/case-110146_JAY_ANNOTATION.png,"[10,12]",12.19
regenerated_new/2/H/case-110184_JAY_ANNOTATION.png,"[5,6]",8.77
regenerated_new/4/H/case-110184_JAY_ANNOTATION.png,"[10,13]",13.12
regenerated_new/7/H/case-110184_JAY_ANNOTATION.png,"[10,11]",15.19
regenerated_new/8/H/case-110184_JAY_ANNOTATION.png,"[15,15]",8.45
regenerated_new/9/H/case-110184_JAY_ANNOTATION.png,"[5,6]",12.02
regenerated_new/13/H/case-110184_JAY_ANNOTATION.png,"[14,13]",16.17
regenerated_new/14/H/case-110184_JAY_ANNOTATION.png,"[10,14]",10.79
regenerated_new/3/H/case-110307_JAY_ANNOTATION.png,"[4,5]",9.75
regenerated_new/4/H/case-110307_JAY_ANNOTATION.png,"[10,14]",10.48
regenerated_new/5/H/case-110307_JAY_ANNOTATION.png,"[10,13]",8.32
regenerated_new/6/H/case-110307_JAY_ANNOTATION.png,"[13,14]",8.63
regenerated_new/7/H/case-110307_JAY_ANNOTATION.png,"[11,12]",15.36
regenerated_new/9/H/case-110307_JAY_ANNOTATION.png,"[11,12]",12.16
regenerated_new/10/H/case-110307_JAY_ANNOTATION.png,"[11,14]",13.23
regenerated_new/11/H/case-110307_JAY_ANNOTATION.png,"[10,14]",17.33
regenerated_new/14/H/case-110307_JAY_ANNOTATION.png,"[13,14]",11.3
regenerated_new/4/H/case-110324_JAY_ANNOTATION.png,"[12,13]",12.96
regenerated_new/5/H/case-110324_JAY_ANNOTATION.png,"[4,5]",17.68
regenerated_new/6/H/case-110324_JAY_ANNOTATION.png,"[5,4]",14.58
regenerated_new/8/H/case-110324_JAY_ANNOTATION.png,"[4,5]",6.04
regenerated_new/9/H/case-110324_JAY_ANNOTATION.png,"[10,12]",15.15
regenerated_new/10/H/case-110324_JAY_ANNOTATION.png,"[10,14]",20.71
regenerated_new/12/H/case-110324_JAY_ANNOTATION.png,"[14,13]",24.02
regenerated_new/13/H/case-110324_JAY_ANNOTATION.png,"[11,12]",10.59
regenerated_new/14/H/case-110324_JAY_ANNOTATION.png,"[13,12]",12.0
regenerated_new/2/H/case-110378_JAY_ANNOTATION.png,"[11,14]",15.05
regenerated_new/3/H/case-110378_JAY_ANNOTATION.png,"[3,5]",11.9
regenerated_new/5/H/case-110378_JAY_ANNOTATION.png,"[10,13]",11.91
regenerated_new/6/H/case-110378_JAY_ANNOTATION.png,"[10,14]",13.4
regenerated_new/7/H/case-110378_JAY_ANNOTATION.png,"[2,3]",9.12
regenerated_new/8/H/case-110378_JAY_ANNOTATION.png,"[3,5]",10.02
regenerated_new/9/H/case-110378_JAY_ANNOTATION.png,"[6,12]",12.7
regenerated_new/10/H/case-110378_JAY_ANNOTATION.png,"[10,12]",12.66
regenerated_new/13/H/case-110378_JAY_ANNOTATION.png,"[15,15]",10.78
regenerated_new/14/H/case-110378_JAY_ANNOTATION.png,"[14,11]",14.4
regenerated_new/2/H/case-110382_JAY_ANNOTATION.png,"[2,6]",12.79
regenerated_new/4/H/case-110382_JAY_ANNOTATION.png,"[10,11]",10.32
regenerated_new/5/H/case-110382_JAY_ANNOTATION.png,"[4,6]",13.59
regenerated_new/6/H/case-110382_JAY_ANNOTATION.png,"[7,8]",9.5
regenerated_new/7/H/case-110382_JAY_ANNOTATION.png,"[10,13]",10.95
regenerated_new/8/H/case-110382_JAY_ANNOTATION.png,"[14,12]",9.23
regenerated_new/9/H/case-110382_JAY_ANNOTATION.png,"[11,8]",15.38
regenerated_new/10/H/case-110382_JAY_ANNOTATION.png,"[12,11]",17.72
regenerated_new/14/H/case-110382_JAY_ANNOTATION.png,"[10,13]",10.27
regenerated_new/3/H/case-110393_JAY_ANNOTATION.png,"[3,5]",12.45
regenerated_new/4/H/case-110393_JAY_ANNOTATION.png,"[11,12]",15.15
regenerated_new/5/H/case-110393_JAY_ANNOTATION.png,"[10,11]",14.61
regenerated_new/6/H/case-110393_JAY_ANNOTATION.png,"[10,14]",15.01
regenerated_new/7/H/case-110393_JAY_ANNOTATION.png,"[2,3]",9.39
regenerated_new/8/H/case-110393_JAY_ANNOTATION.png,"[10,12]",12.75
regenerated_new/9/H/case-110393_JAY_ANNOTATION.png,"[10,12]",11.67
regenerated_new/12/H/case-110393_JAY_ANNOTATION.png,"[10,12]",19.52
regenerated_new/13/H/case-110393_JAY_ANNOTATION.png,"[10,11]",14.99
regenerated_new/14/H/case-110393_JAY_ANNOTATION.png,"[10,14]",12.15
regenerated_new/2/H/case-110447_JAY_ANNOTATION.png,"[10,14]",17.41
regenerated_new/4/H/case-110447_JAY_ANNOTATION.png,"[10,11]",21.65
regenerated_new/5/H/case-110447_JAY_ANNOTATION.png,"[10,11]",11.48
regenerated_new/6/H/case-110447_JAY_ANNOTATION.png,"[2,3]",9.24
regenerated_new/7/H/case-110447_JAY_ANNOTATION.png,"[8,9]",21.63
regenerated_new/9/H/case-110447_JAY_ANNOTATION.png,"[10,14]",11.76
regenerated_new/12/H/case-110447_JAY_ANNOTATION.png,"[1,5]",13.93
regenerated_new/13/H/case-110447_JAY_ANNOTATION.png,"[10,14]",17.07
regenerated_new/14/H/case-110447_JAY_ANNOTATION.png,"[10,13]",16.2
regenerated_new/3/H/case-110519_JAY_ANNOTATION.png,"[10,4]",11.5
regenerated_new/4/H/case-110519_JAY_ANNOTATION.png,"[2,12]",10.32
regenerated_new/5/H/case-110519_JAY_ANNOTATION.png,"[10,11]",8.81
regenerated_new/6/H/case-110519_JAY_ANNOTATION.png,"[2,3]",9.71
regenerated_new/7/H/case-110519_JAY_ANNOTATION.png,"[14,12]",7.57
regenerated_new/8/H/case-110519_JAY_ANNOTATION.png,"[12,13]",15.71
regenerated_new/9/H/case-110519_JAY_ANNOTATION.png,"[10,14]",13.44
regenerated_new/10/H/case-110519_JAY_ANNOTATION.png,"[10,6]",14.9
regenerated_new/11/H/case-110519_JAY_ANNOTATION.png,"[10,11]",11.98
regenerated_new/12/H/case-110519_JAY_ANNOTATION.png,"[12,13]",19.81
regenerated_new/13/H/case-110519_JAY_ANNOTATION.png,"[10,13]",15.51
regenerated_new/14/H/case-110519_JAY_ANNOTATION.png,"[10,11]",13.07
regenerated_new/4/H/case-110588_JAY_ANNOTATION.png,"[11,14]",10.5
regenerated_new/5/H/case-110588_JAY_ANNOTATION.png,"[5,4]",14.37
regenerated_new/6/H/case-110588_JAY_ANNOTATION.png,"[10,13]",13.54
regenerated_new/7/H/case-110588_JAY_ANNOTATION.png,"[6,7]",11.47
regenerated_new/8/H/case-110588_JAY_ANNOTATION.png,"[10,11]",14.36
regenerated_new/9/H/case-110588_JAY_ANNOTATION.png,"[10,14]",11.48
regenerated_new/10/H/case-110588_JAY_ANNOTATION.png,"[10,14]",11.41
regenerated_new/12/H/case-110588_JAY_ANNOTATION.png,"[10,14]",11.27
regenerated_new/14/H/case-110588_JAY_ANNOTATION.png,"[4,5]",9.26
regenerated_new/2/H/case-110636_JAY_ANNOTATION.png,"[2,3]",10.24
regenerated_new/3/H/case-110636_JAY_ANNOTATION.png,"[10,14]",12.48
regenerated_new/4/H/case-110636_JAY_ANNOTATION.png,"[2,3]",16.28
regenerated_new/5/H/case-110636_JAY_ANNOTATION.png,"[14,10]",9.17
regenerated_new/6/H/case-110636_JAY_ANNOTATION.png,"[5,14]",15.42
regenerated_new/7/H/case-110636_JAY_ANNOTATION.png,"[5,6]",12.68
regenerated_new/8/H/case-110636_JAY_ANNOTATION.png,"[2,5]",14.91
regenerated_new/12/H/case-110636_JAY_ANNOTATION.png,"[7,8]",17.12
regenerated_new/13/H/case-110636_JAY_ANNOTATION.png,"[11,13]",20.15
regenerated_new/14/H/case-110636_JAY_ANNOTATION.png,"[10,12]",8.23
regenerated_new/4/H/case-110640_JAY_ANNOTATION.png,"[9,10]",18.98
regenerated_new/5/H/case-110640_JAY_ANNOTATION.png,"[10,14]",13.51
regenerated_new/6/H/case-110640_JAY_ANNOTATION.png,"[14,12]",19.98
regenerated_new/7/H/case-110640_JAY_ANNOTATION.png,"[10,14]",10.16
regenerated_new/8/H/case-110640_JAY_ANNOTATION.png,"[14,10]",8.3
regenerated_new/9/H/case-110640_JAY_ANNOTATION.png,"[10,14]",10.16
regenerated_new/11/H/case-110640_JAY_ANNOTATION.png,"[10,12]",14.92
regenerated_new/12/H/case-110640_JAY_ANNOTATION.png,"[5,8]",10.07
regenerated_new/13/H/case-110640_JAY_ANNOTATION.png,"[14,13]",15.24
regenerated_new/14/H/case-110640_JAY_ANNOTATION.png,"[10,14]",7.33
regenerated_new/4/H/case-110649_JAY_ANNOTATION.png,"[10,14]",14.52
regenerated_new/5/H/case-110649_JAY_ANNOTATION.png,"[15,15]",9.97
regenerated_new/6/H/case-110649_JAY_ANNOTATION.png,"[1,2]",16.44
regenerated_new/7/H/case-110649_JAY_ANNOTATION.png,"[4,5]",14.05
regenerated_new/8/H/case-110649_JAY_ANNOTATION.png,"[4,5]",10.23
regenerated_new/9/H/case-110649_JAY_ANNOTATION.png,"[11,14]",22.33
regenerated_new/12/H/case-110649_JAY_ANNOTATION.png,"[11,12]",9.24
regenerated_new/13/H/case-110649_JAY_ANNOTATION.png,"[5,4]",10.8
regenerated_new/14/H/case-110649_JAY_ANNOTATION.png,"[10,14]",9.13
regenerated_new/3/H/case-110664_JAY_ANNOTATION.png,"[5,14]",9.98
regenerated_new/4/H/case-110664_JAY_ANNOTATION.png,"[10,14]",9.31
regenerated_new/6/H/case-110664_JAY_ANNOTATION.png,"[11,13]",18.31
regenerated_new/7/H/case-110664_JAY_ANNOTATION.png,"[10,14]",11.63
regenerated_new/8/H/case-110664_JAY_ANNOTATION.png,"[11,13]",14.8
regenerated_new/9/H/case-110664_JAY_ANNOTATION.png,"[7,8]",11.95
regenerated_new/12/H/case-110664_JAY_ANNOTATION.png,"[5,4]",13.3
regenerated_new/13/H/case-110664_JAY_ANNOTATION.png,"[11,14]",10.35
regenerated_new/14/H/case-110664_JAY_ANNOTATION.png,"[10,13]",16.5
regenerated_new/2/H/case-110831_JAY_ANNOTATION.png,"[2,5]",11.44
regenerated_new/3/H/case-110831_JAY_ANNOTATION.png,"[3,2]",12.15
regenerated_new/4/H/case-110831_JAY_ANNOTATION.png,"[10,14]",8.78
regenerated_new/5/H/case-110831_JAY_ANNOTATION.png,"[13,14]",9.0
regenerated_new/6/H/case-110831_JAY_ANNOTATION.png,"[2,8]",13.15
regenerated_new/7/H/case-110831_JAY_ANNOTATION.png,"[12,11]",16.37
regenerated_new/8/H/case-110831_JAY_ANNOTATION.png,"[11,12]",13.4
regenerated_new/9/H/case-110831_JAY_ANNOTATION.png,"[5,4]",23.11
regenerated_new/13/H/case-110831_JAY_ANNOTATION.png,"[13,12]",10.11
regenerated_new/14/H/case-110831_JAY_ANNOTATION.png,"[10,13]",12.08
regenerated_new/2/H/case-110870_JAY_ANNOTATION.png,"[2,5]",8.61
regenerated_new/3/H/case-110870_JAY_ANNOTATION.png,"[5,3]",11.96
regenerated_new/5/H/case-110870_JAY_ANNOTATION.png,"[6,11]",9.69
regenerated_new/9/H/case-110870_JAY_ANNOTATION.png,"[4,5]",19.63
regenerated_new/12/H/case-110870_JAY_ANNOTATION.png,"[10,12]",9.77
regenerated_new/14/H/case-110870_JAY_ANNOTATION.png,"[5,4]",12.69
regenerated_new/2/H/case-111040_JAY_ANNOTATION.png,"[2,3]",10.22
regenerated_new/4/H/case-111040_JAY_ANNOTATION.png,"[10,14]",11.92
regenerated_new/5/H/case-111040_JAY_ANNOTATION.png,"[10,14]",11.97
regenerated_new/6/H/case-111040_JAY_ANNOTATION.png,"[14,11]",7.42
regenerated_new/8/H/case-111040_JAY_ANNOTATION.png,"[10,12]",10.02
regenerated_new/9/H/case-111040_JAY_ANNOTATION.png,"[6,7]",11.99
regenerated_new/12/H/case-111040_JAY_ANNOTATION.png,"[1,10]",12.91
regenerated_new/13/H/case-111040_JAY_ANNOTATION.png,"[10,14]",11.63
regenerated_new/14/H/case-111040_JAY_ANNOTATION.png,"[12,14]",13.48
regenerated_new/2/H/case-111057_JAY_ANNOTATION.png,"[2,14]",11.47
regenerated_new/4/H/case-111057_JAY_ANNOTATION.png,"[10,14]",14.58
regenerated_new/5/H/case-111057_JAY_ANNOTATION.png,"[15,15]",17.13
regenerated_new/7/H/case-111057_JAY_ANNOTATION.png,"[10,14]",9.56
regenerated_new/8/H/case-111057_JAY_ANNOTATION.png,"[13,12]",12.19
regenerated_new/9/H/case-111057_JAY_ANNOTATION.png,"[10,14]",16.76
regenerated_new/14/H/case-111057_JAY_ANNOTATION.png,"[11,14]",14.62
regenerated_new/2/H/case-111159_JAY_ANNOTATION.png,"[2,12]",11.58
regenerated_new/4/H/case-111159_JAY_ANNOTATION.png,"[3,4]",12.09
regenerated_new/5/H/case-111159_JAY_ANNOTATION.png,"[13,14]",7.8
regenerated_new/6/H/case-111159_JAY_ANNOTATION.png,"[11,14]",16.35
regenerated_new/7/H/case-111159_JAY_ANNOTATION.png,"[10,11]",14.89
regenerated_new/8/H/case-111159_JAY_ANNOTATION.png,"[10,11]",13.66
regenerated_new/9/H/case-111159_JAY_ANNOTATION.png,"[10,14]",15.21
regenerated_new/10/H/case-111159_JAY_ANNOTATION.png,"[10,11]",13.97
regenerated_new/13/H/case-111159_JAY_ANNOTATION.png,"[10,11]",10.45
regenerated_new/14/H/case-111159_JAY_ANNOTATION.png,"[12,13]",12.69
regenerated_new/3/H/case-111162_JAY_ANNOTATION.png,"[10,14]",17.92
regenerated_new/4/H/case-111162_JAY_ANNOTATION.png,"[10,14]",12.53
regenerated_new/5/H/case-111162_JAY_ANNOTATION.png,"[10,11]",13.51
regenerated_new/7/H/case-111162_JAY_ANNOTATION.png,"[10,14]",11.4
regenerated_new/8/H/case-111162_JAY_ANNOTATION.png,"[15,15]",17.28
regenerated_new/9/H/case-111162_JAY_ANNOTATION.png,"[4,5]",10.2
regenerated_new/12/H/case-111162_JAY_ANNOTATION.png,"[3,6]",6.64
regenerated_new/14/H/case-111162_JAY_ANNOTATION.png,"[10,11]",9.18
regenerated_new/3/H/case-111165_JAY_ANNOTATION.png,"[10,11]",11.5
regenerated_new/4/H/case-111165_JAY_ANNOTATION.png,"[4,9]",15.54
regenerated_new/5/H/case-111165_JAY_ANNOTATION.png,"[10,14]",17.52
regenerated_new/6/H/case-111165_JAY_ANNOTATION.png,"[11,12]",12.29
regenerated_new/7/H/case-111165_JAY_ANNOTATION.png,"[12,13]",11.27
regenerated_new/8/H/case-111165_JAY_ANNOTATION.png,"[11,1]",13.38
regenerated_new/9/H/case-111165_JAY_ANNOTATION.png,"[10,14]",15.27
regenerated_new/12/H/case-111165_JAY_ANNOTATION.png,"[12,14]",7.69
regenerated_new/13/H/case-111165_JAY_ANNOTATION.png,"[11,14]",21.11
regenerated_new/14/H/case-111165_JAY_ANNOTATION.png,"[10,11]",10.39
regenerated_new/2/H/case-111178_JAY_ANNOTATION.png,"[10,11]",17.69
regenerated_new/3/H/case-111178_JAY_ANNOTATION.png,"[2,3]",13.94
regenerated_new/4/H/case-111178_JAY_ANNOTATION.png,"[10,11]",15.31
regenerated_new/5/H/case-111178_JAY_ANNOTATION.png,"[14,11]",20.31
regenerated_new/7/H/case-111178_JAY_ANNOTATION.png,"[14,4]",11.27
regenerated_new/8/H/case-111178_JAY_ANNOTATION.png,"[10,14]",13.48
regenerated_new/9/H/case-111178_JAY_ANNOTATION.png,"[10,14]",13.49
regenerated_new/12/H/case-111178_JAY_ANNOTATION.png,"[5,10]",12.87
regenerated_new/13/H/case-111178_JAY_ANNOTATION.png,"[10,12]",17.03
regenerated_new/14/H/case-111178_JAY_ANNOTATION.png,"[10,11]",7.97
regenerated_new/4/H/case-111246_JAY_ANNOTATION.png,"[13,14]",16.48
regenerated_new/5/H/case-111246_JAY_ANNOTATION.png,"[14,12]",9.83
regenerated_new/6/H/case-111246_JAY_ANNOTATION.png,"[4,11]",22.08
regenerated_new/7/H/case-111246_JAY_ANNOTATION.png,"[11,14]",11.75
regenerated_new/8/H/case-111246_JAY_ANNOTATION.png,"[1,14]",16.56
regenerated_new/9/H/case-111246_JAY_ANNOTATION.png,"[10,12]",9.52
regenerated_new/12/H/case-111246_JAY_ANNOTATION.png,"[5,6]",13.08
regenerated_new/13/H/case-111246_JAY_ANNOTATION.png,"[10,13]",19.21
regenerated_new/14/H/case-111246_JAY_ANNOTATION.png,"[7,8]",15.19
regenerated_new/2/H/case-111273_JAY_ANNOTATION.png,"[11,14]",11.75
regenerated_new/3/H/case-111273_JAY_ANNOTATION.png,"[5,2]",11.5
regenerated_new/5/H/case-111273_JAY_ANNOTATION.png,"[10,11]",14.13
regenerated_new/6/H/case-111273_JAY_ANNOTATION.png,"[10,14]",10.72
regenerated_new/8/H/case-111273_JAY_ANNOTATION.png,"[6,12]",12.9
regenerated_new/9/H/case-111273_JAY_ANNOTATION.png,"[4,5]",14.29
regenerated_new/10/H/case-111273_JAY_ANNOTATION.png,"[2,3]",12.5
regenerated_new/13/H/case-111273_JAY_ANNOTATION.png,"[10,12]",11.32
regenerated_new/14/H/case-111273_JAY_ANNOTATION.png,"[2,3]",11.68
regenerated_new/2/H/case-111359_JAY_ANNOTATION.png,"[4,9]",10.12
regenerated_new/3/H/case-111359_JAY_ANNOTATION.png,"[2,3]",10.69
regenerated_new/4/H/case-111359_JAY_ANNOTATION.png,"[10,11]",17.73
regenerated_new/5/H/case-111359_JAY_ANNOTATION.png,"[7,8]",11.98
regenerated_new/6/H/case-111359_JAY_ANNOTATION.png,"[6,14]",11.73
regenerated_new/7/H/case-111359_JAY_ANNOTATION.png,"[5,10]",11.16
regenerated_new/8/H/case-111359_JAY_ANNOTATION.png,"[10,11]",6.86
regenerated_new/9/H/case-111359_JAY_ANNOTATION.png,"[14,5]",17.85
regenerated_new/12/H/case-111359_JAY_ANNOTATION.png,"[15,15]",15.82
regenerated_new/13/H/case-111359_JAY_ANNOTATION.png,"[10,14]",15.05
regenerated_new/14/H/case-111359_JAY_ANNOTATION.png,"[1,12]",11.07
regenerated_new/2/H/case-111405_JAY_ANNOTATION.png,"[10,11]",9.93
regenerated_new/3/H/case-111405_JAY_ANNOTATION.png,"[2,5]",10.29
regenerated_new/4/H/case-111405_JAY_ANNOTATION.png,"[10,14]",8.21
regenerated_new/6/H/case-111405_JAY_ANNOTATION.png,"[10,11]",13.14
regenerated_new/7/H/case-111405_JAY_ANNOTATION.png,"[8,12]",13.03
regenerated_new/8/H/case-111405_JAY_ANNOTATION.png,"[4,5]",11.68
regenerated_new/9/H/case-111405_JAY_ANNOTATION.png,"[5,6]",12.21
regenerated_new/11/H/case-111405_JAY_ANNOTATION.png,"[10,11]",13.98
regenerated_new/12/H/case-111405_JAY_ANNOTATION.png,"[10,14]",11.38
regenerated_new/13/H/case-111405_JAY_ANNOTATION.png,"[11,12]",13.87
regenerated_new/14/H/case-111405_JAY_ANNOTATION.png,"[10,12]",9.25
regenerated_new/2/H/case-111446_JAY_ANNOTATION.png,"[5,4]",8.16
regenerated_new/3/H/case-111446_JAY_ANNOTATION.png,"[3,2]",8.37
regenerated_new/4/H/case-111446_JAY_ANNOTATION.png,"[10,12]",8.89
regenerated_new/5/H/case-111446_JAY_ANNOTATION.png,"[10,11]",14.96
regenerated_new/6/H/case-111446_JAY_ANNOTATION.png,"[2,7]",9.1
regenerated_new/7/H/case-111446_JAY_ANNOTATION.png,"[15,15]",11.32
regenerated_new/8/H/case-111446_JAY_ANNOTATION.png,"[14,8]",15.21
regenerated_new/9/H/case-111446_JAY_ANNOTATION.png,"[12,14]",6.96
regenerated_new/13/H/case-111446_JAY_ANNOTATION.png,"[2,4]",18.52
regenerated_new/14/H/case-111446_JAY_ANNOTATION.png,"[14,13]",9.27
regenerated_new/2/H/case-111546_JAY_ANNOTATION.png,"[11,5]",16.08
regenerated_new/3/H/case-111546_JAY_ANNOTATION.png,"[4,5]",16.38
regenerated_new/4/H/case-111546_JAY_ANNOTATION.png,"[14,11]",9.75
regenerated_new/5/H/case-111546_JAY_ANNOTATION.png,"[10,14]",13.1
regenerated_new/8/H/case-111546_JAY_ANNOTATION.png,"[12,14]",17.19
regenerated_new/9/H/case-111546_JAY_ANNOTATION.png,"[12,13]",16.75
regenerated_new/10/H/case-111546_JAY_ANNOTATION.png,"[10,11]",9.56
regenerated_new/12/H/case-111546_JAY_ANNOTATION.png,"[10,11]",9.51
regenerated_new/13/H/case-111546_JAY_ANNOTATION.png,"[3,2]",9.66
regenerated_new/14/H/case-111546_JAY_ANNOTATION.png,"[12,13]",12.87
regenerated_new/2/H/case-111573_JAY_ANNOTATION.png,"[4,10]",9.75
regenerated_new/3/H/case-111573_JAY_ANNOTATION.png,"[2,3]",19.22
regenerated_new/4/H/case-111573_JAY_ANNOTATION.png,"[3,2]",11.89
regenerated_new/5/H/case-111573_JAY_ANNOTATION.png,"[10,11]",13.8
regenerated_new/7/H/case-111573_JAY_ANNOTATION.png,"[2,3]",8.78
regenerated_new/8/H/case-111573_JAY_ANNOTATION.png,"[10,13]",9.05
regenerated_new/9/H/case-111573_JAY_ANNOTATION.png,"[12,13]",13.71
regenerated_new/10/H/case-111573_JAY_ANNOTATION.png,"[14,14]",15.7
regenerated_new/11/H/case-111573_JAY_ANNOTATION.png,"[3,13]",19.43
regenerated_new/12/H/case-111573_JAY_ANNOTATION.png,"[4,5]",15.05
regenerated_new/13/H/case-111573_JAY_ANNOTATION.png,"[4,5]",15.62
regenerated_new/14/H/case-111573_JAY_ANNOTATION.png,"[10,13]",17.54
regenerated_new/3/H/case-111685_JAY_ANNOTATION.png,"[3,5]",15.94
regenerated_new/4/H/case-111685_JAY_ANNOTATION.png,"[11,10]",14.79
regenerated_new/5/H/case-111685_JAY_ANNOTATION.png,"[10,11]",20.24
regenerated_new/6/H/case-111685_JAY_ANNOTATION.png,"[10,12]",8.63
regenerated_new/8/H/case-111685_JAY_ANNOTATION.png,"[11,14]",17.14
regenerated_new/9/H/case-111685_JAY_ANNOTATION.png,"[5,4]",10.55
regenerated_new/11/H/case-111685_JAY_ANNOTATION.png,"[10,12]",10.76
regenerated_new/13/H/case-111685_JAY_ANNOTATION.png,"[11,12]",10.93
regenerated_new/14/H/case-111685_JAY_ANNOTATION.png,"[11,14]",15.69
regenerated_new/2/H/case-111755_JAY_ANNOTATION.png,"[10,5]",10.98
regenerated_new/5/H/case-111755_JAY_ANNOTATION.png,"[14,4]",15.22
regenerated_new/6/H/case-111755_JAY_ANNOTATION.png,"[5,6]",15.81
regenerated_new/7/H/case-111755_JAY_ANNOTATION.png,"[5,6]",8.77
regenerated_new/8/H/case-111755_JAY_ANNOTATION.png,"[9,12]",11.45
regenerated_new/9/H/case-111755_JAY_ANNOTATION.png,"[10,12]",13.83
regenerated_new/12/H/case-111755_JAY_ANNOTATION.png,"[10,12]",18.47
regenerated_new/13/H/case-111755_JAY_ANNOTATION.png,"[10,13]",12.18
regenerated_new/14/H/case-111755_JAY_ANNOTATION.png,"[10,14]",14.61
regenerated_new/4/H/case-111791_JAY_ANNOTATION.png,"[14,6]",9.13
regenerated_new/5/H/case-111791_JAY_ANNOTATION.png,"[10,14]",12.71
regenerated_new/6/H/case-111791_JAY_ANNOTATION.png,"[11,14]",9.55
regenerated_new/7/H/case-111791_JAY_ANNOTATION.png,"[11,13]",14.1
regenerated_new/8/H/case-111791_JAY_ANNOTATION.png,"[10,11]",16.12
regenerated_new/9/H/case-111791_JAY_ANNOTATION.png,"[13,12]",14.99
regenerated_new/10/H/case-111791_JAY_ANNOTATION.png,"[10,11]",12.59
regenerated_new/12/H/case-111791_JAY_ANNOTATION.png,"[12,14]",20.04
regenerated_new/14/H/case-111791_JAY_ANNOTATION.png,"[14,13]",12.77
regenerated_new/4/H/case-111819_JAY_ANNOTATION.png,"[12,13]",8.98
regenerated_new/5/H/case-111819_JAY_ANNOTATION.png,"[14,11]",15.78
regenerated_new/6/H/case-111819_JAY_ANNOTATION.png,"[10,14]",15.13
regenerated_new/7/H/case-111819_JAY_ANNOTATION.png,"[10,14]",14.67
regenerated_new/8/H/case-111819_JAY_ANNOTATION.png,"[2,7]",16.6
regenerated_new/9/H/case-111819_JAY_ANNOTATION.png,"[10,11]",10.43
regenerated_new/11/H/case-111819_JAY_ANNOTATION.png,"[10,11]",15.47
regenerated_new/12/H/case-111819_JAY_ANNOTATION.png,"[11,12]",12.05
regenerated_new/13/H/case-111819_JAY_ANNOTATION.png,"[5,10]",15.97
regenerated_new/14/H/case-111819_JAY_ANNOTATION.png,"[12,14]",11.42
regenerated_new/3/H/case-111830_JAY_ANNOTATION.png,"[10,14]",8.31
regenerated_new/4/H/case-111830_JAY_ANNOTATION.png,"[15,15]",13.23
regenerated_new/5/H/case-111830_JAY_ANNOTATION.png,"[10,14]",15.32
regenerated_new/6/H/case-111830_JAY_ANNOTATION.png,"[4,5]",16.66
regenerated_new/8/H/case-111830_JAY_ANNOTATION.png,"[10,14]",13.19
regenerated_new/9/H/case-111830_JAY_ANNOTATION.png,"[10,14]",9.29
regenerated_new/11/H/case-111830_JAY_ANNOTATION.png,"[10,14]",13.74
regenerated_new/12/H/case-111830_JAY_ANNOTATION.png,"[14,13]",13.76
regenerated_new/13/H/case-111830_JAY_ANNOTATION.png,"[12,13]",12.06
regenerated_new/14/H/case-111830_JAY_ANNOTATION.png,"[10,14]",9.69
regenerated_new/4/H/case-111863_JAY_ANNOTATION.png,"[12,13]",12.08
regenerated_new/5/H/case-111863_JAY_ANNOTATION.png,"[11,10]",7.73
regenerated_new/6/H/case-111863_JAY_ANNOTATION.png,"[3,11]",12.79
regenerated_new/7/H/case-111863_JAY_ANNOTATION.png,"[5,1]",11.14
regenerated_new/8/H/case-111863_JAY_ANNOTATION.png,"[10,11]",8.35
regenerated_new/9/H/case-111863_JAY_ANNOTATION.png,"[10,12]",11.04
regenerated_new/11/H/case-111863_JAY_ANNOTATION.png,"[10,11]",20.68
regenerated_new/13/H/case-111863_JAY_ANNOTATION.png,"[14,13]",18.75
regenerated_new/14/H/case-111863_JAY_ANNOTATION.png,"[10,10]",19.19
regenerated_new/2/H/case-111923_JAY_ANNOTATION.png,"[10,14]",7.37
regenerated_new/3/H/case-111923_JAY_ANNOTATION.png,"[2,5]",10.12
regenerated_new/4/H/case-111923_JAY_ANNOTATION.png,"[2,3]",15.66
regenerated_new/5/H/case-111923_JAY_ANNOTATION.png,"[14,8]",12.76
regenerated_new/6/H/case-111923_JAY_ANNOTATION.png,"[10,14]",16.02
regenerated_new/7/H/case-111923_JAY_ANNOTATION.png,"[3,5]",8.72
regenerated_new/8/H/case-111923_JAY_ANNOTATION.png,"[15,15]",4.53
regenerated_new/9/H/case-111923_JAY_ANNOTATION.png,"[5,4]",15.86
regenerated_new/11/H/case-111923_JAY_ANNOTATION.png,"[10,11]",9.29
regenerated_new/12/H/case-111923_JAY_ANNOTATION.png,"[14,10]",13.12
regenerated_new/13/H/case-111923_JAY_ANNOTATION.png,"[4,5]",13.26
regenerated_new/14/H/case-111923_JAY_ANNOTATION.png,"[4,5]",13.18
regenerated_new/3/H/case-112038_JAY_ANNOTATION.png,"[4,5]",7.07
regenerated_new/4/H/case-112038_JAY_ANNOTATION.png,"[6,9]",11.06
regenerated_new/5/H/case-112038_JAY_ANNOTATION.png,"[12,14]",15.88
regenerated_new/6/H/case-112038_JAY_ANNOTATION.png,"[10,12]",18.43
regenerated_new/7/H/case-112038_JAY_ANNOTATION.png,"[5,4]",9.3
regenerated_new/8/H/case-112038_JAY_ANNOTATION.png,"[6,10]",16.74
regenerated_new/9/H/case-112038_JAY_ANNOTATION.png,"[14,10]",10.62
regenerated_new/11/H/case-112038_JAY_ANNOTATION.png,"[7,8]",12.74
regenerated_new/12/H/case-112038_JAY_ANNOTATION.png,"[4,5]",13.16
regenerated_new/13/H/case-112038_JAY_ANNOTATION.png,"[10,14]",8.78
regenerated_new/14/H/case-112038_JAY_ANNOTATION.png,"[14,3]",14.59
regenerated_new/2/H/case-112071_JAY_ANNOTATION.png,"[2,3]",7.28
regenerated_new/3/H/case-112071_JAY_ANNOTATION.png,"[5,7]",7.76
regenerated_new/4/H/case-112071_JAY_ANNOTATION.png,"[4,5]",8.13
regenerated_new/5/H/case-112071_JAY_ANNOTATION.png,"[12,14]",12.9
regenerated_new/6/H/case-112071_JAY_ANNOTATION.png,"[2,3]",10.34
regenerated_new/7/H/case-112071_JAY_ANNOTATION.png,"[15,15]",8.25
regenerated_new/8/H/case-112071_JAY_ANNOTATION.png,"[14,13]",17.66
regenerated_new/9/H/case-112071_JAY_ANNOTATION.png,"[10,14]",7.81
regenerated_new/13/H/case-112071_JAY_ANNOTATION.png,"[11,14]",10.81
regenerated_new/14/H/case-112071_JAY_ANNOTATION.png,"[11,14]",24.47
regenerated_new/3/H/case-112086_JAY_ANNOTATION.png,"[4,14]",8.1
regenerated_new/4/H/case-112086_JAY_ANNOTATION.png,"[10,14]",10.47
regenerated_new/5/H/case-112086_JAY_ANNOTATION.png,"[13,14]",17.51
regenerated_new/6/H/case-112086_JAY_ANNOTATION.png,"[10,11]",13.11
regenerated_new/8/H/case-112086_JAY_ANNOTATION.png,"[5,6]",16.57
regenerated_new/9/H/case-112086_JAY_ANNOTATION.png,"[12,10]",11.08
regenerated_new/10/H/case-112086_JAY_ANNOTATION.png,"[10,11]",19.74
regenerated_new/11/H/case-112086_JAY_ANNOTATION.png,"[11,13]",12.92
regenerated_new/12/H/case-112086_JAY_ANNOTATION.png,"[11,14]",12.62
regenerated_new/13/H/case-112086_JAY_ANNOTATION.png,"[2,3]",8.57
regenerated_new/14/H/case-112086_JAY_ANNOTATION.png,"[10,13]",11.94
regenerated_new/2/H/case-112092_JAY_ANNOTATION.png,"[2,3]",7.54
regenerated_new/3/H/case-112092_JAY_ANNOTATION.png,"[3,5]",13.95
regenerated_new/4/H/case-112092_JAY_ANNOTATION.png,"[10,14]",9.35
regenerated_new/5/H/case-112092_JAY_ANNOTATION.png,"[12,13]",11.47
regenerated_new/7/H/case-112092_JAY_ANNOTATION.png,"[6,7]",7.68
regenerated_new/9/H/case-112092_JAY_ANNOTATION.png,"[10,14]",12.81
regenerated_new/12/H/case-112092_JAY_ANNOTATION.png,"[11,14]",16.39
regenerated_new/14/H/case-112092_JAY_ANNOTATION.png,"[12,13]",22.38
regenerated_new/2/H/case-112132_JAY_ANNOTATION.png,"[11,12]",9.5
regenerated_new/4/H/case-112132_JAY_ANNOTATION.png,"[14,12]",13.16
regenerated_new/5/H/case-112132_JAY_ANNOTATION.png,"[10,11]",10.66
regenerated_new/6/H/case-112132_JAY_ANNOTATION.png,"[10,14]",8.46
regenerated_new/7/H/case-112132_JAY_ANNOTATION.png,"[4,5]",8.67
regenerated_new/8/H/case-112132_JAY_ANNOTATION.png,"[10,13]",10.37
regenerated_new/9/H/case-112132_JAY_ANNOTATION.png,"[14,11]",16.48
regenerated_new/11/H/case-112132_JAY_ANNOTATION.png,"[14,11]",12.19
regenerated_new/12/H/case-112132_JAY_ANNOTATION.png,"[10,14]",10.27
regenerated_new/14/H/case-112132_JAY_ANNOTATION.png,"[10,11]",14.14
regenerated_new/4/H/case-112180_JAY_ANNOTATION.png,"[11,14]",13.22
regenerated_new/5/H/case-112180_JAY_ANNOTATION.png,"[10,13]",9.26
regenerated_new/6/H/case-112180_JAY_ANNOTATION.png,"[4,5]",8.99
regenerated_new/7/H/case-112180_JAY_ANNOTATION.png,"[10,11]",10.87
regenerated_new/8/H/case-112180_JAY_ANNOTATION.png,"[15,15]",16.69
regenerated_new/9/H/case-112180_JAY_ANNOTATION.png,"[4,5]",16.53
regenerated_new/12/H/case-112180_JAY_ANNOTATION.png,"[11,12]",16.59
regenerated_new/13/H/case-112180_JAY_ANNOTATION.png,"[12,13]",17.22
regenerated_new/14/H/case-112180_JAY_ANNOTATION.png,"[11,12]",12.11
regenerated_new/2/H/case-112208_JAY_ANNOTATION.png,"[10,1]",17.74
regenerated_new/4/H/case-112208_JAY_ANNOTATION.png,"[10,14]",18.17
regenerated_new/5/H/case-112208_JAY_ANNOTATION.png,"[12,13]",14.93
regenerated_new/6/H/case-112208_JAY_ANNOTATION.png,"[4,5]",9.34
regenerated_new/7/H/case-112208_JAY_ANNOTATION.png,"[4,5]",10.05
regenerated_new/8/H/case-112208_JAY_ANNOTATION.png,"[10,14]",12.33
regenerated_new/9/H/case-112208_JAY_ANNOTATION.png,"[10,14]",15.96
regenerated_new/12/H/case-112208_JAY_ANNOTATION.png,"[10,15]",8.15
regenerated_new/14/H/case-112208_JAY_ANNOTATION.png,"[2,3]",11.86
regenerated_new/2/H/case-112234_JAY_ANNOTATION.png,"[4,5]",16.95
regenerated_new/4/H/case-112234_JAY_ANNOTATION.png,"[10,11]",14.15
regenerated_new/5/H/case-112234_JAY_ANNOTATION.png,"[11,13]",8.46
regenerated_new/6/H/case-112234_JAY_ANNOTATION.png,"[3,9]",10.59
regenerated_new/7/H/case-112234_JAY_ANNOTATION.png,"[10,14]",10.27
regenerated_new/8/H/case-112234_JAY_ANNOTATION.png,"[10,14]",7.68
regenerated_new/9/H/case-112234_JAY_ANNOTATION.png,"[11,14]",13.05
regenerated_new/13/H/case-112234_JAY_ANNOTATION.png,"[8,9]",8.61
regenerated_new/14/H/case-112234_JAY_ANNOTATION.png,"[15,15]",6.03
regenerated_new/2/H/case-112249_JAY_ANNOTATION.png,"[12,14]",15.91
regenerated_new/4/H/case-112249_JAY_ANNOTATION.png,"[10,14]",12.13
regenerated_new/5/H/case-112249_JAY_ANNOTATION.png,"[10,14]",12.5
regenerated_new/6/H/case-112249_JAY_ANNOTATION.png,"[10,14]",14.41
regenerated_new/7/H/case-112249_JAY_ANNOTATION.png,"[15,15]",5.62
regenerated_new/8/H/case-112249_JAY_ANNOTATION.png,"[15,15]",7.57
regenerated_new/9/H/case-112249_JAY_ANNOTATION.png,"[10,14]",12.23
regenerated_new/12/H/case-112249_JAY_ANNOTATION.png,"[14,19]",14.42
regenerated_new/13/H/case-112249_JAY_ANNOTATION.png,"[12,14]",11.83
regenerated_new/14/H/case-112249_JAY_ANNOTATION.png,"[10,14]",8.77
regenerated_new/2/H/case-112292_JAY_ANNOTATION.png,"[5,6]",13.62
regenerated_new/3/H/case-112292_JAY_ANNOTATION.png,"[4,5]",7.82
regenerated_new/4/H/case-112292_JAY_ANNOTATION.png,"[4,10]",8.75
regenerated_new/5/H/case-112292_JAY_ANNOTATION.png,"[10,12]",10.33
regenerated_new/7/H/case-112292_JAY_ANNOTATION.png,"[11,12]",15.03
regenerated_new/8/H/case-112292_JAY_ANNOTATION.png,"[10,14]",10.18
regenerated_new/9/H/case-112292_JAY_ANNOTATION.png,"[15,15]",12.47
regenerated_new/10/H/case-112292_JAY_ANNOTATION.png,"[10,14]",7.12
regenerated_new/11/H/case-112292_JAY_ANNOTATION.png,"[5,4]",13.71
regenerated_new/13/H/case-112292_JAY_ANNOTATION.png,"[10,11]",16.39
regenerated_new/3/H/case-112297_JAY_ANNOTATION.png,"[3,14]",8.35
regenerated_new/4/H/case-112297_JAY_ANNOTATION.png,"[15,15]",12.99
regenerated_new/5/H/case-112297_JAY_ANNOTATION.png,"[11,13]",14.23
regenerated_new/6/H/case-112297_JAY_ANNOTATION.png,"[2,5]",13.86
regenerated_new/7/H/case-112297_JAY_ANNOTATION.png,"[15,15]",18.46
regenerated_new/8/H/case-112297_JAY_ANNOTATION.png,"[10,11]",13.99
regenerated_new/9/H/case-112297_JAY_ANNOTATION.png,"[12,13]",17.21
regenerated_new/12/H/case-112297_JAY_ANNOTATION.png,"[10,11]",10.69
regenerated_new/14/H/case-112297_JAY_ANNOTATION.png,"[11,13]",8.83
regenerated_new/2/H/case-112348_JAY_ANNOTATION.png,"[11,13]",9.3
regenerated_new/3/H/case-112348_JAY_ANNOTATION.png,"[2,3]",17.1
regenerated_new/4/H/case-112348_JAY_ANNOTATION.png,"[10,11]",9.56
regenerated_new/5/H/case-112348_JAY_ANNOTATION.png,"[4,5]",14.16
regenerated_new/7/H/case-112348_JAY_ANNOTATION.png,"[2,11]",13.2
regenerated_new/8/H/case-112348_JAY_ANNOTATION.png,"[4,5]",11.17
regenerated_new/9/H/case-112348_JAY_ANNOTATION.png,"[11,10]",12.08
regenerated_new/12/H/case-112348_JAY_ANNOTATION.png,"[3,2]",13.6
regenerated_new/14/H/case-112348_JAY_ANNOTATION.png,"[10,11]",17.01
regenerated_new/3/H/case-112364_JAY_ANNOTATION.png,"[4,5]",8.56
regenerated_new/4/H/case-112364_JAY_ANNOTATION.png,"[10,11]",15.99
regenerated_new/5/H/case-112364_JAY_ANNOTATION.png,"[12,13]",12.59
regenerated_new/6/H/case-112364_JAY_ANNOTATION.png,"[10,12]",21.8
regenerated_new/8/H/case-112364_JAY_ANNOTATION.png,"[10,14]",6.71
regenerated_new/9/H/case-112364_JAY_ANNOTATION.png,"[10,11]",13.63
regenerated_new/12/H/case-112364_JAY_ANNOTATION.png,"[10,11]",15.96
regenerated_new/13/H/case-112364_JAY_ANNOTATION.png,"[5,6]",10.53
regenerated_new/14/H/case-112364_JAY_ANNOTATION.png,"[10,14]",9.38
regenerated_new/2/H/case-112387_JAY_ANNOTATION.png,"[5,4]",16.31
regenerated_new/3/H/case-112387_JAY_ANNOTATION.png,"[5,9]",7.34
regenerated_new/4/H/case-112387_JAY_ANNOTATION.png,"[10,12]",12.76
regenerated_new/5/H/case-112387_JAY_ANNOTATION.png,"[10,5]",16.94
regenerated_new/7/H/case-112387_JAY_ANNOTATION.png,"[10,14]",14.59
regenerated_new/8/H/case-112387_JAY_ANNOTATION.png,"[11,13]",17.79
regenerated_new/13/H/case-112387_JAY_ANNOTATION.png,"[10,12]",8.46
regenerated_new/14/H/case-112387_JAY_ANNOTATION.png,"[1,11]",14.79
regenerated_new/2/H/case-112425_JAY_ANNOTATION.png,"[10,14]",16.54
regenerated_new/4/H/case-112425_JAY_ANNOTATION.png,"[14,10]",18.24
regenerated_new/5/H/case-112425_JAY_ANNOTATION.png,"[4,5]",15.42
regenerated_new/6/H/case-112425_JAY_ANNOTATION.png,"[4,5]",13.47
regenerated_new/7/H/case-112425_JAY_ANNOTATION.png,"[10,14]",7.8
regenerated_new/8/H/case-112425_JAY_ANNOTATION.png,"[12,9]",12.93
regenerated_new/9/H/case-112425_JAY_ANNOTATION.png,"[12,13]",15.65
regenerated_new/14/H/case-112425_JAY_ANNOTATION.png,"[10,14]",8.21
regenerated_new/3/H/case-112437_JAY_ANNOTATION.png,"[4,5]",15.74
regenerated_new/6/H/case-112437_JAY_ANNOTATION.png,"[10,13]",10.48
regenerated_new/7/H/case-112437_JAY_ANNOTATION.png,"[6,8]",14.71
regenerated_new/8/H/case-112437_JAY_ANNOTATION.png,"[10,12]",17.24
regenerated_new/9/H/case-112437_JAY_ANNOTATION.png,"[10,13]",10.42
regenerated_new/10/H/case-112437_JAY_ANNOTATION.png,"[10,11]",12.18
regenerated_new/12/H/case-112437_JAY_ANNOTATION.png,"[2,3]",12.68
regenerated_new/13/H/case-112437_JAY_ANNOTATION.png,"[10,14]",11.66
regenerated_new/2/H/case-112453_JAY_ANNOTATION.png,"[13,14]",9.39
regenerated_new/5/H/case-112453_JAY_ANNOTATION.png,"[2,5]",10.43
regenerated_new/6/H/case-112453_JAY_ANNOTATION.png,"[2,3]",11.11
regenerated_new/7/H/case-112453_JAY_ANNOTATION.png,"[11,12]",21.44
regenerated_new/8/H/case-112453_JAY_ANNOTATION.png,"[2,9]",14.16
regenerated_new/9/H/case-112453_JAY_ANNOTATION.png,"[10,12]",14.22
regenerated_new/12/H/case-112453_JAY_ANNOTATION.png,"[10,14]",12.88
regenerated_new/14/H/case-112453_JAY_ANNOTATION.png,"[12,14]",17.06
regenerated_new/2/H/case-112536_JAY_ANNOTATION.png,"[2,4]",11.11
regenerated_new/4/H/case-112536_JAY_ANNOTATION.png,"[11,15]",10.1
regenerated_new/5/H/case-112536_JAY_ANNOTATION.png,"[4,5]",10.72
regenerated_new/6/H/case-112536_JAY_ANNOTATION.png,"[3,12]",9.15
regenerated_new/8/H/case-112536_JAY_ANNOTATION.png,"[10,13]",12.4
regenerated_new/11/H/case-112536_JAY_ANNOTATION.png,"[10,14]",12.11
regenerated_new/13/H/case-112536_JAY_ANNOTATION.png,"[11,12]",11.85
regenerated_new/14/H/case-112536_JAY_ANNOTATION.png,"[14,13]",11.54
regenerated_new/3/H/case-112545_JAY_ANNOTATION.png,"[10,11]",10.03
regenerated_new/4/H/case-112545_JAY_ANNOTATION.png,"[10,14]",10.65
regenerated_new/5/H/case-112545_JAY_ANNOTATION.png,"[14,10]",6.85
regenerated_new/6/H/case-112545_JAY_ANNOTATION.png,"[2,9]",10.97
regenerated_new/7/H/case-112545_JAY_ANNOTATION.png,"[10,14]",15.03
regenerated_new/8/H/case-112545_JAY_ANNOTATION.png,"[4,5]",14.85
regenerated_new/9/H/case-112545_JAY_ANNOTATION.png,"[16,17]",10.51
regenerated_new/10/H/case-112545_JAY_ANNOTATION.png,"[10,14]",16.35
regenerated_new/12/H/case-112545_JAY_ANNOTATION.png,"[10,14]",10.79
regenerated_new/13/H/case-112545_JAY_ANNOTATION.png,"[11,13]",10.37
regenerated_new/2/H/case-112559_JAY_ANNOTATION.png,"[3,5]",14.81
regenerated_new/3/H/case-112559_JAY_ANNOTATION.png,"[3,14]",13.01
regenerated_new/4/H/case-112559_JAY_ANNOTATION.png,"[10,14]",16.1
regenerated_new/5/H/case-112559_JAY_ANNOTATION.png,"[10,13]",11.81
regenerated_new/6/H/case-112559_JAY_ANNOTATION.png,"[2,3]",8.82
regenerated_new/9/H/case-112559_JAY_ANNOTATION.png,"[6,7]",10.38
regenerated_new/10/H/case-112559_JAY_ANNOTATION.png,"[10,14]",13.63
regenerated_new/12/H/case-112559_JAY_ANNOTATION.png,"[10,12]",11.48
regenerated_new/13/H/case-112559_JAY_ANNOTATION.png,"[11,13]",11.53
regenerated_new/14/H/case-112559_JAY_ANNOTATION.png,"[11,13]",9.53
