filename,output,inference_time_sec
regenerated_new/1/H/case-100114_JAY_ANNOTATION.png,"[1,11]",2.04
regenerated_new/2/H/case-100114_JAY_ANNOTATION.png,"[2,4]",1.22
regenerated_new/6/H/case-100114_JAY_ANNOTATION.png,"[6,7]",1.23
regenerated_new/7/H/case-100114_JAY_ANNOTATION.png,"[6,7]",1.22
regenerated_new/11/H/case-100114_JAY_ANNOTATION.png,"[10,11]",1.57
regenerated_new/12/H/case-100114_JAY_ANNOTATION.png,"[12,13]",1.56
regenerated_new/13/H/case-100114_JAY_ANNOTATION.png,"[12,13]",1.57
regenerated_new/1/H/case-100129_JAY_ANNOTATION.png,"[1,11]",1.4
regenerated_new/2/H/case-100129_JAY_ANNOTATION.png,"[2,3]",1.22
regenerated_new/3/H/case-100129_JAY_ANNOTATION.png,"[2,3]",1.22
regenerated_new/10/H/case-100129_JAY_ANNOTATION.png,"[10,11]",1.56
regenerated_new/11/H/case-100129_JAY_ANNOTATION.png,"[10,11]",1.57
regenerated_new/12/H/case-100129_JAY_ANNOTATION.png,"[12,13]",1.57
regenerated_new/13/H/case-100129_JAY_ANNOTATION.png,"[12,13]",1.56
regenerated_new/1/H/case-100164_JAY_ANNOTATION.png,"[1,10]",1.39
regenerated_new/2/H/case-100164_JAY_ANNOTATION.png,"[2,3]",1.22
regenerated_new/6/H/case-100164_JAY_ANNOTATION.png,"[6,7]",1.22
regenerated_new/10/H/case-100164_JAY_ANNOTATION.png,"[10,11]",1.57
regenerated_new/12/H/case-100164_JAY_ANNOTATION.png,"[12,13]",1.57
regenerated_new/13/H/case-100164_JAY_ANNOTATION.png,"[12,13]",1.57
regenerated_new/1/H/case-100229_JAY_ANNOTATION.png,"[1,10]",1.4
regenerated_new/2/H/case-100229_JAY_ANNOTATION.png,"[2,6]",1.22
regenerated_new/10/H/case-100229_JAY_ANNOTATION.png,"[10,11]",1.57
regenerated_new/11/H/case-100229_JAY_ANNOTATION.png,"[10,11]",1.57
regenerated_new/13/H/case-100229_JAY_ANNOTATION.png,"[12,13]",1.57
regenerated_new/1/H/case-100245_JAY_ANNOTATION.png,"[1,2]",1.22
regenerated_new/10/H/case-100245_JAY_ANNOTATION.png,"[1,10]",1.4
regenerated_new/11/H/case-100245_JAY_ANNOTATION.png,"[10,11]",1.57
regenerated_new/13/H/case-100245_JAY_ANNOTATION.png,"[12,13]",1.57
regenerated_new/1/H/case-100247_JAY_ANNOTATION.png,"[1,1]",1.22
regenerated_new/2/H/case-100247_JAY_ANNOTATION.png,"[2,4]",1.22
regenerated_new/6/H/case-100247_JAY_ANNOTATION.png,"[6,7]",1.22
regenerated_new/10/H/case-100247_JAY_ANNOTATION.png,"[10,11]",1.56
regenerated_new/13/H/case-100247_JAY_ANNOTATION.png,"[12,13]",1.57
regenerated_new/1/H/case-100254_JAY_ANNOTATION.png,"[1,10]",1.39
regenerated_new/2/H/case-100254_JAY_ANNOTATION.png,"[2,6]",1.22
regenerated_new/3/H/case-100254_JAY_ANNOTATION.png,"[2,3]",1.22
regenerated_new/12/H/case-100254_JAY_ANNOTATION.png,"[12,13]",1.57
regenerated_new/13/H/case-100254_JAY_ANNOTATION.png,"[12,13]",1.56
regenerated_new/1/H/case-100265_JAY_ANNOTATION.png,"[1,11]",1.39
regenerated_new/2/H/case-100265_JAY_ANNOTATION.png,"[2,4]",1.22
regenerated_new/10/H/case-100265_JAY_ANNOTATION.png,"[1,10]",1.39
regenerated_new/11/H/case-100265_JAY_ANNOTATION.png,"[11,12]",1.56
regenerated_new/12/H/case-100265_JAY_ANNOTATION.png,"[12,13]",1.57
regenerated_new/13/H/case-100265_JAY_ANNOTATION.png,"[12,13]",1.57
regenerated_new/1/H/case-100304_JAY_ANNOTATION.png,"[1,10]",1.39
regenerated_new/2/H/case-100304_JAY_ANNOTATION.png,"[2,4]",1.22
regenerated_new/10/H/case-100304_JAY_ANNOTATION.png,"[10,11]",1.57
regenerated_new/11/H/case-100304_JAY_ANNOTATION.png,"[11,12]",1.57
regenerated_new/12/H/case-100304_JAY_ANNOTATION.png,"[12,13]",1.57
regenerated_new/13/H/case-100304_JAY_ANNOTATION.png,"[12,13]",1.56
regenerated_new/1/H/case-100308_JAY_ANNOTATION.png,"[1,11]",1.4
regenerated_new/2/H/case-100308_JAY_ANNOTATION.png,"[2,3]",1.22
regenerated_new/6/H/case-100308_JAY_ANNOTATION.png,"[6,7]",1.22
regenerated_new/10/H/case-100308_JAY_ANNOTATION.png,"[10,11]",1.57
regenerated_new/11/H/case-100308_JAY_ANNOTATION.png,"[11,12]",1.57
regenerated_new/12/H/case-100308_JAY_ANNOTATION.png,"[12,13]",1.57
regenerated_new/13/H/case-100308_JAY_ANNOTATION.png,"[12,13]",1.57
regenerated_new/1/H/case-100359_JAY_ANNOTATION.png,"[1,10]",1.4
regenerated_new/2/H/case-100359_JAY_ANNOTATION.png,"[2,6]",1.22
regenerated_new/7/H/case-100359_JAY_ANNOTATION.png,"[6,7]",1.22
regenerated_new/10/H/case-100359_JAY_ANNOTATION.png,"[10,11]",1.57
regenerated_new/11/H/case-100359_JAY_ANNOTATION.png,"[10,11]",1.56
regenerated_new/12/H/case-100359_JAY_ANNOTATION.png,"[12,13]",1.57
regenerated_new/1/H/case-100366_JAY_ANNOTATION.png,"[1,10]",1.4
regenerated_new/10/H/case-100366_JAY_ANNOTATION.png,"[10,11]",1.56
regenerated_new/11/H/case-100366_JAY_ANNOTATION.png,"[10,11]",1.57
regenerated_new/12/H/case-100366_JAY_ANNOTATION.png,"[12,13]",1.57
regenerated_new/13/H/case-100366_JAY_ANNOTATION.png,"[12,13]",1.57
regenerated_new/1/H/case-100369_JAY_ANNOTATION.png,"[1,11]",1.4
regenerated_new/2/H/case-100369_JAY_ANNOTATION.png,"[2,10]",1.39
regenerated_new/6/H/case-100369_JAY_ANNOTATION.png,"[6,7]",1.23
regenerated_new/10/H/case-100369_JAY_ANNOTATION.png,"[10,11]",1.57
regenerated_new/11/H/case-100369_JAY_ANNOTATION.png,"[11,12]",1.57
regenerated_new/12/H/case-100369_JAY_ANNOTATION.png,"[11,12]",1.57
regenerated_new/13/H/case-100369_JAY_ANNOTATION.png,"[12,13]",1.57
regenerated_new/1/H/case-100371_JAY_ANNOTATION.png,"[1,1]",1.22
regenerated_new/2/H/case-100371_JAY_ANNOTATION.png,"[2,4]",1.23
regenerated_new/6/H/case-100371_JAY_ANNOTATION.png,"[6,7]",1.23
regenerated_new/10/H/case-100371_JAY_ANNOTATION.png,"[10,11]",1.57
regenerated_new/11/H/case-100371_JAY_ANNOTATION.png,"[11,12]",1.56
regenerated_new/12/H/case-100371_JAY_ANNOTATION.png,"[12,13]",1.57
regenerated_new/13/H/case-100371_JAY_ANNOTATION.png,"[12,13]",1.57
regenerated_new/1/H/case-100515_JAY_ANNOTATION.png,"[1,11]",1.4
regenerated_new/2/H/case-100515_JAY_ANNOTATION.png,"[2,4]",1.22
regenerated_new/7/H/case-100515_JAY_ANNOTATION.png,"[6,7]",1.22
regenerated_new/10/H/case-100515_JAY_ANNOTATION.png,"[10,11]",1.57
regenerated_new/11/H/case-100515_JAY_ANNOTATION.png,"[11,12]",1.57
regenerated_new/13/H/case-100515_JAY_ANNOTATION.png,"[12,13]",1.57
regenerated_new/1/H/case-100518_JAY_ANNOTATION.png,"[1,10]",1.4
regenerated_new/2/H/case-100518_JAY_ANNOTATION.png,"[2,4]",1.22
regenerated_new/6/H/case-100518_JAY_ANNOTATION.png,"[6,7]",1.23
regenerated_new/7/H/case-100518_JAY_ANNOTATION.png,"[6,7]",1.23
regenerated_new/11/H/case-100518_JAY_ANNOTATION.png,"[11,12]",1.57
regenerated_new/12/H/case-100518_JAY_ANNOTATION.png,"[12,13]",1.57
regenerated_new/13/H/case-100518_JAY_ANNOTATION.png,"[12,13]",1.57
regenerated_new/1/H/case-100541_JAY_ANNOTATION.png,"[1,2]",1.22
regenerated_new/2/H/case-100541_JAY_ANNOTATION.png,"[2,4]",1.23
regenerated_new/6/H/case-100541_JAY_ANNOTATION.png,"[6,7]",1.22
regenerated_new/10/H/case-100541_JAY_ANNOTATION.png,"[10,11]",1.57
regenerated_new/11/H/case-100541_JAY_ANNOTATION.png,"[11,12]",1.57
regenerated_new/12/H/case-100541_JAY_ANNOTATION.png,"[12,13]",1.57
regenerated_new/13/H/case-100541_JAY_ANNOTATION.png,"[12,13]",1.57
regenerated_new/1/H/case-100585_JAY_ANNOTATION.png,"[1,2]",1.23
regenerated_new/2/H/case-100585_JAY_ANNOTATION.png,"[2,4]",1.23
regenerated_new/3/H/case-100585_JAY_ANNOTATION.png,"[2,3]",1.22
regenerated_new/10/H/case-100585_JAY_ANNOTATION.png,"[10,11]",1.57
regenerated_new/11/H/case-100585_JAY_ANNOTATION.png,"[10,11]",1.57
regenerated_new/12/H/case-100585_JAY_ANNOTATION.png,"[12,13]",1.57
regenerated_new/13/H/case-100585_JAY_ANNOTATION.png,"[12,13]",1.57
regenerated_new/1/H/case-100591_JAY_ANNOTATION.png,"[1,1]",1.22
regenerated_new/2/H/case-100591_JAY_ANNOTATION.png,"[2,4]",1.23
regenerated_new/10/H/case-100591_JAY_ANNOTATION.png,"[10,11]",1.57
regenerated_new/11/H/case-100591_JAY_ANNOTATION.png,"[11,12]",1.57
regenerated_new/12/H/case-100591_JAY_ANNOTATION.png,"[12,13]",1.56
regenerated_new/13/H/case-100591_JAY_ANNOTATION.png,"[12,13]",1.57
regenerated_new/1/H/case-100702_JAY_ANNOTATION.png,"[1,1]",1.23
regenerated_new/2/H/case-100702_JAY_ANNOTATION.png,"[2,3]",1.23
regenerated_new/3/H/case-100702_JAY_ANNOTATION.png,"[2,3]",1.23
regenerated_new/10/H/case-100702_JAY_ANNOTATION.png,"[10,11]",1.57
regenerated_new/11/H/case-100702_JAY_ANNOTATION.png,"[10,11]",1.57
regenerated_new/12/H/case-100702_JAY_ANNOTATION.png,"[12,13]",1.57
regenerated_new/13/H/case-100702_JAY_ANNOTATION.png,"[12,13]",1.57
regenerated_new/1/H/case-100770_JAY_ANNOTATION.png,"[1,2]",1.23
regenerated_new/6/H/case-100770_JAY_ANNOTATION.png,"[6,7]",1.22
regenerated_new/10/H/case-100770_JAY_ANNOTATION.png,"[10,11]",2.07
regenerated_new/11/H/case-100770_JAY_ANNOTATION.png,"[11,12]",1.56
regenerated_new/12/H/case-100770_JAY_ANNOTATION.png,"[12,13]",1.56
regenerated_new/13/H/case-100770_JAY_ANNOTATION.png,"[12,13]",1.57
regenerated_new/1/H/case-100779_JAY_ANNOTATION.png,"[1,10]",1.4
regenerated_new/2/H/case-100779_JAY_ANNOTATION.png,"[2,4]",1.22
regenerated_new/6/H/case-100779_JAY_ANNOTATION.png,"[6,7]",1.22
regenerated_new/7/H/case-100779_JAY_ANNOTATION.png,"[6,7]",1.23
regenerated_new/10/H/case-100779_JAY_ANNOTATION.png,"[10,11]",1.57
regenerated_new/11/H/case-100779_JAY_ANNOTATION.png,"[10,11]",1.57
regenerated_new/13/H/case-100779_JAY_ANNOTATION.png,"[12,13]",1.56
regenerated_new/1/H/case-100863_JAY_ANNOTATION.png,"[1,1]",1.22
regenerated_new/2/H/case-100863_JAY_ANNOTATION.png,"[2,4]",1.22
regenerated_new/10/H/case-100863_JAY_ANNOTATION.png,"[10,11]",1.57
regenerated_new/11/H/case-100863_JAY_ANNOTATION.png,"[11,12]",1.57
regenerated_new/12/H/case-100863_JAY_ANNOTATION.png,"[12,13]",1.57
regenerated_new/13/H/case-100863_JAY_ANNOTATION.png,"[12,13]",1.57
regenerated_new/1/H/case-100915_JAY_ANNOTATION.png,"[1,10]",1.4
regenerated_new/2/H/case-100915_JAY_ANNOTATION.png,"[2,3]",1.22
regenerated_new/6/H/case-100915_JAY_ANNOTATION.png,"[6,7]",1.23
regenerated_new/7/H/case-100915_JAY_ANNOTATION.png,"[6,7]",1.22
regenerated_new/10/H/case-100915_JAY_ANNOTATION.png,"[1,10]",1.39
regenerated_new/11/H/case-100915_JAY_ANNOTATION.png,"[11,12]",1.57
regenerated_new/13/H/case-100915_JAY_ANNOTATION.png,"[12,13]",1.57
regenerated_new/1/H/case-100917_JAY_ANNOTATION.png,"[1,11]",1.39
regenerated_new/2/H/case-100917_JAY_ANNOTATION.png,"[2,6]",1.23
regenerated_new/10/H/case-100917_JAY_ANNOTATION.png,"[10,11]",1.57
regenerated_new/11/H/case-100917_JAY_ANNOTATION.png,"[10,11]",1.57
regenerated_new/12/H/case-100917_JAY_ANNOTATION.png,"[12,13]",1.57
regenerated_new/13/H/case-100917_JAY_ANNOTATION.png,"[12,13]",1.57
regenerated_new/1/H/case-101045_JAY_ANNOTATION.png,"[1,1]",1.23
regenerated_new/2/H/case-101045_JAY_ANNOTATION.png,"[2,4]",1.22
regenerated_new/6/H/case-101045_JAY_ANNOTATION.png,"[6,7]",1.22
regenerated_new/10/H/case-101045_JAY_ANNOTATION.png,"[10,11]",1.57
regenerated_new/11/H/case-101045_JAY_ANNOTATION.png,"[11,12]",1.57
regenerated_new/12/H/case-101045_JAY_ANNOTATION.png,"[12,13]",1.57
regenerated_new/13/H/case-101045_JAY_ANNOTATION.png,"[12,13]",1.57
regenerated_new/1/H/case-101074_JAY_ANNOTATION.png,"[1,2]",1.23
regenerated_new/10/H/case-101074_JAY_ANNOTATION.png,"[10,11]",1.57
regenerated_new/11/H/case-101074_JAY_ANNOTATION.png,"[11,12]",1.57
regenerated_new/12/H/case-101074_JAY_ANNOTATION.png,"[12,13]",1.57
regenerated_new/13/H/case-101074_JAY_ANNOTATION.png,"[12,13]",1.56
regenerated_new/1/H/case-101133_JAY_ANNOTATION.png,"[1,10]",1.39
regenerated_new/2/H/case-101133_JAY_ANNOTATION.png,"[2,4]",1.22
regenerated_new/10/H/case-101133_JAY_ANNOTATION.png,"[10,11]",1.57
regenerated_new/11/H/case-101133_JAY_ANNOTATION.png,"[10,11]",1.57
regenerated_new/12/H/case-101133_JAY_ANNOTATION.png,"[12,13]",1.57
regenerated_new/13/H/case-101133_JAY_ANNOTATION.png,"[12,13]",1.57
regenerated_new/1/H/case-101195_JAY_ANNOTATION.png,"[1,11]",1.39
regenerated_new/6/H/case-101195_JAY_ANNOTATION.png,"[6,7]",1.22
regenerated_new/7/H/case-101195_JAY_ANNOTATION.png,"[6,7]",1.22
regenerated_new/10/H/case-101195_JAY_ANNOTATION.png,"[10,11]",1.57
regenerated_new/11/H/case-101195_JAY_ANNOTATION.png,"[10,11]",1.57
regenerated_new/12/H/case-101195_JAY_ANNOTATION.png,"[12,13]",1.57
regenerated_new/13/H/case-101195_JAY_ANNOTATION.png,"[12,13]",1.56
regenerated_new/1/H/case-101206_JAY_ANNOTATION.png,"[1,2]",1.22
regenerated_new/2/H/case-101206_JAY_ANNOTATION.png,"[2,4]",1.22
regenerated_new/7/H/case-101206_JAY_ANNOTATION.png,"[6,7]",1.23
regenerated_new/10/H/case-101206_JAY_ANNOTATION.png,"[10,11]",1.57
regenerated_new/11/H/case-101206_JAY_ANNOTATION.png,"[10,11]",1.57
regenerated_new/12/H/case-101206_JAY_ANNOTATION.png,"[12,13]",1.57
regenerated_new/13/H/case-101206_JAY_ANNOTATION.png,"[12,13]",1.57
regenerated_new/1/H/case-101362_JAY_ANNOTATION.png,"[1,2]",1.22
regenerated_new/2/H/case-101362_JAY_ANNOTATION.png,"[2,10]",1.39
regenerated_new/10/H/case-101362_JAY_ANNOTATION.png,"[10,11]",1.57
regenerated_new/11/H/case-101362_JAY_ANNOTATION.png,"[10,11]",1.57
regenerated_new/12/H/case-101362_JAY_ANNOTATION.png,"[12,13]",1.57
regenerated_new/13/H/case-101362_JAY_ANNOTATION.png,"[12,13]",1.57
regenerated_new/1/H/case-101367_JAY_ANNOTATION.png,"[1,11]",1.39
regenerated_new/2/H/case-101367_JAY_ANNOTATION.png,"[2,6]",1.22
regenerated_new/10/H/case-101367_JAY_ANNOTATION.png,"[10,11]",1.57
regenerated_new/12/H/case-101367_JAY_ANNOTATION.png,"[12,13]",1.57
regenerated_new/13/H/case-101367_JAY_ANNOTATION.png,"[12,13]",1.57
regenerated_new/1/H/case-101409_JAY_ANNOTATION.png,"[1,2]",1.22
regenerated_new/2/H/case-101409_JAY_ANNOTATION.png,"[2,6]",1.22
regenerated_new/7/H/case-101409_JAY_ANNOTATION.png,"[6,7]",1.22
regenerated_new/12/H/case-101409_JAY_ANNOTATION.png,"[12,13]",1.57
regenerated_new/13/H/case-101409_JAY_ANNOTATION.png,"[12,13]",1.57
regenerated_new/1/H/case-101413_JAY_ANNOTATION.png,"[1,11]",1.4
regenerated_new/10/H/case-101413_JAY_ANNOTATION.png,"[10,11]",1.57
regenerated_new/11/H/case-101413_JAY_ANNOTATION.png,"[10,11]",1.57
regenerated_new/12/H/case-101413_JAY_ANNOTATION.png,"[12,13]",1.57
regenerated_new/13/H/case-101413_JAY_ANNOTATION.png,"[12,13]",1.57
regenerated_new/1/H/case-101447_JAY_ANNOTATION.png,"[1,2]",1.22
regenerated_new/2/H/case-101447_JAY_ANNOTATION.png,"[2,4]",1.22
regenerated_new/6/H/case-101447_JAY_ANNOTATION.png,"[6,7]",1.22
regenerated_new/11/H/case-101447_JAY_ANNOTATION.png,"[10,11]",1.57
regenerated_new/12/H/case-101447_JAY_ANNOTATION.png,"[12,13]",1.57
regenerated_new/13/H/case-101447_JAY_ANNOTATION.png,"[12,13]",1.57
regenerated_new/1/H/case-101510_JAY_ANNOTATION.png,"[1,2]",1.22
regenerated_new/7/H/case-101510_JAY_ANNOTATION.png,"[6,7]",1.22
regenerated_new/10/H/case-101510_JAY_ANNOTATION.png,"[10,11]",1.57
regenerated_new/11/H/case-101510_JAY_ANNOTATION.png,"[10,11]",1.57
regenerated_new/12/H/case-101510_JAY_ANNOTATION.png,"[12,13]",1.57
regenerated_new/13/H/case-101510_JAY_ANNOTATION.png,"[12,13]",1.57
regenerated_new/1/H/case-101540_JAY_ANNOTATION.png,"[1,11]",1.4
regenerated_new/12/H/case-101540_JAY_ANNOTATION.png,"[11,12]",1.57
regenerated_new/13/H/case-101540_JAY_ANNOTATION.png,"[12,13]",1.57
regenerated_new/1/H/case-101581_JAY_ANNOTATION.png,"[1,10]",1.4
regenerated_new/2/H/case-101581_JAY_ANNOTATION.png,"[2,6]",1.22
regenerated_new/10/H/case-101581_JAY_ANNOTATION.png,"[10,11]",1.57
regenerated_new/12/H/case-101581_JAY_ANNOTATION.png,"[12,13]",1.57
regenerated_new/13/H/case-101581_JAY_ANNOTATION.png,"[12,13]",1.57
regenerated_new/1/H/case-101599_JAY_ANNOTATION.png,"[1,10]",1.4
regenerated_new/2/H/case-101599_JAY_ANNOTATION.png,"[2,3]",1.22
regenerated_new/7/H/case-101599_JAY_ANNOTATION.png,"[6,7]",1.23
regenerated_new/10/H/case-101599_JAY_ANNOTATION.png,"[10,11]",1.57
regenerated_new/11/H/case-101599_JAY_ANNOTATION.png,"[10,11]",1.57
regenerated_new/12/H/case-101599_JAY_ANNOTATION.png,"[12,13]",1.57
regenerated_new/13/H/case-101599_JAY_ANNOTATION.png,"[12,13]",1.57
regenerated_new/1/H/case-101625_JAY_ANNOTATION.png,"[1,10]",1.4
regenerated_new/10/H/case-101625_JAY_ANNOTATION.png,"[10,11]",1.57
regenerated_new/12/H/case-101625_JAY_ANNOTATION.png,"[12,13]",1.57
regenerated_new/13/H/case-101625_JAY_ANNOTATION.png,"[12,13]",1.57
regenerated_new/1/H/case-101641_JAY_ANNOTATION.png,"[1,2]",1.23
regenerated_new/10/H/case-101641_JAY_ANNOTATION.png,"[10,11]",1.57
regenerated_new/11/H/case-101641_JAY_ANNOTATION.png,"[11,12]",1.57
regenerated_new/12/H/case-101641_JAY_ANNOTATION.png,"[11,12]",1.57
regenerated_new/13/H/case-101641_JAY_ANNOTATION.png,"[12,13]",1.57
regenerated_new/1/H/case-101857_JAY_ANNOTATION.png,"[1,2]",1.23
regenerated_new/3/H/case-101857_JAY_ANNOTATION.png,"[2,3]",1.22
regenerated_new/11/H/case-101857_JAY_ANNOTATION.png,"[10,11]",1.57
regenerated_new/12/H/case-101857_JAY_ANNOTATION.png,"[12,13]",1.57
regenerated_new/13/H/case-101857_JAY_ANNOTATION.png,"[12,13]",1.57
regenerated_new/1/H/case-101860_JAY_ANNOTATION.png,"[1,1]",1.22
regenerated_new/2/H/case-101860_JAY_ANNOTATION.png,"[2,6]",1.23
regenerated_new/10/H/case-101860_JAY_ANNOTATION.png,"[10,11]",1.57
regenerated_new/11/H/case-101860_JAY_ANNOTATION.png,"[10,11]",1.57
regenerated_new/12/H/case-101860_JAY_ANNOTATION.png,"[12,13]",1.57
regenerated_new/13/H/case-101860_JAY_ANNOTATION.png,"[12,13]",1.57
regenerated_new/1/H/case-101885_JAY_ANNOTATION.png,"[1,11]",1.4
regenerated_new/10/H/case-101885_JAY_ANNOTATION.png,"[10,11]",1.57
regenerated_new/11/H/case-101885_JAY_ANNOTATION.png,"[10,11]",1.57
regenerated_new/12/H/case-101885_JAY_ANNOTATION.png,"[12,13]",1.57
regenerated_new/13/H/case-101885_JAY_ANNOTATION.png,"[12,13]",1.57
regenerated_new/1/H/case-101937_JAY_ANNOTATION.png,"[1,2]",1.22
regenerated_new/2/H/case-101937_JAY_ANNOTATION.png,"[2,6]",1.22
regenerated_new/3/H/case-101937_JAY_ANNOTATION.png,"[2,3]",1.23
regenerated_new/10/H/case-101937_JAY_ANNOTATION.png,"[10,11]",1.57
regenerated_new/12/H/case-101937_JAY_ANNOTATION.png,"[12,13]",1.57
regenerated_new/13/H/case-101937_JAY_ANNOTATION.png,"[12,13]",1.57
regenerated_new/1/H/case-101940_JAY_ANNOTATION.png,"[1,10]",1.39
regenerated_new/7/H/case-101940_JAY_ANNOTATION.png,"[6,7]",1.22
regenerated_new/10/H/case-101940_JAY_ANNOTATION.png,"[10,11]",1.57
regenerated_new/13/H/case-101940_JAY_ANNOTATION.png,"[12,13]",1.57
regenerated_new/1/H/case-101982_JAY_ANNOTATION.png,"[1,11]",1.4
regenerated_new/2/H/case-101982_JAY_ANNOTATION.png,"[2,4]",1.23
regenerated_new/7/H/case-101982_JAY_ANNOTATION.png,"[6,7]",1.22
regenerated_new/11/H/case-101982_JAY_ANNOTATION.png,"[10,11]",1.57
regenerated_new/12/H/case-101982_JAY_ANNOTATION.png,"[12,13]",1.57
regenerated_new/13/H/case-101982_JAY_ANNOTATION.png,"[12,13]",1.57
regenerated_new/1/H/case-102010_JAY_ANNOTATION.png,"[1,10]",1.4
regenerated_new/2/H/case-102010_JAY_ANNOTATION.png,"[2,4]",1.23
regenerated_new/6/H/case-102010_JAY_ANNOTATION.png,"[6,7]",1.22
regenerated_new/10/H/case-102010_JAY_ANNOTATION.png,"[10,11]",1.57
regenerated_new/11/H/case-102010_JAY_ANNOTATION.png,"[10,11]",1.57
regenerated_new/12/H/case-102010_JAY_ANNOTATION.png,"[12,13]",1.57
regenerated_new/13/H/case-102010_JAY_ANNOTATION.png,"[12,13]",1.57
regenerated_new/1/H/case-102041_JAY_ANNOTATION.png,"[1,10]",1.4
regenerated_new/2/H/case-102041_JAY_ANNOTATION.png,"[2,4]",1.22
regenerated_new/3/H/case-102041_JAY_ANNOTATION.png,"[2,3]",1.22
regenerated_new/7/H/case-102041_JAY_ANNOTATION.png,"[6,7]",1.23
regenerated_new/12/H/case-102041_JAY_ANNOTATION.png,"[12,13]",1.57
regenerated_new/1/H/case-102093_JAY_ANNOTATION.png,"[1,2]",1.23
regenerated_new/2/H/case-102093_JAY_ANNOTATION.png,"[2,4]",1.22
regenerated_new/10/H/case-102093_JAY_ANNOTATION.png,"[10,11]",1.57
regenerated_new/11/H/case-102093_JAY_ANNOTATION.png,"[11,12]",1.57
regenerated_new/13/H/case-102093_JAY_ANNOTATION.png,"[12,13]",1.57
regenerated_new/1/H/case-102157_JAY_ANNOTATION.png,"[1,2]",1.23
regenerated_new/2/H/case-102157_JAY_ANNOTATION.png,"[2,4]",1.23
regenerated_new/6/H/case-102157_JAY_ANNOTATION.png,"[6,7]",1.22
regenerated_new/10/H/case-102157_JAY_ANNOTATION.png,"[10,11]",1.57
regenerated_new/11/H/case-102157_JAY_ANNOTATION.png,"[10,11]",1.57
regenerated_new/12/H/case-102157_JAY_ANNOTATION.png,"[12,13]",1.57
regenerated_new/13/H/case-102157_JAY_ANNOTATION.png,"[12,13]",1.57
regenerated_new/1/H/case-102183_JAY_ANNOTATION.png,"[1,10]",1.39
regenerated_new/2/H/case-102183_JAY_ANNOTATION.png,"[2,4]",1.22
regenerated_new/6/H/case-102183_JAY_ANNOTATION.png,"[6,7]",1.22
regenerated_new/10/H/case-102183_JAY_ANNOTATION.png,"[10,11]",1.57
regenerated_new/11/H/case-102183_JAY_ANNOTATION.png,"[11,12]",1.57
regenerated_new/12/H/case-102183_JAY_ANNOTATION.png,"[12,13]",1.57
regenerated_new/13/H/case-102183_JAY_ANNOTATION.png,"[12,13]",1.57
regenerated_new/1/H/case-102224_JAY_ANNOTATION.png,"[1,2]",1.22
regenerated_new/2/H/case-102224_JAY_ANNOTATION.png,"[2,4]",1.23
regenerated_new/7/H/case-102224_JAY_ANNOTATION.png,"[6,7]",1.22
regenerated_new/11/H/case-102224_JAY_ANNOTATION.png,"[10,11]",1.57
regenerated_new/12/H/case-102224_JAY_ANNOTATION.png,"[12,13]",1.57
regenerated_new/13/H/case-102224_JAY_ANNOTATION.png,"[12,13]",1.57
regenerated_new/1/H/case-102308_JAY_ANNOTATION.png,"[1,2]",1.22
regenerated_new/2/H/case-102308_JAY_ANNOTATION.png,"[2,4]",1.23
regenerated_new/10/H/case-102308_JAY_ANNOTATION.png,"[10,11]",1.57
regenerated_new/11/H/case-102308_JAY_ANNOTATION.png,"[11,12]",1.57
regenerated_new/12/H/case-102308_JAY_ANNOTATION.png,"[12,13]",1.57
regenerated_new/13/H/case-102308_JAY_ANNOTATION.png,"[12,13]",1.57
regenerated_new/1/H/case-102321_JAY_ANNOTATION.png,"[1,11]",1.39
regenerated_new/2/H/case-102321_JAY_ANNOTATION.png,"[2,4]",1.23
regenerated_new/3/H/case-102321_JAY_ANNOTATION.png,"[2,3]",1.22
regenerated_new/10/H/case-102321_JAY_ANNOTATION.png,"[10,11]",1.56
regenerated_new/11/H/case-102321_JAY_ANNOTATION.png,"[10,11]",1.57
regenerated_new/12/H/case-102321_JAY_ANNOTATION.png,"[12,13]",1.56
regenerated_new/13/H/case-102321_JAY_ANNOTATION.png,"[12,13]",1.57
regenerated_new/1/H/case-102367_JAY_ANNOTATION.png,"[1,1]",1.22
regenerated_new/2/H/case-102367_JAY_ANNOTATION.png,"[2,4]",1.22
regenerated_new/11/H/case-102367_JAY_ANNOTATION.png,"[11,12]",1.57
regenerated_new/13/H/case-102367_JAY_ANNOTATION.png,"[12,13]",1.57
regenerated_new/1/H/case-102388_JAY_ANNOTATION.png,"[1,10]",1.4
regenerated_new/2/H/case-102388_JAY_ANNOTATION.png,"[2,4]",1.22
regenerated_new/3/H/case-102388_JAY_ANNOTATION.png,"[2,3]",1.22
regenerated_new/10/H/case-102388_JAY_ANNOTATION.png,"[10,11]",1.56
regenerated_new/11/H/case-102388_JAY_ANNOTATION.png,"[11,12]",1.56
regenerated_new/12/H/case-102388_JAY_ANNOTATION.png,"[12,13]",1.57
regenerated_new/13/H/case-102388_JAY_ANNOTATION.png,"[12,13]",1.57
regenerated_new/1/H/case-104754_JAY_ANNOTATION.png,"[1,10]",1.4
regenerated_new/2/H/case-104754_JAY_ANNOTATION.png,"[2,6]",1.22
regenerated_new/10/H/case-104754_JAY_ANNOTATION.png,"[10,11]",1.57
regenerated_new/11/H/case-104754_JAY_ANNOTATION.png,"[11,12]",1.57
regenerated_new/1/H/case-104780_JAY_ANNOTATION.png,"[1,11]",1.4
regenerated_new/10/H/case-104780_JAY_ANNOTATION.png,"[10,11]",1.56
regenerated_new/11/H/case-104780_JAY_ANNOTATION.png,"[10,11]",1.57
regenerated_new/12/H/case-104780_JAY_ANNOTATION.png,"[12,13]",1.57
regenerated_new/1/H/case-104842_JAY_ANNOTATION.png,"[1,2]",1.23
regenerated_new/2/H/case-104842_JAY_ANNOTATION.png,"[2,4]",1.22
regenerated_new/6/H/case-104842_JAY_ANNOTATION.png,"[6,7]",1.23
regenerated_new/10/H/case-104842_JAY_ANNOTATION.png,"[10,11]",1.56
regenerated_new/11/H/case-104842_JAY_ANNOTATION.png,"[10,11]",1.57
regenerated_new/12/H/case-104842_JAY_ANNOTATION.png,"[12,13]",1.57
regenerated_new/13/H/case-104842_JAY_ANNOTATION.png,"[12,13]",1.57
regenerated_new/1/H/case-104941_JAY_ANNOTATION.png,"[1,11]",1.4
regenerated_new/2/H/case-104941_JAY_ANNOTATION.png,"[2,4]",1.22
regenerated_new/10/H/case-104941_JAY_ANNOTATION.png,"[10,11]",1.57
regenerated_new/11/H/case-104941_JAY_ANNOTATION.png,"[11,12]",1.57
regenerated_new/12/H/case-104941_JAY_ANNOTATION.png,"[12,13]",1.57
regenerated_new/13/H/case-104941_JAY_ANNOTATION.png,"[12,13]",1.57
regenerated_new/1/H/case-104979_JAY_ANNOTATION.png,"[1,10]",1.39
regenerated_new/2/H/case-104979_JAY_ANNOTATION.png,"[2,6]",1.22
regenerated_new/10/H/case-104979_JAY_ANNOTATION.png,"[10,11]",1.56
regenerated_new/11/H/case-104979_JAY_ANNOTATION.png,"[11,12]",1.57
regenerated_new/12/H/case-104979_JAY_ANNOTATION.png,"[12,13]",1.57
regenerated_new/1/H/case-104990_JAY_ANNOTATION.png,"[1,2]",1.22
regenerated_new/2/H/case-104990_JAY_ANNOTATION.png,"[2,4]",1.22
regenerated_new/10/H/case-104990_JAY_ANNOTATION.png,"[10,11]",1.56
regenerated_new/11/H/case-104990_JAY_ANNOTATION.png,"[10,11]",1.56
regenerated_new/1/H/case-105035_JAY_ANNOTATION.png,"[1,11]",1.39
regenerated_new/2/H/case-105035_JAY_ANNOTATION.png,"[2,6]",1.22
regenerated_new/3/H/case-105035_JAY_ANNOTATION.png,"[2,3]",1.23
regenerated_new/6/H/case-105035_JAY_ANNOTATION.png,"[6,7]",1.22
regenerated_new/10/H/case-105035_JAY_ANNOTATION.png,"[10,11]",1.56
regenerated_new/11/H/case-105035_JAY_ANNOTATION.png,"[11,12]",1.57
regenerated_new/12/H/case-105035_JAY_ANNOTATION.png,"[12,13]",1.56
regenerated_new/13/H/case-105035_JAY_ANNOTATION.png,"[12,13]",1.56
regenerated_new/1/H/case-105051_JAY_ANNOTATION.png,"[1,10]",1.39
regenerated_new/2/H/case-105051_JAY_ANNOTATION.png,"[2,4]",1.22
regenerated_new/6/H/case-105051_JAY_ANNOTATION.png,"[6,7]",1.22
regenerated_new/7/H/case-105051_JAY_ANNOTATION.png,"[6,7]",1.22
regenerated_new/10/H/case-105051_JAY_ANNOTATION.png,"[10,11]",1.56
regenerated_new/11/H/case-105051_JAY_ANNOTATION.png,"[10,11]",1.57
regenerated_new/12/H/case-105051_JAY_ANNOTATION.png,"[12,13]",1.57
regenerated_new/13/H/case-105051_JAY_ANNOTATION.png,"[12,13]",1.56
regenerated_new/1/H/case-105171_JAY_ANNOTATION.png,"[1,10]",1.39
regenerated_new/2/H/case-105171_JAY_ANNOTATION.png,"[2,4]",1.22
regenerated_new/7/H/case-105171_JAY_ANNOTATION.png,"[6,7]",1.22
regenerated_new/11/H/case-105171_JAY_ANNOTATION.png,"[11,12]",1.57
regenerated_new/12/H/case-105171_JAY_ANNOTATION.png,"[11,12]",1.57
regenerated_new/13/H/case-105171_JAY_ANNOTATION.png,"[12,13]",1.57
regenerated_new/1/H/case-105177_JAY_ANNOTATION.png,"[1,2]",1.22
regenerated_new/2/H/case-105177_JAY_ANNOTATION.png,"[2,4]",1.22
regenerated_new/11/H/case-105177_JAY_ANNOTATION.png,"[10,11]",1.57
regenerated_new/13/H/case-105177_JAY_ANNOTATION.png,"[12,13]",1.57
regenerated_new/1/H/case-105234_JAY_ANNOTATION.png,"[1,10]",1.4
regenerated_new/2/H/case-105234_JAY_ANNOTATION.png,"[2,6]",1.22
regenerated_new/10/H/case-105234_JAY_ANNOTATION.png,"[10,11]",1.57
regenerated_new/11/H/case-105234_JAY_ANNOTATION.png,"[10,11]",1.57
regenerated_new/12/H/case-105234_JAY_ANNOTATION.png,"[12,13]",1.56
regenerated_new/13/H/case-105234_JAY_ANNOTATION.png,"[12,13]",1.57
regenerated_new/1/H/case-105246_JAY_ANNOTATION.png,"[1,10]",1.4
regenerated_new/2/H/case-105246_JAY_ANNOTATION.png,"[2,4]",1.22
regenerated_new/10/H/case-105246_JAY_ANNOTATION.png,"[10,11]",1.57
regenerated_new/11/H/case-105246_JAY_ANNOTATION.png,"[10,11]",1.57
regenerated_new/12/H/case-105246_JAY_ANNOTATION.png,"[12,13]",1.57
regenerated_new/1/H/case-105257_JAY_ANNOTATION.png,"[1,10]",1.4
regenerated_new/2/H/case-105257_JAY_ANNOTATION.png,"[2,4]",1.22
regenerated_new/10/H/case-105257_JAY_ANNOTATION.png,"[10,11]",1.57
regenerated_new/11/H/case-105257_JAY_ANNOTATION.png,"[10,11]",1.57
regenerated_new/12/H/case-105257_JAY_ANNOTATION.png,"[12,13]",1.57
regenerated_new/13/H/case-105257_JAY_ANNOTATION.png,"[12,13]",1.57
regenerated_new/1/H/case-105288_JAY_ANNOTATION.png,"[1,11]",1.39
regenerated_new/2/H/case-105288_JAY_ANNOTATION.png,"[2,4]",1.22
regenerated_new/10/H/case-105288_JAY_ANNOTATION.png,"[10,11]",1.57
regenerated_new/11/H/case-105288_JAY_ANNOTATION.png,"[10,11]",1.56
regenerated_new/13/H/case-105288_JAY_ANNOTATION.png,"[12,13]",1.57
regenerated_new/1/H/case-105318_JAY_ANNOTATION.png,"[1,2]",1.22
regenerated_new/2/H/case-105318_JAY_ANNOTATION.png,"[2,4]",1.22
regenerated_new/10/H/case-105318_JAY_ANNOTATION.png,"[10,11]",1.57
regenerated_new/11/H/case-105318_JAY_ANNOTATION.png,"[10,11]",1.57
regenerated_new/12/H/case-105318_JAY_ANNOTATION.png,"[12,13]",1.57
regenerated_new/1/H/case-105476_JAY_ANNOTATION.png,"[1,1]",1.22
regenerated_new/2/H/case-105476_JAY_ANNOTATION.png,"[2,4]",1.22
regenerated_new/11/H/case-105476_JAY_ANNOTATION.png,"[11,12]",1.57
regenerated_new/12/H/case-105476_JAY_ANNOTATION.png,"[12,13]",1.57
regenerated_new/13/H/case-105476_JAY_ANNOTATION.png,"[12,13]",1.57
regenerated_new/1/H/case-105567_JAY_ANNOTATION.png,"[1,2]",1.22
regenerated_new/2/H/case-105567_JAY_ANNOTATION.png,"[2,4]",1.23
regenerated_new/7/H/case-105567_JAY_ANNOTATION.png,"[6,7]",1.22
regenerated_new/10/H/case-105567_JAY_ANNOTATION.png,"[10,11]",1.57
regenerated_new/12/H/case-105567_JAY_ANNOTATION.png,"[12,13]",1.56
regenerated_new/13/H/case-105567_JAY_ANNOTATION.png,"[12,13]",1.57
regenerated_new/1/H/case-105579_JAY_ANNOTATION.png,"[1,1]",1.22
regenerated_new/2/H/case-105579_JAY_ANNOTATION.png,"[2,3]",1.22
regenerated_new/3/H/case-105579_JAY_ANNOTATION.png,"[2,3]",1.22
regenerated_new/6/H/case-105579_JAY_ANNOTATION.png,"[6,7]",1.22
regenerated_new/10/H/case-105579_JAY_ANNOTATION.png,"[10,11]",1.57
regenerated_new/11/H/case-105579_JAY_ANNOTATION.png,"[11,12]",1.57
regenerated_new/12/H/case-105579_JAY_ANNOTATION.png,"[12,13]",1.57
regenerated_new/13/H/case-105579_JAY_ANNOTATION.png,"[12,13]",1.57
regenerated_new/1/H/case-105586_JAY_ANNOTATION.png,"[1,1]",1.22
regenerated_new/2/H/case-105586_JAY_ANNOTATION.png,"[2,6]",1.22
regenerated_new/7/H/case-105586_JAY_ANNOTATION.png,"[6,7]",1.23
regenerated_new/10/H/case-105586_JAY_ANNOTATION.png,"[10,11]",1.57
regenerated_new/11/H/case-105586_JAY_ANNOTATION.png,"[11,12]",1.57
regenerated_new/12/H/case-105586_JAY_ANNOTATION.png,"[12,13]",1.57
regenerated_new/13/H/case-105586_JAY_ANNOTATION.png,"[12,13]",1.57
regenerated_new/1/H/case-105592_JAY_ANNOTATION.png,"[1,2]",1.22
regenerated_new/3/H/case-105592_JAY_ANNOTATION.png,"[2,3]",1.22
regenerated_new/10/H/case-105592_JAY_ANNOTATION.png,"[10,11]",1.56
regenerated_new/11/H/case-105592_JAY_ANNOTATION.png,"[10,11]",1.56
regenerated_new/12/H/case-105592_JAY_ANNOTATION.png,"[12,13]",1.57
regenerated_new/13/H/case-105592_JAY_ANNOTATION.png,"[12,13]",1.57
regenerated_new/1/H/case-105597_JAY_ANNOTATION.png,"[1,1]",1.22
regenerated_new/2/H/case-105597_JAY_ANNOTATION.png,"[2,6]",1.22
regenerated_new/7/H/case-105597_JAY_ANNOTATION.png,"[6,7]",1.22
regenerated_new/10/H/case-105597_JAY_ANNOTATION.png,"[10,11]",1.57
regenerated_new/11/H/case-105597_JAY_ANNOTATION.png,"[10,11]",1.57
regenerated_new/12/H/case-105597_JAY_ANNOTATION.png,"[12,13]",1.57
regenerated_new/13/H/case-105597_JAY_ANNOTATION.png,"[12,13]",1.57
regenerated_new/1/H/case-105602_JAY_ANNOTATION.png,"[1,1]",1.22
regenerated_new/2/H/case-105602_JAY_ANNOTATION.png,"[2,4]",1.22
regenerated_new/12/H/case-105602_JAY_ANNOTATION.png,"[12,13]",1.57
regenerated_new/13/H/case-105602_JAY_ANNOTATION.png,"[12,13]",1.56
regenerated_new/1/H/case-105681_JAY_ANNOTATION.png,"[1,10]",1.39
regenerated_new/6/H/case-105681_JAY_ANNOTATION.png,"[6,7]",1.23
regenerated_new/10/H/case-105681_JAY_ANNOTATION.png,"[10,11]",1.57
regenerated_new/11/H/case-105681_JAY_ANNOTATION.png,"[10,11]",1.57
regenerated_new/12/H/case-105681_JAY_ANNOTATION.png,"[12,13]",1.57
regenerated_new/13/H/case-105681_JAY_ANNOTATION.png,"[12,13]",1.57
regenerated_new/1/H/case-105704_JAY_ANNOTATION.png,"[1,11]",1.4
regenerated_new/7/H/case-105704_JAY_ANNOTATION.png,"[6,7]",1.22
regenerated_new/10/H/case-105704_JAY_ANNOTATION.png,"[10,11]",1.57
regenerated_new/11/H/case-105704_JAY_ANNOTATION.png,"[10,11]",1.57
regenerated_new/12/H/case-105704_JAY_ANNOTATION.png,"[12,13]",1.57
regenerated_new/1/H/case-105817_JAY_ANNOTATION.png,"[1,2]",1.22
regenerated_new/2/H/case-105817_JAY_ANNOTATION.png,"[2,4]",1.22
regenerated_new/10/H/case-105817_JAY_ANNOTATION.png,"[10,11]",1.57
regenerated_new/12/H/case-105817_JAY_ANNOTATION.png,"[12,13]",1.57
regenerated_new/13/H/case-105817_JAY_ANNOTATION.png,"[12,13]",1.57
regenerated_new/1/H/case-105839_JAY_ANNOTATION.png,"[1,11]",1.4
regenerated_new/2/H/case-105839_JAY_ANNOTATION.png,"[2,4]",1.23
regenerated_new/11/H/case-105839_JAY_ANNOTATION.png,"[10,11]",1.57
regenerated_new/12/H/case-105839_JAY_ANNOTATION.png,"[12,13]",1.57
regenerated_new/1/H/case-105862_JAY_ANNOTATION.png,"[1,1]",1.22
regenerated_new/7/H/case-105862_JAY_ANNOTATION.png,"[6,7]",1.22
regenerated_new/11/H/case-105862_JAY_ANNOTATION.png,"[10,11]",1.57
regenerated_new/12/H/case-105862_JAY_ANNOTATION.png,"[11,12]",1.56
regenerated_new/13/H/case-105862_JAY_ANNOTATION.png,"[12,13]",1.56
regenerated_new/1/H/case-105915_JAY_ANNOTATION.png,"[1,11]",1.39
regenerated_new/10/H/case-105915_JAY_ANNOTATION.png,"[1,10]",1.39
regenerated_new/11/H/case-105915_JAY_ANNOTATION.png,"[10,11]",1.56
regenerated_new/12/H/case-105915_JAY_ANNOTATION.png,"[12,13]",1.56
regenerated_new/13/H/case-105915_JAY_ANNOTATION.png,"[12,13]",1.56
regenerated_new/1/H/case-106012_JAY_ANNOTATION.png,"[1,10]",1.39
regenerated_new/2/H/case-106012_JAY_ANNOTATION.png,"[2,6]",1.22
regenerated_new/7/H/case-106012_JAY_ANNOTATION.png,"[6,7]",1.22
regenerated_new/10/H/case-106012_JAY_ANNOTATION.png,"[10,11]",1.57
regenerated_new/11/H/case-106012_JAY_ANNOTATION.png,"[10,11]",1.56
regenerated_new/12/H/case-106012_JAY_ANNOTATION.png,"[12,13]",1.57
regenerated_new/13/H/case-106012_JAY_ANNOTATION.png,"[12,13]",1.57
regenerated_new/1/H/case-106016_JAY_ANNOTATION.png,"[1,1]",1.22
regenerated_new/2/H/case-106016_JAY_ANNOTATION.png,"[2,3]",1.22
regenerated_new/7/H/case-106016_JAY_ANNOTATION.png,"[6,7]",1.22
regenerated_new/10/H/case-106016_JAY_ANNOTATION.png,"[10,11]",1.57
regenerated_new/11/H/case-106016_JAY_ANNOTATION.png,"[11,12]",1.57
regenerated_new/12/H/case-106016_JAY_ANNOTATION.png,"[12,13]",1.57
regenerated_new/13/H/case-106016_JAY_ANNOTATION.png,"[12,13]",1.57
regenerated_new/1/H/case-106081_JAY_ANNOTATION.png,"[1,2]",1.22
regenerated_new/2/H/case-106081_JAY_ANNOTATION.png,"[2,4]",1.23
regenerated_new/12/H/case-106081_JAY_ANNOTATION.png,"[12,13]",1.57
regenerated_new/13/H/case-106081_JAY_ANNOTATION.png,"[12,13]",1.57
regenerated_new/1/H/case-106101_JAY_ANNOTATION.png,"[1,10]",1.4
regenerated_new/2/H/case-106101_JAY_ANNOTATION.png,"[2,3]",1.23
regenerated_new/3/H/case-106101_JAY_ANNOTATION.png,"[2,3]",1.22
regenerated_new/6/H/case-106101_JAY_ANNOTATION.png,"[6,7]",1.22
regenerated_new/7/H/case-106101_JAY_ANNOTATION.png,"[6,7]",1.22
regenerated_new/10/H/case-106101_JAY_ANNOTATION.png,"[10,11]",1.57
regenerated_new/11/H/case-106101_JAY_ANNOTATION.png,"[10,11]",1.57
regenerated_new/12/H/case-106101_JAY_ANNOTATION.png,"[12,13]",1.57
regenerated_new/13/H/case-106101_JAY_ANNOTATION.png,"[12,13]",1.57
regenerated_new/1/H/case-106127_JAY_ANNOTATION.png,"[1,1]",1.22
regenerated_new/2/H/case-106127_JAY_ANNOTATION.png,"[2,6]",1.22
regenerated_new/10/H/case-106127_JAY_ANNOTATION.png,"[10,11]",1.57
regenerated_new/11/H/case-106127_JAY_ANNOTATION.png,"[11,12]",1.57
regenerated_new/12/H/case-106127_JAY_ANNOTATION.png,"[12,13]",1.56
regenerated_new/13/H/case-106127_JAY_ANNOTATION.png,"[12,13]",1.56
regenerated_new/1/H/case-106139_JAY_ANNOTATION.png,"[1,11]",1.4
regenerated_new/7/H/case-106139_JAY_ANNOTATION.png,"[6,7]",1.23
regenerated_new/10/H/case-106139_JAY_ANNOTATION.png,"[10,11]",1.57
regenerated_new/11/H/case-106139_JAY_ANNOTATION.png,"[10,11]",1.57
regenerated_new/12/H/case-106139_JAY_ANNOTATION.png,"[12,13]",1.56
regenerated_new/13/H/case-106139_JAY_ANNOTATION.png,"[12,13]",1.57
regenerated_new/1/H/case-106141_JAY_ANNOTATION.png,"[1,11]",1.39
regenerated_new/2/H/case-106141_JAY_ANNOTATION.png,"[2,6]",1.22
regenerated_new/12/H/case-106141_JAY_ANNOTATION.png,"[12,13]",1.57
regenerated_new/13/H/case-106141_JAY_ANNOTATION.png,"[12,13]",1.57
regenerated_new/1/H/case-106157_JAY_ANNOTATION.png,"[1,1]",1.22
regenerated_new/2/H/case-106157_JAY_ANNOTATION.png,"[2,10]",1.39
regenerated_new/12/H/case-106157_JAY_ANNOTATION.png,"[12,13]",1.57
regenerated_new/13/H/case-106157_JAY_ANNOTATION.png,"[12,13]",1.57
regenerated_new/1/H/case-106172_JAY_ANNOTATION.png,"[1,1]",1.22
regenerated_new/2/H/case-106172_JAY_ANNOTATION.png,"[2,4]",1.23
regenerated_new/7/H/case-106172_JAY_ANNOTATION.png,"[6,7]",1.22
regenerated_new/10/H/case-106172_JAY_ANNOTATION.png,"[10,11]",1.57
regenerated_new/11/H/case-106172_JAY_ANNOTATION.png,"[10,11]",1.57
regenerated_new/13/H/case-106172_JAY_ANNOTATION.png,"[12,13]",1.57
regenerated_new/1/H/case-106301_JAY_ANNOTATION.png,"[1,2]",1.22
regenerated_new/2/H/case-106301_JAY_ANNOTATION.png,"[2,4]",1.22
regenerated_new/3/H/case-106301_JAY_ANNOTATION.png,"[2,3]",1.22
regenerated_new/11/H/case-106301_JAY_ANNOTATION.png,"[10,11]",1.57
regenerated_new/12/H/case-106301_JAY_ANNOTATION.png,"[12,13]",1.57
regenerated_new/13/H/case-106301_JAY_ANNOTATION.png,"[12,13]",1.57
regenerated_new/1/H/case-106371_JAY_ANNOTATION.png,"[1,2]",1.23
regenerated_new/2/H/case-106371_JAY_ANNOTATION.png,"[2,4]",1.23
regenerated_new/10/H/case-106371_JAY_ANNOTATION.png,"[10,11]",1.57
regenerated_new/11/H/case-106371_JAY_ANNOTATION.png,"[11,12]",1.57
regenerated_new/12/H/case-106371_JAY_ANNOTATION.png,"[12,13]",1.57
regenerated_new/13/H/case-106371_JAY_ANNOTATION.png,"[12,13]",1.57
regenerated_new/1/H/case-106374_JAY_ANNOTATION.png,"[1,10]",1.39
regenerated_new/2/H/case-106374_JAY_ANNOTATION.png,"[2,4]",1.23
regenerated_new/7/H/case-106374_JAY_ANNOTATION.png,"[6,7]",1.22
regenerated_new/10/H/case-106374_JAY_ANNOTATION.png,"[10,11]",1.57
regenerated_new/11/H/case-106374_JAY_ANNOTATION.png,"[10,11]",1.57
regenerated_new/13/H/case-106374_JAY_ANNOTATION.png,"[12,13]",1.57
regenerated_new/1/H/case-106456_JAY_ANNOTATION.png,"[1,11]",1.39
regenerated_new/2/H/case-106456_JAY_ANNOTATION.png,"[2,6]",1.22
regenerated_new/10/H/case-106456_JAY_ANNOTATION.png,"[10,11]",1.57
regenerated_new/11/H/case-106456_JAY_ANNOTATION.png,"[10,11]",1.57
regenerated_new/12/H/case-106456_JAY_ANNOTATION.png,"[12,13]",1.57
regenerated_new/1/H/case-106464_JAY_ANNOTATION.png,"[1,2]",1.22
regenerated_new/2/H/case-106464_JAY_ANNOTATION.png,"[2,4]",1.22
regenerated_new/7/H/case-106464_JAY_ANNOTATION.png,"[6,7]",1.22
regenerated_new/10/H/case-106464_JAY_ANNOTATION.png,"[10,11]",1.57
regenerated_new/11/H/case-106464_JAY_ANNOTATION.png,"[11,12]",1.56
regenerated_new/12/H/case-106464_JAY_ANNOTATION.png,"[12,13]",1.57
regenerated_new/13/H/case-106464_JAY_ANNOTATION.png,"[12,13]",1.57
regenerated_new/1/H/case-106541_JAY_ANNOTATION.png,"[1,1]",1.22
regenerated_new/2/H/case-106541_JAY_ANNOTATION.png,"[2,3]",1.22
regenerated_new/7/H/case-106541_JAY_ANNOTATION.png,"[6,7]",1.23
regenerated_new/10/H/case-106541_JAY_ANNOTATION.png,"[10,11]",1.56
regenerated_new/11/H/case-106541_JAY_ANNOTATION.png,"[10,11]",1.57
regenerated_new/12/H/case-106541_JAY_ANNOTATION.png,"[12,13]",1.57
regenerated_new/13/H/case-106541_JAY_ANNOTATION.png,"[12,13]",1.56
regenerated_new/1/H/case-106569_JAY_ANNOTATION.png,"[1,10]",1.4
regenerated_new/7/H/case-106569_JAY_ANNOTATION.png,"[6,7]",1.22
regenerated_new/10/H/case-106569_JAY_ANNOTATION.png,"[10,11]",1.57
regenerated_new/11/H/case-106569_JAY_ANNOTATION.png,"[10,11]",1.57
regenerated_new/12/H/case-106569_JAY_ANNOTATION.png,"[12,13]",1.57
regenerated_new/13/H/case-106569_JAY_ANNOTATION.png,"[12,13]",1.57
regenerated_new/1/H/case-106811_JAY_ANNOTATION.png,"[1,1]",1.22
regenerated_new/6/H/case-106811_JAY_ANNOTATION.png,"[6,7]",1.22
regenerated_new/10/H/case-106811_JAY_ANNOTATION.png,"[10,11]",1.57
regenerated_new/11/H/case-106811_JAY_ANNOTATION.png,"[10,11]",1.56
regenerated_new/12/H/case-106811_JAY_ANNOTATION.png,"[11,12]",1.57
regenerated_new/13/H/case-106811_JAY_ANNOTATION.png,"[12,13]",1.57
regenerated_new/1/H/case-106835_JAY_ANNOTATION.png,"[1,10]",1.4
regenerated_new/2/H/case-106835_JAY_ANNOTATION.png,"[2,4]",1.22
regenerated_new/10/H/case-106835_JAY_ANNOTATION.png,"[10,11]",1.57
regenerated_new/11/H/case-106835_JAY_ANNOTATION.png,"[10,11]",1.57
regenerated_new/12/H/case-106835_JAY_ANNOTATION.png,"[11,12]",1.57
regenerated_new/1/H/case-106856_JAY_ANNOTATION.png,"[1,11]",1.39
regenerated_new/2/H/case-106856_JAY_ANNOTATION.png,"[2,6]",1.22
regenerated_new/7/H/case-106856_JAY_ANNOTATION.png,"[6,7]",1.22
regenerated_new/10/H/case-106856_JAY_ANNOTATION.png,"[1,10]",1.4
regenerated_new/11/H/case-106856_JAY_ANNOTATION.png,"[10,11]",1.57
regenerated_new/13/H/case-106856_JAY_ANNOTATION.png,"[12,13]",1.57
regenerated_new/1/H/case-106882_JAY_ANNOTATION.png,"[1,11]",1.39
regenerated_new/10/H/case-106882_JAY_ANNOTATION.png,"[10,11]",1.56
regenerated_new/11/H/case-106882_JAY_ANNOTATION.png,"[10,11]",1.57
regenerated_new/13/H/case-106882_JAY_ANNOTATION.png,"[12,13]",1.56
regenerated_new/1/H/case-106963_JAY_ANNOTATION.png,"[1,10]",1.39
regenerated_new/10/H/case-106963_JAY_ANNOTATION.png,"[10,11]",1.56
regenerated_new/11/H/case-106963_JAY_ANNOTATION.png,"[10,11]",1.56
regenerated_new/12/H/case-106963_JAY_ANNOTATION.png,"[12,13]",1.56
regenerated_new/1/H/case-106973_JAY_ANNOTATION.png,"[1,2]",1.22
regenerated_new/2/H/case-106973_JAY_ANNOTATION.png,"[2,6]",1.22
regenerated_new/10/H/case-106973_JAY_ANNOTATION.png,"[10,11]",1.57
regenerated_new/12/H/case-106973_JAY_ANNOTATION.png,"[12,13]",1.57
regenerated_new/13/H/case-106973_JAY_ANNOTATION.png,"[12,13]",1.57
regenerated_new/1/H/case-106991_JAY_ANNOTATION.png,"[1,10]",1.39
regenerated_new/2/H/case-106991_JAY_ANNOTATION.png,"[2,6]",1.22
regenerated_new/10/H/case-106991_JAY_ANNOTATION.png,"[10,11]",1.56
regenerated_new/11/H/case-106991_JAY_ANNOTATION.png,"[10,11]",1.56
regenerated_new/12/H/case-106991_JAY_ANNOTATION.png,"[12,13]",1.57
regenerated_new/13/H/case-106991_JAY_ANNOTATION.png,"[12,13]",1.57
regenerated_new/1/H/case-107068_JAY_ANNOTATION.png,"[1,11]",1.39
regenerated_new/6/H/case-107068_JAY_ANNOTATION.png,"[6,7]",1.22
regenerated_new/7/H/case-107068_JAY_ANNOTATION.png,"[6,7]",1.22
regenerated_new/10/H/case-107068_JAY_ANNOTATION.png,"[10,11]",1.57
regenerated_new/11/H/case-107068_JAY_ANNOTATION.png,"[10,11]",1.57
regenerated_new/12/H/case-107068_JAY_ANNOTATION.png,"[12,13]",1.57
regenerated_new/13/H/case-107068_JAY_ANNOTATION.png,"[12,13]",1.57
regenerated_new/1/H/case-107184_JAY_ANNOTATION.png,"[1,11]",1.39
regenerated_new/2/H/case-107184_JAY_ANNOTATION.png,"[2,4]",1.22
regenerated_new/3/H/case-107184_JAY_ANNOTATION.png,"[2,3]",1.22
regenerated_new/6/H/case-107184_JAY_ANNOTATION.png,"[6,7]",1.22
regenerated_new/10/H/case-107184_JAY_ANNOTATION.png,"[10,11]",1.57
regenerated_new/11/H/case-107184_JAY_ANNOTATION.png,"[10,11]",1.57
regenerated_new/12/H/case-107184_JAY_ANNOTATION.png,"[12,13]",1.57
regenerated_new/13/H/case-107184_JAY_ANNOTATION.png,"[12,13]",1.57
regenerated_new/1/H/case-107267_JAY_ANNOTATION.png,"[1,10]",1.39
regenerated_new/6/H/case-107267_JAY_ANNOTATION.png,"[6,7]",1.22
regenerated_new/12/H/case-107267_JAY_ANNOTATION.png,"[12,13]",1.57
regenerated_new/13/H/case-107267_JAY_ANNOTATION.png,"[12,13]",1.57
regenerated_new/1/H/case-107296_JAY_ANNOTATION.png,"[1,1]",1.22
regenerated_new/2/H/case-107296_JAY_ANNOTATION.png,"[2,4]",1.22
regenerated_new/10/H/case-107296_JAY_ANNOTATION.png,"[10,11]",1.57
regenerated_new/11/H/case-107296_JAY_ANNOTATION.png,"[11,12]",1.57
regenerated_new/12/H/case-107296_JAY_ANNOTATION.png,"[12,13]",1.57
regenerated_new/13/H/case-107296_JAY_ANNOTATION.png,"[12,13]",1.57
regenerated_new/1/H/case-110146_JAY_ANNOTATION.png,"[1,10]",1.39
regenerated_new/2/H/case-110146_JAY_ANNOTATION.png,"[2,4]",1.22
regenerated_new/6/H/case-110146_JAY_ANNOTATION.png,"[6,7]",1.22
regenerated_new/10/H/case-110146_JAY_ANNOTATION.png,"[10,11]",1.57
regenerated_new/11/H/case-110146_JAY_ANNOTATION.png,"[11,12]",1.57
regenerated_new/12/H/case-110146_JAY_ANNOTATION.png,"[11,12]",1.57
regenerated_new/13/H/case-110146_JAY_ANNOTATION.png,"[12,13]",1.57
regenerated_new/1/H/case-110184_JAY_ANNOTATION.png,"[1,11]",1.4
regenerated_new/2/H/case-110184_JAY_ANNOTATION.png,"[2,6]",1.22
regenerated_new/10/H/case-110184_JAY_ANNOTATION.png,"[10,11]",1.57
regenerated_new/11/H/case-110184_JAY_ANNOTATION.png,"[11,12]",1.57
regenerated_new/12/H/case-110184_JAY_ANNOTATION.png,"[12,13]",1.57
regenerated_new/13/H/case-110184_JAY_ANNOTATION.png,"[12,13]",1.57
regenerated_new/1/H/case-110307_JAY_ANNOTATION.png,"[1,1]",1.22
regenerated_new/2/H/case-110307_JAY_ANNOTATION.png,"[2,6]",1.22
regenerated_new/10/H/case-110307_JAY_ANNOTATION.png,"[10,11]",1.57
regenerated_new/11/H/case-110307_JAY_ANNOTATION.png,"[11,12]",1.57
regenerated_new/13/H/case-110307_JAY_ANNOTATION.png,"[12,13]",1.57
regenerated_new/1/H/case-110324_JAY_ANNOTATION.png,"[1,10]",1.4
regenerated_new/2/H/case-110324_JAY_ANNOTATION.png,"[2,6]",1.22
regenerated_new/11/H/case-110324_JAY_ANNOTATION.png,"[10,11]",1.57
regenerated_new/12/H/case-110324_JAY_ANNOTATION.png,"[12,13]",1.57
regenerated_new/13/H/case-110324_JAY_ANNOTATION.png,"[12,13]",1.57
regenerated_new/1/H/case-110378_JAY_ANNOTATION.png,"[1,10]",1.4
regenerated_new/2/H/case-110378_JAY_ANNOTATION.png,"[2,4]",1.22
regenerated_new/10/H/case-110378_JAY_ANNOTATION.png,"[10,11]",1.57
regenerated_new/11/H/case-110378_JAY_ANNOTATION.png,"[11,12]",1.57
regenerated_new/12/H/case-110378_JAY_ANNOTATION.png,"[12,13]",1.57
regenerated_new/13/H/case-110378_JAY_ANNOTATION.png,"[12,13]",1.57
regenerated_new/1/H/case-110382_JAY_ANNOTATION.png,"[1,2]",1.22
regenerated_new/2/H/case-110382_JAY_ANNOTATION.png,"[2,6]",1.23
regenerated_new/6/H/case-110382_JAY_ANNOTATION.png,"[6,7]",1.22
regenerated_new/7/H/case-110382_JAY_ANNOTATION.png,"[6,7]",1.23
regenerated_new/10/H/case-110382_JAY_ANNOTATION.png,"[10,11]",1.57
regenerated_new/11/H/case-110382_JAY_ANNOTATION.png,"[10,11]",1.57
regenerated_new/12/H/case-110382_JAY_ANNOTATION.png,"[12,13]",1.57
regenerated_new/13/H/case-110382_JAY_ANNOTATION.png,"[12,13]",1.57
regenerated_new/1/H/case-110393_JAY_ANNOTATION.png,"[1,11]",1.39
regenerated_new/2/H/case-110393_JAY_ANNOTATION.png,"[2,6]",1.22
regenerated_new/7/H/case-110393_JAY_ANNOTATION.png,"[6,7]",1.22
regenerated_new/10/H/case-110393_JAY_ANNOTATION.png,"[10,11]",1.57
regenerated_new/11/H/case-110393_JAY_ANNOTATION.png,"[10,11]",1.57
regenerated_new/12/H/case-110393_JAY_ANNOTATION.png,"[12,13]",1.57
regenerated_new/1/H/case-110447_JAY_ANNOTATION.png,"[1,10]",1.39
regenerated_new/10/H/case-110447_JAY_ANNOTATION.png,"[10,11]",1.57
regenerated_new/12/H/case-110447_JAY_ANNOTATION.png,"[12,13]",1.57
regenerated_new/1/H/case-110519_JAY_ANNOTATION.png,"[1,2]",1.22
regenerated_new/7/H/case-110519_JAY_ANNOTATION.png,"[6,7]",1.23
regenerated_new/10/H/case-110519_JAY_ANNOTATION.png,"[10,11]",1.57
regenerated_new/11/H/case-110519_JAY_ANNOTATION.png,"[10,11]",1.57
regenerated_new/12/H/case-110519_JAY_ANNOTATION.png,"[12,13]",1.57
regenerated_new/13/H/case-110519_JAY_ANNOTATION.png,"[12,13]",1.57
regenerated_new/1/H/case-110588_JAY_ANNOTATION.png,"[1,10]",1.4
regenerated_new/2/H/case-110588_JAY_ANNOTATION.png,"[2,4]",1.23
regenerated_new/3/H/case-110588_JAY_ANNOTATION.png,"[2,3]",1.23
regenerated_new/11/H/case-110588_JAY_ANNOTATION.png,"[11,12]",1.57
regenerated_new/12/H/case-110588_JAY_ANNOTATION.png,"[12,13]",1.57
regenerated_new/13/H/case-110588_JAY_ANNOTATION.png,"[12,13]",1.57
regenerated_new/1/H/case-110636_JAY_ANNOTATION.png,"[1,1]",1.23
regenerated_new/2/H/case-110636_JAY_ANNOTATION.png,"[2,4]",1.23
regenerated_new/7/H/case-110636_JAY_ANNOTATION.png,"[6,7]",1.22
regenerated_new/10/H/case-110636_JAY_ANNOTATION.png,"[10,11]",1.57
regenerated_new/11/H/case-110636_JAY_ANNOTATION.png,"[10,11]",1.57
regenerated_new/12/H/case-110636_JAY_ANNOTATION.png,"[12,13]",1.57
regenerated_new/13/H/case-110636_JAY_ANNOTATION.png,"[12,13]",1.57
regenerated_new/1/H/case-110640_JAY_ANNOTATION.png,"[1,1]",1.22
regenerated_new/10/H/case-110640_JAY_ANNOTATION.png,"[10,11]",1.57
regenerated_new/11/H/case-110640_JAY_ANNOTATION.png,"[10,11]",1.57
regenerated_new/12/H/case-110640_JAY_ANNOTATION.png,"[12,13]",1.57
regenerated_new/1/H/case-110649_JAY_ANNOTATION.png,"[1,2]",1.23
regenerated_new/2/H/case-110649_JAY_ANNOTATION.png,"[2,4]",1.23
regenerated_new/10/H/case-110649_JAY_ANNOTATION.png,"[10,11]",1.57
regenerated_new/11/H/case-110649_JAY_ANNOTATION.png,"[10,11]",1.57
regenerated_new/13/H/case-110649_JAY_ANNOTATION.png,"[12,13]",1.57
regenerated_new/1/H/case-110664_JAY_ANNOTATION.png,"[1,1]",1.22
regenerated_new/2/H/case-110664_JAY_ANNOTATION.png,"[2,6]",1.22
regenerated_new/10/H/case-110664_JAY_ANNOTATION.png,"[10,11]",1.57
regenerated_new/11/H/case-110664_JAY_ANNOTATION.png,"[10,11]",1.57
regenerated_new/12/H/case-110664_JAY_ANNOTATION.png,"[12,13]",1.57
regenerated_new/13/H/case-110664_JAY_ANNOTATION.png,"[12,13]",1.56
regenerated_new/1/H/case-110831_JAY_ANNOTATION.png,"[1,10]",1.39
regenerated_new/2/H/case-110831_JAY_ANNOTATION.png,"[2,3]",1.22
regenerated_new/10/H/case-110831_JAY_ANNOTATION.png,"[10,11]",1.57
regenerated_new/11/H/case-110831_JAY_ANNOTATION.png,"[11,12]",1.56
regenerated_new/12/H/case-110831_JAY_ANNOTATION.png,"[12,13]",1.56
regenerated_new/13/H/case-110831_JAY_ANNOTATION.png,"[12,13]",1.57
regenerated_new/1/H/case-110870_JAY_ANNOTATION.png,"[1,2]",1.22
regenerated_new/2/H/case-110870_JAY_ANNOTATION.png,"[2,6]",1.22
regenerated_new/3/H/case-110870_JAY_ANNOTATION.png,"[2,3]",1.22
regenerated_new/10/H/case-110870_JAY_ANNOTATION.png,"[10,11]",1.57
regenerated_new/11/H/case-110870_JAY_ANNOTATION.png,"[10,11]",1.57
regenerated_new/12/H/case-110870_JAY_ANNOTATION.png,"[12,13]",1.57
regenerated_new/13/H/case-110870_JAY_ANNOTATION.png,"[12,13]",1.57
regenerated_new/1/H/case-111040_JAY_ANNOTATION.png,"[1,2]",1.22
regenerated_new/2/H/case-111040_JAY_ANNOTATION.png,"[2,4]",1.22
regenerated_new/7/H/case-111040_JAY_ANNOTATION.png,"[6,7]",1.22
regenerated_new/11/H/case-111040_JAY_ANNOTATION.png,"[10,11]",1.57
regenerated_new/12/H/case-111040_JAY_ANNOTATION.png,"[12,13]",1.56
regenerated_new/13/H/case-111040_JAY_ANNOTATION.png,"[12,13]",1.56
regenerated_new/1/H/case-111057_JAY_ANNOTATION.png,"[1,10]",1.39
regenerated_new/2/H/case-111057_JAY_ANNOTATION.png,"[2,6]",1.22
regenerated_new/10/H/case-111057_JAY_ANNOTATION.png,"[10,11]",1.57
regenerated_new/12/H/case-111057_JAY_ANNOTATION.png,"[12,13]",1.57
regenerated_new/13/H/case-111057_JAY_ANNOTATION.png,"[12,13]",1.57
regenerated_new/1/H/case-111159_JAY_ANNOTATION.png,"[1,11]",1.39
regenerated_new/2/H/case-111159_JAY_ANNOTATION.png,"[2,4]",1.22
regenerated_new/6/H/case-111159_JAY_ANNOTATION.png,"[6,7]",1.22
regenerated_new/11/H/case-111159_JAY_ANNOTATION.png,"[11,12]",1.57
regenerated_new/12/H/case-111159_JAY_ANNOTATION.png,"[12,13]",1.57
regenerated_new/13/H/case-111159_JAY_ANNOTATION.png,"[12,13]",1.57
regenerated_new/1/H/case-111162_JAY_ANNOTATION.png,"[1,1]",1.22
regenerated_new/2/H/case-111162_JAY_ANNOTATION.png,"[2,6]",1.22
regenerated_new/6/H/case-111162_JAY_ANNOTATION.png,"[6,7]",1.22
regenerated_new/10/H/case-111162_JAY_ANNOTATION.png,"[10,11]",1.57
regenerated_new/11/H/case-111162_JAY_ANNOTATION.png,"[11,12]",1.57
regenerated_new/12/H/case-111162_JAY_ANNOTATION.png,"[12,13]",1.57
regenerated_new/1/H/case-111165_JAY_ANNOTATION.png,"[1,11]",1.4
regenerated_new/2/H/case-111165_JAY_ANNOTATION.png,"[2,6]",1.22
regenerated_new/10/H/case-111165_JAY_ANNOTATION.png,"[10,11]",1.57
regenerated_new/11/H/case-111165_JAY_ANNOTATION.png,"[10,11]",1.57
regenerated_new/12/H/case-111165_JAY_ANNOTATION.png,"[11,12]",1.57
regenerated_new/13/H/case-111165_JAY_ANNOTATION.png,"[12,13]",1.57
regenerated_new/1/H/case-111178_JAY_ANNOTATION.png,"[1,2]",1.22
regenerated_new/11/H/case-111178_JAY_ANNOTATION.png,"[11,12]",1.57
regenerated_new/13/H/case-111178_JAY_ANNOTATION.png,"[12,13]",1.57
regenerated_new/1/H/case-111246_JAY_ANNOTATION.png,"[1,11]",1.4
regenerated_new/2/H/case-111246_JAY_ANNOTATION.png,"[2,4]",1.22
regenerated_new/10/H/case-111246_JAY_ANNOTATION.png,"[10,11]",1.57
regenerated_new/12/H/case-111246_JAY_ANNOTATION.png,"[12,13]",1.57
regenerated_new/13/H/case-111246_JAY_ANNOTATION.png,"[12,13]",1.57
regenerated_new/1/H/case-111273_JAY_ANNOTATION.png,"[1,10]",1.39
regenerated_new/2/H/case-111273_JAY_ANNOTATION.png,"[2,4]",1.23
regenerated_new/6/H/case-111273_JAY_ANNOTATION.png,"[6,7]",1.22
regenerated_new/7/H/case-111273_JAY_ANNOTATION.png,"[6,7]",1.22
regenerated_new/10/H/case-111273_JAY_ANNOTATION.png,"[10,11]",1.57
regenerated_new/11/H/case-111273_JAY_ANNOTATION.png,"[10,11]",1.57
regenerated_new/12/H/case-111273_JAY_ANNOTATION.png,"[12,13]",1.57
regenerated_new/13/H/case-111273_JAY_ANNOTATION.png,"[12,13]",1.57
regenerated_new/1/H/case-111359_JAY_ANNOTATION.png,"[1,1]",1.22
regenerated_new/10/H/case-111359_JAY_ANNOTATION.png,"[10,11]",1.57
regenerated_new/11/H/case-111359_JAY_ANNOTATION.png,"[10,11]",1.57
regenerated_new/12/H/case-111359_JAY_ANNOTATION.png,"[12,13]",1.57
regenerated_new/13/H/case-111359_JAY_ANNOTATION.png,"[12,13]",1.57
regenerated_new/1/H/case-111405_JAY_ANNOTATION.png,"[1,11]",1.4
regenerated_new/2/H/case-111405_JAY_ANNOTATION.png,"[2,4]",1.22
regenerated_new/7/H/case-111405_JAY_ANNOTATION.png,"[6,7]",1.22
regenerated_new/11/H/case-111405_JAY_ANNOTATION.png,"[11,12]",1.57
regenerated_new/13/H/case-111405_JAY_ANNOTATION.png,"[12,13]",1.57
regenerated_new/1/H/case-111446_JAY_ANNOTATION.png,"[1,10]",1.39
regenerated_new/2/H/case-111446_JAY_ANNOTATION.png,"[2,3]",1.23
regenerated_new/3/H/case-111446_JAY_ANNOTATION.png,"[2,3]",1.22
regenerated_new/6/H/case-111446_JAY_ANNOTATION.png,"[6,7]",1.23
regenerated_new/10/H/case-111446_JAY_ANNOTATION.png,"[10,11]",1.57
regenerated_new/11/H/case-111446_JAY_ANNOTATION.png,"[10,11]",1.57
regenerated_new/13/H/case-111446_JAY_ANNOTATION.png,"[12,13]",1.57
regenerated_new/1/H/case-111546_JAY_ANNOTATION.png,"[1,2]",1.23
regenerated_new/2/H/case-111546_JAY_ANNOTATION.png,"[2,4]",1.23
regenerated_new/6/H/case-111546_JAY_ANNOTATION.png,"[6,7]",1.23
regenerated_new/10/H/case-111546_JAY_ANNOTATION.png,"[10,11]",1.57
regenerated_new/11/H/case-111546_JAY_ANNOTATION.png,"[10,11]",1.57
regenerated_new/13/H/case-111546_JAY_ANNOTATION.png,"[12,13]",1.56
regenerated_new/1/H/case-111573_JAY_ANNOTATION.png,"[1,11]",1.4
regenerated_new/2/H/case-111573_JAY_ANNOTATION.png,"[2,6]",1.23
regenerated_new/6/H/case-111573_JAY_ANNOTATION.png,"[6,7]",1.22
regenerated_new/10/H/case-111573_JAY_ANNOTATION.png,"[10,11]",1.57
regenerated_new/11/H/case-111573_JAY_ANNOTATION.png,"[11,12]",1.57
regenerated_new/12/H/case-111573_JAY_ANNOTATION.png,"[12,13]",1.57
regenerated_new/13/H/case-111573_JAY_ANNOTATION.png,"[12,13]",1.57
regenerated_new/1/H/case-111685_JAY_ANNOTATION.png,"[1,1]",1.22
regenerated_new/10/H/case-111685_JAY_ANNOTATION.png,"[10,11]",1.57
regenerated_new/11/H/case-111685_JAY_ANNOTATION.png,"[11,12]",1.58
regenerated_new/12/H/case-111685_JAY_ANNOTATION.png,"[12,13]",1.57
regenerated_new/13/H/case-111685_JAY_ANNOTATION.png,"[12,13]",1.57
regenerated_new/1/H/case-111755_JAY_ANNOTATION.png,"[1,11]",1.4
regenerated_new/2/H/case-111755_JAY_ANNOTATION.png,"[2,3]",1.23
regenerated_new/6/H/case-111755_JAY_ANNOTATION.png,"[6,7]",1.22
regenerated_new/10/H/case-111755_JAY_ANNOTATION.png,"[10,11]",1.57
regenerated_new/11/H/case-111755_JAY_ANNOTATION.png,"[10,11]",1.56
regenerated_new/12/H/case-111755_JAY_ANNOTATION.png,"[12,13]",1.57
regenerated_new/1/H/case-111791_JAY_ANNOTATION.png,"[1,11]",1.4
regenerated_new/2/H/case-111791_JAY_ANNOTATION.png,"[2,4]",1.22
regenerated_new/6/H/case-111791_JAY_ANNOTATION.png,"[6,7]",1.22
regenerated_new/10/H/case-111791_JAY_ANNOTATION.png,"[10,11]",1.57
regenerated_new/12/H/case-111791_JAY_ANNOTATION.png,"[12,13]",1.57
regenerated_new/13/H/case-111791_JAY_ANNOTATION.png,"[12,13]",1.57
regenerated_new/1/H/case-111819_JAY_ANNOTATION.png,"[1,1]",1.22
regenerated_new/2/H/case-111819_JAY_ANNOTATION.png,"[2,4]",1.22
regenerated_new/3/H/case-111819_JAY_ANNOTATION.png,"[2,3]",1.22
regenerated_new/10/H/case-111819_JAY_ANNOTATION.png,"[10,11]",1.57
regenerated_new/11/H/case-111819_JAY_ANNOTATION.png,"[11,12]",1.57
regenerated_new/12/H/case-111819_JAY_ANNOTATION.png,"[12,13]",1.57
regenerated_new/13/H/case-111819_JAY_ANNOTATION.png,"[12,13]",1.57
regenerated_new/1/H/case-111830_JAY_ANNOTATION.png,"[1,11]",1.4
regenerated_new/10/H/case-111830_JAY_ANNOTATION.png,"[10,11]",1.57
regenerated_new/11/H/case-111830_JAY_ANNOTATION.png,"[11,12]",1.57
regenerated_new/12/H/case-111830_JAY_ANNOTATION.png,"[12,13]",1.57
regenerated_new/13/H/case-111830_JAY_ANNOTATION.png,"[12,13]",1.57
regenerated_new/1/H/case-111863_JAY_ANNOTATION.png,"[1,10]",1.4
regenerated_new/2/H/case-111863_JAY_ANNOTATION.png,"[2,3]",1.22
regenerated_new/6/H/case-111863_JAY_ANNOTATION.png,"[2,6]",1.22
regenerated_new/11/H/case-111863_JAY_ANNOTATION.png,"[11,12]",1.56
regenerated_new/12/H/case-111863_JAY_ANNOTATION.png,"[12,13]",1.56
regenerated_new/13/H/case-111863_JAY_ANNOTATION.png,"[12,13]",1.56
regenerated_new/1/H/case-111923_JAY_ANNOTATION.png,"[1,11]",1.39
regenerated_new/2/H/case-111923_JAY_ANNOTATION.png,"[2,6]",1.22
regenerated_new/6/H/case-111923_JAY_ANNOTATION.png,"[6,7]",1.21
regenerated_new/10/H/case-111923_JAY_ANNOTATION.png,"[10,11]",1.55
regenerated_new/11/H/case-111923_JAY_ANNOTATION.png,"[10,11]",1.56
regenerated_new/12/H/case-111923_JAY_ANNOTATION.png,"[12,13]",1.57
regenerated_new/1/H/case-112038_JAY_ANNOTATION.png,"[1,2]",1.23
regenerated_new/2/H/case-112038_JAY_ANNOTATION.png,"[2,4]",1.23
regenerated_new/10/H/case-112038_JAY_ANNOTATION.png,"[10,11]",1.56
regenerated_new/11/H/case-112038_JAY_ANNOTATION.png,"[10,11]",1.56
regenerated_new/13/H/case-112038_JAY_ANNOTATION.png,"[12,13]",1.56
regenerated_new/1/H/case-112071_JAY_ANNOTATION.png,"[1,10]",1.39
regenerated_new/10/H/case-112071_JAY_ANNOTATION.png,"[10,11]",1.56
regenerated_new/11/H/case-112071_JAY_ANNOTATION.png,"[10,11]",1.56
regenerated_new/12/H/case-112071_JAY_ANNOTATION.png,"[12,13]",1.56
regenerated_new/1/H/case-112086_JAY_ANNOTATION.png,"[1,1]",1.23
regenerated_new/2/H/case-112086_JAY_ANNOTATION.png,"[2,4]",1.22
regenerated_new/7/H/case-112086_JAY_ANNOTATION.png,"[6,7]",1.22
regenerated_new/11/H/case-112086_JAY_ANNOTATION.png,"[11,12]",1.56
regenerated_new/12/H/case-112086_JAY_ANNOTATION.png,"[12,13]",1.56
regenerated_new/13/H/case-112086_JAY_ANNOTATION.png,"[12,13]",1.57
regenerated_new/1/H/case-112092_JAY_ANNOTATION.png,"[1,11]",1.39
regenerated_new/2/H/case-112092_JAY_ANNOTATION.png,"[2,4]",1.22
regenerated_new/6/H/case-112092_JAY_ANNOTATION.png,"[6,7]",1.22
regenerated_new/10/H/case-112092_JAY_ANNOTATION.png,"[1,10]",1.39
regenerated_new/11/H/case-112092_JAY_ANNOTATION.png,"[11,12]",1.56
regenerated_new/12/H/case-112092_JAY_ANNOTATION.png,"[12,13]",1.56
regenerated_new/13/H/case-112092_JAY_ANNOTATION.png,"[12,13]",1.56
regenerated_new/1/H/case-112132_JAY_ANNOTATION.png,"[1,1]",1.22
regenerated_new/2/H/case-112132_JAY_ANNOTATION.png,"[2,4]",1.22
regenerated_new/7/H/case-112132_JAY_ANNOTATION.png,"[6,7]",1.22
regenerated_new/10/H/case-112132_JAY_ANNOTATION.png,"[10,11]",1.56
regenerated_new/11/H/case-112132_JAY_ANNOTATION.png,"[11,12]",1.56
regenerated_new/12/H/case-112132_JAY_ANNOTATION.png,"[12,13]",1.56
regenerated_new/13/H/case-112132_JAY_ANNOTATION.png,"[12,13]",1.56
regenerated_new/1/H/case-112180_JAY_ANNOTATION.png,"[1,11]",1.39
regenerated_new/2/H/case-112180_JAY_ANNOTATION.png,"[2,4]",1.22
regenerated_new/10/H/case-112180_JAY_ANNOTATION.png,"[10,11]",1.56
regenerated_new/11/H/case-112180_JAY_ANNOTATION.png,"[10,11]",1.56
regenerated_new/1/H/case-112208_JAY_ANNOTATION.png,"[1,10]",1.39
regenerated_new/2/H/case-112208_JAY_ANNOTATION.png,"[2,6]",1.22
regenerated_new/10/H/case-112208_JAY_ANNOTATION.png,"[1,10]",1.39
regenerated_new/11/H/case-112208_JAY_ANNOTATION.png,"[10,11]",1.56
regenerated_new/12/H/case-112208_JAY_ANNOTATION.png,"[12,13]",1.56
regenerated_new/13/H/case-112208_JAY_ANNOTATION.png,"[12,13]",1.56
regenerated_new/1/H/case-112234_JAY_ANNOTATION.png,"[1,2]",1.22
regenerated_new/2/H/case-112234_JAY_ANNOTATION.png,"[2,6]",1.22
regenerated_new/10/H/case-112234_JAY_ANNOTATION.png,"[10,11]",1.56
regenerated_new/11/H/case-112234_JAY_ANNOTATION.png,"[10,11]",1.56
regenerated_new/12/H/case-112234_JAY_ANNOTATION.png,"[12,13]",1.56
regenerated_new/1/H/case-112249_JAY_ANNOTATION.png,"[1,2]",1.22
regenerated_new/2/H/case-112249_JAY_ANNOTATION.png,"[2,6]",1.22
regenerated_new/10/H/case-112249_JAY_ANNOTATION.png,"[10,11]",1.56
regenerated_new/11/H/case-112249_JAY_ANNOTATION.png,"[10,11]",1.56
regenerated_new/12/H/case-112249_JAY_ANNOTATION.png,"[12,13]",1.57
regenerated_new/13/H/case-112249_JAY_ANNOTATION.png,"[12,13]",1.57
regenerated_new/1/H/case-112292_JAY_ANNOTATION.png,"[1,11]",1.39
regenerated_new/2/H/case-112292_JAY_ANNOTATION.png,"[2,6]",1.22
regenerated_new/7/H/case-112292_JAY_ANNOTATION.png,"[6,7]",1.22
regenerated_new/10/H/case-112292_JAY_ANNOTATION.png,"[10,11]",1.56
regenerated_new/11/H/case-112292_JAY_ANNOTATION.png,"[10,11]",1.56
regenerated_new/12/H/case-112292_JAY_ANNOTATION.png,"[12,13]",1.56
regenerated_new/13/H/case-112292_JAY_ANNOTATION.png,"[12,13]",1.56
regenerated_new/1/H/case-112297_JAY_ANNOTATION.png,"[1,10]",1.39
regenerated_new/2/H/case-112297_JAY_ANNOTATION.png,"[2,3]",1.22
regenerated_new/3/H/case-112297_JAY_ANNOTATION.png,"[2,3]",1.22
regenerated_new/6/H/case-112297_JAY_ANNOTATION.png,"[6,7]",1.22
regenerated_new/7/H/case-112297_JAY_ANNOTATION.png,"[6,7]",1.22
regenerated_new/10/H/case-112297_JAY_ANNOTATION.png,"[10,11]",1.57
regenerated_new/11/H/case-112297_JAY_ANNOTATION.png,"[10,11]",1.57
regenerated_new/12/H/case-112297_JAY_ANNOTATION.png,"[12,13]",1.56
regenerated_new/13/H/case-112297_JAY_ANNOTATION.png,"[12,13]",1.56
regenerated_new/1/H/case-112348_JAY_ANNOTATION.png,"[1,1]",1.22
regenerated_new/2/H/case-112348_JAY_ANNOTATION.png,"[2,6]",1.22
regenerated_new/6/H/case-112348_JAY_ANNOTATION.png,"[6,7]",1.22
regenerated_new/10/H/case-112348_JAY_ANNOTATION.png,"[10,11]",1.56
regenerated_new/11/H/case-112348_JAY_ANNOTATION.png,"[10,11]",1.57
regenerated_new/12/H/case-112348_JAY_ANNOTATION.png,"[12,13]",1.56
regenerated_new/13/H/case-112348_JAY_ANNOTATION.png,"[12,13]",1.56
regenerated_new/1/H/case-112364_JAY_ANNOTATION.png,"[1,11]",1.39
regenerated_new/2/H/case-112364_JAY_ANNOTATION.png,"[2,6]",1.22
regenerated_new/11/H/case-112364_JAY_ANNOTATION.png,"[11,12]",1.56
regenerated_new/12/H/case-112364_JAY_ANNOTATION.png,"[11,12]",1.56
regenerated_new/13/H/case-112364_JAY_ANNOTATION.png,"[12,13]",1.56
regenerated_new/1/H/case-112387_JAY_ANNOTATION.png,"[1,1]",1.22
regenerated_new/6/H/case-112387_JAY_ANNOTATION.png,"[6,7]",1.22
regenerated_new/10/H/case-112387_JAY_ANNOTATION.png,"[10,11]",1.56
regenerated_new/11/H/case-112387_JAY_ANNOTATION.png,"[10,11]",1.56
regenerated_new/12/H/case-112387_JAY_ANNOTATION.png,"[12,13]",1.56
regenerated_new/13/H/case-112387_JAY_ANNOTATION.png,"[12,13]",1.56
regenerated_new/1/H/case-112425_JAY_ANNOTATION.png,"[1,10]",1.39
regenerated_new/2/H/case-112425_JAY_ANNOTATION.png,"[2,3]",1.22
regenerated_new/3/H/case-112425_JAY_ANNOTATION.png,"[2,3]",1.22
regenerated_new/7/H/case-112425_JAY_ANNOTATION.png,"[6,7]",1.22
regenerated_new/10/H/case-112425_JAY_ANNOTATION.png,"[10,11]",1.56
regenerated_new/11/H/case-112425_JAY_ANNOTATION.png,"[10,11]",1.57
regenerated_new/12/H/case-112425_JAY_ANNOTATION.png,"[12,13]",1.56
regenerated_new/13/H/case-112425_JAY_ANNOTATION.png,"[12,13]",1.57
regenerated_new/1/H/case-112437_JAY_ANNOTATION.png,"[1,11]",1.39
regenerated_new/2/H/case-112437_JAY_ANNOTATION.png,"[2,6]",1.22
regenerated_new/3/H/case-112437_JAY_ANNOTATION.png,"[2,3]",1.22
regenerated_new/7/H/case-112437_JAY_ANNOTATION.png,"[6,7]",1.22
regenerated_new/10/H/case-112437_JAY_ANNOTATION.png,"[10,11]",1.56
regenerated_new/11/H/case-112437_JAY_ANNOTATION.png,"[10,11]",1.56
regenerated_new/12/H/case-112437_JAY_ANNOTATION.png,"[12,13]",1.57
regenerated_new/13/H/case-112437_JAY_ANNOTATION.png,"[12,13]",1.56
regenerated_new/1/H/case-112453_JAY_ANNOTATION.png,"[1,10]",1.39
regenerated_new/2/H/case-112453_JAY_ANNOTATION.png,"[2,6]",1.22
regenerated_new/10/H/case-112453_JAY_ANNOTATION.png,"[10,11]",1.56
regenerated_new/11/H/case-112453_JAY_ANNOTATION.png,"[10,11]",1.56
regenerated_new/12/H/case-112453_JAY_ANNOTATION.png,"[11,12]",1.56
regenerated_new/13/H/case-112453_JAY_ANNOTATION.png,"[12,13]",1.56
regenerated_new/1/H/case-112536_JAY_ANNOTATION.png,"[1,1]",1.22
regenerated_new/2/H/case-112536_JAY_ANNOTATION.png,"[2,6]",1.22
regenerated_new/11/H/case-112536_JAY_ANNOTATION.png,"[11,12]",1.56
regenerated_new/12/H/case-112536_JAY_ANNOTATION.png,"[12,13]",1.56
regenerated_new/13/H/case-112536_JAY_ANNOTATION.png,"[12,13]",1.57
regenerated_new/1/H/case-112545_JAY_ANNOTATION.png,"[1,2]",1.22
regenerated_new/2/H/case-112545_JAY_ANNOTATION.png,"[2,6]",1.22
regenerated_new/3/H/case-112545_JAY_ANNOTATION.png,"[2,3]",1.22
regenerated_new/10/H/case-112545_JAY_ANNOTATION.png,"[10,11]",1.57
regenerated_new/11/H/case-112545_JAY_ANNOTATION.png,"[10,11]",1.57
regenerated_new/12/H/case-112545_JAY_ANNOTATION.png,"[11,12]",1.57
regenerated_new/13/H/case-112545_JAY_ANNOTATION.png,"[12,13]",1.57
regenerated_new/1/H/case-112559_JAY_ANNOTATION.png,"[1,1]",1.23
regenerated_new/2/H/case-112559_JAY_ANNOTATION.png,"[2,4]",1.23
regenerated_new/7/H/case-112559_JAY_ANNOTATION.png,"[6,7]",1.22
regenerated_new/12/H/case-112559_JAY_ANNOTATION.png,"[12,13]",1.56
regenerated_new/3/H/case-100114_JAY_ANNOTATION.png,"[2,10]",40.32
regenerated_new/4/H/case-100114_JAY_ANNOTATION.png,"[10,11]",35.43
regenerated_new/5/H/case-100114_JAY_ANNOTATION.png,"[3,14]",44.38
regenerated_new/8/H/case-100114_JAY_ANNOTATION.png,"[2,3]",33.38
regenerated_new/9/H/case-100114_JAY_ANNOTATION.png,"[10,14]",37.32
regenerated_new/10/H/case-100114_JAY_ANNOTATION.png,"[2,3]",36.29
regenerated_new/14/H/case-100114_JAY_ANNOTATION.png,"[10,14]",33.56
regenerated_new/4/H/case-100129_JAY_ANNOTATION.png,"[10,14]",42.5
regenerated_new/5/H/case-100129_JAY_ANNOTATION.png,"[10,11]",39.4
regenerated_new/6/H/case-100129_JAY_ANNOTATION.png,"[14,13]",34.65
regenerated_new/7/H/case-100129_JAY_ANNOTATION.png,"[10,14]",37.05
regenerated_new/8/H/case-100129_JAY_ANNOTATION.png,"[10,14]",34.83
regenerated_new/9/H/case-100129_JAY_ANNOTATION.png,"[10,11]",33.96
regenerated_new/14/H/case-100129_JAY_ANNOTATION.png,"[12,13]",34.85
regenerated_new/3/H/case-100164_JAY_ANNOTATION.png,"[10,11]",44.27
regenerated_new/4/H/case-100164_JAY_ANNOTATION.png,"[10,14]",38.59
regenerated_new/5/H/case-100164_JAY_ANNOTATION.png,"[10,14]",44.6
regenerated_new/7/H/case-100164_JAY_ANNOTATION.png,"[10,11]",38.9
regenerated_new/8/H/case-100164_JAY_ANNOTATION.png,"[4,10]",47.95
regenerated_new/9/H/case-100164_JAY_ANNOTATION.png,"[10,2]",30.92
regenerated_new/11/H/case-100164_JAY_ANNOTATION.png,"[10,11]",36.76
regenerated_new/14/H/case-100164_JAY_ANNOTATION.png,"[2,3]",34.94
regenerated_new/3/H/case-100229_JAY_ANNOTATION.png,"[2,10]",36.04
regenerated_new/4/H/case-100229_JAY_ANNOTATION.png,"[10,14]",32.45
regenerated_new/5/H/case-100229_JAY_ANNOTATION.png,"[10,14]",41.68
regenerated_new/6/H/case-100229_JAY_ANNOTATION.png,"[10,14]",34.32
regenerated_new/7/H/case-100229_JAY_ANNOTATION.png,"[10,14]",38.57
regenerated_new/8/H/case-100229_JAY_ANNOTATION.png,"[10,14]",36.73
regenerated_new/9/H/case-100229_JAY_ANNOTATION.png,"[10,14]",36.18
regenerated_new/12/H/case-100229_JAY_ANNOTATION.png,"[2,3]",36.46
regenerated_new/14/H/case-100229_JAY_ANNOTATION.png,"[10,11]",42.98
regenerated_new/2/H/case-100245_JAY_ANNOTATION.png,"[2,10]",32.21
regenerated_new/3/H/case-100245_JAY_ANNOTATION.png,"[10,14]",31.2
regenerated_new/4/H/case-100245_JAY_ANNOTATION.png,"[10,14]",36.48
regenerated_new/5/H/case-100245_JAY_ANNOTATION.png,"[10,14]",29.97
regenerated_new/6/H/case-100245_JAY_ANNOTATION.png,"[10,14]",34.54
regenerated_new/7/H/case-100245_JAY_ANNOTATION.png,"[12,14]",41.53
regenerated_new/8/H/case-100245_JAY_ANNOTATION.png,"[3,10]",32.2
regenerated_new/9/H/case-100245_JAY_ANNOTATION.png,"[12,13]",40.56
regenerated_new/12/H/case-100245_JAY_ANNOTATION.png,"[11,13]",40.42
regenerated_new/14/H/case-100245_JAY_ANNOTATION.png,"[10,14]",41.79
regenerated_new/3/H/case-100247_JAY_ANNOTATION.png,"[10,11]",34.09
regenerated_new/4/H/case-100247_JAY_ANNOTATION.png,"[10,14]",37.92
regenerated_new/5/H/case-100247_JAY_ANNOTATION.png,"[10,14]",31.71
regenerated_new/7/H/case-100247_JAY_ANNOTATION.png,"[12,13]",50.99
regenerated_new/8/H/case-100247_JAY_ANNOTATION.png,"[12,13]",33.28
regenerated_new/9/H/case-100247_JAY_ANNOTATION.png,"[10,14]",41.33
regenerated_new/11/H/case-100247_JAY_ANNOTATION.png,"[10,11]",32.78
regenerated_new/12/H/case-100247_JAY_ANNOTATION.png,"[2,3]",33.59
regenerated_new/14/H/case-100247_JAY_ANNOTATION.png,"[12,13]",43.98
regenerated_new/4/H/case-100254_JAY_ANNOTATION.png,"[2,3]",36.04
regenerated_new/5/H/case-100254_JAY_ANNOTATION.png,"[10,14]",40.89
regenerated_new/6/H/case-100254_JAY_ANNOTATION.png,"[10,14]",38.37
regenerated_new/7/H/case-100254_JAY_ANNOTATION.png,"[10,11]",36.0
regenerated_new/8/H/case-100254_JAY_ANNOTATION.png,"[10,14]",42.74
regenerated_new/9/H/case-100254_JAY_ANNOTATION.png,"[10,11]",37.94
regenerated_new/10/H/case-100254_JAY_ANNOTATION.png,"[10,11]",35.04
regenerated_new/11/H/case-100254_JAY_ANNOTATION.png,"[2,3]",33.0
regenerated_new/14/H/case-100254_JAY_ANNOTATION.png,"[10,14]",30.65
regenerated_new/3/H/case-100265_JAY_ANNOTATION.png,"[2,10]",39.39
regenerated_new/4/H/case-100265_JAY_ANNOTATION.png,"[2,10]",41.86
regenerated_new/5/H/case-100265_JAY_ANNOTATION.png,"[10,11]",33.97
regenerated_new/6/H/case-100265_JAY_ANNOTATION.png,"[10,11]",40.61
regenerated_new/7/H/case-100265_JAY_ANNOTATION.png,"[10,14]",36.18
regenerated_new/8/H/case-100265_JAY_ANNOTATION.png,"[10,14]",43.71
regenerated_new/9/H/case-100265_JAY_ANNOTATION.png,"[10,14]",30.9
regenerated_new/14/H/case-100265_JAY_ANNOTATION.png,"[10,11]",33.55
regenerated_new/3/H/case-100304_JAY_ANNOTATION.png,"[2,10]",40.06
regenerated_new/4/H/case-100304_JAY_ANNOTATION.png,"[2,10]",35.42
regenerated_new/5/H/case-100304_JAY_ANNOTATION.png,"[10,14]",32.52
regenerated_new/6/H/case-100304_JAY_ANNOTATION.png,"[10,14]",42.85
regenerated_new/7/H/case-100304_JAY_ANNOTATION.png,"[10,14]",48.06
regenerated_new/8/H/case-100304_JAY_ANNOTATION.png,"[10,11]",41.98
regenerated_new/9/H/case-100304_JAY_ANNOTATION.png,"[10,14]",32.9
regenerated_new/14/H/case-100304_JAY_ANNOTATION.png,"[10,14]",38.18
regenerated_new/3/H/case-100308_JAY_ANNOTATION.png,"[2,10]",39.52
regenerated_new/4/H/case-100308_JAY_ANNOTATION.png,"[10,14]",39.62
regenerated_new/5/H/case-100308_JAY_ANNOTATION.png,"[10,12]",40.18
regenerated_new/7/H/case-100308_JAY_ANNOTATION.png,"[10,11]",31.35
regenerated_new/8/H/case-100308_JAY_ANNOTATION.png,"[2,3]",34.27
regenerated_new/9/H/case-100308_JAY_ANNOTATION.png,"[10,12]",35.35
regenerated_new/14/H/case-100308_JAY_ANNOTATION.png,"[2,3]",35.39
regenerated_new/3/H/case-100359_JAY_ANNOTATION.png,"[2,3]",31.48
regenerated_new/4/H/case-100359_JAY_ANNOTATION.png,"[2,3]",34.91
regenerated_new/5/H/case-100359_JAY_ANNOTATION.png,"[10,11]",43.85
regenerated_new/6/H/case-100359_JAY_ANNOTATION.png,"[10,14]",34.51
regenerated_new/8/H/case-100359_JAY_ANNOTATION.png,"[10,14]",38.27
regenerated_new/9/H/case-100359_JAY_ANNOTATION.png,"[10,11]",39.44
regenerated_new/13/H/case-100359_JAY_ANNOTATION.png,"[12,14]",36.98
regenerated_new/14/H/case-100359_JAY_ANNOTATION.png,"[12,14]",38.29
regenerated_new/2/H/case-100366_JAY_ANNOTATION.png,"[10,11]",46.98
regenerated_new/3/H/case-100366_JAY_ANNOTATION.png,"[10,14]",35.97
regenerated_new/4/H/case-100366_JAY_ANNOTATION.png,"[10,14]",30.49
regenerated_new/5/H/case-100366_JAY_ANNOTATION.png,"[10,14]",36.69
regenerated_new/6/H/case-100366_JAY_ANNOTATION.png,"[10,11]",33.69
regenerated_new/7/H/case-100366_JAY_ANNOTATION.png,"[2,10]",38.22
regenerated_new/8/H/case-100366_JAY_ANNOTATION.png,"[2,3]",36.97
regenerated_new/9/H/case-100366_JAY_ANNOTATION.png,"[3,10]",37.77
regenerated_new/14/H/case-100366_JAY_ANNOTATION.png,"[10,11]",32.41
regenerated_new/3/H/case-100369_JAY_ANNOTATION.png,"[2,10]",36.94
regenerated_new/4/H/case-100369_JAY_ANNOTATION.png,"[10,14]",41.05
regenerated_new/5/H/case-100369_JAY_ANNOTATION.png,"[10,14]",38.83
regenerated_new/7/H/case-100369_JAY_ANNOTATION.png,"[10,14]",29.9
regenerated_new/8/H/case-100369_JAY_ANNOTATION.png,"[2,3]",31.31
regenerated_new/9/H/case-100369_JAY_ANNOTATION.png,"[10,11]",42.29
regenerated_new/14/H/case-100369_JAY_ANNOTATION.png,"[10,11]",37.88
regenerated_new/3/H/case-100371_JAY_ANNOTATION.png,"[3,10]",39.18
regenerated_new/4/H/case-100371_JAY_ANNOTATION.png,"[10,2]",37.64
regenerated_new/5/H/case-100371_JAY_ANNOTATION.png,"[10,14]",43.14
regenerated_new/7/H/case-100371_JAY_ANNOTATION.png,"[10,14]",32.58
regenerated_new/8/H/case-100371_JAY_ANNOTATION.png,"[2,3]",34.82
regenerated_new/9/H/case-100371_JAY_ANNOTATION.png,"[2,5]",43.25
regenerated_new/14/H/case-100371_JAY_ANNOTATION.png,"[10,14]",35.55
regenerated_new/3/H/case-100515_JAY_ANNOTATION.png,"[10,11]",36.93
regenerated_new/4/H/case-100515_JAY_ANNOTATION.png,"[10,14]",42.72
regenerated_new/5/H/case-100515_JAY_ANNOTATION.png,"[10,2]",30.08
regenerated_new/6/H/case-100515_JAY_ANNOTATION.png,"[10,14]",42.34
regenerated_new/8/H/case-100515_JAY_ANNOTATION.png,"[10,14]",38.41
regenerated_new/9/H/case-100515_JAY_ANNOTATION.png,"[10,14]",42.69
regenerated_new/12/H/case-100515_JAY_ANNOTATION.png,"[2,3]",33.32
regenerated_new/14/H/case-100515_JAY_ANNOTATION.png,"[2,10]",35.21
regenerated_new/3/H/case-100518_JAY_ANNOTATION.png,"[2,10]",42.36
regenerated_new/4/H/case-100518_JAY_ANNOTATION.png,"[2,3]",34.31
regenerated_new/5/H/case-100518_JAY_ANNOTATION.png,"[10,11]",41.0
regenerated_new/8/H/case-100518_JAY_ANNOTATION.png,"[10,11]",38.3
regenerated_new/9/H/case-100518_JAY_ANNOTATION.png,"[2,3]",38.06
regenerated_new/10/H/case-100518_JAY_ANNOTATION.png,"[10,11]",38.39
regenerated_new/14/H/case-100518_JAY_ANNOTATION.png,"[11,13]",38.76
regenerated_new/3/H/case-100541_JAY_ANNOTATION.png,"[10,11]",36.58
regenerated_new/4/H/case-100541_JAY_ANNOTATION.png,"[10,11]",42.78
regenerated_new/5/H/case-100541_JAY_ANNOTATION.png,"[2,3]",34.22
regenerated_new/7/H/case-100541_JAY_ANNOTATION.png,"[12,13]",46.55
regenerated_new/8/H/case-100541_JAY_ANNOTATION.png,"[2,3]",31.86
regenerated_new/9/H/case-100541_JAY_ANNOTATION.png,"[10,14]",39.54
regenerated_new/14/H/case-100541_JAY_ANNOTATION.png,"[10,14]",39.72
regenerated_new/4/H/case-100585_JAY_ANNOTATION.png,"[10,14]",36.64
regenerated_new/5/H/case-100585_JAY_ANNOTATION.png,"[10,11]",35.65
regenerated_new/6/H/case-100585_JAY_ANNOTATION.png,"[10,14]",44.94
regenerated_new/7/H/case-100585_JAY_ANNOTATION.png,"[10,11]",34.63
regenerated_new/8/H/case-100585_JAY_ANNOTATION.png,"[2,3]",32.43
regenerated_new/9/H/case-100585_JAY_ANNOTATION.png,"[10,14]",45.94
regenerated_new/14/H/case-100585_JAY_ANNOTATION.png,"[10,11]",36.46
regenerated_new/3/H/case-100591_JAY_ANNOTATION.png,"[2,10]",31.85
regenerated_new/4/H/case-100591_JAY_ANNOTATION.png,"[10,11]",41.29
regenerated_new/5/H/case-100591_JAY_ANNOTATION.png,"[10,14]",37.73
regenerated_new/6/H/case-100591_JAY_ANNOTATION.png,"[10,14]",40.48
regenerated_new/7/H/case-100591_JAY_ANNOTATION.png,"[10,14]",32.74
regenerated_new/8/H/case-100591_JAY_ANNOTATION.png,"[10,14]",37.42
regenerated_new/9/H/case-100591_JAY_ANNOTATION.png,"[2,10]",41.68
regenerated_new/14/H/case-100591_JAY_ANNOTATION.png,"[10,13]",41.76
regenerated_new/4/H/case-100702_JAY_ANNOTATION.png,"[10,14]",36.82
regenerated_new/5/H/case-100702_JAY_ANNOTATION.png,"[10,11]",39.22
regenerated_new/6/H/case-100702_JAY_ANNOTATION.png,"[10,14]",33.73
regenerated_new/7/H/case-100702_JAY_ANNOTATION.png,"[10,2]",38.85
regenerated_new/8/H/case-100702_JAY_ANNOTATION.png,"[2,10]",35.9
regenerated_new/9/H/case-100702_JAY_ANNOTATION.png,"[10,2]",37.72
regenerated_new/14/H/case-100702_JAY_ANNOTATION.png,"[10,12]",36.86
regenerated_new/2/H/case-100770_JAY_ANNOTATION.png,"[2,4]",34.42
regenerated_new/3/H/case-100770_JAY_ANNOTATION.png,"[10,11]",34.95
regenerated_new/4/H/case-100770_JAY_ANNOTATION.png,"[10,11]",34.45
regenerated_new/5/H/case-100770_JAY_ANNOTATION.png,"[10,11]",37.7
regenerated_new/7/H/case-100770_JAY_ANNOTATION.png,"[10,14]",38.99
regenerated_new/8/H/case-100770_JAY_ANNOTATION.png,"[10,14]",35.65
regenerated_new/9/H/case-100770_JAY_ANNOTATION.png,"[2,10]",44.32
regenerated_new/14/H/case-100770_JAY_ANNOTATION.png,"[10,14]",39.33
regenerated_new/3/H/case-100779_JAY_ANNOTATION.png,"[10,11]",37.5
regenerated_new/4/H/case-100779_JAY_ANNOTATION.png,"[12,14]",33.3
regenerated_new/5/H/case-100779_JAY_ANNOTATION.png,"[10,14]",41.5
regenerated_new/8/H/case-100779_JAY_ANNOTATION.png,"[10,14]",39.77
regenerated_new/9/H/case-100779_JAY_ANNOTATION.png,"[10,14]",34.22
regenerated_new/12/H/case-100779_JAY_ANNOTATION.png,"[2,3]",38.34
regenerated_new/14/H/case-100779_JAY_ANNOTATION.png,"[13,14]",40.92
regenerated_new/3/H/case-100863_JAY_ANNOTATION.png,"[10,11]",37.41
regenerated_new/4/H/case-100863_JAY_ANNOTATION.png,"[10,14]",40.53
regenerated_new/5/H/case-100863_JAY_ANNOTATION.png,"[2,10]",28.11
regenerated_new/6/H/case-100863_JAY_ANNOTATION.png,"[12,14]",39.92
regenerated_new/7/H/case-100863_JAY_ANNOTATION.png,"[10,12]",36.22
regenerated_new/8/H/case-100863_JAY_ANNOTATION.png,"[2,3]",32.8
regenerated_new/9/H/case-100863_JAY_ANNOTATION.png,"[2,3]",35.72
regenerated_new/14/H/case-100863_JAY_ANNOTATION.png,"[15,15]",34.28
regenerated_new/3/H/case-100915_JAY_ANNOTATION.png,"[10,11]",33.89
regenerated_new/4/H/case-100915_JAY_ANNOTATION.png,"[10,14]",39.31
regenerated_new/5/H/case-100915_JAY_ANNOTATION.png,"[10,14]",34.34
regenerated_new/8/H/case-100915_JAY_ANNOTATION.png,"[10,11]",34.09
regenerated_new/9/H/case-100915_JAY_ANNOTATION.png,"[3,13]",34.82
regenerated_new/12/H/case-100915_JAY_ANNOTATION.png,"[11,12]",38.87
regenerated_new/14/H/case-100915_JAY_ANNOTATION.png,"[12,14]",45.98
regenerated_new/3/H/case-100917_JAY_ANNOTATION.png,"[10,11]",38.51
regenerated_new/4/H/case-100917_JAY_ANNOTATION.png,"[10,3]",35.07
regenerated_new/5/H/case-100917_JAY_ANNOTATION.png,"[15,15]",42.3
regenerated_new/6/H/case-100917_JAY_ANNOTATION.png,"[10,11]",31.27
regenerated_new/7/H/case-100917_JAY_ANNOTATION.png,"[10,14]",37.49
regenerated_new/8/H/case-100917_JAY_ANNOTATION.png,"[10,14]",38.52
regenerated_new/9/H/case-100917_JAY_ANNOTATION.png,"[10,3]",34.42
regenerated_new/14/H/case-100917_JAY_ANNOTATION.png,"[10,11]",34.74
regenerated_new/3/H/case-101045_JAY_ANNOTATION.png,"[2,3]",32.9
regenerated_new/4/H/case-101045_JAY_ANNOTATION.png,"[2,10]",37.83
regenerated_new/5/H/case-101045_JAY_ANNOTATION.png,"[10,2]",39.04
regenerated_new/7/H/case-101045_JAY_ANNOTATION.png,"[10,14]",32.65
regenerated_new/8/H/case-101045_JAY_ANNOTATION.png,"[12,13]",40.56
regenerated_new/9/H/case-101045_JAY_ANNOTATION.png,"[2,3]",32.31
regenerated_new/14/H/case-101045_JAY_ANNOTATION.png,"[11,12]",34.86
regenerated_new/2/H/case-101074_JAY_ANNOTATION.png,"[10,14]",36.93
regenerated_new/3/H/case-101074_JAY_ANNOTATION.png,"[2,10]",35.19
regenerated_new/4/H/case-101074_JAY_ANNOTATION.png,"[10,2]",35.92
regenerated_new/5/H/case-101074_JAY_ANNOTATION.png,"[3,14]",40.54
regenerated_new/6/H/case-101074_JAY_ANNOTATION.png,"[10,14]",33.11
regenerated_new/7/H/case-101074_JAY_ANNOTATION.png,"[10,14]",38.58
regenerated_new/8/H/case-101074_JAY_ANNOTATION.png,"[10,14]",48.76
regenerated_new/9/H/case-101074_JAY_ANNOTATION.png,"[10,14]",35.21
regenerated_new/14/H/case-101074_JAY_ANNOTATION.png,"[10,14]",34.81
regenerated_new/3/H/case-101133_JAY_ANNOTATION.png,"[2,10]",31.24
regenerated_new/4/H/case-101133_JAY_ANNOTATION.png,"[2,3]",40.36
regenerated_new/5/H/case-101133_JAY_ANNOTATION.png,"[2,10]",41.98
regenerated_new/6/H/case-101133_JAY_ANNOTATION.png,"[10,11]",38.87
regenerated_new/7/H/case-101133_JAY_ANNOTATION.png,"[10,14]",35.43
regenerated_new/8/H/case-101133_JAY_ANNOTATION.png,"[2,3]",38.18
regenerated_new/9/H/case-101133_JAY_ANNOTATION.png,"[10,14]",36.47
regenerated_new/14/H/case-101133_JAY_ANNOTATION.png,"[10,14]",40.74
regenerated_new/2/H/case-101195_JAY_ANNOTATION.png,"[10,14]",33.22
regenerated_new/3/H/case-101195_JAY_ANNOTATION.png,"[10,12]",31.74
regenerated_new/4/H/case-101195_JAY_ANNOTATION.png,"[10,11]",46.08
regenerated_new/5/H/case-101195_JAY_ANNOTATION.png,"[2,3]",42.08
regenerated_new/8/H/case-101195_JAY_ANNOTATION.png,"[10,14]",32.95
regenerated_new/9/H/case-101195_JAY_ANNOTATION.png,"[12,13]",42.08
regenerated_new/14/H/case-101195_JAY_ANNOTATION.png,"[2,3]",31.82
regenerated_new/3/H/case-101206_JAY_ANNOTATION.png,"[2,10]",36.79
regenerated_new/4/H/case-101206_JAY_ANNOTATION.png,"[2,3]",41.93
regenerated_new/5/H/case-101206_JAY_ANNOTATION.png,"[10,11]",43.18
regenerated_new/6/H/case-101206_JAY_ANNOTATION.png,"[15,15]",38.26
regenerated_new/8/H/case-101206_JAY_ANNOTATION.png,"[10,3]",34.82
regenerated_new/9/H/case-101206_JAY_ANNOTATION.png,"[12,14]",37.06
regenerated_new/14/H/case-101206_JAY_ANNOTATION.png,"[10,13]",43.41
regenerated_new/3/H/case-101362_JAY_ANNOTATION.png,"[10,14]",34.16
regenerated_new/4/H/case-101362_JAY_ANNOTATION.png,"[10,11]",34.84
regenerated_new/5/H/case-101362_JAY_ANNOTATION.png,"[10,2]",32.46
regenerated_new/6/H/case-101362_JAY_ANNOTATION.png,"[10,14]",36.28
regenerated_new/7/H/case-101362_JAY_ANNOTATION.png,"[10,11]",40.09
regenerated_new/8/H/case-101362_JAY_ANNOTATION.png,"[10,14]",35.95
regenerated_new/9/H/case-101362_JAY_ANNOTATION.png,"[10,11]",34.69
regenerated_new/14/H/case-101362_JAY_ANNOTATION.png,"[10,14]",37.56
regenerated_new/3/H/case-101367_JAY_ANNOTATION.png,"[3,10]",40.57
regenerated_new/4/H/case-101367_JAY_ANNOTATION.png,"[10,14]",40.79
regenerated_new/5/H/case-101367_JAY_ANNOTATION.png,"[10,14]",38.53
regenerated_new/6/H/case-101367_JAY_ANNOTATION.png,"[10,14]",38.53
regenerated_new/7/H/case-101367_JAY_ANNOTATION.png,"[10,14]",44.09
regenerated_new/8/H/case-101367_JAY_ANNOTATION.png,"[4,5]",36.03
regenerated_new/9/H/case-101367_JAY_ANNOTATION.png,"[4,5]",43.21
regenerated_new/11/H/case-101367_JAY_ANNOTATION.png,"[10,11]",38.59
regenerated_new/14/H/case-101367_JAY_ANNOTATION.png,"[2,3]",35.33
regenerated_new/3/H/case-101409_JAY_ANNOTATION.png,"[2,10]",40.73
regenerated_new/4/H/case-101409_JAY_ANNOTATION.png,"[10,11]",34.82
regenerated_new/5/H/case-101409_JAY_ANNOTATION.png,"[10,14]",38.06
regenerated_new/6/H/case-101409_JAY_ANNOTATION.png,"[10,11]",38.26
regenerated_new/8/H/case-101409_JAY_ANNOTATION.png,"[10,14]",43.57
regenerated_new/9/H/case-101409_JAY_ANNOTATION.png,"[10,14]",34.01
regenerated_new/10/H/case-101409_JAY_ANNOTATION.png,"[10,11]",35.7
regenerated_new/11/H/case-101409_JAY_ANNOTATION.png,"[10,11]",41.54
regenerated_new/14/H/case-101409_JAY_ANNOTATION.png,"[2,3]",30.08
regenerated_new/2/H/case-101413_JAY_ANNOTATION.png,"[10,11]",34.86
regenerated_new/3/H/case-101413_JAY_ANNOTATION.png,"[10,11]",37.87
regenerated_new/4/H/case-101413_JAY_ANNOTATION.png,"[10,14]",40.57
regenerated_new/5/H/case-101413_JAY_ANNOTATION.png,"[10,14]",36.43
regenerated_new/6/H/case-101413_JAY_ANNOTATION.png,"[10,14]",38.62
regenerated_new/7/H/case-101413_JAY_ANNOTATION.png,"[10,14]",39.23
regenerated_new/8/H/case-101413_JAY_ANNOTATION.png,"[2,3]",33.46
regenerated_new/9/H/case-101413_JAY_ANNOTATION.png,"[2,3]",31.92
regenerated_new/14/H/case-101413_JAY_ANNOTATION.png,"[10,11]",40.44
regenerated_new/3/H/case-101447_JAY_ANNOTATION.png,"[2,4]",30.73
regenerated_new/4/H/case-101447_JAY_ANNOTATION.png,"[2,3]",31.46
regenerated_new/5/H/case-101447_JAY_ANNOTATION.png,"[10,14]",36.1
regenerated_new/7/H/case-101447_JAY_ANNOTATION.png,"[10,4]",35.0
regenerated_new/8/H/case-101447_JAY_ANNOTATION.png,"[10,14]",37.92
regenerated_new/9/H/case-101447_JAY_ANNOTATION.png,"[10,11]",40.22
regenerated_new/10/H/case-101447_JAY_ANNOTATION.png,"[10,11]",38.89
regenerated_new/14/H/case-101447_JAY_ANNOTATION.png,"[2,3]",32.07
regenerated_new/2/H/case-101510_JAY_ANNOTATION.png,"[2,3]",37.5
regenerated_new/3/H/case-101510_JAY_ANNOTATION.png,"[10,14]",36.63
regenerated_new/4/H/case-101510_JAY_ANNOTATION.png,"[2,3]",29.43
regenerated_new/5/H/case-101510_JAY_ANNOTATION.png,"[10,14]",36.61
regenerated_new/6/H/case-101510_JAY_ANNOTATION.png,"[10,14]",31.21
regenerated_new/8/H/case-101510_JAY_ANNOTATION.png,"[10,2]",37.26
regenerated_new/9/H/case-101510_JAY_ANNOTATION.png,"[10,14]",38.48
regenerated_new/14/H/case-101510_JAY_ANNOTATION.png,"[10,14]",45.95
regenerated_new/2/H/case-101540_JAY_ANNOTATION.png,"[10,11]",42.5
regenerated_new/3/H/case-101540_JAY_ANNOTATION.png,"[10,11]",38.93
regenerated_new/4/H/case-101540_JAY_ANNOTATION.png,"[10,14]",54.28
regenerated_new/5/H/case-101540_JAY_ANNOTATION.png,"[2,10]",34.56
regenerated_new/6/H/case-101540_JAY_ANNOTATION.png,"[10,14]",31.5
regenerated_new/7/H/case-101540_JAY_ANNOTATION.png,"[10,11]",36.44
regenerated_new/8/H/case-101540_JAY_ANNOTATION.png,"[2,10]",29.97
regenerated_new/9/H/case-101540_JAY_ANNOTATION.png,"[10,14]",38.53
regenerated_new/10/H/case-101540_JAY_ANNOTATION.png,"[10,11]",36.3
regenerated_new/11/H/case-101540_JAY_ANNOTATION.png,"[2,3]",37.15
regenerated_new/14/H/case-101540_JAY_ANNOTATION.png,"[10,14]",38.33
regenerated_new/3/H/case-101581_JAY_ANNOTATION.png,"[10,4]",47.77
regenerated_new/4/H/case-101581_JAY_ANNOTATION.png,"[10,2]",30.17
regenerated_new/5/H/case-101581_JAY_ANNOTATION.png,"[10,11]",42.57
regenerated_new/6/H/case-101581_JAY_ANNOTATION.png,"[10,14]",39.09
regenerated_new/7/H/case-101581_JAY_ANNOTATION.png,"[10,11]",34.26
regenerated_new/8/H/case-101581_JAY_ANNOTATION.png,"[10,11]",35.58
regenerated_new/9/H/case-101581_JAY_ANNOTATION.png,"[2,3]",35.59
regenerated_new/11/H/case-101581_JAY_ANNOTATION.png,"[10,11]",33.38
regenerated_new/14/H/case-101581_JAY_ANNOTATION.png,"[10,11]",36.41
regenerated_new/3/H/case-101599_JAY_ANNOTATION.png,"[10,11]",33.18
regenerated_new/4/H/case-101599_JAY_ANNOTATION.png,"[10,11]",40.88
regenerated_new/5/H/case-101599_JAY_ANNOTATION.png,"[4,10]",41.56
regenerated_new/6/H/case-101599_JAY_ANNOTATION.png,"[10,11]",40.7
regenerated_new/8/H/case-101599_JAY_ANNOTATION.png,"[2,14]",32.76
regenerated_new/9/H/case-101599_JAY_ANNOTATION.png,"[10,12]",40.64
regenerated_new/14/H/case-101599_JAY_ANNOTATION.png,"[10,13]",39.44
regenerated_new/2/H/case-101625_JAY_ANNOTATION.png,"[10,11]",39.11
regenerated_new/3/H/case-101625_JAY_ANNOTATION.png,"[10,14]",37.01
regenerated_new/4/H/case-101625_JAY_ANNOTATION.png,"[10,14]",36.58
regenerated_new/5/H/case-101625_JAY_ANNOTATION.png,"[2,3]",33.47
regenerated_new/6/H/case-101625_JAY_ANNOTATION.png,"[10,14]",43.43
regenerated_new/7/H/case-101625_JAY_ANNOTATION.png,"[10,11]",33.84
regenerated_new/8/H/case-101625_JAY_ANNOTATION.png,"[10,14]",43.42
regenerated_new/9/H/case-101625_JAY_ANNOTATION.png,"[3,10]",33.3
regenerated_new/11/H/case-101625_JAY_ANNOTATION.png,"[10,11]",36.74
regenerated_new/14/H/case-101625_JAY_ANNOTATION.png,"[10,14]",37.58
regenerated_new/2/H/case-101641_JAY_ANNOTATION.png,"[10,14]",36.55
regenerated_new/3/H/case-101641_JAY_ANNOTATION.png,"[4,5]",34.97
regenerated_new/4/H/case-101641_JAY_ANNOTATION.png,"[12,14]",29.27
regenerated_new/5/H/case-101641_JAY_ANNOTATION.png,"[10,11]",34.24
regenerated_new/6/H/case-101641_JAY_ANNOTATION.png,"[2,3]",38.88
regenerated_new/7/H/case-101641_JAY_ANNOTATION.png,"[10,14]",42.5
regenerated_new/8/H/case-101641_JAY_ANNOTATION.png,"[10,2]",30.98
regenerated_new/9/H/case-101641_JAY_ANNOTATION.png,"[12,14]",32.86
regenerated_new/14/H/case-101641_JAY_ANNOTATION.png,"[10,14]",37.78
regenerated_new/2/H/case-101857_JAY_ANNOTATION.png,"[10,14]",47.32
regenerated_new/4/H/case-101857_JAY_ANNOTATION.png,"[10,11]",38.8
regenerated_new/5/H/case-101857_JAY_ANNOTATION.png,"[5,14]",40.29
regenerated_new/6/H/case-101857_JAY_ANNOTATION.png,"[10,11]",31.31
regenerated_new/7/H/case-101857_JAY_ANNOTATION.png,"[10,13]",31.16
regenerated_new/8/H/case-101857_JAY_ANNOTATION.png,"[2,3]",35.09
regenerated_new/9/H/case-101857_JAY_ANNOTATION.png,"[10,14]",34.26
regenerated_new/10/H/case-101857_JAY_ANNOTATION.png,"[10,11]",47.21
regenerated_new/14/H/case-101857_JAY_ANNOTATION.png,"[2,3]",39.8
regenerated_new/3/H/case-101860_JAY_ANNOTATION.png,"[10,12]",38.07
regenerated_new/4/H/case-101860_JAY_ANNOTATION.png,"[10,14]",39.54
regenerated_new/5/H/case-101860_JAY_ANNOTATION.png,"[10,11]",30.3
regenerated_new/6/H/case-101860_JAY_ANNOTATION.png,"[12,14]",36.31
regenerated_new/7/H/case-101860_JAY_ANNOTATION.png,"[10,14]",33.38
regenerated_new/8/H/case-101860_JAY_ANNOTATION.png,"[10,14]",38.89
regenerated_new/9/H/case-101860_JAY_ANNOTATION.png,"[2,3]",37.36
regenerated_new/14/H/case-101860_JAY_ANNOTATION.png,"[10,14]",35.66
regenerated_new/2/H/case-101885_JAY_ANNOTATION.png,"[10,14]",32.77
regenerated_new/3/H/case-101885_JAY_ANNOTATION.png,"[4,14]",36.01
regenerated_new/4/H/case-101885_JAY_ANNOTATION.png,"[10,14]",35.84
regenerated_new/5/H/case-101885_JAY_ANNOTATION.png,"[10,14]",35.76
regenerated_new/6/H/case-101885_JAY_ANNOTATION.png,"[10,14]",37.1
regenerated_new/7/H/case-101885_JAY_ANNOTATION.png,"[10,14]",41.19
regenerated_new/8/H/case-101885_JAY_ANNOTATION.png,"[10,11]",41.76
regenerated_new/9/H/case-101885_JAY_ANNOTATION.png,"[10,13]",40.04
regenerated_new/14/H/case-101885_JAY_ANNOTATION.png,"[10,14]",31.28
regenerated_new/4/H/case-101937_JAY_ANNOTATION.png,"[2,10]",30.06
regenerated_new/5/H/case-101937_JAY_ANNOTATION.png,"[2,4]",33.82
regenerated_new/6/H/case-101937_JAY_ANNOTATION.png,"[2,3]",34.16
regenerated_new/7/H/case-101937_JAY_ANNOTATION.png,"[10,14]",30.57
regenerated_new/8/H/case-101937_JAY_ANNOTATION.png,"[4,5]",46.65
regenerated_new/9/H/case-101937_JAY_ANNOTATION.png,"[2,3]",39.03
regenerated_new/11/H/case-101937_JAY_ANNOTATION.png,"[10,11]",40.94
regenerated_new/14/H/case-101937_JAY_ANNOTATION.png,"[10,14]",32.21
regenerated_new/2/H/case-101940_JAY_ANNOTATION.png,"[10,3]",41.63
regenerated_new/3/H/case-101940_JAY_ANNOTATION.png,"[10,11]",30.92
regenerated_new/4/H/case-101940_JAY_ANNOTATION.png,"[10,14]",37.11
regenerated_new/5/H/case-101940_JAY_ANNOTATION.png,"[10,14]",33.86
regenerated_new/6/H/case-101940_JAY_ANNOTATION.png,"[10,14]",35.57
regenerated_new/8/H/case-101940_JAY_ANNOTATION.png,"[2,3]",31.62
regenerated_new/9/H/case-101940_JAY_ANNOTATION.png,"[12,14]",36.98
regenerated_new/11/H/case-101940_JAY_ANNOTATION.png,"[10,11]",42.81
regenerated_new/12/H/case-101940_JAY_ANNOTATION.png,"[12,14]",40.7
regenerated_new/14/H/case-101940_JAY_ANNOTATION.png,"[12,13]",46.14
regenerated_new/3/H/case-101982_JAY_ANNOTATION.png,"[2,10]",37.61
regenerated_new/4/H/case-101982_JAY_ANNOTATION.png,"[10,11]",37.64
regenerated_new/5/H/case-101982_JAY_ANNOTATION.png,"[10,14]",34.7
regenerated_new/6/H/case-101982_JAY_ANNOTATION.png,"[10,14]",39.49
regenerated_new/8/H/case-101982_JAY_ANNOTATION.png,"[10,14]",35.21
regenerated_new/9/H/case-101982_JAY_ANNOTATION.png,"[2,3]",34.17
regenerated_new/10/H/case-101982_JAY_ANNOTATION.png,"[10,11]",41.39
regenerated_new/14/H/case-101982_JAY_ANNOTATION.png,"[4,5]",37.58
regenerated_new/3/H/case-102010_JAY_ANNOTATION.png,"[2,4]",33.14
regenerated_new/4/H/case-102010_JAY_ANNOTATION.png,"[3,10]",36.02
regenerated_new/5/H/case-102010_JAY_ANNOTATION.png,"[2,10]",40.99
regenerated_new/7/H/case-102010_JAY_ANNOTATION.png,"[10,14]",36.11
regenerated_new/8/H/case-102010_JAY_ANNOTATION.png,"[12,14]",46.18
regenerated_new/9/H/case-102010_JAY_ANNOTATION.png,"[10,2]",37.87
regenerated_new/14/H/case-102010_JAY_ANNOTATION.png,"[2,3]",38.54
regenerated_new/4/H/case-102041_JAY_ANNOTATION.png,"[2,10]",31.92
regenerated_new/5/H/case-102041_JAY_ANNOTATION.png,"[10,11]",35.7
regenerated_new/6/H/case-102041_JAY_ANNOTATION.png,"[10,11]",35.85
regenerated_new/8/H/case-102041_JAY_ANNOTATION.png,"[2,3]",44.45
regenerated_new/9/H/case-102041_JAY_ANNOTATION.png,"[10,14]",32.46
regenerated_new/10/H/case-102041_JAY_ANNOTATION.png,"[10,14]",36.52
regenerated_new/11/H/case-102041_JAY_ANNOTATION.png,"[10,11]",39.99
regenerated_new/13/H/case-102041_JAY_ANNOTATION.png,"[10,14]",48.55
regenerated_new/14/H/case-102041_JAY_ANNOTATION.png,"[2,3]",29.98
regenerated_new/3/H/case-102093_JAY_ANNOTATION.png,"[10,11]",36.95
regenerated_new/4/H/case-102093_JAY_ANNOTATION.png,"[10,14]",30.66
regenerated_new/5/H/case-102093_JAY_ANNOTATION.png,"[10,11]",44.39
regenerated_new/6/H/case-102093_JAY_ANNOTATION.png,"[12,14]",40.05
regenerated_new/7/H/case-102093_JAY_ANNOTATION.png,"[10,14]",42.27
regenerated_new/8/H/case-102093_JAY_ANNOTATION.png,"[10,11]",32.78
regenerated_new/9/H/case-102093_JAY_ANNOTATION.png,"[10,14]",38.56
regenerated_new/12/H/case-102093_JAY_ANNOTATION.png,"[12,13]",40.59
regenerated_new/14/H/case-102093_JAY_ANNOTATION.png,"[10,14]",42.97
regenerated_new/3/H/case-102157_JAY_ANNOTATION.png,"[3,10]",33.6
regenerated_new/4/H/case-102157_JAY_ANNOTATION.png,"[2,10]",33.29
regenerated_new/5/H/case-102157_JAY_ANNOTATION.png,"[10,14]",34.98
regenerated_new/7/H/case-102157_JAY_ANNOTATION.png,"[10,14]",39.93
regenerated_new/8/H/case-102157_JAY_ANNOTATION.png,"[5,14]",36.53
regenerated_new/9/H/case-102157_JAY_ANNOTATION.png,"[11,14]",30.24
regenerated_new/14/H/case-102157_JAY_ANNOTATION.png,"[10,13]",37.5
regenerated_new/3/H/case-102183_JAY_ANNOTATION.png,"[10,14]",36.95
regenerated_new/4/H/case-102183_JAY_ANNOTATION.png,"[10,2]",42.41
regenerated_new/5/H/case-102183_JAY_ANNOTATION.png,"[10,11]",37.56
regenerated_new/7/H/case-102183_JAY_ANNOTATION.png,"[10,14]",36.22
regenerated_new/8/H/case-102183_JAY_ANNOTATION.png,"[10,11]",36.43
regenerated_new/9/H/case-102183_JAY_ANNOTATION.png,"[10,14]",45.09
regenerated_new/14/H/case-102183_JAY_ANNOTATION.png,"[10,14]",39.26
regenerated_new/3/H/case-102224_JAY_ANNOTATION.png,"[2,10]",48.86
regenerated_new/4/H/case-102224_JAY_ANNOTATION.png,"[10,14]",36.82
regenerated_new/5/H/case-102224_JAY_ANNOTATION.png,"[10,14]",42.98
regenerated_new/6/H/case-102224_JAY_ANNOTATION.png,"[10,14]",36.72
regenerated_new/8/H/case-102224_JAY_ANNOTATION.png,"[10,11]",34.6
regenerated_new/9/H/case-102224_JAY_ANNOTATION.png,"[10,14]",33.78
regenerated_new/10/H/case-102224_JAY_ANNOTATION.png,"[2,3]",33.14
regenerated_new/14/H/case-102224_JAY_ANNOTATION.png,"[10,11]",39.0
regenerated_new/3/H/case-102308_JAY_ANNOTATION.png,"[2,3]",40.37
regenerated_new/4/H/case-102308_JAY_ANNOTATION.png,"[12,14]",34.24
regenerated_new/5/H/case-102308_JAY_ANNOTATION.png,"[10,14]",33.87
regenerated_new/6/H/case-102308_JAY_ANNOTATION.png,"[10,14]",45.48
regenerated_new/7/H/case-102308_JAY_ANNOTATION.png,"[2,3]",38.79
regenerated_new/8/H/case-102308_JAY_ANNOTATION.png,"[10,14]",39.81
regenerated_new/9/H/case-102308_JAY_ANNOTATION.png,"[10,11]",36.81
regenerated_new/14/H/case-102308_JAY_ANNOTATION.png,"[12,14]",34.87
regenerated_new/4/H/case-102321_JAY_ANNOTATION.png,"[10,14]",38.63
regenerated_new/5/H/case-102321_JAY_ANNOTATION.png,"[10,3]",37.98
regenerated_new/6/H/case-102321_JAY_ANNOTATION.png,"[3,10]",42.87
regenerated_new/7/H/case-102321_JAY_ANNOTATION.png,"[10,14]",36.88
regenerated_new/8/H/case-102321_JAY_ANNOTATION.png,"[12,14]",43.07
regenerated_new/9/H/case-102321_JAY_ANNOTATION.png,"[10,14]",39.46
regenerated_new/14/H/case-102321_JAY_ANNOTATION.png,"[10,14]",46.2
regenerated_new/3/H/case-102367_JAY_ANNOTATION.png,"[2,10]",41.68
regenerated_new/4/H/case-102367_JAY_ANNOTATION.png,"[2,3]",44.03
regenerated_new/5/H/case-102367_JAY_ANNOTATION.png,"[2,3]",32.77
regenerated_new/6/H/case-102367_JAY_ANNOTATION.png,"[7,3]",27.82
regenerated_new/7/H/case-102367_JAY_ANNOTATION.png,"[10,14]",41.99
regenerated_new/8/H/case-102367_JAY_ANNOTATION.png,"[10,14]",32.95
regenerated_new/9/H/case-102367_JAY_ANNOTATION.png,"[2,3]",41.27
regenerated_new/10/H/case-102367_JAY_ANNOTATION.png,"[10,11]",38.58
regenerated_new/12/H/case-102367_JAY_ANNOTATION.png,"[12,13]",35.9
regenerated_new/14/H/case-102367_JAY_ANNOTATION.png,"[3,14]",34.32
regenerated_new/4/H/case-102388_JAY_ANNOTATION.png,"[10,14]",36.01
regenerated_new/5/H/case-102388_JAY_ANNOTATION.png,"[10,11]",37.58
regenerated_new/6/H/case-102388_JAY_ANNOTATION.png,"[10,14]",39.45
regenerated_new/7/H/case-102388_JAY_ANNOTATION.png,"[10,11]",39.3
regenerated_new/8/H/case-102388_JAY_ANNOTATION.png,"[10,14]",34.34
regenerated_new/9/H/case-102388_JAY_ANNOTATION.png,"[2,10]",39.31
regenerated_new/14/H/case-102388_JAY_ANNOTATION.png,"[10,14]",51.68
regenerated_new/3/H/case-104754_JAY_ANNOTATION.png,"[10,11]",38.84
regenerated_new/4/H/case-104754_JAY_ANNOTATION.png,"[10,11]",42.93
regenerated_new/5/H/case-104754_JAY_ANNOTATION.png,"[10,14]",41.27
regenerated_new/6/H/case-104754_JAY_ANNOTATION.png,"[10,11]",31.77
regenerated_new/7/H/case-104754_JAY_ANNOTATION.png,"[10,14]",33.18
regenerated_new/8/H/case-104754_JAY_ANNOTATION.png,"[14,12]",41.72
regenerated_new/9/H/case-104754_JAY_ANNOTATION.png,"[10,3]",33.35
regenerated_new/12/H/case-104754_JAY_ANNOTATION.png,"[10,12]",35.49
regenerated_new/13/H/case-104754_JAY_ANNOTATION.png,"[2,3]",41.11
regenerated_new/14/H/case-104754_JAY_ANNOTATION.png,"[10,14]",39.24
regenerated_new/2/H/case-104780_JAY_ANNOTATION.png,"[10,14]",38.68
regenerated_new/3/H/case-104780_JAY_ANNOTATION.png,"[11,13]",44.15
regenerated_new/4/H/case-104780_JAY_ANNOTATION.png,"[10,14]",39.61
regenerated_new/5/H/case-104780_JAY_ANNOTATION.png,"[10,3]",35.55
regenerated_new/6/H/case-104780_JAY_ANNOTATION.png,"[2,10]",30.41
regenerated_new/7/H/case-104780_JAY_ANNOTATION.png,"[10,14]",38.43
regenerated_new/8/H/case-104780_JAY_ANNOTATION.png,"[10,14]",40.86
regenerated_new/9/H/case-104780_JAY_ANNOTATION.png,"[12,14]",36.07
regenerated_new/13/H/case-104780_JAY_ANNOTATION.png,"[2,10]",29.23
regenerated_new/14/H/case-104780_JAY_ANNOTATION.png,"[12,14]",34.85
regenerated_new/3/H/case-104842_JAY_ANNOTATION.png,"[10,11]",33.81
regenerated_new/4/H/case-104842_JAY_ANNOTATION.png,"[10,14]",40.55
regenerated_new/5/H/case-104842_JAY_ANNOTATION.png,"[2,3]",34.09
regenerated_new/7/H/case-104842_JAY_ANNOTATION.png,"[10,11]",41.32
regenerated_new/8/H/case-104842_JAY_ANNOTATION.png,"[10,2]",38.22
regenerated_new/9/H/case-104842_JAY_ANNOTATION.png,"[2,3]",38.03
regenerated_new/14/H/case-104842_JAY_ANNOTATION.png,"[10,14]",39.42
regenerated_new/3/H/case-104941_JAY_ANNOTATION.png,"[10,14]",35.06
regenerated_new/4/H/case-104941_JAY_ANNOTATION.png,"[10,11]",38.78
regenerated_new/5/H/case-104941_JAY_ANNOTATION.png,"[10,14]",40.61
regenerated_new/6/H/case-104941_JAY_ANNOTATION.png,"[10,2]",37.55
regenerated_new/7/H/case-104941_JAY_ANNOTATION.png,"[10,14]",43.97
regenerated_new/8/H/case-104941_JAY_ANNOTATION.png,"[10,14]",37.0
regenerated_new/9/H/case-104941_JAY_ANNOTATION.png,"[10,14]",35.63
regenerated_new/14/H/case-104941_JAY_ANNOTATION.png,"[10,14]",45.0
regenerated_new/3/H/case-104979_JAY_ANNOTATION.png,"[10,12]",38.41
regenerated_new/4/H/case-104979_JAY_ANNOTATION.png,"[10,3]",33.15
regenerated_new/5/H/case-104979_JAY_ANNOTATION.png,"[13,14]",43.04
regenerated_new/6/H/case-104979_JAY_ANNOTATION.png,"[10,11]",39.6
regenerated_new/7/H/case-104979_JAY_ANNOTATION.png,"[10,14]",36.88
regenerated_new/8/H/case-104979_JAY_ANNOTATION.png,"[10,11]",39.78
regenerated_new/9/H/case-104979_JAY_ANNOTATION.png,"[2,3]",41.33
regenerated_new/13/H/case-104979_JAY_ANNOTATION.png,"[2,3]",43.36
regenerated_new/14/H/case-104979_JAY_ANNOTATION.png,"[10,14]",32.96
regenerated_new/3/H/case-104990_JAY_ANNOTATION.png,"[10,2]",38.55
regenerated_new/4/H/case-104990_JAY_ANNOTATION.png,"[2,4]",38.71
regenerated_new/5/H/case-104990_JAY_ANNOTATION.png,"[10,11]",33.13
regenerated_new/6/H/case-104990_JAY_ANNOTATION.png,"[10,11]",41.98
regenerated_new/7/H/case-104990_JAY_ANNOTATION.png,"[10,14]",37.23
regenerated_new/8/H/case-104990_JAY_ANNOTATION.png,"[10,3]",37.93
regenerated_new/9/H/case-104990_JAY_ANNOTATION.png,"[10,11]",35.52
regenerated_new/12/H/case-104990_JAY_ANNOTATION.png,"[2,3]",32.79
regenerated_new/13/H/case-104990_JAY_ANNOTATION.png,"[12,14]",35.35
regenerated_new/14/H/case-104990_JAY_ANNOTATION.png,"[10,13]",39.76
regenerated_new/4/H/case-105035_JAY_ANNOTATION.png,"[2,3]",31.95
regenerated_new/5/H/case-105035_JAY_ANNOTATION.png,"[10,14]",41.19
regenerated_new/7/H/case-105035_JAY_ANNOTATION.png,"[4,10]",39.64
regenerated_new/8/H/case-105035_JAY_ANNOTATION.png,"[10,4]",37.79
regenerated_new/9/H/case-105035_JAY_ANNOTATION.png,"[2,3]",32.31
regenerated_new/14/H/case-105035_JAY_ANNOTATION.png,"[10,12]",42.57
regenerated_new/3/H/case-105051_JAY_ANNOTATION.png,"[10,11]",37.5
regenerated_new/4/H/case-105051_JAY_ANNOTATION.png,"[10,11]",37.49
regenerated_new/5/H/case-105051_JAY_ANNOTATION.png,"[10,2]",39.21
regenerated_new/8/H/case-105051_JAY_ANNOTATION.png,"[10,14]",36.93
regenerated_new/9/H/case-105051_JAY_ANNOTATION.png,"[10,14]",36.71
regenerated_new/14/H/case-105051_JAY_ANNOTATION.png,"[10,3]",41.11
regenerated_new/3/H/case-105171_JAY_ANNOTATION.png,"[10,14]",32.62
regenerated_new/4/H/case-105171_JAY_ANNOTATION.png,"[10,14]",41.64
regenerated_new/5/H/case-105171_JAY_ANNOTATION.png,"[10,11]",36.05
regenerated_new/6/H/case-105171_JAY_ANNOTATION.png,"[10,14]",37.03
regenerated_new/8/H/case-105171_JAY_ANNOTATION.png,"[10,11]",37.38
regenerated_new/9/H/case-105171_JAY_ANNOTATION.png,"[2,10]",34.66
regenerated_new/10/H/case-105171_JAY_ANNOTATION.png,"[10,2]",37.73
regenerated_new/14/H/case-105171_JAY_ANNOTATION.png,"[10,14]",39.46
regenerated_new/3/H/case-105177_JAY_ANNOTATION.png,"[10,2]",43.64
regenerated_new/4/H/case-105177_JAY_ANNOTATION.png,"[10,14]",38.18
regenerated_new/5/H/case-105177_JAY_ANNOTATION.png,"[2,10]",42.75
regenerated_new/6/H/case-105177_JAY_ANNOTATION.png,"[10,14]",37.24
regenerated_new/7/H/case-105177_JAY_ANNOTATION.png,"[2,3]",30.96
regenerated_new/8/H/case-105177_JAY_ANNOTATION.png,"[10,3]",40.13
regenerated_new/9/H/case-105177_JAY_ANNOTATION.png,"[2,3]",36.74
regenerated_new/10/H/case-105177_JAY_ANNOTATION.png,"[10,14]",40.0
regenerated_new/12/H/case-105177_JAY_ANNOTATION.png,"[3,12]",36.22
regenerated_new/14/H/case-105177_JAY_ANNOTATION.png,"[10,14]",35.1
regenerated_new/3/H/case-105234_JAY_ANNOTATION.png,"[2,10]",39.88
regenerated_new/4/H/case-105234_JAY_ANNOTATION.png,"[10,12]",46.02
regenerated_new/5/H/case-105234_JAY_ANNOTATION.png,"[2,3]",34.3
regenerated_new/6/H/case-105234_JAY_ANNOTATION.png,"[10,12]",38.74
regenerated_new/7/H/case-105234_JAY_ANNOTATION.png,"[10,11]",39.11
regenerated_new/8/H/case-105234_JAY_ANNOTATION.png,"[2,10]",33.27
regenerated_new/9/H/case-105234_JAY_ANNOTATION.png,"[10,11]",41.65
regenerated_new/14/H/case-105234_JAY_ANNOTATION.png,"[2,3]",37.39
regenerated_new/3/H/case-105246_JAY_ANNOTATION.png,"[2,10]",37.04
regenerated_new/4/H/case-105246_JAY_ANNOTATION.png,"[10,11]",34.51
regenerated_new/5/H/case-105246_JAY_ANNOTATION.png,"[10,14]",38.28
regenerated_new/6/H/case-105246_JAY_ANNOTATION.png,"[10,14]",41.52
regenerated_new/7/H/case-105246_JAY_ANNOTATION.png,"[10,12]",41.03
regenerated_new/8/H/case-105246_JAY_ANNOTATION.png,"[10,11]",36.76
regenerated_new/9/H/case-105246_JAY_ANNOTATION.png,"[10,13]",38.13
regenerated_new/13/H/case-105246_JAY_ANNOTATION.png,"[10,12]",45.19
regenerated_new/14/H/case-105246_JAY_ANNOTATION.png,"[10,2]",41.66
regenerated_new/3/H/case-105257_JAY_ANNOTATION.png,"[10,3]",34.0
regenerated_new/4/H/case-105257_JAY_ANNOTATION.png,"[10,11]",38.98
regenerated_new/5/H/case-105257_JAY_ANNOTATION.png,"[2,10]",31.51
regenerated_new/6/H/case-105257_JAY_ANNOTATION.png,"[10,11]",29.36
regenerated_new/7/H/case-105257_JAY_ANNOTATION.png,"[10,14]",45.35
regenerated_new/8/H/case-105257_JAY_ANNOTATION.png,"[10,14]",37.05
regenerated_new/9/H/case-105257_JAY_ANNOTATION.png,"[10,11]",36.06
regenerated_new/14/H/case-105257_JAY_ANNOTATION.png,"[10,11]",40.45
regenerated_new/3/H/case-105288_JAY_ANNOTATION.png,"[2,10]",38.72
regenerated_new/4/H/case-105288_JAY_ANNOTATION.png,"[10,11]",30.04
regenerated_new/5/H/case-105288_JAY_ANNOTATION.png,"[10,11]",38.24
regenerated_new/6/H/case-105288_JAY_ANNOTATION.png,"[10,14]",37.37
regenerated_new/7/H/case-105288_JAY_ANNOTATION.png,"[10,14]",36.15
regenerated_new/8/H/case-105288_JAY_ANNOTATION.png,"[10,14]",35.91
regenerated_new/9/H/case-105288_JAY_ANNOTATION.png,"[10,2]",36.37
regenerated_new/12/H/case-105288_JAY_ANNOTATION.png,"[4,13]",51.79
regenerated_new/14/H/case-105288_JAY_ANNOTATION.png,"[10,14]",38.7
regenerated_new/3/H/case-105318_JAY_ANNOTATION.png,"[10,11]",38.38
regenerated_new/4/H/case-105318_JAY_ANNOTATION.png,"[10,11]",36.66
regenerated_new/5/H/case-105318_JAY_ANNOTATION.png,"[10,14]",40.86
regenerated_new/6/H/case-105318_JAY_ANNOTATION.png,"[2,3]",30.13
regenerated_new/7/H/case-105318_JAY_ANNOTATION.png,"[10,11]",36.08
regenerated_new/8/H/case-105318_JAY_ANNOTATION.png,"[10,14]",39.85
regenerated_new/9/H/case-105318_JAY_ANNOTATION.png,"[10,14]",36.36
regenerated_new/13/H/case-105318_JAY_ANNOTATION.png,"[10,11]",40.8
regenerated_new/14/H/case-105318_JAY_ANNOTATION.png,"[12,13]",49.1
regenerated_new/3/H/case-105476_JAY_ANNOTATION.png,"[2,10]",36.7
regenerated_new/4/H/case-105476_JAY_ANNOTATION.png,"[2,3]",33.69
regenerated_new/5/H/case-105476_JAY_ANNOTATION.png,"[2,3]",36.9
regenerated_new/6/H/case-105476_JAY_ANNOTATION.png,"[10,14]",36.64
regenerated_new/7/H/case-105476_JAY_ANNOTATION.png,"[10,14]",32.14
regenerated_new/8/H/case-105476_JAY_ANNOTATION.png,"[10,11]",33.14
regenerated_new/9/H/case-105476_JAY_ANNOTATION.png,"[10,14]",40.2
regenerated_new/10/H/case-105476_JAY_ANNOTATION.png,"[10,11]",42.82
regenerated_new/14/H/case-105476_JAY_ANNOTATION.png,"[10,2]",37.04
regenerated_new/3/H/case-105567_JAY_ANNOTATION.png,"[10,11]",35.19
regenerated_new/4/H/case-105567_JAY_ANNOTATION.png,"[10,11]",44.25
regenerated_new/5/H/case-105567_JAY_ANNOTATION.png,"[10,14]",32.65
regenerated_new/6/H/case-105567_JAY_ANNOTATION.png,"[2,3]",37.78
regenerated_new/8/H/case-105567_JAY_ANNOTATION.png,"[10,14]",39.37
regenerated_new/9/H/case-105567_JAY_ANNOTATION.png,"[2,3]",46.82
regenerated_new/11/H/case-105567_JAY_ANNOTATION.png,"[10,11]",38.75
regenerated_new/14/H/case-105567_JAY_ANNOTATION.png,"[10,14]",39.28
regenerated_new/4/H/case-105579_JAY_ANNOTATION.png,"[10,14]",37.56
regenerated_new/5/H/case-105579_JAY_ANNOTATION.png,"[2,10]",31.79
regenerated_new/7/H/case-105579_JAY_ANNOTATION.png,"[10,14]",34.62
regenerated_new/8/H/case-105579_JAY_ANNOTATION.png,"[12,14]",33.31
regenerated_new/9/H/case-105579_JAY_ANNOTATION.png,"[10,11]",33.12
regenerated_new/14/H/case-105579_JAY_ANNOTATION.png,"[10,2]",32.08
regenerated_new/3/H/case-105586_JAY_ANNOTATION.png,"[10,11]",41.26
regenerated_new/4/H/case-105586_JAY_ANNOTATION.png,"[10,14]",34.49
regenerated_new/5/H/case-105586_JAY_ANNOTATION.png,"[2,3]",35.73
regenerated_new/6/H/case-105586_JAY_ANNOTATION.png,"[10,14]",34.78
regenerated_new/8/H/case-105586_JAY_ANNOTATION.png,"[3,14]",47.6
regenerated_new/9/H/case-105586_JAY_ANNOTATION.png,"[10,12]",35.03
regenerated_new/14/H/case-105586_JAY_ANNOTATION.png,"[10,2]",39.01
regenerated_new/2/H/case-105592_JAY_ANNOTATION.png,"[10,2]",37.84
regenerated_new/4/H/case-105592_JAY_ANNOTATION.png,"[10,3]",33.66
regenerated_new/5/H/case-105592_JAY_ANNOTATION.png,"[15,15]",40.11
regenerated_new/6/H/case-105592_JAY_ANNOTATION.png,"[2,3]",31.63
regenerated_new/7/H/case-105592_JAY_ANNOTATION.png,"[10,11]",35.57
regenerated_new/8/H/case-105592_JAY_ANNOTATION.png,"[10,12]",48.22
regenerated_new/9/H/case-105592_JAY_ANNOTATION.png,"[10,13]",41.28
regenerated_new/14/H/case-105592_JAY_ANNOTATION.png,"[10,14]",38.9
regenerated_new/3/H/case-105597_JAY_ANNOTATION.png,"[2,10]",38.37
regenerated_new/4/H/case-105597_JAY_ANNOTATION.png,"[2,10]",36.0
regenerated_new/5/H/case-105597_JAY_ANNOTATION.png,"[10,14]",36.19
regenerated_new/6/H/case-105597_JAY_ANNOTATION.png,"[10,14]",38.06
regenerated_new/8/H/case-105597_JAY_ANNOTATION.png,"[10,11]",34.15
regenerated_new/9/H/case-105597_JAY_ANNOTATION.png,"[2,3]",28.39
regenerated_new/14/H/case-105597_JAY_ANNOTATION.png,"[10,11]",36.39
regenerated_new/3/H/case-105602_JAY_ANNOTATION.png,"[2,10]",34.82
regenerated_new/4/H/case-105602_JAY_ANNOTATION.png,"[10,11]",44.76
regenerated_new/5/H/case-105602_JAY_ANNOTATION.png,"[10,14]",38.68
regenerated_new/6/H/case-105602_JAY_ANNOTATION.png,"[10,2]",34.76
regenerated_new/7/H/case-105602_JAY_ANNOTATION.png,"[10,14]",40.24
regenerated_new/8/H/case-105602_JAY_ANNOTATION.png,"[12,13]",40.13
regenerated_new/9/H/case-105602_JAY_ANNOTATION.png,"[10,11]",36.41
regenerated_new/10/H/case-105602_JAY_ANNOTATION.png,"[10,11]",33.26
regenerated_new/11/H/case-105602_JAY_ANNOTATION.png,"[10,14]",36.98
regenerated_new/14/H/case-105602_JAY_ANNOTATION.png,"[10,11]",33.24
regenerated_new/2/H/case-105681_JAY_ANNOTATION.png,"[10,11]",36.56
regenerated_new/3/H/case-105681_JAY_ANNOTATION.png,"[2,10]",33.0
regenerated_new/4/H/case-105681_JAY_ANNOTATION.png,"[10,11]",35.98
regenerated_new/5/H/case-105681_JAY_ANNOTATION.png,"[10,14]",43.16
regenerated_new/7/H/case-105681_JAY_ANNOTATION.png,"[11,12]",35.82
regenerated_new/8/H/case-105681_JAY_ANNOTATION.png,"[10,11]",33.97
regenerated_new/9/H/case-105681_JAY_ANNOTATION.png,"[10,11]",33.28
regenerated_new/14/H/case-105681_JAY_ANNOTATION.png,"[10,14]",35.33
regenerated_new/2/H/case-105704_JAY_ANNOTATION.png,"[11,14]",40.21
regenerated_new/3/H/case-105704_JAY_ANNOTATION.png,"[10,11]",34.14
regenerated_new/4/H/case-105704_JAY_ANNOTATION.png,"[10,14]",36.89
regenerated_new/5/H/case-105704_JAY_ANNOTATION.png,"[2,3]",38.33
regenerated_new/6/H/case-105704_JAY_ANNOTATION.png,"[2,4]",35.93
regenerated_new/8/H/case-105704_JAY_ANNOTATION.png,"[2,3]",37.09
regenerated_new/9/H/case-105704_JAY_ANNOTATION.png,"[4,5]",30.17
regenerated_new/13/H/case-105704_JAY_ANNOTATION.png,"[2,3]",36.68
regenerated_new/14/H/case-105704_JAY_ANNOTATION.png,"[10,14]",35.01
regenerated_new/3/H/case-105817_JAY_ANNOTATION.png,"[2,10]",35.55
regenerated_new/5/H/case-105817_JAY_ANNOTATION.png,"[2,10]",47.4
regenerated_new/6/H/case-105817_JAY_ANNOTATION.png,"[10,14]",46.92
regenerated_new/7/H/case-105817_JAY_ANNOTATION.png,"[2,3]",40.07
regenerated_new/8/H/case-105817_JAY_ANNOTATION.png,"[10,11]",33.57
regenerated_new/9/H/case-105817_JAY_ANNOTATION.png,"[10,11]",39.89
regenerated_new/11/H/case-105817_JAY_ANNOTATION.png,"[10,11]",40.56
regenerated_new/14/H/case-105817_JAY_ANNOTATION.png,"[10,14]",43.57
regenerated_new/3/H/case-105839_JAY_ANNOTATION.png,"[10,11]",38.94
regenerated_new/4/H/case-105839_JAY_ANNOTATION.png,"[2,10]",32.18
regenerated_new/5/H/case-105839_JAY_ANNOTATION.png,"[10,11]",39.82
regenerated_new/6/H/case-105839_JAY_ANNOTATION.png,"[10,14]",37.63
regenerated_new/7/H/case-105839_JAY_ANNOTATION.png,"[10,14]",37.93
regenerated_new/8/H/case-105839_JAY_ANNOTATION.png,"[10,2]",33.21
regenerated_new/9/H/case-105839_JAY_ANNOTATION.png,"[10,14]",37.49
regenerated_new/10/H/case-105839_JAY_ANNOTATION.png,"[10,11]",36.29
regenerated_new/13/H/case-105839_JAY_ANNOTATION.png,"[10,14]",36.61
regenerated_new/14/H/case-105839_JAY_ANNOTATION.png,"[10,12]",38.15
regenerated_new/2/H/case-105862_JAY_ANNOTATION.png,"[10,14]",41.23
regenerated_new/3/H/case-105862_JAY_ANNOTATION.png,"[10,11]",37.16
regenerated_new/4/H/case-105862_JAY_ANNOTATION.png,"[10,14]",37.67
regenerated_new/5/H/case-105862_JAY_ANNOTATION.png,"[10,14]",34.99
regenerated_new/6/H/case-105862_JAY_ANNOTATION.png,"[14,13]",38.06
regenerated_new/8/H/case-105862_JAY_ANNOTATION.png,"[10,3]",39.73
regenerated_new/9/H/case-105862_JAY_ANNOTATION.png,"[10,14]",39.01
regenerated_new/10/H/case-105862_JAY_ANNOTATION.png,"[10,11]",33.76
regenerated_new/14/H/case-105862_JAY_ANNOTATION.png,"[10,14]",35.9
regenerated_new/2/H/case-105915_JAY_ANNOTATION.png,"[10,11]",35.21
regenerated_new/3/H/case-105915_JAY_ANNOTATION.png,"[2,10]",37.62
regenerated_new/4/H/case-105915_JAY_ANNOTATION.png,"[10,2]",37.96
regenerated_new/5/H/case-105915_JAY_ANNOTATION.png,"[2,3]",38.09
regenerated_new/6/H/case-105915_JAY_ANNOTATION.png,"[10,11]",33.25
regenerated_new/7/H/case-105915_JAY_ANNOTATION.png,"[10,14]",32.97
regenerated_new/8/H/case-105915_JAY_ANNOTATION.png,"[10,11]",39.31
regenerated_new/9/H/case-105915_JAY_ANNOTATION.png,"[10,11]",33.24
regenerated_new/14/H/case-105915_JAY_ANNOTATION.png,"[2,10]",34.93
regenerated_new/3/H/case-106012_JAY_ANNOTATION.png,"[2,10]",43.95
regenerated_new/4/H/case-106012_JAY_ANNOTATION.png,"[10,11]",40.4
regenerated_new/5/H/case-106012_JAY_ANNOTATION.png,"[10,14]",39.17
regenerated_new/6/H/case-106012_JAY_ANNOTATION.png,"[4,10]",40.56
regenerated_new/8/H/case-106012_JAY_ANNOTATION.png,"[10,14]",35.37
regenerated_new/9/H/case-106012_JAY_ANNOTATION.png,"[2,3]",36.54
regenerated_new/14/H/case-106012_JAY_ANNOTATION.png,"[10,14]",47.73
regenerated_new/3/H/case-106016_JAY_ANNOTATION.png,"[10,12]",36.18
regenerated_new/4/H/case-106016_JAY_ANNOTATION.png,"[10,11]",38.79
regenerated_new/5/H/case-106016_JAY_ANNOTATION.png,"[10,14]",35.23
regenerated_new/6/H/case-106016_JAY_ANNOTATION.png,"[2,3]",35.72
regenerated_new/8/H/case-106016_JAY_ANNOTATION.png,"[11,12]",29.12
regenerated_new/9/H/case-106016_JAY_ANNOTATION.png,"[10,14]",41.7
regenerated_new/14/H/case-106016_JAY_ANNOTATION.png,"[10,14]",32.52
regenerated_new/3/H/case-106081_JAY_ANNOTATION.png,"[2,3]",44.46
regenerated_new/4/H/case-106081_JAY_ANNOTATION.png,"[12,13]",35.25
regenerated_new/5/H/case-106081_JAY_ANNOTATION.png,"[10,14]",36.95
regenerated_new/6/H/case-106081_JAY_ANNOTATION.png,"[10,14]",37.28
regenerated_new/7/H/case-106081_JAY_ANNOTATION.png,"[10,14]",39.01
regenerated_new/8/H/case-106081_JAY_ANNOTATION.png,"[10,2]",45.95
regenerated_new/9/H/case-106081_JAY_ANNOTATION.png,"[10,11]",33.23
regenerated_new/10/H/case-106081_JAY_ANNOTATION.png,"[10,14]",37.47
regenerated_new/11/H/case-106081_JAY_ANNOTATION.png,"[10,14]",40.54
regenerated_new/14/H/case-106081_JAY_ANNOTATION.png,"[12,13]",39.14
regenerated_new/4/H/case-106101_JAY_ANNOTATION.png,"[10,14]",40.53
regenerated_new/5/H/case-106101_JAY_ANNOTATION.png,"[10,11]",35.78
regenerated_new/8/H/case-106101_JAY_ANNOTATION.png,"[12,14]",38.72
regenerated_new/9/H/case-106101_JAY_ANNOTATION.png,"[10,14]",33.56
regenerated_new/14/H/case-106101_JAY_ANNOTATION.png,"[10,14]",44.16
regenerated_new/3/H/case-106127_JAY_ANNOTATION.png,"[10,11]",32.75
regenerated_new/4/H/case-106127_JAY_ANNOTATION.png,"[10,11]",36.76
regenerated_new/5/H/case-106127_JAY_ANNOTATION.png,"[2,3]",32.68
regenerated_new/6/H/case-106127_JAY_ANNOTATION.png,"[12,13]",39.48
regenerated_new/7/H/case-106127_JAY_ANNOTATION.png,"[10,14]",41.16
regenerated_new/8/H/case-106127_JAY_ANNOTATION.png,"[10,11]",36.18
regenerated_new/9/H/case-106127_JAY_ANNOTATION.png,"[10,14]",38.15
regenerated_new/14/H/case-106127_JAY_ANNOTATION.png,"[4,5]",40.69
regenerated_new/2/H/case-106139_JAY_ANNOTATION.png,"[10,14]",42.74
regenerated_new/3/H/case-106139_JAY_ANNOTATION.png,"[10,14]",36.43
regenerated_new/4/H/case-106139_JAY_ANNOTATION.png,"[10,14]",41.4
regenerated_new/5/H/case-106139_JAY_ANNOTATION.png,"[10,14]",36.02
regenerated_new/6/H/case-106139_JAY_ANNOTATION.png,"[10,11]",34.94
regenerated_new/8/H/case-106139_JAY_ANNOTATION.png,"[10,14]",34.43
regenerated_new/9/H/case-106139_JAY_ANNOTATION.png,"[10,11]",43.39
regenerated_new/14/H/case-106139_JAY_ANNOTATION.png,"[10,11]",30.36
regenerated_new/3/H/case-106141_JAY_ANNOTATION.png,"[10,11]",36.11
regenerated_new/4/H/case-106141_JAY_ANNOTATION.png,"[10,14]",36.65
regenerated_new/5/H/case-106141_JAY_ANNOTATION.png,"[10,14]",39.34
regenerated_new/6/H/case-106141_JAY_ANNOTATION.png,"[2,3]",42.17
regenerated_new/7/H/case-106141_JAY_ANNOTATION.png,"[10,14]",45.32
regenerated_new/8/H/case-106141_JAY_ANNOTATION.png,"[10,14]",35.56
regenerated_new/9/H/case-106141_JAY_ANNOTATION.png,"[10,14]",33.05
regenerated_new/10/H/case-106141_JAY_ANNOTATION.png,"[10,11]",38.47
regenerated_new/11/H/case-106141_JAY_ANNOTATION.png,"[2,3]",37.41
regenerated_new/14/H/case-106141_JAY_ANNOTATION.png,"[10,14]",33.03
regenerated_new/3/H/case-106157_JAY_ANNOTATION.png,"[10,14]",37.26
regenerated_new/4/H/case-106157_JAY_ANNOTATION.png,"[10,11]",31.02
regenerated_new/5/H/case-106157_JAY_ANNOTATION.png,"[10,11]",31.01
regenerated_new/6/H/case-106157_JAY_ANNOTATION.png,"[10,3]",32.36
regenerated_new/7/H/case-106157_JAY_ANNOTATION.png,"[10,14]",42.21
regenerated_new/8/H/case-106157_JAY_ANNOTATION.png,"[4,5]",35.79
regenerated_new/9/H/case-106157_JAY_ANNOTATION.png,"[10,11]",39.15
regenerated_new/10/H/case-106157_JAY_ANNOTATION.png,"[10,11]",37.67
regenerated_new/11/H/case-106157_JAY_ANNOTATION.png,"[10,11]",35.42
regenerated_new/14/H/case-106157_JAY_ANNOTATION.png,"[2,3]",33.4
regenerated_new/3/H/case-106172_JAY_ANNOTATION.png,"[10,11]",37.28
regenerated_new/4/H/case-106172_JAY_ANNOTATION.png,"[10,2]",35.09
regenerated_new/5/H/case-106172_JAY_ANNOTATION.png,"[10,3]",34.9
regenerated_new/6/H/case-106172_JAY_ANNOTATION.png,"[10,11]",36.15
regenerated_new/8/H/case-106172_JAY_ANNOTATION.png,"[12,14]",32.21
regenerated_new/9/H/case-106172_JAY_ANNOTATION.png,"[10,11]",39.91
regenerated_new/12/H/case-106172_JAY_ANNOTATION.png,"[2,3]",34.35
regenerated_new/14/H/case-106172_JAY_ANNOTATION.png,"[2,3]",31.0
regenerated_new/4/H/case-106301_JAY_ANNOTATION.png,"[10,11]",35.05
regenerated_new/5/H/case-106301_JAY_ANNOTATION.png,"[10,14]",30.0
regenerated_new/6/H/case-106301_JAY_ANNOTATION.png,"[10,11]",37.94
regenerated_new/7/H/case-106301_JAY_ANNOTATION.png,"[10,14]",35.12
regenerated_new/8/H/case-106301_JAY_ANNOTATION.png,"[10,12]",32.9
regenerated_new/9/H/case-106301_JAY_ANNOTATION.png,"[10,14]",39.16
regenerated_new/10/H/case-106301_JAY_ANNOTATION.png,"[10,11]",36.92
regenerated_new/14/H/case-106301_JAY_ANNOTATION.png,"[14,13]",41.7
regenerated_new/3/H/case-106371_JAY_ANNOTATION.png,"[10,11]",36.09
regenerated_new/4/H/case-106371_JAY_ANNOTATION.png,"[10,14]",34.56
regenerated_new/5/H/case-106371_JAY_ANNOTATION.png,"[10,14]",39.49
regenerated_new/6/H/case-106371_JAY_ANNOTATION.png,"[10,14]",45.07
regenerated_new/7/H/case-106371_JAY_ANNOTATION.png,"[10,11]",37.62
regenerated_new/8/H/case-106371_JAY_ANNOTATION.png,"[10,14]",37.99
regenerated_new/9/H/case-106371_JAY_ANNOTATION.png,"[10,14]",38.58
regenerated_new/14/H/case-106371_JAY_ANNOTATION.png,"[10,14]",33.2
regenerated_new/3/H/case-106374_JAY_ANNOTATION.png,"[2,10]",36.21
regenerated_new/4/H/case-106374_JAY_ANNOTATION.png,"[10,12]",43.2
regenerated_new/5/H/case-106374_JAY_ANNOTATION.png,"[2,10]",35.77
regenerated_new/6/H/case-106374_JAY_ANNOTATION.png,"[10,14]",38.25
regenerated_new/8/H/case-106374_JAY_ANNOTATION.png,"[12,14]",34.59
regenerated_new/9/H/case-106374_JAY_ANNOTATION.png,"[2,3]",39.49
regenerated_new/12/H/case-106374_JAY_ANNOTATION.png,"[12,13]",33.88
regenerated_new/14/H/case-106374_JAY_ANNOTATION.png,"[10,14]",44.55
regenerated_new/3/H/case-106456_JAY_ANNOTATION.png,"[2,3]",34.58
regenerated_new/4/H/case-106456_JAY_ANNOTATION.png,"[10,11]",31.08
regenerated_new/5/H/case-106456_JAY_ANNOTATION.png,"[2,3]",36.01
regenerated_new/6/H/case-106456_JAY_ANNOTATION.png,"[10,14]",35.58
regenerated_new/7/H/case-106456_JAY_ANNOTATION.png,"[10,14]",34.0
regenerated_new/8/H/case-106456_JAY_ANNOTATION.png,"[10,14]",35.35
regenerated_new/9/H/case-106456_JAY_ANNOTATION.png,"[10,14]",33.62
regenerated_new/13/H/case-106456_JAY_ANNOTATION.png,"[10,3]",42.52
regenerated_new/14/H/case-106456_JAY_ANNOTATION.png,"[12,13]",42.89
regenerated_new/3/H/case-106464_JAY_ANNOTATION.png,"[2,10]",40.95
regenerated_new/4/H/case-106464_JAY_ANNOTATION.png,"[10,14]",39.09
regenerated_new/5/H/case-106464_JAY_ANNOTATION.png,"[3,10]",27.54
regenerated_new/6/H/case-106464_JAY_ANNOTATION.png,"[10,14]",35.56
regenerated_new/8/H/case-106464_JAY_ANNOTATION.png,"[10,14]",44.19
regenerated_new/9/H/case-106464_JAY_ANNOTATION.png,"[10,14]",34.8
regenerated_new/14/H/case-106464_JAY_ANNOTATION.png,"[10,14]",42.1
regenerated_new/3/H/case-106541_JAY_ANNOTATION.png,"[10,12]",31.01
regenerated_new/4/H/case-106541_JAY_ANNOTATION.png,"[10,14]",43.63
regenerated_new/5/H/case-106541_JAY_ANNOTATION.png,"[10,14]",30.75
regenerated_new/6/H/case-106541_JAY_ANNOTATION.png,"[10,14]",42.64
regenerated_new/8/H/case-106541_JAY_ANNOTATION.png,"[10,11]",34.68
regenerated_new/9/H/case-106541_JAY_ANNOTATION.png,"[10,11]",37.37
regenerated_new/14/H/case-106541_JAY_ANNOTATION.png,"[10,14]",32.8
regenerated_new/2/H/case-106569_JAY_ANNOTATION.png,"[10,14]",35.94
regenerated_new/3/H/case-106569_JAY_ANNOTATION.png,"[10,11]",33.32
regenerated_new/4/H/case-106569_JAY_ANNOTATION.png,"[10,14]",39.64
regenerated_new/5/H/case-106569_JAY_ANNOTATION.png,"[10,11]",37.96
regenerated_new/6/H/case-106569_JAY_ANNOTATION.png,"[10,11]",34.74
regenerated_new/8/H/case-106569_JAY_ANNOTATION.png,"[10,14]",36.64
regenerated_new/9/H/case-106569_JAY_ANNOTATION.png,"[10,14]",42.14
regenerated_new/14/H/case-106569_JAY_ANNOTATION.png,"[10,13]",35.29
regenerated_new/2/H/case-106811_JAY_ANNOTATION.png,"[10,6]",52.48
regenerated_new/3/H/case-106811_JAY_ANNOTATION.png,"[10,12]",37.7
regenerated_new/4/H/case-106811_JAY_ANNOTATION.png,"[10,11]",33.35
regenerated_new/5/H/case-106811_JAY_ANNOTATION.png,"[2,4]",35.54
regenerated_new/7/H/case-106811_JAY_ANNOTATION.png,"[10,14]",39.86
regenerated_new/8/H/case-106811_JAY_ANNOTATION.png,"[10,14]",40.07
regenerated_new/9/H/case-106811_JAY_ANNOTATION.png,"[10,11]",34.36
regenerated_new/14/H/case-106811_JAY_ANNOTATION.png,"[2,3]",36.86
regenerated_new/3/H/case-106835_JAY_ANNOTATION.png,"[10,11]",33.3
regenerated_new/4/H/case-106835_JAY_ANNOTATION.png,"[10,2]",36.22
regenerated_new/5/H/case-106835_JAY_ANNOTATION.png,"[10,14]",41.11
regenerated_new/6/H/case-106835_JAY_ANNOTATION.png,"[10,14]",45.96
regenerated_new/7/H/case-106835_JAY_ANNOTATION.png,"[10,14]",39.76
regenerated_new/8/H/case-106835_JAY_ANNOTATION.png,"[10,14]",44.08
regenerated_new/9/H/case-106835_JAY_ANNOTATION.png,"[10,14]",35.67
regenerated_new/13/H/case-106835_JAY_ANNOTATION.png,"[10,14]",35.52
regenerated_new/14/H/case-106835_JAY_ANNOTATION.png,"[10,14]",33.98
regenerated_new/3/H/case-106856_JAY_ANNOTATION.png,"[4,10]",36.84
regenerated_new/4/H/case-106856_JAY_ANNOTATION.png,"[4,5]",42.16
regenerated_new/5/H/case-106856_JAY_ANNOTATION.png,"[2,3]",35.7
regenerated_new/6/H/case-106856_JAY_ANNOTATION.png,"[10,14]",35.49
regenerated_new/8/H/case-106856_JAY_ANNOTATION.png,"[10,2]",34.98
regenerated_new/9/H/case-106856_JAY_ANNOTATION.png,"[10,11]",32.98
regenerated_new/12/H/case-106856_JAY_ANNOTATION.png,"[2,4]",40.97
regenerated_new/14/H/case-106856_JAY_ANNOTATION.png,"[2,3]",30.73
regenerated_new/2/H/case-106882_JAY_ANNOTATION.png,"[10,14]",41.43
regenerated_new/3/H/case-106882_JAY_ANNOTATION.png,"[10,11]",32.47
regenerated_new/4/H/case-106882_JAY_ANNOTATION.png,"[10,14]",38.64
regenerated_new/5/H/case-106882_JAY_ANNOTATION.png,"[10,11]",33.8
regenerated_new/6/H/case-106882_JAY_ANNOTATION.png,"[10,12]",38.73
regenerated_new/7/H/case-106882_JAY_ANNOTATION.png,"[2,3]",30.96
regenerated_new/8/H/case-106882_JAY_ANNOTATION.png,"[12,14]",34.11
regenerated_new/9/H/case-106882_JAY_ANNOTATION.png,"[10,11]",44.39
regenerated_new/12/H/case-106882_JAY_ANNOTATION.png,"[12,13]",34.3
regenerated_new/14/H/case-106882_JAY_ANNOTATION.png,"[10,13]",41.28
regenerated_new/2/H/case-106963_JAY_ANNOTATION.png,"[10,11]",40.43
regenerated_new/3/H/case-106963_JAY_ANNOTATION.png,"[10,14]",36.98
regenerated_new/4/H/case-106963_JAY_ANNOTATION.png,"[10,14]",41.4
regenerated_new/5/H/case-106963_JAY_ANNOTATION.png,"[2,3]",36.86
regenerated_new/6/H/case-106963_JAY_ANNOTATION.png,"[10,3]",36.37
regenerated_new/7/H/case-106963_JAY_ANNOTATION.png,"[2,10]",41.49
regenerated_new/8/H/case-106963_JAY_ANNOTATION.png,"[10,11]",39.27
regenerated_new/9/H/case-106963_JAY_ANNOTATION.png,"[2,3]",39.79
regenerated_new/13/H/case-106963_JAY_ANNOTATION.png,"[10,11]",29.61
regenerated_new/14/H/case-106963_JAY_ANNOTATION.png,"[10,14]",35.84
regenerated_new/3/H/case-106973_JAY_ANNOTATION.png,"[10,11]",38.16
regenerated_new/4/H/case-106973_JAY_ANNOTATION.png,"[10,11]",41.44
regenerated_new/5/H/case-106973_JAY_ANNOTATION.png,"[2,3]",30.24
regenerated_new/6/H/case-106973_JAY_ANNOTATION.png,"[13,14]",36.04
regenerated_new/7/H/case-106973_JAY_ANNOTATION.png,"[2,3]",35.72
regenerated_new/8/H/case-106973_JAY_ANNOTATION.png,"[10,11]",40.35
regenerated_new/9/H/case-106973_JAY_ANNOTATION.png,"[2,3]",33.31
regenerated_new/11/H/case-106973_JAY_ANNOTATION.png,"[2,3]",33.89
regenerated_new/14/H/case-106973_JAY_ANNOTATION.png,"[10,14]",41.94
regenerated_new/3/H/case-106991_JAY_ANNOTATION.png,"[10,11]",46.61
regenerated_new/4/H/case-106991_JAY_ANNOTATION.png,"[10,11]",44.32
regenerated_new/5/H/case-106991_JAY_ANNOTATION.png,"[10,14]",43.13
regenerated_new/6/H/case-106991_JAY_ANNOTATION.png,"[10,14]",35.45
regenerated_new/7/H/case-106991_JAY_ANNOTATION.png,"[10,2]",45.93
regenerated_new/8/H/case-106991_JAY_ANNOTATION.png,"[10,14]",35.96
regenerated_new/9/H/case-106991_JAY_ANNOTATION.png,"[10,11]",37.83
regenerated_new/14/H/case-106991_JAY_ANNOTATION.png,"[10,14]",35.2
regenerated_new/2/H/case-107068_JAY_ANNOTATION.png,"[4,5]",37.27
regenerated_new/3/H/case-107068_JAY_ANNOTATION.png,"[2,10]",33.2
regenerated_new/4/H/case-107068_JAY_ANNOTATION.png,"[12,13]",39.81
regenerated_new/5/H/case-107068_JAY_ANNOTATION.png,"[10,11]",36.75
regenerated_new/8/H/case-107068_JAY_ANNOTATION.png,"[10,14]",34.75
regenerated_new/9/H/case-107068_JAY_ANNOTATION.png,"[2,3]",42.39
regenerated_new/14/H/case-107068_JAY_ANNOTATION.png,"[3,10]",38.73
regenerated_new/4/H/case-107184_JAY_ANNOTATION.png,"[10,14]",40.95
regenerated_new/5/H/case-107184_JAY_ANNOTATION.png,"[10,11]",39.43
regenerated_new/7/H/case-107184_JAY_ANNOTATION.png,"[10,14]",42.57
regenerated_new/8/H/case-107184_JAY_ANNOTATION.png,"[10,14]",40.93
regenerated_new/9/H/case-107184_JAY_ANNOTATION.png,"[10,11]",38.33
regenerated_new/14/H/case-107184_JAY_ANNOTATION.png,"[10,3]",37.99
regenerated_new/2/H/case-107267_JAY_ANNOTATION.png,"[10,11]",37.99
regenerated_new/3/H/case-107267_JAY_ANNOTATION.png,"[10,14]",38.76
regenerated_new/4/H/case-107267_JAY_ANNOTATION.png,"[2,3]",31.95
regenerated_new/5/H/case-107267_JAY_ANNOTATION.png,"[10,14]",33.48
regenerated_new/7/H/case-107267_JAY_ANNOTATION.png,"[2,3]",44.25
regenerated_new/8/H/case-107267_JAY_ANNOTATION.png,"[10,14]",34.69
regenerated_new/9/H/case-107267_JAY_ANNOTATION.png,"[10,14]",37.83
regenerated_new/10/H/case-107267_JAY_ANNOTATION.png,"[10,11]",35.16
regenerated_new/11/H/case-107267_JAY_ANNOTATION.png,"[10,11]",36.83
regenerated_new/14/H/case-107267_JAY_ANNOTATION.png,"[10,14]",37.37
regenerated_new/3/H/case-107296_JAY_ANNOTATION.png,"[10,14]",35.16
regenerated_new/4/H/case-107296_JAY_ANNOTATION.png,"[10,14]",40.21
regenerated_new/5/H/case-107296_JAY_ANNOTATION.png,"[10,14]",33.32
regenerated_new/6/H/case-107296_JAY_ANNOTATION.png,"[10,14]",35.1
regenerated_new/7/H/case-107296_JAY_ANNOTATION.png,"[10,14]",34.13
regenerated_new/8/H/case-107296_JAY_ANNOTATION.png,"[10,14]",33.66
regenerated_new/9/H/case-107296_JAY_ANNOTATION.png,"[10,14]",36.47
regenerated_new/14/H/case-107296_JAY_ANNOTATION.png,"[10,11]",33.97
regenerated_new/3/H/case-110146_JAY_ANNOTATION.png,"[2,10]",41.66
regenerated_new/4/H/case-110146_JAY_ANNOTATION.png,"[2,3]",28.08
regenerated_new/5/H/case-110146_JAY_ANNOTATION.png,"[10,11]",40.6
regenerated_new/7/H/case-110146_JAY_ANNOTATION.png,"[2,10]",38.99
regenerated_new/8/H/case-110146_JAY_ANNOTATION.png,"[10,11]",35.53
regenerated_new/9/H/case-110146_JAY_ANNOTATION.png,"[10,14]",33.81
regenerated_new/14/H/case-110146_JAY_ANNOTATION.png,"[10,12]",35.75
regenerated_new/3/H/case-110184_JAY_ANNOTATION.png,"[10,11]",33.44
regenerated_new/4/H/case-110184_JAY_ANNOTATION.png,"[12,14]",37.14
regenerated_new/5/H/case-110184_JAY_ANNOTATION.png,"[10,11]",30.47
regenerated_new/6/H/case-110184_JAY_ANNOTATION.png,"[15,15]",39.3
regenerated_new/7/H/case-110184_JAY_ANNOTATION.png,"[10,14]",40.56
regenerated_new/8/H/case-110184_JAY_ANNOTATION.png,"[10,14]",41.44
regenerated_new/9/H/case-110184_JAY_ANNOTATION.png,"[4,5]",38.17
regenerated_new/14/H/case-110184_JAY_ANNOTATION.png,"[10,11]",38.36
regenerated_new/3/H/case-110307_JAY_ANNOTATION.png,"[10,11]",43.37
regenerated_new/4/H/case-110307_JAY_ANNOTATION.png,"[10,14]",38.71
regenerated_new/5/H/case-110307_JAY_ANNOTATION.png,"[10,14]",37.84
regenerated_new/6/H/case-110307_JAY_ANNOTATION.png,"[10,11]",37.65
regenerated_new/7/H/case-110307_JAY_ANNOTATION.png,"[10,14]",39.67
regenerated_new/8/H/case-110307_JAY_ANNOTATION.png,"[10,11]",29.18
regenerated_new/9/H/case-110307_JAY_ANNOTATION.png,"[10,11]",36.97
regenerated_new/12/H/case-110307_JAY_ANNOTATION.png,"[10,11]",36.97
regenerated_new/14/H/case-110307_JAY_ANNOTATION.png,"[10,14]",33.39
regenerated_new/3/H/case-110324_JAY_ANNOTATION.png,"[10,3]",42.38
regenerated_new/4/H/case-110324_JAY_ANNOTATION.png,"[2,3]",35.12
regenerated_new/5/H/case-110324_JAY_ANNOTATION.png,"[2,3]",33.75
regenerated_new/6/H/case-110324_JAY_ANNOTATION.png,"[10,11]",40.59
regenerated_new/7/H/case-110324_JAY_ANNOTATION.png,"[10,11]",34.59
regenerated_new/8/H/case-110324_JAY_ANNOTATION.png,"[10,11]",43.13
regenerated_new/9/H/case-110324_JAY_ANNOTATION.png,"[10,14]",42.84
regenerated_new/10/H/case-110324_JAY_ANNOTATION.png,"[10,2]",39.45
regenerated_new/14/H/case-110324_JAY_ANNOTATION.png,"[10,14]",33.27
regenerated_new/3/H/case-110378_JAY_ANNOTATION.png,"[10,14]",35.91
regenerated_new/5/H/case-110378_JAY_ANNOTATION.png,"[10,12]",34.38
regenerated_new/6/H/case-110378_JAY_ANNOTATION.png,"[10,14]",33.83
regenerated_new/7/H/case-110378_JAY_ANNOTATION.png,"[10,14]",36.12
regenerated_new/8/H/case-110378_JAY_ANNOTATION.png,"[10,14]",39.31
regenerated_new/9/H/case-110378_JAY_ANNOTATION.png,"[2,3]",29.32
regenerated_new/14/H/case-110378_JAY_ANNOTATION.png,"[10,11]",32.05
regenerated_new/3/H/case-110382_JAY_ANNOTATION.png,"[10,14]",37.1
regenerated_new/4/H/case-110382_JAY_ANNOTATION.png,"[12,14]",39.67
regenerated_new/5/H/case-110382_JAY_ANNOTATION.png,"[10,14]",37.08
regenerated_new/8/H/case-110382_JAY_ANNOTATION.png,"[10,14]",42.71
regenerated_new/9/H/case-110382_JAY_ANNOTATION.png,"[10,14]",35.94
regenerated_new/14/H/case-110382_JAY_ANNOTATION.png,"[13,14]",35.04
regenerated_new/3/H/case-110393_JAY_ANNOTATION.png,"[10,14]",34.96
regenerated_new/4/H/case-110393_JAY_ANNOTATION.png,"[10,11]",35.14
regenerated_new/5/H/case-110393_JAY_ANNOTATION.png,"[2,10]",37.55
regenerated_new/6/H/case-110393_JAY_ANNOTATION.png,"[10,14]",33.49
regenerated_new/8/H/case-110393_JAY_ANNOTATION.png,"[14,13]",35.77
regenerated_new/9/H/case-110393_JAY_ANNOTATION.png,"[12,14]",41.86
regenerated_new/13/H/case-110393_JAY_ANNOTATION.png,"[12,14]",34.22
regenerated_new/14/H/case-110393_JAY_ANNOTATION.png,"[13,14]",44.49
regenerated_new/2/H/case-110447_JAY_ANNOTATION.png,"[2,3]",36.47
regenerated_new/3/H/case-110447_JAY_ANNOTATION.png,"[2,10]",35.95
regenerated_new/4/H/case-110447_JAY_ANNOTATION.png,"[10,14]",36.64
regenerated_new/5/H/case-110447_JAY_ANNOTATION.png,"[10,11]",37.3
regenerated_new/6/H/case-110447_JAY_ANNOTATION.png,"[10,14]",35.23
regenerated_new/7/H/case-110447_JAY_ANNOTATION.png,"[3,5]",38.32
regenerated_new/8/H/case-110447_JAY_ANNOTATION.png,"[10,14]",37.49
regenerated_new/9/H/case-110447_JAY_ANNOTATION.png,"[10,14]",38.15
regenerated_new/11/H/case-110447_JAY_ANNOTATION.png,"[10,11]",35.09
regenerated_new/13/H/case-110447_JAY_ANNOTATION.png,"[10,14]",53.05
regenerated_new/14/H/case-110447_JAY_ANNOTATION.png,"[10,14]",36.3
regenerated_new/2/H/case-110519_JAY_ANNOTATION.png,"[10,14]",43.37
regenerated_new/3/H/case-110519_JAY_ANNOTATION.png,"[10,14]",37.31
regenerated_new/4/H/case-110519_JAY_ANNOTATION.png,"[10,11]",39.18
regenerated_new/5/H/case-110519_JAY_ANNOTATION.png,"[10,12]",38.93
regenerated_new/6/H/case-110519_JAY_ANNOTATION.png,"[10,14]",34.42
regenerated_new/8/H/case-110519_JAY_ANNOTATION.png,"[10,11]",43.64
regenerated_new/9/H/case-110519_JAY_ANNOTATION.png,"[10,14]",39.22
regenerated_new/14/H/case-110519_JAY_ANNOTATION.png,"[10,13]",34.8
regenerated_new/4/H/case-110588_JAY_ANNOTATION.png,"[2,3]",30.76
regenerated_new/5/H/case-110588_JAY_ANNOTATION.png,"[10,14]",42.13
regenerated_new/6/H/case-110588_JAY_ANNOTATION.png,"[10,14]",35.14
regenerated_new/7/H/case-110588_JAY_ANNOTATION.png,"[10,14]",39.75
regenerated_new/8/H/case-110588_JAY_ANNOTATION.png,"[10,14]",35.75
regenerated_new/9/H/case-110588_JAY_ANNOTATION.png,"[10,14]",40.02
regenerated_new/10/H/case-110588_JAY_ANNOTATION.png,"[10,11]",37.77
regenerated_new/14/H/case-110588_JAY_ANNOTATION.png,"[10,11]",45.95
regenerated_new/3/H/case-110636_JAY_ANNOTATION.png,"[10,11]",38.63
regenerated_new/4/H/case-110636_JAY_ANNOTATION.png,"[2,10]",37.13
regenerated_new/5/H/case-110636_JAY_ANNOTATION.png,"[10,14]",37.67
regenerated_new/6/H/case-110636_JAY_ANNOTATION.png,"[10,11]",32.41
regenerated_new/8/H/case-110636_JAY_ANNOTATION.png,"[10,14]",32.89
regenerated_new/9/H/case-110636_JAY_ANNOTATION.png,"[10,11]",32.91
regenerated_new/14/H/case-110636_JAY_ANNOTATION.png,"[3,10]",32.9
regenerated_new/2/H/case-110640_JAY_ANNOTATION.png,"[10,14]",42.3
regenerated_new/3/H/case-110640_JAY_ANNOTATION.png,"[15,15]",36.75
regenerated_new/4/H/case-110640_JAY_ANNOTATION.png,"[10,14]",42.71
regenerated_new/5/H/case-110640_JAY_ANNOTATION.png,"[12,14]",35.42
regenerated_new/6/H/case-110640_JAY_ANNOTATION.png,"[10,12]",38.27
regenerated_new/7/H/case-110640_JAY_ANNOTATION.png,"[10,14]",35.58
regenerated_new/8/H/case-110640_JAY_ANNOTATION.png,"[10,14]",43.25
regenerated_new/9/H/case-110640_JAY_ANNOTATION.png,"[10,14]",39.05
regenerated_new/13/H/case-110640_JAY_ANNOTATION.png,"[2,3]",36.84
regenerated_new/14/H/case-110640_JAY_ANNOTATION.png,"[11,12]",40.11
regenerated_new/3/H/case-110649_JAY_ANNOTATION.png,"[10,11]",33.46
regenerated_new/4/H/case-110649_JAY_ANNOTATION.png,"[2,3]",33.9
regenerated_new/5/H/case-110649_JAY_ANNOTATION.png,"[2,3]",40.01
regenerated_new/6/H/case-110649_JAY_ANNOTATION.png,"[10,14]",39.66
regenerated_new/7/H/case-110649_JAY_ANNOTATION.png,"[10,14]",37.13
regenerated_new/8/H/case-110649_JAY_ANNOTATION.png,"[2,11]",34.67
regenerated_new/9/H/case-110649_JAY_ANNOTATION.png,"[10,11]",37.05
regenerated_new/12/H/case-110649_JAY_ANNOTATION.png,"[12,14]",39.95
regenerated_new/14/H/case-110649_JAY_ANNOTATION.png,"[10,14]",31.4
regenerated_new/3/H/case-110664_JAY_ANNOTATION.png,"[10,14]",32.97
regenerated_new/4/H/case-110664_JAY_ANNOTATION.png,"[10,14]",33.68
regenerated_new/5/H/case-110664_JAY_ANNOTATION.png,"[10,14]",36.48
regenerated_new/6/H/case-110664_JAY_ANNOTATION.png,"[10,14]",33.25
regenerated_new/7/H/case-110664_JAY_ANNOTATION.png,"[10,11]",38.91
regenerated_new/8/H/case-110664_JAY_ANNOTATION.png,"[2,3]",30.11
regenerated_new/9/H/case-110664_JAY_ANNOTATION.png,"[10,14]",40.9
regenerated_new/14/H/case-110664_JAY_ANNOTATION.png,"[12,13]",33.04
regenerated_new/3/H/case-110831_JAY_ANNOTATION.png,"[10,4]",32.55
regenerated_new/4/H/case-110831_JAY_ANNOTATION.png,"[10,11]",36.75
regenerated_new/5/H/case-110831_JAY_ANNOTATION.png,"[2,10]",37.11
regenerated_new/6/H/case-110831_JAY_ANNOTATION.png,"[10,2]",34.75
regenerated_new/7/H/case-110831_JAY_ANNOTATION.png,"[10,14]",41.53
regenerated_new/8/H/case-110831_JAY_ANNOTATION.png,"[12,13]",35.98
regenerated_new/9/H/case-110831_JAY_ANNOTATION.png,"[12,13]",42.36
regenerated_new/14/H/case-110831_JAY_ANNOTATION.png,"[4,5]",32.41
regenerated_new/4/H/case-110870_JAY_ANNOTATION.png,"[10,14]",46.08
regenerated_new/5/H/case-110870_JAY_ANNOTATION.png,"[2,3]",35.78
regenerated_new/6/H/case-110870_JAY_ANNOTATION.png,"[10,14]",44.17
regenerated_new/7/H/case-110870_JAY_ANNOTATION.png,"[10,14]",38.33
regenerated_new/8/H/case-110870_JAY_ANNOTATION.png,"[10,14]",34.75
regenerated_new/9/H/case-110870_JAY_ANNOTATION.png,"[11,13]",36.61
regenerated_new/14/H/case-110870_JAY_ANNOTATION.png,"[10,14]",33.34
regenerated_new/3/H/case-111040_JAY_ANNOTATION.png,"[2,4]",33.17
regenerated_new/4/H/case-111040_JAY_ANNOTATION.png,"[10,14]",38.09
regenerated_new/5/H/case-111040_JAY_ANNOTATION.png,"[10,14]",41.32
regenerated_new/6/H/case-111040_JAY_ANNOTATION.png,"[10,14]",42.67
regenerated_new/8/H/case-111040_JAY_ANNOTATION.png,"[10,14]",28.62
regenerated_new/9/H/case-111040_JAY_ANNOTATION.png,"[10,14]",44.85
regenerated_new/10/H/case-111040_JAY_ANNOTATION.png,"[10,11]",39.81
regenerated_new/14/H/case-111040_JAY_ANNOTATION.png,"[2,10]",31.58
regenerated_new/3/H/case-111057_JAY_ANNOTATION.png,"[10,14]",39.1
regenerated_new/4/H/case-111057_JAY_ANNOTATION.png,"[2,3]",38.07
regenerated_new/5/H/case-111057_JAY_ANNOTATION.png,"[10,14]",31.93
regenerated_new/6/H/case-111057_JAY_ANNOTATION.png,"[2,4]",35.31
regenerated_new/7/H/case-111057_JAY_ANNOTATION.png,"[2,4]",42.57
regenerated_new/8/H/case-111057_JAY_ANNOTATION.png,"[10,14]",42.05
regenerated_new/9/H/case-111057_JAY_ANNOTATION.png,"[10,14]",39.8
regenerated_new/11/H/case-111057_JAY_ANNOTATION.png,"[2,3]",34.26
regenerated_new/14/H/case-111057_JAY_ANNOTATION.png,"[10,14]",33.41
regenerated_new/3/H/case-111159_JAY_ANNOTATION.png,"[10,11]",36.61
regenerated_new/4/H/case-111159_JAY_ANNOTATION.png,"[2,10]",41.17
regenerated_new/5/H/case-111159_JAY_ANNOTATION.png,"[10,11]",37.41
regenerated_new/7/H/case-111159_JAY_ANNOTATION.png,"[10,14]",31.18
regenerated_new/8/H/case-111159_JAY_ANNOTATION.png,"[10,2]",36.42
regenerated_new/9/H/case-111159_JAY_ANNOTATION.png,"[10,14]",39.48
regenerated_new/10/H/case-111159_JAY_ANNOTATION.png,"[10,11]",37.46
regenerated_new/14/H/case-111159_JAY_ANNOTATION.png,"[10,14]",37.71
regenerated_new/3/H/case-111162_JAY_ANNOTATION.png,"[10,11]",35.06
regenerated_new/4/H/case-111162_JAY_ANNOTATION.png,"[10,11]",32.91
regenerated_new/5/H/case-111162_JAY_ANNOTATION.png,"[10,14]",39.32
regenerated_new/7/H/case-111162_JAY_ANNOTATION.png,"[10,13]",38.17
regenerated_new/8/H/case-111162_JAY_ANNOTATION.png,"[10,11]",35.37
regenerated_new/9/H/case-111162_JAY_ANNOTATION.png,"[10,11]",38.08
regenerated_new/13/H/case-111162_JAY_ANNOTATION.png,"[2,5]",37.5
regenerated_new/14/H/case-111162_JAY_ANNOTATION.png,"[10,12]",38.93
regenerated_new/3/H/case-111165_JAY_ANNOTATION.png,"[2,10]",30.69
regenerated_new/4/H/case-111165_JAY_ANNOTATION.png,"[10,11]",38.49
regenerated_new/5/H/case-111165_JAY_ANNOTATION.png,"[10,14]",33.23
regenerated_new/6/H/case-111165_JAY_ANNOTATION.png,"[10,14]",35.26
regenerated_new/7/H/case-111165_JAY_ANNOTATION.png,"[10,14]",34.94
regenerated_new/8/H/case-111165_JAY_ANNOTATION.png,"[10,14]",35.16
regenerated_new/9/H/case-111165_JAY_ANNOTATION.png,"[2,10]",30.96
regenerated_new/14/H/case-111165_JAY_ANNOTATION.png,"[10,14]",35.43
regenerated_new/2/H/case-111178_JAY_ANNOTATION.png,"[10,11]",35.24
regenerated_new/3/H/case-111178_JAY_ANNOTATION.png,"[10,14]",47.68
regenerated_new/4/H/case-111178_JAY_ANNOTATION.png,"[10,14]",38.81
regenerated_new/5/H/case-111178_JAY_ANNOTATION.png,"[11,14]",36.64
regenerated_new/6/H/case-111178_JAY_ANNOTATION.png,"[10,11]",34.64
regenerated_new/7/H/case-111178_JAY_ANNOTATION.png,"[10,11]",40.21
regenerated_new/8/H/case-111178_JAY_ANNOTATION.png,"[10,11]",40.42
regenerated_new/9/H/case-111178_JAY_ANNOTATION.png,"[10,14]",39.08
regenerated_new/10/H/case-111178_JAY_ANNOTATION.png,"[10,11]",41.92
regenerated_new/12/H/case-111178_JAY_ANNOTATION.png,"[2,3]",55.79
regenerated_new/14/H/case-111178_JAY_ANNOTATION.png,"[2,3]",37.04
regenerated_new/3/H/case-111246_JAY_ANNOTATION.png,"[2,10]",34.15
regenerated_new/4/H/case-111246_JAY_ANNOTATION.png,"[10,14]",37.59
regenerated_new/5/H/case-111246_JAY_ANNOTATION.png,"[10,11]",40.93
regenerated_new/6/H/case-111246_JAY_ANNOTATION.png,"[2,3]",38.26
regenerated_new/7/H/case-111246_JAY_ANNOTATION.png,"[4,5]",42.38
regenerated_new/8/H/case-111246_JAY_ANNOTATION.png,"[10,14]",43.3
regenerated_new/9/H/case-111246_JAY_ANNOTATION.png,"[10,11]",36.5
regenerated_new/11/H/case-111246_JAY_ANNOTATION.png,"[10,11]",39.52
regenerated_new/14/H/case-111246_JAY_ANNOTATION.png,"[10,11]",39.4
regenerated_new/3/H/case-111273_JAY_ANNOTATION.png,"[2,3]",40.07
regenerated_new/4/H/case-111273_JAY_ANNOTATION.png,"[2,3]",39.23
regenerated_new/5/H/case-111273_JAY_ANNOTATION.png,"[4,5]",34.94
regenerated_new/8/H/case-111273_JAY_ANNOTATION.png,"[10,3]",32.02
regenerated_new/9/H/case-111273_JAY_ANNOTATION.png,"[13,14]",40.86
regenerated_new/14/H/case-111273_JAY_ANNOTATION.png,"[10,14]",38.82
regenerated_new/2/H/case-111359_JAY_ANNOTATION.png,"[10,14]",37.28
regenerated_new/3/H/case-111359_JAY_ANNOTATION.png,"[10,11]",36.97
regenerated_new/4/H/case-111359_JAY_ANNOTATION.png,"[10,14]",35.13
regenerated_new/5/H/case-111359_JAY_ANNOTATION.png,"[10,12]",32.75
regenerated_new/6/H/case-111359_JAY_ANNOTATION.png,"[12,13]",38.81
regenerated_new/7/H/case-111359_JAY_ANNOTATION.png,"[10,14]",35.48
regenerated_new/8/H/case-111359_JAY_ANNOTATION.png,"[15,15]",42.81
regenerated_new/9/H/case-111359_JAY_ANNOTATION.png,"[2,3]",31.55
regenerated_new/14/H/case-111359_JAY_ANNOTATION.png,"[2,3]",37.76
regenerated_new/3/H/case-111405_JAY_ANNOTATION.png,"[10,11]",36.01
regenerated_new/4/H/case-111405_JAY_ANNOTATION.png,"[10,11]",39.45
regenerated_new/5/H/case-111405_JAY_ANNOTATION.png,"[10,14]",45.15
regenerated_new/6/H/case-111405_JAY_ANNOTATION.png,"[10,14]",36.9
regenerated_new/8/H/case-111405_JAY_ANNOTATION.png,"[10,14]",42.03
regenerated_new/9/H/case-111405_JAY_ANNOTATION.png,"[10,14]",40.55
regenerated_new/10/H/case-111405_JAY_ANNOTATION.png,"[10,11]",41.63
regenerated_new/12/H/case-111405_JAY_ANNOTATION.png,"[10,12]",32.97
regenerated_new/14/H/case-111405_JAY_ANNOTATION.png,"[10,11]",35.46
regenerated_new/4/H/case-111446_JAY_ANNOTATION.png,"[10,11]",37.34
regenerated_new/5/H/case-111446_JAY_ANNOTATION.png,"[2,10]",34.21
regenerated_new/7/H/case-111446_JAY_ANNOTATION.png,"[2,3]",34.33
regenerated_new/8/H/case-111446_JAY_ANNOTATION.png,"[10,14]",29.49
regenerated_new/9/H/case-111446_JAY_ANNOTATION.png,"[12,14]",40.02
regenerated_new/12/H/case-111446_JAY_ANNOTATION.png,"[3,10]",37.02
regenerated_new/14/H/case-111446_JAY_ANNOTATION.png,"[10,14]",40.32
regenerated_new/3/H/case-111546_JAY_ANNOTATION.png,"[2,10]",35.45
regenerated_new/4/H/case-111546_JAY_ANNOTATION.png,"[10,12]",40.06
regenerated_new/5/H/case-111546_JAY_ANNOTATION.png,"[10,14]",28.71
regenerated_new/7/H/case-111546_JAY_ANNOTATION.png,"[10,11]",40.67
regenerated_new/8/H/case-111546_JAY_ANNOTATION.png,"[10,14]",44.53
regenerated_new/9/H/case-111546_JAY_ANNOTATION.png,"[10,14]",31.31
regenerated_new/12/H/case-111546_JAY_ANNOTATION.png,"[2,4]",37.82
regenerated_new/14/H/case-111546_JAY_ANNOTATION.png,"[10,12]",42.07
regenerated_new/3/H/case-111573_JAY_ANNOTATION.png,"[3,10]",33.36
regenerated_new/4/H/case-111573_JAY_ANNOTATION.png,"[10,14]",43.58
regenerated_new/5/H/case-111573_JAY_ANNOTATION.png,"[10,14]",37.48
regenerated_new/7/H/case-111573_JAY_ANNOTATION.png,"[10,14]",44.23
regenerated_new/8/H/case-111573_JAY_ANNOTATION.png,"[10,12]",36.0
regenerated_new/9/H/case-111573_JAY_ANNOTATION.png,"[10,14]",35.0
regenerated_new/14/H/case-111573_JAY_ANNOTATION.png,"[2,3]",36.01
regenerated_new/2/H/case-111685_JAY_ANNOTATION.png,"[10,11]",41.01
regenerated_new/3/H/case-111685_JAY_ANNOTATION.png,"[2,10]",39.98
regenerated_new/4/H/case-111685_JAY_ANNOTATION.png,"[10,14]",43.6
regenerated_new/5/H/case-111685_JAY_ANNOTATION.png,"[10,14]",37.29
regenerated_new/6/H/case-111685_JAY_ANNOTATION.png,"[10,14]",39.65
regenerated_new/7/H/case-111685_JAY_ANNOTATION.png,"[15,15]",35.29
regenerated_new/8/H/case-111685_JAY_ANNOTATION.png,"[10,2]",34.26
regenerated_new/9/H/case-111685_JAY_ANNOTATION.png,"[10,14]",44.16
regenerated_new/14/H/case-111685_JAY_ANNOTATION.png,"[13,14]",35.96
regenerated_new/3/H/case-111755_JAY_ANNOTATION.png,"[10,14]",37.87
regenerated_new/4/H/case-111755_JAY_ANNOTATION.png,"[10,11]",34.75
regenerated_new/5/H/case-111755_JAY_ANNOTATION.png,"[10,11]",35.33
regenerated_new/7/H/case-111755_JAY_ANNOTATION.png,"[10,14]",33.71
regenerated_new/8/H/case-111755_JAY_ANNOTATION.png,"[10,14]",39.13
regenerated_new/9/H/case-111755_JAY_ANNOTATION.png,"[10,11]",35.9
regenerated_new/13/H/case-111755_JAY_ANNOTATION.png,"[2,3]",34.74
regenerated_new/14/H/case-111755_JAY_ANNOTATION.png,"[10,11]",30.83
regenerated_new/3/H/case-111791_JAY_ANNOTATION.png,"[10,2]",36.28
regenerated_new/4/H/case-111791_JAY_ANNOTATION.png,"[10,11]",34.92
regenerated_new/5/H/case-111791_JAY_ANNOTATION.png,"[10,14]",35.1
regenerated_new/7/H/case-111791_JAY_ANNOTATION.png,"[10,14]",36.65
regenerated_new/8/H/case-111791_JAY_ANNOTATION.png,"[10,14]",38.66
regenerated_new/9/H/case-111791_JAY_ANNOTATION.png,"[10,14]",41.12
regenerated_new/11/H/case-111791_JAY_ANNOTATION.png,"[10,11]",40.76
regenerated_new/14/H/case-111791_JAY_ANNOTATION.png,"[2,3]",33.67
regenerated_new/4/H/case-111819_JAY_ANNOTATION.png,"[10,14]",39.93
regenerated_new/5/H/case-111819_JAY_ANNOTATION.png,"[10,14]",40.66
regenerated_new/6/H/case-111819_JAY_ANNOTATION.png,"[10,14]",45.69
regenerated_new/7/H/case-111819_JAY_ANNOTATION.png,"[10,11]",32.45
regenerated_new/8/H/case-111819_JAY_ANNOTATION.png,"[2,3]",44.62
regenerated_new/9/H/case-111819_JAY_ANNOTATION.png,"[10,11]",52.64
regenerated_new/14/H/case-111819_JAY_ANNOTATION.png,"[10,14]",39.35
regenerated_new/2/H/case-111830_JAY_ANNOTATION.png,"[10,11]",34.32
regenerated_new/3/H/case-111830_JAY_ANNOTATION.png,"[10,14]",37.01
regenerated_new/4/H/case-111830_JAY_ANNOTATION.png,"[10,11]",42.78
regenerated_new/5/H/case-111830_JAY_ANNOTATION.png,"[10,14]",32.64
regenerated_new/6/H/case-111830_JAY_ANNOTATION.png,"[4,5]",36.0
regenerated_new/7/H/case-111830_JAY_ANNOTATION.png,"[10,14]",39.25
regenerated_new/8/H/case-111830_JAY_ANNOTATION.png,"[10,11]",36.35
regenerated_new/9/H/case-111830_JAY_ANNOTATION.png,"[4,5]",38.91
regenerated_new/14/H/case-111830_JAY_ANNOTATION.png,"[15,15]",40.43
regenerated_new/3/H/case-111863_JAY_ANNOTATION.png,"[10,2]",40.77
regenerated_new/4/H/case-111863_JAY_ANNOTATION.png,"[10,14]",40.68
regenerated_new/5/H/case-111863_JAY_ANNOTATION.png,"[10,11]",34.33
regenerated_new/7/H/case-111863_JAY_ANNOTATION.png,"[10,2]",31.91
regenerated_new/8/H/case-111863_JAY_ANNOTATION.png,"[10,11]",42.12
regenerated_new/9/H/case-111863_JAY_ANNOTATION.png,"[10,14]",38.76
regenerated_new/10/H/case-111863_JAY_ANNOTATION.png,"[10,11]",36.23
regenerated_new/14/H/case-111863_JAY_ANNOTATION.png,"[11,12]",34.76
regenerated_new/3/H/case-111923_JAY_ANNOTATION.png,"[2,10]",30.69
regenerated_new/4/H/case-111923_JAY_ANNOTATION.png,"[10,14]",40.09
regenerated_new/5/H/case-111923_JAY_ANNOTATION.png,"[10,11]",40.36
regenerated_new/7/H/case-111923_JAY_ANNOTATION.png,"[10,14]",38.59
regenerated_new/8/H/case-111923_JAY_ANNOTATION.png,"[10,14]",43.23
regenerated_new/9/H/case-111923_JAY_ANNOTATION.png,"[10,14]",39.68
regenerated_new/13/H/case-111923_JAY_ANNOTATION.png,"[10,11]",35.25
regenerated_new/14/H/case-111923_JAY_ANNOTATION.png,"[10,12]",40.55
regenerated_new/3/H/case-112038_JAY_ANNOTATION.png,"[10,11]",35.09
regenerated_new/4/H/case-112038_JAY_ANNOTATION.png,"[10,14]",38.77
regenerated_new/5/H/case-112038_JAY_ANNOTATION.png,"[10,11]",38.65
regenerated_new/6/H/case-112038_JAY_ANNOTATION.png,"[10,14]",44.18
regenerated_new/7/H/case-112038_JAY_ANNOTATION.png,"[10,14]",39.71
regenerated_new/8/H/case-112038_JAY_ANNOTATION.png,"[10,14]",31.87
regenerated_new/9/H/case-112038_JAY_ANNOTATION.png,"[10,11]",37.36
regenerated_new/12/H/case-112038_JAY_ANNOTATION.png,"[10,14]",42.34
regenerated_new/14/H/case-112038_JAY_ANNOTATION.png,"[10,11]",39.84
regenerated_new/2/H/case-112071_JAY_ANNOTATION.png,"[2,3]",32.99
regenerated_new/3/H/case-112071_JAY_ANNOTATION.png,"[10,12]",37.15
regenerated_new/4/H/case-112071_JAY_ANNOTATION.png,"[10,14]",34.4
regenerated_new/5/H/case-112071_JAY_ANNOTATION.png,"[10,14]",44.1
regenerated_new/6/H/case-112071_JAY_ANNOTATION.png,"[2,3]",34.99
regenerated_new/7/H/case-112071_JAY_ANNOTATION.png,"[10,14]",33.02
regenerated_new/8/H/case-112071_JAY_ANNOTATION.png,"[2,3]",41.79
regenerated_new/9/H/case-112071_JAY_ANNOTATION.png,"[10,11]",32.97
regenerated_new/13/H/case-112071_JAY_ANNOTATION.png,"[4,5]",35.2
regenerated_new/14/H/case-112071_JAY_ANNOTATION.png,"[12,14]",35.58
regenerated_new/3/H/case-112086_JAY_ANNOTATION.png,"[2,4]",34.31
regenerated_new/4/H/case-112086_JAY_ANNOTATION.png,"[2,3]",30.76
regenerated_new/5/H/case-112086_JAY_ANNOTATION.png,"[11,12]",37.19
regenerated_new/6/H/case-112086_JAY_ANNOTATION.png,"[10,14]",46.91
regenerated_new/8/H/case-112086_JAY_ANNOTATION.png,"[10,14]",35.86
regenerated_new/9/H/case-112086_JAY_ANNOTATION.png,"[10,11]",32.27
regenerated_new/10/H/case-112086_JAY_ANNOTATION.png,"[10,11]",37.9
regenerated_new/14/H/case-112086_JAY_ANNOTATION.png,"[4,5]",41.84
regenerated_new/3/H/case-112092_JAY_ANNOTATION.png,"[10,11]",36.2
regenerated_new/4/H/case-112092_JAY_ANNOTATION.png,"[10,11]",41.78
regenerated_new/5/H/case-112092_JAY_ANNOTATION.png,"[10,11]",36.21
regenerated_new/7/H/case-112092_JAY_ANNOTATION.png,"[10,14]",38.15
regenerated_new/9/H/case-112092_JAY_ANNOTATION.png,"[4,10]",33.74
regenerated_new/14/H/case-112092_JAY_ANNOTATION.png,"[10,11]",42.86
regenerated_new/3/H/case-112132_JAY_ANNOTATION.png,"[10,11]",34.5
regenerated_new/4/H/case-112132_JAY_ANNOTATION.png,"[10,14]",36.87
regenerated_new/5/H/case-112132_JAY_ANNOTATION.png,"[10,14]",35.48
regenerated_new/6/H/case-112132_JAY_ANNOTATION.png,"[10,14]",38.47
regenerated_new/8/H/case-112132_JAY_ANNOTATION.png,"[10,14]",33.95
regenerated_new/9/H/case-112132_JAY_ANNOTATION.png,"[10,14]",33.53
regenerated_new/14/H/case-112132_JAY_ANNOTATION.png,"[13,14]",50.79
regenerated_new/3/H/case-112180_JAY_ANNOTATION.png,"[2,3]",32.26
regenerated_new/4/H/case-112180_JAY_ANNOTATION.png,"[10,11]",34.14
regenerated_new/5/H/case-112180_JAY_ANNOTATION.png,"[2,3]",35.69
regenerated_new/6/H/case-112180_JAY_ANNOTATION.png,"[10,11]",37.58
regenerated_new/7/H/case-112180_JAY_ANNOTATION.png,"[4,14]",35.54
regenerated_new/8/H/case-112180_JAY_ANNOTATION.png,"[10,2]",35.92
regenerated_new/9/H/case-112180_JAY_ANNOTATION.png,"[2,10]",38.68
regenerated_new/12/H/case-112180_JAY_ANNOTATION.png,"[11,13]",43.07
regenerated_new/13/H/case-112180_JAY_ANNOTATION.png,"[10,11]",31.81
regenerated_new/14/H/case-112180_JAY_ANNOTATION.png,"[4,14]",44.28
regenerated_new/3/H/case-112208_JAY_ANNOTATION.png,"[3,10]",39.4
regenerated_new/4/H/case-112208_JAY_ANNOTATION.png,"[12,14]",40.66
regenerated_new/5/H/case-112208_JAY_ANNOTATION.png,"[2,3]",33.37
regenerated_new/6/H/case-112208_JAY_ANNOTATION.png,"[10,11]",32.09
regenerated_new/7/H/case-112208_JAY_ANNOTATION.png,"[10,11]",33.79
regenerated_new/8/H/case-112208_JAY_ANNOTATION.png,"[12,14]",31.63
regenerated_new/9/H/case-112208_JAY_ANNOTATION.png,"[10,14]",35.85
regenerated_new/14/H/case-112208_JAY_ANNOTATION.png,"[4,5]",33.31
regenerated_new/3/H/case-112234_JAY_ANNOTATION.png,"[10,11]",36.13
regenerated_new/4/H/case-112234_JAY_ANNOTATION.png,"[10,11]",30.25
regenerated_new/5/H/case-112234_JAY_ANNOTATION.png,"[10,14]",37.89
regenerated_new/6/H/case-112234_JAY_ANNOTATION.png,"[10,14]",35.85
regenerated_new/7/H/case-112234_JAY_ANNOTATION.png,"[12,14]",49.25
regenerated_new/8/H/case-112234_JAY_ANNOTATION.png,"[10,2]",38.44
regenerated_new/9/H/case-112234_JAY_ANNOTATION.png,"[10,11]",34.66
regenerated_new/13/H/case-112234_JAY_ANNOTATION.png,"[12,14]",38.25
regenerated_new/14/H/case-112234_JAY_ANNOTATION.png,"[10,14]",39.1
regenerated_new/3/H/case-112249_JAY_ANNOTATION.png,"[2,10]",42.18
regenerated_new/4/H/case-112249_JAY_ANNOTATION.png,"[10,12]",45.32
regenerated_new/5/H/case-112249_JAY_ANNOTATION.png,"[10,11]",33.03
regenerated_new/6/H/case-112249_JAY_ANNOTATION.png,"[10,11]",38.06
regenerated_new/7/H/case-112249_JAY_ANNOTATION.png,"[10,14]",39.25
regenerated_new/8/H/case-112249_JAY_ANNOTATION.png,"[2,3]",34.02
regenerated_new/9/H/case-112249_JAY_ANNOTATION.png,"[10,11]",39.79
regenerated_new/14/H/case-112249_JAY_ANNOTATION.png,"[10,11]",39.41
regenerated_new/3/H/case-112292_JAY_ANNOTATION.png,"[10,14]",38.19
regenerated_new/4/H/case-112292_JAY_ANNOTATION.png,"[10,11]",40.59
regenerated_new/5/H/case-112292_JAY_ANNOTATION.png,"[10,11]",36.27
regenerated_new/6/H/case-112292_JAY_ANNOTATION.png,"[10,14]",34.96
regenerated_new/8/H/case-112292_JAY_ANNOTATION.png,"[10,14]",33.83
regenerated_new/9/H/case-112292_JAY_ANNOTATION.png,"[12,13]",37.71
regenerated_new/14/H/case-112292_JAY_ANNOTATION.png,"[10,14]",38.22
regenerated_new/4/H/case-112297_JAY_ANNOTATION.png,"[2,10]",37.54
regenerated_new/5/H/case-112297_JAY_ANNOTATION.png,"[10,14]",41.26
regenerated_new/8/H/case-112297_JAY_ANNOTATION.png,"[10,14]",39.23
regenerated_new/9/H/case-112297_JAY_ANNOTATION.png,"[10,14]",43.18
regenerated_new/14/H/case-112297_JAY_ANNOTATION.png,"[10,14]",42.13
regenerated_new/3/H/case-112348_JAY_ANNOTATION.png,"[2,10]",37.72
regenerated_new/4/H/case-112348_JAY_ANNOTATION.png,"[10,14]",30.93
regenerated_new/5/H/case-112348_JAY_ANNOTATION.png,"[2,10]",30.78
regenerated_new/7/H/case-112348_JAY_ANNOTATION.png,"[10,14]",35.02
regenerated_new/8/H/case-112348_JAY_ANNOTATION.png,"[10,11]",34.52
regenerated_new/9/H/case-112348_JAY_ANNOTATION.png,"[10,14]",32.45
regenerated_new/14/H/case-112348_JAY_ANNOTATION.png,"[10,11]",35.7
regenerated_new/3/H/case-112364_JAY_ANNOTATION.png,"[10,11]",34.6
regenerated_new/4/H/case-112364_JAY_ANNOTATION.png,"[10,3]",38.19
regenerated_new/5/H/case-112364_JAY_ANNOTATION.png,"[14,12]",45.75
regenerated_new/6/H/case-112364_JAY_ANNOTATION.png,"[10,11]",34.04
regenerated_new/7/H/case-112364_JAY_ANNOTATION.png,"[10,3]",33.69
regenerated_new/8/H/case-112364_JAY_ANNOTATION.png,"[10,11]",42.21
regenerated_new/9/H/case-112364_JAY_ANNOTATION.png,"[10,14]",33.99
regenerated_new/10/H/case-112364_JAY_ANNOTATION.png,"[10,14]",40.46
regenerated_new/14/H/case-112364_JAY_ANNOTATION.png,"[10,14]",36.01
regenerated_new/2/H/case-112387_JAY_ANNOTATION.png,"[2,3]",41.1
regenerated_new/3/H/case-112387_JAY_ANNOTATION.png,"[4,5]",35.92
regenerated_new/4/H/case-112387_JAY_ANNOTATION.png,"[10,14]",33.6
regenerated_new/5/H/case-112387_JAY_ANNOTATION.png,"[10,11]",38.57
regenerated_new/7/H/case-112387_JAY_ANNOTATION.png,"[10,14]",32.88
regenerated_new/8/H/case-112387_JAY_ANNOTATION.png,"[10,11]",38.13
regenerated_new/9/H/case-112387_JAY_ANNOTATION.png,"[10,14]",39.04
regenerated_new/14/H/case-112387_JAY_ANNOTATION.png,"[10,11]",32.72
regenerated_new/4/H/case-112425_JAY_ANNOTATION.png,"[10,14]",38.74
regenerated_new/5/H/case-112425_JAY_ANNOTATION.png,"[2,10]",38.63
regenerated_new/6/H/case-112425_JAY_ANNOTATION.png,"[12,13]",41.4
regenerated_new/8/H/case-112425_JAY_ANNOTATION.png,"[2,3]",35.79
regenerated_new/9/H/case-112425_JAY_ANNOTATION.png,"[10,14]",29.41
regenerated_new/14/H/case-112425_JAY_ANNOTATION.png,"[12,14]",42.8
regenerated_new/4/H/case-112437_JAY_ANNOTATION.png,"[10,14]",40.22
regenerated_new/5/H/case-112437_JAY_ANNOTATION.png,"[10,14]",36.36
regenerated_new/6/H/case-112437_JAY_ANNOTATION.png,"[10,14]",37.41
regenerated_new/8/H/case-112437_JAY_ANNOTATION.png,"[10,14]",41.5
regenerated_new/9/H/case-112437_JAY_ANNOTATION.png,"[2,3]",32.64
regenerated_new/14/H/case-112437_JAY_ANNOTATION.png,"[10,11]",32.22
regenerated_new/3/H/case-112453_JAY_ANNOTATION.png,"[2,10]",37.22
regenerated_new/4/H/case-112453_JAY_ANNOTATION.png,"[2,10]",35.21
regenerated_new/5/H/case-112453_JAY_ANNOTATION.png,"[10,14]",31.44
regenerated_new/6/H/case-112453_JAY_ANNOTATION.png,"[10,14]",36.39
regenerated_new/7/H/case-112453_JAY_ANNOTATION.png,"[10,14]",35.06
regenerated_new/8/H/case-112453_JAY_ANNOTATION.png,"[2,4]",33.21
regenerated_new/9/H/case-112453_JAY_ANNOTATION.png,"[10,14]",35.09
regenerated_new/14/H/case-112453_JAY_ANNOTATION.png,"[10,14]",34.4
regenerated_new/3/H/case-112536_JAY_ANNOTATION.png,"[10,11]",35.26
regenerated_new/4/H/case-112536_JAY_ANNOTATION.png,"[3,10]",51.72
regenerated_new/5/H/case-112536_JAY_ANNOTATION.png,"[10,11]",34.78
regenerated_new/6/H/case-112536_JAY_ANNOTATION.png,"[10,14]",40.71
regenerated_new/7/H/case-112536_JAY_ANNOTATION.png,"[10,14]",37.01
regenerated_new/8/H/case-112536_JAY_ANNOTATION.png,"[10,11]",34.19
regenerated_new/9/H/case-112536_JAY_ANNOTATION.png,"[10,14]",43.4
regenerated_new/10/H/case-112536_JAY_ANNOTATION.png,"[10,11]",38.95
regenerated_new/14/H/case-112536_JAY_ANNOTATION.png,"[11,13]",41.09
regenerated_new/4/H/case-112545_JAY_ANNOTATION.png,"[10,14]",35.77
regenerated_new/5/H/case-112545_JAY_ANNOTATION.png,"[10,11]",40.18
regenerated_new/6/H/case-112545_JAY_ANNOTATION.png,"[10,14]",40.02
regenerated_new/7/H/case-112545_JAY_ANNOTATION.png,"[10,14]",34.37
regenerated_new/8/H/case-112545_JAY_ANNOTATION.png,"[2,3]",42.35
regenerated_new/9/H/case-112545_JAY_ANNOTATION.png,"[10,11]",38.53
regenerated_new/14/H/case-112545_JAY_ANNOTATION.png,"[10,14]",35.96
regenerated_new/3/H/case-112559_JAY_ANNOTATION.png,"[10,12]",49.62
regenerated_new/4/H/case-112559_JAY_ANNOTATION.png,"[10,14]",36.73
regenerated_new/5/H/case-112559_JAY_ANNOTATION.png,"[10,3]",42.85
regenerated_new/6/H/case-112559_JAY_ANNOTATION.png,"[10,14]",34.87
regenerated_new/8/H/case-112559_JAY_ANNOTATION.png,"[10,11]",32.31
regenerated_new/9/H/case-112559_JAY_ANNOTATION.png,"[10,14]",45.52
regenerated_new/10/H/case-112559_JAY_ANNOTATION.png,"[10,11]",35.6
regenerated_new/11/H/case-112559_JAY_ANNOTATION.png,"[10,11]",35.12
regenerated_new/13/H/case-112559_JAY_ANNOTATION.png,"[12,13]",42.72
regenerated_new/14/H/case-112559_JAY_ANNOTATION.png,"[10,14]",38.42
