filename,output,inference_time_sec
regenerated_new/1/H/case-100114_JAY_ANNOTATION.png,"[1,11]",3.19
regenerated_new/6/H/case-100114_JAY_ANNOTATION.png,"[6,8]",0.62
regenerated_new/11/H/case-100114_JAY_ANNOTATION.png,"[10,11]",0.8
regenerated_new/1/H/case-100129_JAY_ANNOTATION.png,"[1,11]",0.71
regenerated_new/2/H/case-100129_JAY_ANNOTATION.png,"[2,6]",0.62
regenerated_new/10/H/case-100129_JAY_ANNOTATION.png,"[10,11]",0.8
regenerated_new/11/H/case-100129_JAY_ANNOTATION.png,"[10,11]",0.8
regenerated_new/1/H/case-100164_JAY_ANNOTATION.png,"[1,11]",0.71
regenerated_new/2/H/case-100164_JAY_ANNOTATION.png,"[2,6]",0.63
regenerated_new/4/H/case-100164_JAY_ANNOTATION.png,"[4,6]",0.63
regenerated_new/10/H/case-100164_JAY_ANNOTATION.png,"[11,10]",0.8
regenerated_new/11/H/case-100164_JAY_ANNOTATION.png,"[10,11]",0.8
regenerated_new/1/H/case-100229_JAY_ANNOTATION.png,"[1,10]",0.71
regenerated_new/2/H/case-100229_JAY_ANNOTATION.png,"[2,6]",0.62
regenerated_new/10/H/case-100229_JAY_ANNOTATION.png,"[10,11]",0.8
regenerated_new/11/H/case-100229_JAY_ANNOTATION.png,"[10,11]",0.8
regenerated_new/1/H/case-100245_JAY_ANNOTATION.png,"[1,6]",0.63
regenerated_new/6/H/case-100245_JAY_ANNOTATION.png,"[6,12]",0.71
regenerated_new/10/H/case-100245_JAY_ANNOTATION.png,"[10,11]",0.8
regenerated_new/11/H/case-100245_JAY_ANNOTATION.png,"[10,11]",0.8
regenerated_new/1/H/case-100247_JAY_ANNOTATION.png,"[1,14]",0.71
regenerated_new/2/H/case-100247_JAY_ANNOTATION.png,"[2,6]",0.63
regenerated_new/6/H/case-100247_JAY_ANNOTATION.png,"[6,8]",0.63
regenerated_new/10/H/case-100247_JAY_ANNOTATION.png,"[10,11]",0.8
regenerated_new/11/H/case-100247_JAY_ANNOTATION.png,"[10,11]",0.81
regenerated_new/1/H/case-100254_JAY_ANNOTATION.png,"[1,11]",0.71
regenerated_new/2/H/case-100254_JAY_ANNOTATION.png,"[2,6]",0.63
regenerated_new/6/H/case-100254_JAY_ANNOTATION.png,"[6,10]",0.71
regenerated_new/7/H/case-100254_JAY_ANNOTATION.png,"[6,7]",0.63
regenerated_new/10/H/case-100254_JAY_ANNOTATION.png,"[10,11]",0.8
regenerated_new/11/H/case-100254_JAY_ANNOTATION.png,"[10,11]",0.8
regenerated_new/1/H/case-100265_JAY_ANNOTATION.png,"[1,11]",0.71
regenerated_new/2/H/case-100265_JAY_ANNOTATION.png,"[2,6]",0.62
regenerated_new/4/H/case-100265_JAY_ANNOTATION.png,"[2,4]",0.63
regenerated_new/6/H/case-100265_JAY_ANNOTATION.png,"[6,12]",0.71
regenerated_new/10/H/case-100265_JAY_ANNOTATION.png,"[10,11]",0.8
regenerated_new/11/H/case-100265_JAY_ANNOTATION.png,"[10,11]",0.8
regenerated_new/1/H/case-100304_JAY_ANNOTATION.png,"[1,14]",0.71
regenerated_new/2/H/case-100304_JAY_ANNOTATION.png,"[2,6]",0.63
regenerated_new/4/H/case-100304_JAY_ANNOTATION.png,"[4, 10]",0.8
regenerated_new/10/H/case-100304_JAY_ANNOTATION.png,"[11,10]",0.8
regenerated_new/11/H/case-100304_JAY_ANNOTATION.png,"[10,11]",0.8
regenerated_new/1/H/case-100308_JAY_ANNOTATION.png,"[1,11]",0.71
regenerated_new/2/H/case-100308_JAY_ANNOTATION.png,"[2,6]",0.62
regenerated_new/6/H/case-100308_JAY_ANNOTATION.png,"[6,7]",0.62
regenerated_new/10/H/case-100308_JAY_ANNOTATION.png,"[10,11]",0.8
regenerated_new/11/H/case-100308_JAY_ANNOTATION.png,"[10,11]",0.8
regenerated_new/1/H/case-100359_JAY_ANNOTATION.png,"[1,11]",0.71
regenerated_new/2/H/case-100359_JAY_ANNOTATION.png,"[2,6]",0.62
regenerated_new/6/H/case-100359_JAY_ANNOTATION.png,"[2,6]",0.62
regenerated_new/10/H/case-100359_JAY_ANNOTATION.png,"[10,11]",0.8
regenerated_new/11/H/case-100359_JAY_ANNOTATION.png,"[10,11]",0.8
regenerated_new/1/H/case-100366_JAY_ANNOTATION.png,"[1,10]",0.72
regenerated_new/6/H/case-100366_JAY_ANNOTATION.png,"[6,10]",0.71
regenerated_new/10/H/case-100366_JAY_ANNOTATION.png,"[10,11]",0.8
regenerated_new/11/H/case-100366_JAY_ANNOTATION.png,"[10,11]",0.8
regenerated_new/1/H/case-100369_JAY_ANNOTATION.png,"[1,11]",0.72
regenerated_new/2/H/case-100369_JAY_ANNOTATION.png,"[2, 4]",0.72
regenerated_new/6/H/case-100369_JAY_ANNOTATION.png,"[6,12]",0.71
regenerated_new/10/H/case-100369_JAY_ANNOTATION.png,"[10,11]",0.8
regenerated_new/11/H/case-100369_JAY_ANNOTATION.png,"[10,11]",0.8
regenerated_new/1/H/case-100371_JAY_ANNOTATION.png,"[1,11]",0.71
regenerated_new/2/H/case-100371_JAY_ANNOTATION.png,"[2,6]",0.62
regenerated_new/6/H/case-100371_JAY_ANNOTATION.png,"[6,7]",0.62
regenerated_new/10/H/case-100371_JAY_ANNOTATION.png,"[1,10]",0.71
regenerated_new/11/H/case-100371_JAY_ANNOTATION.png,"[10,11]",0.8
regenerated_new/1/H/case-100515_JAY_ANNOTATION.png,"[1,10]",0.71
regenerated_new/2/H/case-100515_JAY_ANNOTATION.png,"[2,6]",0.62
regenerated_new/10/H/case-100515_JAY_ANNOTATION.png,"[10,11]",0.8
regenerated_new/11/H/case-100515_JAY_ANNOTATION.png,"[10,11]",0.8
regenerated_new/1/H/case-100518_JAY_ANNOTATION.png,"[1,11]",0.71
regenerated_new/2/H/case-100518_JAY_ANNOTATION.png,"[2,6]",0.63
regenerated_new/4/H/case-100518_JAY_ANNOTATION.png,"[2,4]",0.63
regenerated_new/6/H/case-100518_JAY_ANNOTATION.png,"[6,8]",0.62
regenerated_new/11/H/case-100518_JAY_ANNOTATION.png,"[10,11]",0.8
regenerated_new/1/H/case-100541_JAY_ANNOTATION.png,"[1,11]",0.71
regenerated_new/2/H/case-100541_JAY_ANNOTATION.png,"[2,6]",0.63
regenerated_new/6/H/case-100541_JAY_ANNOTATION.png,"[6,8]",0.62
regenerated_new/10/H/case-100541_JAY_ANNOTATION.png,"[10,11]",0.8
regenerated_new/11/H/case-100541_JAY_ANNOTATION.png,"[10,11]",0.8
regenerated_new/1/H/case-100585_JAY_ANNOTATION.png,"[1,11]",0.71
regenerated_new/2/H/case-100585_JAY_ANNOTATION.png,"[2,6]",0.62
regenerated_new/6/H/case-100585_JAY_ANNOTATION.png,"[6,2]",0.62
regenerated_new/10/H/case-100585_JAY_ANNOTATION.png,"[10,11]",0.8
regenerated_new/11/H/case-100585_JAY_ANNOTATION.png,"[10,11]",0.8
regenerated_new/1/H/case-100591_JAY_ANNOTATION.png,"[1,14]",0.71
regenerated_new/2/H/case-100591_JAY_ANNOTATION.png,"[2,6]",0.63
regenerated_new/10/H/case-100591_JAY_ANNOTATION.png,"[10,11]",0.8
regenerated_new/11/H/case-100591_JAY_ANNOTATION.png,"[10,11]",0.81
regenerated_new/1/H/case-100702_JAY_ANNOTATION.png,"[1,11]",0.72
regenerated_new/2/H/case-100702_JAY_ANNOTATION.png,"[2,6]",0.62
regenerated_new/6/H/case-100702_JAY_ANNOTATION.png,"[1,6]",0.63
regenerated_new/10/H/case-100702_JAY_ANNOTATION.png,"[10,11]",0.8
regenerated_new/11/H/case-100702_JAY_ANNOTATION.png,"[10,11]",0.8
regenerated_new/1/H/case-100770_JAY_ANNOTATION.png,"[1,11]",0.71
regenerated_new/2/H/case-100770_JAY_ANNOTATION.png,"[2,6]",0.63
regenerated_new/6/H/case-100770_JAY_ANNOTATION.png,"[6,10]",0.71
regenerated_new/10/H/case-100770_JAY_ANNOTATION.png,"[1,10]",0.71
regenerated_new/1/H/case-100779_JAY_ANNOTATION.png,"[1,14]",0.71
regenerated_new/2/H/case-100779_JAY_ANNOTATION.png,"[2,6]",0.62
regenerated_new/6/H/case-100779_JAY_ANNOTATION.png,"[2,6]",0.63
regenerated_new/11/H/case-100779_JAY_ANNOTATION.png,"[10,11]",0.8
regenerated_new/1/H/case-100863_JAY_ANNOTATION.png,"[1,11]",0.71
regenerated_new/2/H/case-100863_JAY_ANNOTATION.png,"[2,6]",0.63
regenerated_new/10/H/case-100863_JAY_ANNOTATION.png,"[10,11]",0.8
regenerated_new/11/H/case-100863_JAY_ANNOTATION.png,"[10,11]",0.8
regenerated_new/1/H/case-100915_JAY_ANNOTATION.png,"[1,11]",0.71
regenerated_new/2/H/case-100915_JAY_ANNOTATION.png,"[2,6]",0.63
regenerated_new/6/H/case-100915_JAY_ANNOTATION.png,"[6,2]",0.62
regenerated_new/11/H/case-100915_JAY_ANNOTATION.png,"[10,11]",0.8
regenerated_new/1/H/case-100917_JAY_ANNOTATION.png,"[1,14]",0.71
regenerated_new/2/H/case-100917_JAY_ANNOTATION.png,"[2,6]",0.62
regenerated_new/7/H/case-100917_JAY_ANNOTATION.png,"[6,7]",0.62
regenerated_new/10/H/case-100917_JAY_ANNOTATION.png,"[10,11]",0.8
regenerated_new/11/H/case-100917_JAY_ANNOTATION.png,"[10,11]",0.8
regenerated_new/1/H/case-101045_JAY_ANNOTATION.png,"[1,14]",0.71
regenerated_new/2/H/case-101045_JAY_ANNOTATION.png,"[2,4]",0.62
regenerated_new/6/H/case-101045_JAY_ANNOTATION.png,"[6,8]",0.62
regenerated_new/10/H/case-101045_JAY_ANNOTATION.png,"[10,11]",0.8
regenerated_new/11/H/case-101045_JAY_ANNOTATION.png,"[10,11]",0.8
regenerated_new/1/H/case-101074_JAY_ANNOTATION.png,"[1,11]",0.71
regenerated_new/6/H/case-101074_JAY_ANNOTATION.png,"[6,7]",0.62
regenerated_new/7/H/case-101074_JAY_ANNOTATION.png,"[6,7]",0.62
regenerated_new/10/H/case-101074_JAY_ANNOTATION.png,"[10,11]",0.8
regenerated_new/11/H/case-101074_JAY_ANNOTATION.png,"[10,11]",0.8
regenerated_new/1/H/case-101133_JAY_ANNOTATION.png,"[1,11]",0.71
regenerated_new/10/H/case-101133_JAY_ANNOTATION.png,"[10,11]",0.8
regenerated_new/11/H/case-101133_JAY_ANNOTATION.png,"[10,11]",0.8
regenerated_new/1/H/case-101195_JAY_ANNOTATION.png,"[1,11]",0.71
regenerated_new/4/H/case-101195_JAY_ANNOTATION.png,"[4,5]",0.62
regenerated_new/6/H/case-101195_JAY_ANNOTATION.png,"[6, 10]",0.8
regenerated_new/10/H/case-101195_JAY_ANNOTATION.png,"[10,11]",0.8
regenerated_new/11/H/case-101195_JAY_ANNOTATION.png,"[10,11]",0.8
regenerated_new/1/H/case-101206_JAY_ANNOTATION.png,"[1,11]",0.71
regenerated_new/2/H/case-101206_JAY_ANNOTATION.png,"[2,4]",0.62
regenerated_new/5/H/case-101206_JAY_ANNOTATION.png,"[4,5]",0.62
regenerated_new/6/H/case-101206_JAY_ANNOTATION.png,"[1,6]",0.62
regenerated_new/10/H/case-101206_JAY_ANNOTATION.png,"[10,11]",0.8
regenerated_new/11/H/case-101206_JAY_ANNOTATION.png,"[10,11]",0.8
regenerated_new/1/H/case-101362_JAY_ANNOTATION.png,"[1,11]",0.71
regenerated_new/2/H/case-101362_JAY_ANNOTATION.png,"[2,6]",0.62
regenerated_new/6/H/case-101362_JAY_ANNOTATION.png,"[6,10]",0.71
regenerated_new/10/H/case-101362_JAY_ANNOTATION.png,"[10,11]",0.8
regenerated_new/11/H/case-101362_JAY_ANNOTATION.png,"[10,11]",0.8
regenerated_new/1/H/case-101367_JAY_ANNOTATION.png,"[1,11]",0.72
regenerated_new/2/H/case-101367_JAY_ANNOTATION.png,"[2,6]",0.63
regenerated_new/6/H/case-101367_JAY_ANNOTATION.png,"[6,11]",0.71
regenerated_new/10/H/case-101367_JAY_ANNOTATION.png,"[10,11]",0.81
regenerated_new/11/H/case-101367_JAY_ANNOTATION.png,"[10,11]",0.8
regenerated_new/1/H/case-101409_JAY_ANNOTATION.png,"[1,11]",0.71
regenerated_new/2/H/case-101409_JAY_ANNOTATION.png,"[6,2]",0.63
regenerated_new/10/H/case-101409_JAY_ANNOTATION.png,"[10,11]",0.8
regenerated_new/11/H/case-101409_JAY_ANNOTATION.png,"[10,11]",0.8
regenerated_new/1/H/case-101413_JAY_ANNOTATION.png,"[1,11]",0.71
regenerated_new/2/H/case-101413_JAY_ANNOTATION.png,"[2,6]",0.63
regenerated_new/4/H/case-101413_JAY_ANNOTATION.png,"[4,6]",0.62
regenerated_new/6/H/case-101413_JAY_ANNOTATION.png,"[2,6]",0.63
regenerated_new/10/H/case-101413_JAY_ANNOTATION.png,"[10,11]",0.8
regenerated_new/11/H/case-101413_JAY_ANNOTATION.png,"[10,11]",0.8
regenerated_new/1/H/case-101447_JAY_ANNOTATION.png,"[1,6]",0.63
regenerated_new/2/H/case-101447_JAY_ANNOTATION.png,"[2,6]",0.63
regenerated_new/6/H/case-101447_JAY_ANNOTATION.png,"[6,7]",0.63
regenerated_new/10/H/case-101447_JAY_ANNOTATION.png,"[10,11]",0.8
regenerated_new/11/H/case-101447_JAY_ANNOTATION.png,"[10,11]",0.8
regenerated_new/1/H/case-101510_JAY_ANNOTATION.png,"[1,11]",0.71
regenerated_new/2/H/case-101510_JAY_ANNOTATION.png,"[2,6]",0.63
regenerated_new/5/H/case-101510_JAY_ANNOTATION.png,"[4,5]",0.62
regenerated_new/11/H/case-101510_JAY_ANNOTATION.png,"[10,11]",0.8
regenerated_new/1/H/case-101540_JAY_ANNOTATION.png,"[1,14]",0.71
regenerated_new/2/H/case-101540_JAY_ANNOTATION.png,"[2,6]",0.63
regenerated_new/6/H/case-101540_JAY_ANNOTATION.png,"[6,8]",0.63
regenerated_new/7/H/case-101540_JAY_ANNOTATION.png,"[6,7]",0.63
regenerated_new/10/H/case-101540_JAY_ANNOTATION.png,"[10,11]",0.8
regenerated_new/11/H/case-101540_JAY_ANNOTATION.png,"[10,11]",0.8
regenerated_new/1/H/case-101581_JAY_ANNOTATION.png,"[1,11]",0.72
regenerated_new/2/H/case-101581_JAY_ANNOTATION.png,"[2,6]",0.63
regenerated_new/10/H/case-101581_JAY_ANNOTATION.png,"[10,11]",0.8
regenerated_new/1/H/case-101599_JAY_ANNOTATION.png,"[1,14]",0.71
regenerated_new/2/H/case-101599_JAY_ANNOTATION.png,"[2,4]",0.63
regenerated_new/10/H/case-101599_JAY_ANNOTATION.png,"[10,11]",0.8
regenerated_new/11/H/case-101599_JAY_ANNOTATION.png,"[10,11]",0.8
regenerated_new/1/H/case-101625_JAY_ANNOTATION.png,"[1,10]",0.71
regenerated_new/2/H/case-101625_JAY_ANNOTATION.png,"[2,6]",0.62
regenerated_new/10/H/case-101625_JAY_ANNOTATION.png,"[10,11]",0.8
regenerated_new/11/H/case-101625_JAY_ANNOTATION.png,"[10,11]",0.8
regenerated_new/1/H/case-101641_JAY_ANNOTATION.png,"[1,10]",0.72
regenerated_new/2/H/case-101641_JAY_ANNOTATION.png,"[2,6]",0.63
regenerated_new/7/H/case-101641_JAY_ANNOTATION.png,"[6,7]",0.63
regenerated_new/10/H/case-101641_JAY_ANNOTATION.png,"[10,11]",0.81
regenerated_new/11/H/case-101641_JAY_ANNOTATION.png,"[10,11]",0.8
regenerated_new/1/H/case-101857_JAY_ANNOTATION.png,"[1,11]",0.71
regenerated_new/2/H/case-101857_JAY_ANNOTATION.png,"[2,6]",0.63
regenerated_new/6/H/case-101857_JAY_ANNOTATION.png,"[6,12]",0.71
regenerated_new/10/H/case-101857_JAY_ANNOTATION.png,"[11,10]",0.8
regenerated_new/11/H/case-101857_JAY_ANNOTATION.png,"[10,11]",0.8
regenerated_new/1/H/case-101860_JAY_ANNOTATION.png,"[1,11]",0.71
regenerated_new/2/H/case-101860_JAY_ANNOTATION.png,"[2,6]",0.63
regenerated_new/6/H/case-101860_JAY_ANNOTATION.png,"[6,11]",0.72
regenerated_new/10/H/case-101860_JAY_ANNOTATION.png,"[10,11]",0.8
regenerated_new/11/H/case-101860_JAY_ANNOTATION.png,"[10,11]",0.8
regenerated_new/1/H/case-101885_JAY_ANNOTATION.png,"[1,11]",0.71
regenerated_new/2/H/case-101885_JAY_ANNOTATION.png,"[2,6]",0.62
regenerated_new/6/H/case-101885_JAY_ANNOTATION.png,"[2,6]",0.63
regenerated_new/10/H/case-101885_JAY_ANNOTATION.png,"[10,11]",0.8
regenerated_new/11/H/case-101885_JAY_ANNOTATION.png,"[10,11]",0.8
regenerated_new/1/H/case-101937_JAY_ANNOTATION.png,"[1,11]",0.71
regenerated_new/2/H/case-101937_JAY_ANNOTATION.png,"[2,6]",0.62
regenerated_new/6/H/case-101937_JAY_ANNOTATION.png,"[6,8]",0.63
regenerated_new/10/H/case-101937_JAY_ANNOTATION.png,"[10,11]",0.8
regenerated_new/11/H/case-101937_JAY_ANNOTATION.png,"[10,11]",0.8
regenerated_new/1/H/case-101940_JAY_ANNOTATION.png,"[1,11]",0.71
regenerated_new/10/H/case-101940_JAY_ANNOTATION.png,"[10,11]",0.8
regenerated_new/11/H/case-101940_JAY_ANNOTATION.png,"[10,11]",0.8
regenerated_new/1/H/case-101982_JAY_ANNOTATION.png,"[1,14]",0.71
regenerated_new/2/H/case-101982_JAY_ANNOTATION.png,"[2,6]",0.63
regenerated_new/10/H/case-101982_JAY_ANNOTATION.png,"[10,11]",0.8
regenerated_new/11/H/case-101982_JAY_ANNOTATION.png,"[10,11]",0.8
regenerated_new/1/H/case-102010_JAY_ANNOTATION.png,"[1,11]",0.71
regenerated_new/2/H/case-102010_JAY_ANNOTATION.png,"[2,4]",0.62
regenerated_new/6/H/case-102010_JAY_ANNOTATION.png,"[2,6]",0.63
regenerated_new/10/H/case-102010_JAY_ANNOTATION.png,"[10,11]",0.8
regenerated_new/11/H/case-102010_JAY_ANNOTATION.png,"[10,11]",0.81
regenerated_new/1/H/case-102041_JAY_ANNOTATION.png,"[1,14]",0.71
regenerated_new/5/H/case-102041_JAY_ANNOTATION.png,"[4,5]",0.62
regenerated_new/6/H/case-102041_JAY_ANNOTATION.png,"[6,12]",0.72
regenerated_new/1/H/case-102093_JAY_ANNOTATION.png,"[1,11]",0.71
regenerated_new/2/H/case-102093_JAY_ANNOTATION.png,"[2,6]",0.62
regenerated_new/10/H/case-102093_JAY_ANNOTATION.png,"[10,11]",0.8
regenerated_new/11/H/case-102093_JAY_ANNOTATION.png,"[10,11]",0.8
regenerated_new/1/H/case-102157_JAY_ANNOTATION.png,"[1,10]",0.71
regenerated_new/2/H/case-102157_JAY_ANNOTATION.png,"[2,6]",0.63
regenerated_new/6/H/case-102157_JAY_ANNOTATION.png,"[6,2]",0.63
regenerated_new/11/H/case-102157_JAY_ANNOTATION.png,"[10,11]",0.8
regenerated_new/1/H/case-102183_JAY_ANNOTATION.png,"[1,11]",0.71
regenerated_new/2/H/case-102183_JAY_ANNOTATION.png,"[2,6]",0.62
regenerated_new/6/H/case-102183_JAY_ANNOTATION.png,"[2,6]",0.63
regenerated_new/10/H/case-102183_JAY_ANNOTATION.png,"[10,11]",0.8
regenerated_new/11/H/case-102183_JAY_ANNOTATION.png,"[10,11]",0.8
regenerated_new/1/H/case-102224_JAY_ANNOTATION.png,"[1,14]",0.71
regenerated_new/2/H/case-102224_JAY_ANNOTATION.png,"[2,6]",0.62
regenerated_new/6/H/case-102224_JAY_ANNOTATION.png,"[1,6]",0.63
regenerated_new/10/H/case-102224_JAY_ANNOTATION.png,"[10,11]",0.8
regenerated_new/11/H/case-102224_JAY_ANNOTATION.png,"[10,11]",0.8
regenerated_new/1/H/case-102308_JAY_ANNOTATION.png,"[1,11]",0.71
regenerated_new/2/H/case-102308_JAY_ANNOTATION.png,"[2,6]",0.62
regenerated_new/4/H/case-102308_JAY_ANNOTATION.png,"[4,11]",0.71
regenerated_new/10/H/case-102308_JAY_ANNOTATION.png,"[10,11]",0.8
regenerated_new/11/H/case-102308_JAY_ANNOTATION.png,"[10,11]",0.8
regenerated_new/1/H/case-102321_JAY_ANNOTATION.png,"[1,11]",0.71
regenerated_new/2/H/case-102321_JAY_ANNOTATION.png,"[2,6]",0.63
regenerated_new/10/H/case-102321_JAY_ANNOTATION.png,"[10,11]",0.8
regenerated_new/11/H/case-102321_JAY_ANNOTATION.png,"[10,11]",0.8
regenerated_new/1/H/case-102367_JAY_ANNOTATION.png,"[1,11]",0.71
regenerated_new/2/H/case-102367_JAY_ANNOTATION.png,"[2,4]",0.63
regenerated_new/6/H/case-102367_JAY_ANNOTATION.png,"[6,11]",0.71
regenerated_new/10/H/case-102367_JAY_ANNOTATION.png,"[10,11]",0.8
regenerated_new/11/H/case-102367_JAY_ANNOTATION.png,"[10,11]",0.8
regenerated_new/1/H/case-102388_JAY_ANNOTATION.png,"[1,11]",0.71
regenerated_new/2/H/case-102388_JAY_ANNOTATION.png,"[2,4]",0.63
regenerated_new/10/H/case-102388_JAY_ANNOTATION.png,"[10,11]",0.8
regenerated_new/11/H/case-102388_JAY_ANNOTATION.png,"[10,11]",0.8
regenerated_new/1/H/case-104754_JAY_ANNOTATION.png,"[1,10]",0.71
regenerated_new/2/H/case-104754_JAY_ANNOTATION.png,"[2,6]",0.63
regenerated_new/6/H/case-104754_JAY_ANNOTATION.png,"[6,10]",0.71
regenerated_new/10/H/case-104754_JAY_ANNOTATION.png,"[10,11]",0.8
regenerated_new/11/H/case-104754_JAY_ANNOTATION.png,"[10,11]",0.8
regenerated_new/1/H/case-104780_JAY_ANNOTATION.png,"[1,14]",0.71
regenerated_new/10/H/case-104780_JAY_ANNOTATION.png,"[10,11]",0.8
regenerated_new/11/H/case-104780_JAY_ANNOTATION.png,"[10,11]",0.8
regenerated_new/1/H/case-104842_JAY_ANNOTATION.png,"[1,6]",0.62
regenerated_new/2/H/case-104842_JAY_ANNOTATION.png,"[2,6]",0.62
regenerated_new/6/H/case-104842_JAY_ANNOTATION.png,"[6,10]",0.71
regenerated_new/10/H/case-104842_JAY_ANNOTATION.png,"[10,11]",0.8
regenerated_new/11/H/case-104842_JAY_ANNOTATION.png,"[10,11]",0.8
regenerated_new/1/H/case-104941_JAY_ANNOTATION.png,"[1,11]",0.71
regenerated_new/2/H/case-104941_JAY_ANNOTATION.png,"[2,6]",0.63
regenerated_new/6/H/case-104941_JAY_ANNOTATION.png,"[6,7]",0.62
regenerated_new/10/H/case-104941_JAY_ANNOTATION.png,"[10,11]",0.8
regenerated_new/11/H/case-104941_JAY_ANNOTATION.png,"[10,11]",0.8
regenerated_new/1/H/case-104979_JAY_ANNOTATION.png,"[1,11]",0.71
regenerated_new/2/H/case-104979_JAY_ANNOTATION.png,"[2,6]",0.63
regenerated_new/11/H/case-104979_JAY_ANNOTATION.png,"[10,11]",0.8
regenerated_new/1/H/case-104990_JAY_ANNOTATION.png,"[1,11]",0.71
regenerated_new/2/H/case-104990_JAY_ANNOTATION.png,"[2,6]",0.62
regenerated_new/10/H/case-104990_JAY_ANNOTATION.png,"[10,11]",0.8
regenerated_new/11/H/case-104990_JAY_ANNOTATION.png,"[10,11]",0.8
regenerated_new/1/H/case-105035_JAY_ANNOTATION.png,"[1,11]",0.71
regenerated_new/2/H/case-105035_JAY_ANNOTATION.png,"[2,6]",0.63
regenerated_new/6/H/case-105035_JAY_ANNOTATION.png,"[2,6]",0.62
regenerated_new/10/H/case-105035_JAY_ANNOTATION.png,"[10,11]",0.8
regenerated_new/11/H/case-105035_JAY_ANNOTATION.png,"[10,11]",0.8
regenerated_new/1/H/case-105051_JAY_ANNOTATION.png,"[1,11]",0.71
regenerated_new/2/H/case-105051_JAY_ANNOTATION.png,"[2,4]",0.62
regenerated_new/6/H/case-105051_JAY_ANNOTATION.png,"[2,6]",0.62
regenerated_new/10/H/case-105051_JAY_ANNOTATION.png,"[10,11]",0.8
regenerated_new/11/H/case-105051_JAY_ANNOTATION.png,"[10,11]",0.8
regenerated_new/1/H/case-105171_JAY_ANNOTATION.png,"[1,14]",0.71
regenerated_new/2/H/case-105171_JAY_ANNOTATION.png,"[2,6]",0.63
regenerated_new/6/H/case-105171_JAY_ANNOTATION.png,"[2,6]",0.62
regenerated_new/10/H/case-105171_JAY_ANNOTATION.png,"[10,11]",0.8
regenerated_new/11/H/case-105171_JAY_ANNOTATION.png,"[10,11]",0.8
regenerated_new/1/H/case-105177_JAY_ANNOTATION.png,"[1,14]",0.71
regenerated_new/2/H/case-105177_JAY_ANNOTATION.png,"[2, 4]",0.71
regenerated_new/4/H/case-105177_JAY_ANNOTATION.png,"[4,5]",0.63
regenerated_new/10/H/case-105177_JAY_ANNOTATION.png,"[10,11]",0.81
regenerated_new/11/H/case-105177_JAY_ANNOTATION.png,"[10,11]",0.8
regenerated_new/1/H/case-105234_JAY_ANNOTATION.png,"[1,11]",0.71
regenerated_new/2/H/case-105234_JAY_ANNOTATION.png,"[2, 4]",0.71
regenerated_new/10/H/case-105234_JAY_ANNOTATION.png,"[10,11]",0.8
regenerated_new/11/H/case-105234_JAY_ANNOTATION.png,"[10,11]",0.8
regenerated_new/1/H/case-105246_JAY_ANNOTATION.png,"[1,11]",0.71
regenerated_new/10/H/case-105246_JAY_ANNOTATION.png,"[10,11]",0.8
regenerated_new/11/H/case-105246_JAY_ANNOTATION.png,"[10,11]",0.8
regenerated_new/1/H/case-105257_JAY_ANNOTATION.png,"[1,11]",0.72
regenerated_new/2/H/case-105257_JAY_ANNOTATION.png,"[2,6]",0.62
regenerated_new/6/H/case-105257_JAY_ANNOTATION.png,"[6,10]",0.71
regenerated_new/10/H/case-105257_JAY_ANNOTATION.png,"[10,11]",0.8
regenerated_new/11/H/case-105257_JAY_ANNOTATION.png,"[10,11]",0.8
regenerated_new/1/H/case-105288_JAY_ANNOTATION.png,"[1,11]",0.71
regenerated_new/2/H/case-105288_JAY_ANNOTATION.png,"[2,4]",0.63
regenerated_new/6/H/case-105288_JAY_ANNOTATION.png,"[2,6]",0.63
regenerated_new/10/H/case-105288_JAY_ANNOTATION.png,"[1,10]",0.71
regenerated_new/11/H/case-105288_JAY_ANNOTATION.png,"[10,11]",0.8
regenerated_new/1/H/case-105318_JAY_ANNOTATION.png,"[1,11]",0.71
regenerated_new/2/H/case-105318_JAY_ANNOTATION.png,"[2,6]",0.62
regenerated_new/10/H/case-105318_JAY_ANNOTATION.png,"[10,11]",0.8
regenerated_new/11/H/case-105318_JAY_ANNOTATION.png,"[10,11]",0.8
regenerated_new/1/H/case-105476_JAY_ANNOTATION.png,"[1,11]",0.71
regenerated_new/2/H/case-105476_JAY_ANNOTATION.png,"[2,6]",0.62
regenerated_new/6/H/case-105476_JAY_ANNOTATION.png,"[2,6]",0.62
regenerated_new/7/H/case-105476_JAY_ANNOTATION.png,"[6,7]",0.62
regenerated_new/10/H/case-105476_JAY_ANNOTATION.png,"[10,11]",0.8
regenerated_new/11/H/case-105476_JAY_ANNOTATION.png,"[10,11]",0.8
regenerated_new/1/H/case-105567_JAY_ANNOTATION.png,"[1,11]",0.71
regenerated_new/2/H/case-105567_JAY_ANNOTATION.png,"[2,6]",0.63
regenerated_new/7/H/case-105567_JAY_ANNOTATION.png,"[6,7]",0.62
regenerated_new/10/H/case-105567_JAY_ANNOTATION.png,"[10,11]",0.8
regenerated_new/11/H/case-105567_JAY_ANNOTATION.png,"[10,11]",0.8
regenerated_new/1/H/case-105579_JAY_ANNOTATION.png,"[1,14]",0.71
regenerated_new/2/H/case-105579_JAY_ANNOTATION.png,"[2,6]",0.62
regenerated_new/6/H/case-105579_JAY_ANNOTATION.png,"[6,7]",0.62
regenerated_new/10/H/case-105579_JAY_ANNOTATION.png,"[10,11]",0.8
regenerated_new/11/H/case-105579_JAY_ANNOTATION.png,"[10,11]",0.8
regenerated_new/1/H/case-105586_JAY_ANNOTATION.png,"[1,11]",0.71
regenerated_new/2/H/case-105586_JAY_ANNOTATION.png,"[2,6]",0.62
regenerated_new/6/H/case-105586_JAY_ANNOTATION.png,"[6,2]",0.62
regenerated_new/10/H/case-105586_JAY_ANNOTATION.png,"[10,11]",0.8
regenerated_new/11/H/case-105586_JAY_ANNOTATION.png,"[10,11]",0.8
regenerated_new/1/H/case-105592_JAY_ANNOTATION.png,"[1,11]",0.71
regenerated_new/2/H/case-105592_JAY_ANNOTATION.png,"[2,6]",0.62
regenerated_new/6/H/case-105592_JAY_ANNOTATION.png,"[6,11]",0.71
regenerated_new/10/H/case-105592_JAY_ANNOTATION.png,"[10,11]",0.8
regenerated_new/11/H/case-105592_JAY_ANNOTATION.png,"[10,11]",0.8
regenerated_new/1/H/case-105597_JAY_ANNOTATION.png,"[1,10]",0.71
regenerated_new/2/H/case-105597_JAY_ANNOTATION.png,"[2,6]",0.62
regenerated_new/7/H/case-105597_JAY_ANNOTATION.png,"[6,7]",0.62
regenerated_new/10/H/case-105597_JAY_ANNOTATION.png,"[10,11]",0.8
regenerated_new/11/H/case-105597_JAY_ANNOTATION.png,"[10,11]",0.8
regenerated_new/1/H/case-105602_JAY_ANNOTATION.png,"[1,14]",0.71
regenerated_new/2/H/case-105602_JAY_ANNOTATION.png,"[2,4]",0.62
regenerated_new/6/H/case-105602_JAY_ANNOTATION.png,"[1,6]",0.63
regenerated_new/10/H/case-105602_JAY_ANNOTATION.png,"[10,11]",0.8
regenerated_new/11/H/case-105602_JAY_ANNOTATION.png,"[10,11]",0.8
regenerated_new/1/H/case-105681_JAY_ANNOTATION.png,"[1,11]",0.71
regenerated_new/2/H/case-105681_JAY_ANNOTATION.png,"[2,6]",0.63
regenerated_new/6/H/case-105681_JAY_ANNOTATION.png,"[6,7]",0.63
regenerated_new/10/H/case-105681_JAY_ANNOTATION.png,"[10,11]",0.8
regenerated_new/11/H/case-105681_JAY_ANNOTATION.png,"[10,11]",0.8
regenerated_new/1/H/case-105704_JAY_ANNOTATION.png,"[1,11]",0.71
regenerated_new/10/H/case-105704_JAY_ANNOTATION.png,"[10,11]",0.8
regenerated_new/11/H/case-105704_JAY_ANNOTATION.png,"[10,11]",0.81
regenerated_new/1/H/case-105817_JAY_ANNOTATION.png,"[1,10]",0.72
regenerated_new/2/H/case-105817_JAY_ANNOTATION.png,"[2,6]",0.62
regenerated_new/6/H/case-105817_JAY_ANNOTATION.png,"[6,12]",0.71
regenerated_new/10/H/case-105817_JAY_ANNOTATION.png,"[10,11]",0.8
regenerated_new/11/H/case-105817_JAY_ANNOTATION.png,"[10,11]",0.8
regenerated_new/1/H/case-105839_JAY_ANNOTATION.png,"[1,11]",0.71
regenerated_new/2/H/case-105839_JAY_ANNOTATION.png,"[2,4]",0.62
regenerated_new/4/H/case-105839_JAY_ANNOTATION.png,"[4,6]",0.62
regenerated_new/6/H/case-105839_JAY_ANNOTATION.png,"[6,10]",0.71
regenerated_new/10/H/case-105839_JAY_ANNOTATION.png,"[10,11]",0.8
regenerated_new/11/H/case-105839_JAY_ANNOTATION.png,"[10,11]",0.8
regenerated_new/1/H/case-105862_JAY_ANNOTATION.png,"[1,11]",0.71
regenerated_new/6/H/case-105862_JAY_ANNOTATION.png,"[2,6]",0.63
regenerated_new/7/H/case-105862_JAY_ANNOTATION.png,"[6,7]",0.63
regenerated_new/10/H/case-105862_JAY_ANNOTATION.png,"[10,11]",0.81
regenerated_new/11/H/case-105862_JAY_ANNOTATION.png,"[10,11]",0.8
regenerated_new/1/H/case-105915_JAY_ANNOTATION.png,"[1,11]",0.71
regenerated_new/6/H/case-105915_JAY_ANNOTATION.png,"[6,8]",0.63
regenerated_new/11/H/case-105915_JAY_ANNOTATION.png,"[10,11]",0.8
regenerated_new/1/H/case-106012_JAY_ANNOTATION.png,"[1,11]",0.71
regenerated_new/2/H/case-106012_JAY_ANNOTATION.png,"[2,6]",0.63
regenerated_new/6/H/case-106012_JAY_ANNOTATION.png,"[6,12]",0.72
regenerated_new/7/H/case-106012_JAY_ANNOTATION.png,"[6,7]",0.63
regenerated_new/10/H/case-106012_JAY_ANNOTATION.png,"[10,11]",0.8
regenerated_new/11/H/case-106012_JAY_ANNOTATION.png,"[10,11]",0.8
regenerated_new/1/H/case-106016_JAY_ANNOTATION.png,"[1,11]",0.71
regenerated_new/2/H/case-106016_JAY_ANNOTATION.png,"[2,4]",0.63
regenerated_new/6/H/case-106016_JAY_ANNOTATION.png,"[6,7]",0.63
regenerated_new/10/H/case-106016_JAY_ANNOTATION.png,"[10,11]",0.81
regenerated_new/11/H/case-106016_JAY_ANNOTATION.png,"[10,11]",0.8
regenerated_new/1/H/case-106081_JAY_ANNOTATION.png,"[1,14]",0.72
regenerated_new/2/H/case-106081_JAY_ANNOTATION.png,"[2,4]",0.63
regenerated_new/10/H/case-106081_JAY_ANNOTATION.png,"[10,11]",0.8
regenerated_new/11/H/case-106081_JAY_ANNOTATION.png,"[10,11]",0.8
regenerated_new/1/H/case-106101_JAY_ANNOTATION.png,"[1,11]",0.71
regenerated_new/2/H/case-106101_JAY_ANNOTATION.png,"[2,6]",0.62
regenerated_new/6/H/case-106101_JAY_ANNOTATION.png,"[2,6]",0.63
regenerated_new/10/H/case-106101_JAY_ANNOTATION.png,"[10,11]",0.8
regenerated_new/11/H/case-106101_JAY_ANNOTATION.png,"[10,11]",0.8
regenerated_new/1/H/case-106127_JAY_ANNOTATION.png,"[1,11]",0.71
regenerated_new/2/H/case-106127_JAY_ANNOTATION.png,"[2,6]",0.62
regenerated_new/6/H/case-106127_JAY_ANNOTATION.png,"[6,11]",0.71
regenerated_new/10/H/case-106127_JAY_ANNOTATION.png,"[10,11]",0.8
regenerated_new/11/H/case-106127_JAY_ANNOTATION.png,"[10,11]",0.8
regenerated_new/1/H/case-106139_JAY_ANNOTATION.png,"[1,11]",0.71
regenerated_new/10/H/case-106139_JAY_ANNOTATION.png,"[10,11]",0.8
regenerated_new/11/H/case-106139_JAY_ANNOTATION.png,"[10,11]",0.8
regenerated_new/1/H/case-106141_JAY_ANNOTATION.png,"[1,14]",0.71
regenerated_new/2/H/case-106141_JAY_ANNOTATION.png,"[2,6]",0.63
regenerated_new/6/H/case-106141_JAY_ANNOTATION.png,"[1,6]",0.63
regenerated_new/11/H/case-106141_JAY_ANNOTATION.png,"[10,11]",0.8
regenerated_new/1/H/case-106157_JAY_ANNOTATION.png,"[1,11]",0.71
regenerated_new/2/H/case-106157_JAY_ANNOTATION.png,"[2,6]",0.63
regenerated_new/7/H/case-106157_JAY_ANNOTATION.png,"[6,7]",0.63
regenerated_new/10/H/case-106157_JAY_ANNOTATION.png,"[10,11]",0.8
regenerated_new/11/H/case-106157_JAY_ANNOTATION.png,"[10,11]",0.8
regenerated_new/1/H/case-106172_JAY_ANNOTATION.png,"[1,14]",0.71
regenerated_new/2/H/case-106172_JAY_ANNOTATION.png,"[2,6]",0.63
regenerated_new/10/H/case-106172_JAY_ANNOTATION.png,"[10,11]",0.8
regenerated_new/11/H/case-106172_JAY_ANNOTATION.png,"[10,11]",0.8
regenerated_new/1/H/case-106301_JAY_ANNOTATION.png,"[1,6]",0.62
regenerated_new/2/H/case-106301_JAY_ANNOTATION.png,"[2,6]",0.63
regenerated_new/10/H/case-106301_JAY_ANNOTATION.png,"[1,10]",0.71
regenerated_new/11/H/case-106301_JAY_ANNOTATION.png,"[10,11]",0.8
regenerated_new/1/H/case-106371_JAY_ANNOTATION.png,"[1,11]",0.71
regenerated_new/2/H/case-106371_JAY_ANNOTATION.png,"[2,6]",1.13
regenerated_new/10/H/case-106371_JAY_ANNOTATION.png,"[10,11]",0.8
regenerated_new/11/H/case-106371_JAY_ANNOTATION.png,"[10,11]",0.8
regenerated_new/1/H/case-106374_JAY_ANNOTATION.png,"[1,10]",0.71
regenerated_new/2/H/case-106374_JAY_ANNOTATION.png,"[2,6]",0.62
regenerated_new/6/H/case-106374_JAY_ANNOTATION.png,"[6,8]",0.62
regenerated_new/10/H/case-106374_JAY_ANNOTATION.png,"[10,11]",0.8
regenerated_new/11/H/case-106374_JAY_ANNOTATION.png,"[10,11]",0.8
regenerated_new/1/H/case-106456_JAY_ANNOTATION.png,"[1,11]",0.71
regenerated_new/2/H/case-106456_JAY_ANNOTATION.png,"[2,6]",0.63
regenerated_new/10/H/case-106456_JAY_ANNOTATION.png,"[10,11]",0.8
regenerated_new/11/H/case-106456_JAY_ANNOTATION.png,"[10,11]",0.8
regenerated_new/1/H/case-106464_JAY_ANNOTATION.png,"[1,11]",0.71
regenerated_new/6/H/case-106464_JAY_ANNOTATION.png,"[2,6]",0.63
regenerated_new/10/H/case-106464_JAY_ANNOTATION.png,"[1,10]",0.71
regenerated_new/11/H/case-106464_JAY_ANNOTATION.png,"[10,11]",0.8
regenerated_new/14/H/case-106464_JAY_ANNOTATION.png,"[10,14]",0.8
regenerated_new/1/H/case-106541_JAY_ANNOTATION.png,"[1, 14]",0.82
regenerated_new/2/H/case-106541_JAY_ANNOTATION.png,"[2,6]",0.62
regenerated_new/4/H/case-106541_JAY_ANNOTATION.png,"[4,5]",0.62
regenerated_new/6/H/case-106541_JAY_ANNOTATION.png,"[6,8]",0.62
regenerated_new/10/H/case-106541_JAY_ANNOTATION.png,"[10,11]",0.81
regenerated_new/11/H/case-106541_JAY_ANNOTATION.png,"[10,11]",0.8
regenerated_new/1/H/case-106569_JAY_ANNOTATION.png,"[1,11]",0.71
regenerated_new/10/H/case-106569_JAY_ANNOTATION.png,"[10,11]",0.8
regenerated_new/11/H/case-106569_JAY_ANNOTATION.png,"[10,11]",0.8
regenerated_new/1/H/case-106811_JAY_ANNOTATION.png,"[1,11]",0.71
regenerated_new/6/H/case-106811_JAY_ANNOTATION.png,"[2,6]",0.63
regenerated_new/10/H/case-106811_JAY_ANNOTATION.png,"[10,11]",0.8
regenerated_new/11/H/case-106811_JAY_ANNOTATION.png,"[10,11]",0.8
regenerated_new/1/H/case-106835_JAY_ANNOTATION.png,"[1,11]",0.72
regenerated_new/7/H/case-106835_JAY_ANNOTATION.png,"[6,7]",0.62
regenerated_new/11/H/case-106835_JAY_ANNOTATION.png,"[10,11]",0.8
regenerated_new/1/H/case-106856_JAY_ANNOTATION.png,"[1,11]",0.71
regenerated_new/2/H/case-106856_JAY_ANNOTATION.png,"[2,6]",0.63
regenerated_new/4/H/case-106856_JAY_ANNOTATION.png,"[4,6]",0.63
regenerated_new/7/H/case-106856_JAY_ANNOTATION.png,"[6,7]",0.62
regenerated_new/10/H/case-106856_JAY_ANNOTATION.png,"[10,11]",0.8
regenerated_new/11/H/case-106856_JAY_ANNOTATION.png,"[10,11]",0.8
regenerated_new/1/H/case-106882_JAY_ANNOTATION.png,"[1,14]",0.71
regenerated_new/6/H/case-106882_JAY_ANNOTATION.png,"[1,6]",0.63
regenerated_new/10/H/case-106882_JAY_ANNOTATION.png,"[10,11]",0.8
regenerated_new/11/H/case-106882_JAY_ANNOTATION.png,"[10,11]",0.8
regenerated_new/1/H/case-106963_JAY_ANNOTATION.png,"[1,11]",0.72
regenerated_new/10/H/case-106963_JAY_ANNOTATION.png,"[10,11]",0.8
regenerated_new/11/H/case-106963_JAY_ANNOTATION.png,"[10,11]",0.8
regenerated_new/1/H/case-106973_JAY_ANNOTATION.png,"[1,14]",0.71
regenerated_new/2/H/case-106973_JAY_ANNOTATION.png,"[2,6]",0.63
regenerated_new/10/H/case-106973_JAY_ANNOTATION.png,"[11,10]",0.8
regenerated_new/11/H/case-106973_JAY_ANNOTATION.png,"[10,11]",0.8
regenerated_new/1/H/case-106991_JAY_ANNOTATION.png,"[1,11]",0.71
regenerated_new/2/H/case-106991_JAY_ANNOTATION.png,"[2,6]",0.63
regenerated_new/6/H/case-106991_JAY_ANNOTATION.png,"[6,12]",0.71
regenerated_new/7/H/case-106991_JAY_ANNOTATION.png,"[6,7]",0.63
regenerated_new/10/H/case-106991_JAY_ANNOTATION.png,"[10,11]",0.8
regenerated_new/11/H/case-106991_JAY_ANNOTATION.png,"[10,11]",0.8
regenerated_new/1/H/case-107068_JAY_ANNOTATION.png,"[1,14]",0.71
regenerated_new/2/H/case-107068_JAY_ANNOTATION.png,"[2,4]",0.62
regenerated_new/6/H/case-107068_JAY_ANNOTATION.png,"[6,7]",0.63
regenerated_new/10/H/case-107068_JAY_ANNOTATION.png,"[10,11]",0.8
regenerated_new/11/H/case-107068_JAY_ANNOTATION.png,"[10,11]",0.8
regenerated_new/1/H/case-107184_JAY_ANNOTATION.png,"[1,10]",0.71
regenerated_new/2/H/case-107184_JAY_ANNOTATION.png,"[2,6]",0.62
regenerated_new/6/H/case-107184_JAY_ANNOTATION.png,"[6,7]",0.62
regenerated_new/10/H/case-107184_JAY_ANNOTATION.png,"[10,11]",0.8
regenerated_new/11/H/case-107184_JAY_ANNOTATION.png,"[10,11]",0.8
regenerated_new/1/H/case-107267_JAY_ANNOTATION.png,"[1,11]",0.71
regenerated_new/6/H/case-107267_JAY_ANNOTATION.png,"[1,6]",0.63
regenerated_new/10/H/case-107267_JAY_ANNOTATION.png,"[10,11]",0.8
regenerated_new/11/H/case-107267_JAY_ANNOTATION.png,"[10,11]",0.8
regenerated_new/1/H/case-107296_JAY_ANNOTATION.png,"[1,11]",0.71
regenerated_new/2/H/case-107296_JAY_ANNOTATION.png,"[2,4]",0.62
regenerated_new/11/H/case-107296_JAY_ANNOTATION.png,"[10,11]",0.8
regenerated_new/1/H/case-110146_JAY_ANNOTATION.png,"[1,11]",0.71
regenerated_new/2/H/case-110146_JAY_ANNOTATION.png,"[2,6]",0.63
regenerated_new/6/H/case-110146_JAY_ANNOTATION.png,"[6,2]",0.62
regenerated_new/10/H/case-110146_JAY_ANNOTATION.png,"[10,11]",0.81
regenerated_new/11/H/case-110146_JAY_ANNOTATION.png,"[1,11]",0.71
regenerated_new/1/H/case-110184_JAY_ANNOTATION.png,"[1,11]",0.71
regenerated_new/2/H/case-110184_JAY_ANNOTATION.png,"[2,6]",0.63
regenerated_new/6/H/case-110184_JAY_ANNOTATION.png,"[6, 10]",0.8
regenerated_new/7/H/case-110184_JAY_ANNOTATION.png,"[6,7]",0.62
regenerated_new/10/H/case-110184_JAY_ANNOTATION.png,"[10,11]",0.8
regenerated_new/11/H/case-110184_JAY_ANNOTATION.png,"[10,11]",0.8
regenerated_new/1/H/case-110307_JAY_ANNOTATION.png,"[1,14]",0.71
regenerated_new/2/H/case-110307_JAY_ANNOTATION.png,"[2,6]",0.62
regenerated_new/10/H/case-110307_JAY_ANNOTATION.png,"[10,11]",0.8
regenerated_new/11/H/case-110307_JAY_ANNOTATION.png,"[10,11]",0.8
regenerated_new/1/H/case-110324_JAY_ANNOTATION.png,"[1,6]",0.63
regenerated_new/2/H/case-110324_JAY_ANNOTATION.png,"[2,6]",0.62
regenerated_new/10/H/case-110324_JAY_ANNOTATION.png,"[10,11]",0.8
regenerated_new/11/H/case-110324_JAY_ANNOTATION.png,"[10,11]",0.8
regenerated_new/1/H/case-110378_JAY_ANNOTATION.png,"[1,11]",0.71
regenerated_new/2/H/case-110378_JAY_ANNOTATION.png,"[2,4]",0.62
regenerated_new/6/H/case-110378_JAY_ANNOTATION.png,"[1,6]",0.62
regenerated_new/10/H/case-110378_JAY_ANNOTATION.png,"[10,11]",0.8
regenerated_new/11/H/case-110378_JAY_ANNOTATION.png,"[10,11]",0.8
regenerated_new/1/H/case-110382_JAY_ANNOTATION.png,"[1, 11]",0.8
regenerated_new/6/H/case-110382_JAY_ANNOTATION.png,"[2,6]",0.63
regenerated_new/10/H/case-110382_JAY_ANNOTATION.png,"[10,11]",0.8
regenerated_new/11/H/case-110382_JAY_ANNOTATION.png,"[10,11]",0.8
regenerated_new/1/H/case-110393_JAY_ANNOTATION.png,"[1,11]",0.71
regenerated_new/2/H/case-110393_JAY_ANNOTATION.png,"[2,6]",0.63
regenerated_new/7/H/case-110393_JAY_ANNOTATION.png,"[6,7]",0.62
regenerated_new/10/H/case-110393_JAY_ANNOTATION.png,"[10,11]",0.8
regenerated_new/11/H/case-110393_JAY_ANNOTATION.png,"[10,11]",0.8
regenerated_new/1/H/case-110447_JAY_ANNOTATION.png,"[1,11]",0.71
regenerated_new/2/H/case-110447_JAY_ANNOTATION.png,"[2,6]",0.62
regenerated_new/6/H/case-110447_JAY_ANNOTATION.png,"[6,10]",0.71
regenerated_new/10/H/case-110447_JAY_ANNOTATION.png,"[10,11]",0.8
regenerated_new/11/H/case-110447_JAY_ANNOTATION.png,"[10,11]",0.8
regenerated_new/1/H/case-110519_JAY_ANNOTATION.png,"[1,6]",0.62
regenerated_new/6/H/case-110519_JAY_ANNOTATION.png,"[6,11]",0.71
regenerated_new/10/H/case-110519_JAY_ANNOTATION.png,"[10,11]",0.8
regenerated_new/11/H/case-110519_JAY_ANNOTATION.png,"[10,11]",0.8
regenerated_new/1/H/case-110588_JAY_ANNOTATION.png,"[1,11]",0.71
regenerated_new/2/H/case-110588_JAY_ANNOTATION.png,"[2,6]",0.62
regenerated_new/7/H/case-110588_JAY_ANNOTATION.png,"[6,7]",0.62
regenerated_new/10/H/case-110588_JAY_ANNOTATION.png,"[1,10]",0.71
regenerated_new/11/H/case-110588_JAY_ANNOTATION.png,"[10,11]",0.8
regenerated_new/1/H/case-110636_JAY_ANNOTATION.png,"[1,14]",0.71
regenerated_new/2/H/case-110636_JAY_ANNOTATION.png,"[2,6]",0.63
regenerated_new/10/H/case-110636_JAY_ANNOTATION.png,"[10,11]",0.8
regenerated_new/11/H/case-110636_JAY_ANNOTATION.png,"[10,11]",0.81
regenerated_new/1/H/case-110640_JAY_ANNOTATION.png,"[1,11]",0.71
regenerated_new/2/H/case-110640_JAY_ANNOTATION.png,"[2,6]",0.62
regenerated_new/6/H/case-110640_JAY_ANNOTATION.png,"[6,11]",0.72
regenerated_new/10/H/case-110640_JAY_ANNOTATION.png,"[10,11]",0.8
regenerated_new/11/H/case-110640_JAY_ANNOTATION.png,"[10,11]",0.8
regenerated_new/1/H/case-110649_JAY_ANNOTATION.png,"[1, 2]",0.71
regenerated_new/2/H/case-110649_JAY_ANNOTATION.png,"[2, 4]",0.71
regenerated_new/10/H/case-110649_JAY_ANNOTATION.png,"[10,11]",0.8
regenerated_new/11/H/case-110649_JAY_ANNOTATION.png,"[10,11]",0.8
regenerated_new/1/H/case-110664_JAY_ANNOTATION.png,"[1,11]",0.71
regenerated_new/2/H/case-110664_JAY_ANNOTATION.png,"[2,6]",0.63
regenerated_new/10/H/case-110664_JAY_ANNOTATION.png,"[10,11]",0.8
regenerated_new/11/H/case-110664_JAY_ANNOTATION.png,"[10,11]",0.8
regenerated_new/1/H/case-110831_JAY_ANNOTATION.png,"[1,11]",0.71
regenerated_new/2/H/case-110831_JAY_ANNOTATION.png,"[2,6]",0.62
regenerated_new/6/H/case-110831_JAY_ANNOTATION.png,"[6,11]",0.71
regenerated_new/10/H/case-110831_JAY_ANNOTATION.png,"[10,11]",0.8
regenerated_new/11/H/case-110831_JAY_ANNOTATION.png,"[10,11]",0.8
regenerated_new/1/H/case-110870_JAY_ANNOTATION.png,"[1,11]",0.71
regenerated_new/2/H/case-110870_JAY_ANNOTATION.png,"[2,6]",0.63
regenerated_new/10/H/case-110870_JAY_ANNOTATION.png,"[10,11]",0.8
regenerated_new/11/H/case-110870_JAY_ANNOTATION.png,"[10,11]",0.8
regenerated_new/1/H/case-111040_JAY_ANNOTATION.png,"[1,10]",0.71
regenerated_new/2/H/case-111040_JAY_ANNOTATION.png,"[2,6]",0.63
regenerated_new/6/H/case-111040_JAY_ANNOTATION.png,"[2,6]",0.62
regenerated_new/10/H/case-111040_JAY_ANNOTATION.png,"[1,10]",0.71
regenerated_new/11/H/case-111040_JAY_ANNOTATION.png,"[10,11]",0.8
regenerated_new/1/H/case-111057_JAY_ANNOTATION.png,"[1,11]",0.71
regenerated_new/2/H/case-111057_JAY_ANNOTATION.png,"[2,6]",0.62
regenerated_new/10/H/case-111057_JAY_ANNOTATION.png,"[10,11]",0.8
regenerated_new/11/H/case-111057_JAY_ANNOTATION.png,"[10,11]",0.8
regenerated_new/12/H/case-111057_JAY_ANNOTATION.png,"[6,12]",0.71
regenerated_new/1/H/case-111159_JAY_ANNOTATION.png,"[1,11]",0.71
regenerated_new/2/H/case-111159_JAY_ANNOTATION.png,"[2,4]",0.63
regenerated_new/6/H/case-111159_JAY_ANNOTATION.png,"[6,8]",0.62
regenerated_new/11/H/case-111159_JAY_ANNOTATION.png,"[10,11]",0.8
regenerated_new/1/H/case-111162_JAY_ANNOTATION.png,"[1,11]",0.71
regenerated_new/2/H/case-111162_JAY_ANNOTATION.png,"[2,6]",0.63
regenerated_new/6/H/case-111162_JAY_ANNOTATION.png,"[2,6]",0.62
regenerated_new/11/H/case-111162_JAY_ANNOTATION.png,"[10,11]",0.8
regenerated_new/1/H/case-111165_JAY_ANNOTATION.png,"[1,11]",0.71
regenerated_new/2/H/case-111165_JAY_ANNOTATION.png,"[2,6]",0.63
regenerated_new/10/H/case-111165_JAY_ANNOTATION.png,"[10,11]",0.8
regenerated_new/11/H/case-111165_JAY_ANNOTATION.png,"[10,11]",0.8
regenerated_new/1/H/case-111178_JAY_ANNOTATION.png,"[1,11]",0.71
regenerated_new/2/H/case-111178_JAY_ANNOTATION.png,"[2,6]",0.62
regenerated_new/4/H/case-111178_JAY_ANNOTATION.png,"[5, 4]",0.71
regenerated_new/6/H/case-111178_JAY_ANNOTATION.png,"[6,10]",0.71
regenerated_new/10/H/case-111178_JAY_ANNOTATION.png,"[10,11]",0.8
regenerated_new/11/H/case-111178_JAY_ANNOTATION.png,"[10,11]",0.8
regenerated_new/1/H/case-111246_JAY_ANNOTATION.png,"[1,11]",0.71
regenerated_new/2/H/case-111246_JAY_ANNOTATION.png,"[2,6]",0.62
regenerated_new/6/H/case-111246_JAY_ANNOTATION.png,"[2,6]",0.62
regenerated_new/10/H/case-111246_JAY_ANNOTATION.png,"[10,11]",0.8
regenerated_new/11/H/case-111246_JAY_ANNOTATION.png,"[10,11]",0.8
regenerated_new/1/H/case-111273_JAY_ANNOTATION.png,"[1,14]",0.71
regenerated_new/2/H/case-111273_JAY_ANNOTATION.png,"[2,4]",0.63
regenerated_new/4/H/case-111273_JAY_ANNOTATION.png,"[4,6]",0.63
regenerated_new/6/H/case-111273_JAY_ANNOTATION.png,"[6,12]",0.71
regenerated_new/10/H/case-111273_JAY_ANNOTATION.png,"[10,11]",0.8
regenerated_new/11/H/case-111273_JAY_ANNOTATION.png,"[10,11]",0.8
regenerated_new/1/H/case-111359_JAY_ANNOTATION.png,"[1,11]",0.71
regenerated_new/2/H/case-111359_JAY_ANNOTATION.png,"[2,6]",0.62
regenerated_new/7/H/case-111359_JAY_ANNOTATION.png,"[6,7]",0.63
regenerated_new/10/H/case-111359_JAY_ANNOTATION.png,"[10,11]",0.8
regenerated_new/11/H/case-111359_JAY_ANNOTATION.png,"[10,11]",0.8
regenerated_new/1/H/case-111405_JAY_ANNOTATION.png,"[1,11]",0.71
regenerated_new/2/H/case-111405_JAY_ANNOTATION.png,"[2,6]",0.63
regenerated_new/7/H/case-111405_JAY_ANNOTATION.png,"[6,7]",0.62
regenerated_new/10/H/case-111405_JAY_ANNOTATION.png,"[10,11]",0.8
regenerated_new/11/H/case-111405_JAY_ANNOTATION.png,"[10,11]",0.8
regenerated_new/1/H/case-111446_JAY_ANNOTATION.png,"[1, 14]",0.8
regenerated_new/2/H/case-111446_JAY_ANNOTATION.png,"[2,6]",0.63
regenerated_new/6/H/case-111446_JAY_ANNOTATION.png,"[6,7]",0.63
regenerated_new/7/H/case-111446_JAY_ANNOTATION.png,"[6,7]",0.63
regenerated_new/10/H/case-111446_JAY_ANNOTATION.png,"[10,11]",0.8
regenerated_new/11/H/case-111446_JAY_ANNOTATION.png,"[10,11]",0.8
regenerated_new/1/H/case-111546_JAY_ANNOTATION.png,"[1,11]",0.71
regenerated_new/2/H/case-111546_JAY_ANNOTATION.png,"[2,4]",0.63
regenerated_new/6/H/case-111546_JAY_ANNOTATION.png,"[6,8]",0.63
regenerated_new/10/H/case-111546_JAY_ANNOTATION.png,"[10,11]",0.8
regenerated_new/11/H/case-111546_JAY_ANNOTATION.png,"[10,11]",0.8
regenerated_new/1/H/case-111573_JAY_ANNOTATION.png,"[1,11]",0.71
regenerated_new/2/H/case-111573_JAY_ANNOTATION.png,"[2,6]",0.63
regenerated_new/6/H/case-111573_JAY_ANNOTATION.png,"[6,10]",0.71
regenerated_new/10/H/case-111573_JAY_ANNOTATION.png,"[10,11]",0.8
regenerated_new/11/H/case-111573_JAY_ANNOTATION.png,"[10,11]",0.8
regenerated_new/1/H/case-111685_JAY_ANNOTATION.png,"[1,11]",0.71
regenerated_new/6/H/case-111685_JAY_ANNOTATION.png,"[2,6]",0.62
regenerated_new/7/H/case-111685_JAY_ANNOTATION.png,"[6,7]",0.62
regenerated_new/10/H/case-111685_JAY_ANNOTATION.png,"[11,10]",0.8
regenerated_new/11/H/case-111685_JAY_ANNOTATION.png,"[10,11]",0.8
regenerated_new/1/H/case-111755_JAY_ANNOTATION.png,"[1,11]",0.71
regenerated_new/2/H/case-111755_JAY_ANNOTATION.png,"[2,6]",0.62
regenerated_new/6/H/case-111755_JAY_ANNOTATION.png,"[2,6]",0.63
regenerated_new/10/H/case-111755_JAY_ANNOTATION.png,"[10,11]",0.8
regenerated_new/11/H/case-111755_JAY_ANNOTATION.png,"[10,11]",1.29
regenerated_new/1/H/case-111791_JAY_ANNOTATION.png,"[1,11]",0.71
regenerated_new/2/H/case-111791_JAY_ANNOTATION.png,"[2,6]",0.62
regenerated_new/6/H/case-111791_JAY_ANNOTATION.png,"[6,2]",0.62
regenerated_new/10/H/case-111791_JAY_ANNOTATION.png,"[1,10]",0.71
regenerated_new/11/H/case-111791_JAY_ANNOTATION.png,"[10,11]",0.8
regenerated_new/1/H/case-111819_JAY_ANNOTATION.png,"[1,14]",0.72
regenerated_new/2/H/case-111819_JAY_ANNOTATION.png,"[2,6]",0.62
regenerated_new/6/H/case-111819_JAY_ANNOTATION.png,"[1,6]",0.63
regenerated_new/10/H/case-111819_JAY_ANNOTATION.png,"[10,11]",0.8
regenerated_new/11/H/case-111819_JAY_ANNOTATION.png,"[10,11]",0.8
regenerated_new/1/H/case-111830_JAY_ANNOTATION.png,"[1,11]",0.71
regenerated_new/10/H/case-111830_JAY_ANNOTATION.png,"[10,11]",0.8
regenerated_new/11/H/case-111830_JAY_ANNOTATION.png,"[10,11]",0.8
regenerated_new/1/H/case-111863_JAY_ANNOTATION.png,"[1,11]",0.71
regenerated_new/2/H/case-111863_JAY_ANNOTATION.png,"[2,6]",0.63
regenerated_new/6/H/case-111863_JAY_ANNOTATION.png,"[2,6]",0.62
regenerated_new/10/H/case-111863_JAY_ANNOTATION.png,"[1,10]",0.71
regenerated_new/11/H/case-111863_JAY_ANNOTATION.png,"[10,11]",0.8
regenerated_new/1/H/case-111923_JAY_ANNOTATION.png,"[1,11]",0.71
regenerated_new/2/H/case-111923_JAY_ANNOTATION.png,"[2,6]",0.62
regenerated_new/6/H/case-111923_JAY_ANNOTATION.png,"[6,8]",0.62
regenerated_new/10/H/case-111923_JAY_ANNOTATION.png,"[10,11]",0.8
regenerated_new/11/H/case-111923_JAY_ANNOTATION.png,"[10,11]",0.8
regenerated_new/1/H/case-112038_JAY_ANNOTATION.png,"[1,11]",0.71
regenerated_new/2/H/case-112038_JAY_ANNOTATION.png,"[2,6]",0.62
regenerated_new/6/H/case-112038_JAY_ANNOTATION.png,"[2,6]",0.62
regenerated_new/10/H/case-112038_JAY_ANNOTATION.png,"[10,11]",0.8
regenerated_new/11/H/case-112038_JAY_ANNOTATION.png,"[10,11]",0.8
regenerated_new/1/H/case-112071_JAY_ANNOTATION.png,"[1,11]",0.71
regenerated_new/7/H/case-112071_JAY_ANNOTATION.png,"[6,7]",0.63
regenerated_new/10/H/case-112071_JAY_ANNOTATION.png,"[10,11]",0.8
regenerated_new/11/H/case-112071_JAY_ANNOTATION.png,"[10,11]",0.8
regenerated_new/1/H/case-112086_JAY_ANNOTATION.png,"[1,11]",0.71
regenerated_new/2/H/case-112086_JAY_ANNOTATION.png,"[2,6]",0.62
regenerated_new/10/H/case-112086_JAY_ANNOTATION.png,"[10,11]",0.8
regenerated_new/11/H/case-112086_JAY_ANNOTATION.png,"[10,11]",0.8
regenerated_new/1/H/case-112092_JAY_ANNOTATION.png,"[1,11]",0.71
regenerated_new/2/H/case-112092_JAY_ANNOTATION.png,"[2, 4]",0.71
regenerated_new/4/H/case-112092_JAY_ANNOTATION.png,"[1,4]",0.63
regenerated_new/6/H/case-112092_JAY_ANNOTATION.png,"[6,7]",0.62
regenerated_new/7/H/case-112092_JAY_ANNOTATION.png,"[6,7]",0.63
regenerated_new/10/H/case-112092_JAY_ANNOTATION.png,"[10,11]",0.8
regenerated_new/11/H/case-112092_JAY_ANNOTATION.png,"[10,11]",0.8
regenerated_new/1/H/case-112132_JAY_ANNOTATION.png,"[1,11]",0.71
regenerated_new/2/H/case-112132_JAY_ANNOTATION.png,"[2,4]",0.63
regenerated_new/6/H/case-112132_JAY_ANNOTATION.png,"[6,8]",0.63
regenerated_new/10/H/case-112132_JAY_ANNOTATION.png,"[10,11]",0.8
regenerated_new/11/H/case-112132_JAY_ANNOTATION.png,"[10,11]",0.8
regenerated_new/1/H/case-112180_JAY_ANNOTATION.png,"[1,11]",0.71
regenerated_new/2/H/case-112180_JAY_ANNOTATION.png,"[2,6]",0.63
regenerated_new/4/H/case-112180_JAY_ANNOTATION.png,"[4,10]",0.71
regenerated_new/10/H/case-112180_JAY_ANNOTATION.png,"[10,11]",0.8
regenerated_new/11/H/case-112180_JAY_ANNOTATION.png,"[10,11]",0.8
regenerated_new/1/H/case-112208_JAY_ANNOTATION.png,"[1,11]",0.71
regenerated_new/2/H/case-112208_JAY_ANNOTATION.png,"[2,6]",0.62
regenerated_new/6/H/case-112208_JAY_ANNOTATION.png,"[6, 10]",0.8
regenerated_new/10/H/case-112208_JAY_ANNOTATION.png,"[10,11]",0.8
regenerated_new/11/H/case-112208_JAY_ANNOTATION.png,"[10,11]",0.8
regenerated_new/1/H/case-112234_JAY_ANNOTATION.png,"[1,10]",0.71
regenerated_new/2/H/case-112234_JAY_ANNOTATION.png,"[2,4]",0.63
regenerated_new/10/H/case-112234_JAY_ANNOTATION.png,"[10,11]",0.8
regenerated_new/11/H/case-112234_JAY_ANNOTATION.png,"[10,11]",0.8
regenerated_new/1/H/case-112249_JAY_ANNOTATION.png,"[1,10]",0.71
regenerated_new/2/H/case-112249_JAY_ANNOTATION.png,"[2,6]",0.63
regenerated_new/10/H/case-112249_JAY_ANNOTATION.png,"[10,11]",0.8
regenerated_new/11/H/case-112249_JAY_ANNOTATION.png,"[10,11]",0.81
regenerated_new/1/H/case-112292_JAY_ANNOTATION.png,"[1,11]",0.71
regenerated_new/2/H/case-112292_JAY_ANNOTATION.png,"[2,6]",0.63
regenerated_new/7/H/case-112292_JAY_ANNOTATION.png,"[6,7]",0.62
regenerated_new/10/H/case-112292_JAY_ANNOTATION.png,"[10,11]",0.81
regenerated_new/11/H/case-112292_JAY_ANNOTATION.png,"[10,11]",0.8
regenerated_new/1/H/case-112297_JAY_ANNOTATION.png,"[1,11]",0.71
regenerated_new/2/H/case-112297_JAY_ANNOTATION.png,"[2,6]",0.62
regenerated_new/6/H/case-112297_JAY_ANNOTATION.png,"[6,8]",0.62
regenerated_new/7/H/case-112297_JAY_ANNOTATION.png,"[6,7]",0.62
regenerated_new/10/H/case-112297_JAY_ANNOTATION.png,"[10,11]",0.8
regenerated_new/11/H/case-112297_JAY_ANNOTATION.png,"[10,11]",0.8
regenerated_new/1/H/case-112348_JAY_ANNOTATION.png,"[1,11]",0.71
regenerated_new/2/H/case-112348_JAY_ANNOTATION.png,"[2,6]",0.62
regenerated_new/6/H/case-112348_JAY_ANNOTATION.png,"[6,7]",0.63
regenerated_new/10/H/case-112348_JAY_ANNOTATION.png,"[1,10]",0.71
regenerated_new/11/H/case-112348_JAY_ANNOTATION.png,"[10,11]",0.8
regenerated_new/1/H/case-112364_JAY_ANNOTATION.png,"[1,11]",0.71
regenerated_new/2/H/case-112364_JAY_ANNOTATION.png,"[2,6]",0.63
regenerated_new/10/H/case-112364_JAY_ANNOTATION.png,"[10,11]",0.8
regenerated_new/11/H/case-112364_JAY_ANNOTATION.png,"[10,11]",0.8
regenerated_new/1/H/case-112387_JAY_ANNOTATION.png,"[1,11]",0.71
regenerated_new/6/H/case-112387_JAY_ANNOTATION.png,"[6,7]",0.62
regenerated_new/10/H/case-112387_JAY_ANNOTATION.png,"[10,11]",0.8
regenerated_new/11/H/case-112387_JAY_ANNOTATION.png,"[10,11]",0.81
regenerated_new/1/H/case-112425_JAY_ANNOTATION.png,"[1,11]",0.71
regenerated_new/2/H/case-112425_JAY_ANNOTATION.png,"[2,6]",0.62
regenerated_new/11/H/case-112425_JAY_ANNOTATION.png,"[10,11]",0.8
regenerated_new/1/H/case-112437_JAY_ANNOTATION.png,"[1,11]",0.71
regenerated_new/2/H/case-112437_JAY_ANNOTATION.png,"[2,6]",0.63
regenerated_new/7/H/case-112437_JAY_ANNOTATION.png,"[6,7]",0.62
regenerated_new/10/H/case-112437_JAY_ANNOTATION.png,"[1,10]",0.71
regenerated_new/11/H/case-112437_JAY_ANNOTATION.png,"[10,11]",0.8
regenerated_new/1/H/case-112453_JAY_ANNOTATION.png,"[1,10]",0.71
regenerated_new/2/H/case-112453_JAY_ANNOTATION.png,"[2,6]",0.62
regenerated_new/6/H/case-112453_JAY_ANNOTATION.png,"[6,8]",0.63
regenerated_new/10/H/case-112453_JAY_ANNOTATION.png,"[10,11]",0.8
regenerated_new/11/H/case-112453_JAY_ANNOTATION.png,"[10,11]",0.8
regenerated_new/1/H/case-112536_JAY_ANNOTATION.png,"[1,11]",0.71
regenerated_new/2/H/case-112536_JAY_ANNOTATION.png,"[2, 4]",0.71
regenerated_new/10/H/case-112536_JAY_ANNOTATION.png,"[10,11]",0.8
regenerated_new/11/H/case-112536_JAY_ANNOTATION.png,"[10,11]",0.8
regenerated_new/1/H/case-112545_JAY_ANNOTATION.png,"[1,11]",0.71
regenerated_new/2/H/case-112545_JAY_ANNOTATION.png,"[2,6]",0.63
regenerated_new/6/H/case-112545_JAY_ANNOTATION.png,"[2,6]",0.62
regenerated_new/10/H/case-112545_JAY_ANNOTATION.png,"[10,11]",0.8
regenerated_new/11/H/case-112545_JAY_ANNOTATION.png,"[10,11]",0.8
regenerated_new/1/H/case-112559_JAY_ANNOTATION.png,"[1,11]",0.72
regenerated_new/2/H/case-112559_JAY_ANNOTATION.png,"[2,4]",0.63
regenerated_new/7/H/case-112559_JAY_ANNOTATION.png,"[6,7]",0.62
regenerated_new/10/H/case-112559_JAY_ANNOTATION.png,"[10,11]",0.8
regenerated_new/11/H/case-112559_JAY_ANNOTATION.png,"[10,11]",0.8
regenerated_new/2/H/case-100114_JAY_ANNOTATION.png,"[4,6]",20.78
regenerated_new/3/H/case-100114_JAY_ANNOTATION.png,"[2,10]",14.57
regenerated_new/4/H/case-100114_JAY_ANNOTATION.png,"[10,6]",20.19
regenerated_new/5/H/case-100114_JAY_ANNOTATION.png,"[4,2]",21.9
regenerated_new/7/H/case-100114_JAY_ANNOTATION.png,"[2,6]",13.77
regenerated_new/8/H/case-100114_JAY_ANNOTATION.png,"[10,11]",18.23
regenerated_new/9/H/case-100114_JAY_ANNOTATION.png,"[10,11]",17.8
regenerated_new/10/H/case-100114_JAY_ANNOTATION.png,"[10,11]",17.16
regenerated_new/12/H/case-100114_JAY_ANNOTATION.png,"[14,11]",22.66
regenerated_new/13/H/case-100114_JAY_ANNOTATION.png,"[10,11]",16.38
regenerated_new/14/H/case-100114_JAY_ANNOTATION.png,"[10,11]",17.11
regenerated_new/3/H/case-100129_JAY_ANNOTATION.png,"[2,11]",19.6
regenerated_new/4/H/case-100129_JAY_ANNOTATION.png,"[10,14]",19.72
regenerated_new/5/H/case-100129_JAY_ANNOTATION.png,"[6,11]",20.96
regenerated_new/6/H/case-100129_JAY_ANNOTATION.png,"[10,14]",22.92
regenerated_new/7/H/case-100129_JAY_ANNOTATION.png,"[6,8]",16.28
regenerated_new/8/H/case-100129_JAY_ANNOTATION.png,"[10,11]",18.9
regenerated_new/9/H/case-100129_JAY_ANNOTATION.png,"[10,11]",14.75
regenerated_new/12/H/case-100129_JAY_ANNOTATION.png,"[10,11]",16.1
regenerated_new/13/H/case-100129_JAY_ANNOTATION.png,"[10,2]",16.89
regenerated_new/14/H/case-100129_JAY_ANNOTATION.png,"[10,14]",25.23
regenerated_new/3/H/case-100164_JAY_ANNOTATION.png,"[2,10]",16.59
regenerated_new/5/H/case-100164_JAY_ANNOTATION.png,"[11,10]",14.58
regenerated_new/6/H/case-100164_JAY_ANNOTATION.png,"[6,13]",17.33
regenerated_new/7/H/case-100164_JAY_ANNOTATION.png,"[11,10]",17.88
regenerated_new/8/H/case-100164_JAY_ANNOTATION.png,"[11,10]",17.96
regenerated_new/9/H/case-100164_JAY_ANNOTATION.png,"[10,11]",15.84
regenerated_new/12/H/case-100164_JAY_ANNOTATION.png,"[10,11]",19.59
regenerated_new/13/H/case-100164_JAY_ANNOTATION.png,"[10,11]",16.64
regenerated_new/14/H/case-100164_JAY_ANNOTATION.png,"[10,14]",21.1
regenerated_new/3/H/case-100229_JAY_ANNOTATION.png,"[2,6]",16.44
regenerated_new/4/H/case-100229_JAY_ANNOTATION.png,"[10,11]",16.83
regenerated_new/5/H/case-100229_JAY_ANNOTATION.png,"[10,11]",17.8
regenerated_new/6/H/case-100229_JAY_ANNOTATION.png,"[10,11]",21.1
regenerated_new/7/H/case-100229_JAY_ANNOTATION.png,"[2,10]",22.22
regenerated_new/8/H/case-100229_JAY_ANNOTATION.png,"[10,11]",19.68
regenerated_new/9/H/case-100229_JAY_ANNOTATION.png,"[10,11]",16.49
regenerated_new/12/H/case-100229_JAY_ANNOTATION.png,"[10,11]",19.99
regenerated_new/13/H/case-100229_JAY_ANNOTATION.png,"[10,11]",19.81
regenerated_new/14/H/case-100229_JAY_ANNOTATION.png,"[10,11]",18.82
regenerated_new/2/H/case-100245_JAY_ANNOTATION.png,"[10,11]",19.05
regenerated_new/3/H/case-100245_JAY_ANNOTATION.png,"[10,14]",17.44
regenerated_new/4/H/case-100245_JAY_ANNOTATION.png,"[2,11]",18.46
regenerated_new/5/H/case-100245_JAY_ANNOTATION.png,"[11,12]",19.12
regenerated_new/7/H/case-100245_JAY_ANNOTATION.png,"[6,8]",16.26
regenerated_new/8/H/case-100245_JAY_ANNOTATION.png,"[10,11]",19.74
regenerated_new/9/H/case-100245_JAY_ANNOTATION.png,"[10,11]",17.35
regenerated_new/12/H/case-100245_JAY_ANNOTATION.png,"[14,11]",23.57
regenerated_new/13/H/case-100245_JAY_ANNOTATION.png,"[12,10]",22.82
regenerated_new/14/H/case-100245_JAY_ANNOTATION.png,"[14,11]",20.48
regenerated_new/3/H/case-100247_JAY_ANNOTATION.png,"[2,6]",18.61
regenerated_new/4/H/case-100247_JAY_ANNOTATION.png,"[15,15]",20.66
regenerated_new/5/H/case-100247_JAY_ANNOTATION.png,"[2,11]",15.84
regenerated_new/7/H/case-100247_JAY_ANNOTATION.png,"[10,11]",18.88
regenerated_new/8/H/case-100247_JAY_ANNOTATION.png,"[10,12]",17.99
regenerated_new/9/H/case-100247_JAY_ANNOTATION.png,"[11,10]",17.78
regenerated_new/12/H/case-100247_JAY_ANNOTATION.png,"[10,11]",18.08
regenerated_new/13/H/case-100247_JAY_ANNOTATION.png,"[10,11]",19.48
regenerated_new/14/H/case-100247_JAY_ANNOTATION.png,"[14,11]",19.52
regenerated_new/3/H/case-100254_JAY_ANNOTATION.png,"[2,6]",18.43
regenerated_new/4/H/case-100254_JAY_ANNOTATION.png,"[10,11]",18.88
regenerated_new/5/H/case-100254_JAY_ANNOTATION.png,"[10,11]",19.49
regenerated_new/8/H/case-100254_JAY_ANNOTATION.png,"[11,12]",18.57
regenerated_new/9/H/case-100254_JAY_ANNOTATION.png,"[10,11]",17.13
regenerated_new/12/H/case-100254_JAY_ANNOTATION.png,"[10,11]",20.61
regenerated_new/13/H/case-100254_JAY_ANNOTATION.png,"[10,11]",16.7
regenerated_new/14/H/case-100254_JAY_ANNOTATION.png,"[10,11]",19.12
regenerated_new/3/H/case-100265_JAY_ANNOTATION.png,"[2,6]",19.23
regenerated_new/5/H/case-100265_JAY_ANNOTATION.png,"[10,11]",20.74
regenerated_new/7/H/case-100265_JAY_ANNOTATION.png,"[10,11]",18.95
regenerated_new/8/H/case-100265_JAY_ANNOTATION.png,"[11,2]",17.44
regenerated_new/9/H/case-100265_JAY_ANNOTATION.png,"[10,11]",18.49
regenerated_new/12/H/case-100265_JAY_ANNOTATION.png,"[10,11]",19.5
regenerated_new/13/H/case-100265_JAY_ANNOTATION.png,"[14,11]",21.08
regenerated_new/14/H/case-100265_JAY_ANNOTATION.png,"[14,11]",20.04
regenerated_new/3/H/case-100304_JAY_ANNOTATION.png,"[2,11]",19.58
regenerated_new/5/H/case-100304_JAY_ANNOTATION.png,"[2,10]",22.0
regenerated_new/6/H/case-100304_JAY_ANNOTATION.png,"[11,10]",24.03
regenerated_new/7/H/case-100304_JAY_ANNOTATION.png,"[10,11]",20.29
regenerated_new/8/H/case-100304_JAY_ANNOTATION.png,"[10,11]",16.62
regenerated_new/9/H/case-100304_JAY_ANNOTATION.png,"[10,11]",19.78
regenerated_new/12/H/case-100304_JAY_ANNOTATION.png,"[10,11]",16.66
regenerated_new/13/H/case-100304_JAY_ANNOTATION.png,"[10,11]",17.5
regenerated_new/14/H/case-100304_JAY_ANNOTATION.png,"[10,11]",15.52
regenerated_new/3/H/case-100308_JAY_ANNOTATION.png,"[2,11]",18.65
regenerated_new/4/H/case-100308_JAY_ANNOTATION.png,"[10,11]",20.54
regenerated_new/5/H/case-100308_JAY_ANNOTATION.png,"[2,10]",16.78
regenerated_new/7/H/case-100308_JAY_ANNOTATION.png,"[10,11]",21.55
regenerated_new/8/H/case-100308_JAY_ANNOTATION.png,"[10,11]",20.11
regenerated_new/9/H/case-100308_JAY_ANNOTATION.png,"[10,11]",18.31
regenerated_new/12/H/case-100308_JAY_ANNOTATION.png,"[2,12]",14.94
regenerated_new/13/H/case-100308_JAY_ANNOTATION.png,"[10,11]",14.13
regenerated_new/14/H/case-100308_JAY_ANNOTATION.png,"[10,11]",19.84
regenerated_new/3/H/case-100359_JAY_ANNOTATION.png,"[10,11]",20.31
regenerated_new/4/H/case-100359_JAY_ANNOTATION.png,"[10,11]",17.78
regenerated_new/5/H/case-100359_JAY_ANNOTATION.png,"[10,14]",20.39
regenerated_new/7/H/case-100359_JAY_ANNOTATION.png,"[10,11]",20.21
regenerated_new/8/H/case-100359_JAY_ANNOTATION.png,"[10,11]",19.85
regenerated_new/9/H/case-100359_JAY_ANNOTATION.png,"[10,11]",20.47
regenerated_new/12/H/case-100359_JAY_ANNOTATION.png,"[10,14]",19.58
regenerated_new/13/H/case-100359_JAY_ANNOTATION.png,"[10,11]",17.43
regenerated_new/14/H/case-100359_JAY_ANNOTATION.png,"[10,11]",16.01
regenerated_new/2/H/case-100366_JAY_ANNOTATION.png,"[11,10]",20.92
regenerated_new/3/H/case-100366_JAY_ANNOTATION.png,"[10,11]",18.12
regenerated_new/4/H/case-100366_JAY_ANNOTATION.png,"[10,2]",19.56
regenerated_new/5/H/case-100366_JAY_ANNOTATION.png,"[10,11]",18.77
regenerated_new/7/H/case-100366_JAY_ANNOTATION.png,"[4,10]",15.36
regenerated_new/8/H/case-100366_JAY_ANNOTATION.png,"[10,11]",16.88
regenerated_new/9/H/case-100366_JAY_ANNOTATION.png,"[10,11]",16.91
regenerated_new/12/H/case-100366_JAY_ANNOTATION.png,"[10,11]",16.63
regenerated_new/13/H/case-100366_JAY_ANNOTATION.png,"[10,11]",16.54
regenerated_new/14/H/case-100366_JAY_ANNOTATION.png,"[10,11]",17.96
regenerated_new/3/H/case-100369_JAY_ANNOTATION.png,"[2,10]",17.62
regenerated_new/4/H/case-100369_JAY_ANNOTATION.png,"[10,11]",17.17
regenerated_new/5/H/case-100369_JAY_ANNOTATION.png,"[11,7]",19.5
regenerated_new/7/H/case-100369_JAY_ANNOTATION.png,"[10,14]",15.83
regenerated_new/8/H/case-100369_JAY_ANNOTATION.png,"[14,11]",21.63
regenerated_new/9/H/case-100369_JAY_ANNOTATION.png,"[7,10]",16.81
regenerated_new/12/H/case-100369_JAY_ANNOTATION.png,"[10,11]",18.08
regenerated_new/13/H/case-100369_JAY_ANNOTATION.png,"[10,11]",17.07
regenerated_new/14/H/case-100369_JAY_ANNOTATION.png,"[10,11]",18.51
regenerated_new/3/H/case-100371_JAY_ANNOTATION.png,"[2,6]",20.31
regenerated_new/4/H/case-100371_JAY_ANNOTATION.png,"[2,4]",17.54
regenerated_new/5/H/case-100371_JAY_ANNOTATION.png,"[2,10]",19.59
regenerated_new/7/H/case-100371_JAY_ANNOTATION.png,"[2,10]",17.17
regenerated_new/8/H/case-100371_JAY_ANNOTATION.png,"[10,11]",20.64
regenerated_new/9/H/case-100371_JAY_ANNOTATION.png,"[10,11]",18.28
regenerated_new/12/H/case-100371_JAY_ANNOTATION.png,"[10,11]",18.39
regenerated_new/13/H/case-100371_JAY_ANNOTATION.png,"[14,11]",16.08
regenerated_new/14/H/case-100371_JAY_ANNOTATION.png,"[10,11]",17.69
regenerated_new/3/H/case-100515_JAY_ANNOTATION.png,"[2,6]",14.13
regenerated_new/4/H/case-100515_JAY_ANNOTATION.png,"[11,10]",18.08
regenerated_new/5/H/case-100515_JAY_ANNOTATION.png,"[10,11]",18.0
regenerated_new/6/H/case-100515_JAY_ANNOTATION.png,"[11,10]",17.29
regenerated_new/7/H/case-100515_JAY_ANNOTATION.png,"[2,11]",19.14
regenerated_new/8/H/case-100515_JAY_ANNOTATION.png,"[10,11]",18.78
regenerated_new/9/H/case-100515_JAY_ANNOTATION.png,"[10,11]",17.53
regenerated_new/12/H/case-100515_JAY_ANNOTATION.png,"[10,11]",19.51
regenerated_new/13/H/case-100515_JAY_ANNOTATION.png,"[10,11]",18.81
regenerated_new/14/H/case-100515_JAY_ANNOTATION.png,"[10,11]",16.5
regenerated_new/3/H/case-100518_JAY_ANNOTATION.png,"[2,10]",19.7
regenerated_new/5/H/case-100518_JAY_ANNOTATION.png,"[10,11]",17.44
regenerated_new/7/H/case-100518_JAY_ANNOTATION.png,"[10,2]",23.95
regenerated_new/8/H/case-100518_JAY_ANNOTATION.png,"[11,12]",22.76
regenerated_new/9/H/case-100518_JAY_ANNOTATION.png,"[10,4]",18.63
regenerated_new/10/H/case-100518_JAY_ANNOTATION.png,"[10,14]",20.49
regenerated_new/12/H/case-100518_JAY_ANNOTATION.png,"[11,12]",20.41
regenerated_new/13/H/case-100518_JAY_ANNOTATION.png,"[10,11]",16.25
regenerated_new/14/H/case-100518_JAY_ANNOTATION.png,"[10,11]",22.01
regenerated_new/3/H/case-100541_JAY_ANNOTATION.png,"[2,12]",18.52
regenerated_new/4/H/case-100541_JAY_ANNOTATION.png,"[10,12]",17.98
regenerated_new/5/H/case-100541_JAY_ANNOTATION.png,"[11,14]",17.16
regenerated_new/7/H/case-100541_JAY_ANNOTATION.png,"[10,11]",19.77
regenerated_new/8/H/case-100541_JAY_ANNOTATION.png,"[10,11]",18.76
regenerated_new/9/H/case-100541_JAY_ANNOTATION.png,"[10,14]",19.6
regenerated_new/12/H/case-100541_JAY_ANNOTATION.png,"[10,11]",16.46
regenerated_new/13/H/case-100541_JAY_ANNOTATION.png,"[10,11]",16.47
regenerated_new/14/H/case-100541_JAY_ANNOTATION.png,"[10,11]",15.73
regenerated_new/3/H/case-100585_JAY_ANNOTATION.png,"[2,10]",17.35
regenerated_new/4/H/case-100585_JAY_ANNOTATION.png,"[11,12]",16.46
regenerated_new/5/H/case-100585_JAY_ANNOTATION.png,"[11,10]",20.49
regenerated_new/7/H/case-100585_JAY_ANNOTATION.png,"[10,11]",18.43
regenerated_new/8/H/case-100585_JAY_ANNOTATION.png,"[10,11]",21.1
regenerated_new/9/H/case-100585_JAY_ANNOTATION.png,"[10,11]",19.69
regenerated_new/12/H/case-100585_JAY_ANNOTATION.png,"[14,11]",19.23
regenerated_new/13/H/case-100585_JAY_ANNOTATION.png,"[10,11]",18.69
regenerated_new/14/H/case-100585_JAY_ANNOTATION.png,"[10,12]",18.25
regenerated_new/3/H/case-100591_JAY_ANNOTATION.png,"[2,10]",16.09
regenerated_new/4/H/case-100591_JAY_ANNOTATION.png,"[11,12]",22.24
regenerated_new/5/H/case-100591_JAY_ANNOTATION.png,"[2,11]",19.63
regenerated_new/6/H/case-100591_JAY_ANNOTATION.png,"[11,10]",20.99
regenerated_new/7/H/case-100591_JAY_ANNOTATION.png,"[10,11]",20.99
regenerated_new/8/H/case-100591_JAY_ANNOTATION.png,"[10,11]",17.36
regenerated_new/9/H/case-100591_JAY_ANNOTATION.png,"[10,11]",20.03
regenerated_new/12/H/case-100591_JAY_ANNOTATION.png,"[10,11]",16.91
regenerated_new/13/H/case-100591_JAY_ANNOTATION.png,"[10,12]",18.96
regenerated_new/14/H/case-100591_JAY_ANNOTATION.png,"[14,11]",17.27
regenerated_new/3/H/case-100702_JAY_ANNOTATION.png,"[2,10]",18.24
regenerated_new/4/H/case-100702_JAY_ANNOTATION.png,"[10,11]",18.06
regenerated_new/5/H/case-100702_JAY_ANNOTATION.png,"[14,11]",20.39
regenerated_new/7/H/case-100702_JAY_ANNOTATION.png,"[10,11]",22.95
regenerated_new/8/H/case-100702_JAY_ANNOTATION.png,"[10,11]",18.09
regenerated_new/9/H/case-100702_JAY_ANNOTATION.png,"[10,11]",20.05
regenerated_new/12/H/case-100702_JAY_ANNOTATION.png,"[10,11]",17.45
regenerated_new/13/H/case-100702_JAY_ANNOTATION.png,"[10,11]",16.91
regenerated_new/14/H/case-100702_JAY_ANNOTATION.png,"[10,11]",22.16
regenerated_new/3/H/case-100770_JAY_ANNOTATION.png,"[2,11]",17.72
regenerated_new/4/H/case-100770_JAY_ANNOTATION.png,"[11,12]",16.72
regenerated_new/5/H/case-100770_JAY_ANNOTATION.png,"[10,11]",18.93
regenerated_new/7/H/case-100770_JAY_ANNOTATION.png,"[10,11]",16.34
regenerated_new/8/H/case-100770_JAY_ANNOTATION.png,"[10,11]",19.92
regenerated_new/9/H/case-100770_JAY_ANNOTATION.png,"[10,11]",15.3
regenerated_new/11/H/case-100770_JAY_ANNOTATION.png,"[10,11]",21.75
regenerated_new/12/H/case-100770_JAY_ANNOTATION.png,"[11,10]",15.4
regenerated_new/13/H/case-100770_JAY_ANNOTATION.png,"[12,10]",18.45
regenerated_new/14/H/case-100770_JAY_ANNOTATION.png,"[10,11]",18.52
regenerated_new/3/H/case-100779_JAY_ANNOTATION.png,"[10,11]",19.75
regenerated_new/4/H/case-100779_JAY_ANNOTATION.png,"[10,13]",21.1
regenerated_new/5/H/case-100779_JAY_ANNOTATION.png,"[11,12]",15.41
regenerated_new/7/H/case-100779_JAY_ANNOTATION.png,"[6,10]",17.82
regenerated_new/8/H/case-100779_JAY_ANNOTATION.png,"[10,11]",16.49
regenerated_new/9/H/case-100779_JAY_ANNOTATION.png,"[10,11]",18.0
regenerated_new/10/H/case-100779_JAY_ANNOTATION.png,"[10,11]",21.68
regenerated_new/12/H/case-100779_JAY_ANNOTATION.png,"[10,11]",24.03
regenerated_new/13/H/case-100779_JAY_ANNOTATION.png,"[10,14]",17.44
regenerated_new/14/H/case-100779_JAY_ANNOTATION.png,"[11,10]",20.75
regenerated_new/3/H/case-100863_JAY_ANNOTATION.png,"[2,4]",18.16
regenerated_new/4/H/case-100863_JAY_ANNOTATION.png,"[10,11]",14.67
regenerated_new/5/H/case-100863_JAY_ANNOTATION.png,"[11,10]",18.34
regenerated_new/6/H/case-100863_JAY_ANNOTATION.png,"[10,11]",18.48
regenerated_new/7/H/case-100863_JAY_ANNOTATION.png,"[14,10]",17.58
regenerated_new/8/H/case-100863_JAY_ANNOTATION.png,"[10,11]",16.61
regenerated_new/9/H/case-100863_JAY_ANNOTATION.png,"[10,11]",20.01
regenerated_new/12/H/case-100863_JAY_ANNOTATION.png,"[11,13]",22.43
regenerated_new/13/H/case-100863_JAY_ANNOTATION.png,"[10,11]",19.04
regenerated_new/14/H/case-100863_JAY_ANNOTATION.png,"[10,11]",19.41
regenerated_new/3/H/case-100915_JAY_ANNOTATION.png,"[10,2]",20.83
regenerated_new/4/H/case-100915_JAY_ANNOTATION.png,"[11,10]",16.46
regenerated_new/5/H/case-100915_JAY_ANNOTATION.png,"[10,11]",17.44
regenerated_new/7/H/case-100915_JAY_ANNOTATION.png,"[10,11]",18.87
regenerated_new/8/H/case-100915_JAY_ANNOTATION.png,"[2,10]",17.54
regenerated_new/9/H/case-100915_JAY_ANNOTATION.png,"[10,11]",15.82
regenerated_new/10/H/case-100915_JAY_ANNOTATION.png,"[10,11]",19.12
regenerated_new/12/H/case-100915_JAY_ANNOTATION.png,"[10,11]",21.54
regenerated_new/13/H/case-100915_JAY_ANNOTATION.png,"[10,11]",17.26
regenerated_new/14/H/case-100915_JAY_ANNOTATION.png,"[10,11]",15.66
regenerated_new/3/H/case-100917_JAY_ANNOTATION.png,"[10,6]",20.75
regenerated_new/4/H/case-100917_JAY_ANNOTATION.png,"[10,11]",21.01
regenerated_new/5/H/case-100917_JAY_ANNOTATION.png,"[10,11]",21.75
regenerated_new/6/H/case-100917_JAY_ANNOTATION.png,"[10,14]",19.25
regenerated_new/8/H/case-100917_JAY_ANNOTATION.png,"[10,11]",16.89
regenerated_new/9/H/case-100917_JAY_ANNOTATION.png,"[12,10]",19.23
regenerated_new/12/H/case-100917_JAY_ANNOTATION.png,"[12,10]",24.04
regenerated_new/13/H/case-100917_JAY_ANNOTATION.png,"[14,11]",27.8
regenerated_new/14/H/case-100917_JAY_ANNOTATION.png,"[10,11]",20.67
regenerated_new/3/H/case-101045_JAY_ANNOTATION.png,"[2,6]",17.44
regenerated_new/4/H/case-101045_JAY_ANNOTATION.png,"[10,11]",15.21
regenerated_new/5/H/case-101045_JAY_ANNOTATION.png,"[10,11]",23.93
regenerated_new/7/H/case-101045_JAY_ANNOTATION.png,"[2,6]",16.01
regenerated_new/8/H/case-101045_JAY_ANNOTATION.png,"[10,11]",14.67
regenerated_new/9/H/case-101045_JAY_ANNOTATION.png,"[4,10]",19.39
regenerated_new/12/H/case-101045_JAY_ANNOTATION.png,"[10,13]",18.98
regenerated_new/13/H/case-101045_JAY_ANNOTATION.png,"[10,11]",14.95
regenerated_new/14/H/case-101045_JAY_ANNOTATION.png,"[10,11]",15.03
regenerated_new/2/H/case-101074_JAY_ANNOTATION.png,"[10,11]",18.54
regenerated_new/3/H/case-101074_JAY_ANNOTATION.png,"[2,7]",20.39
regenerated_new/4/H/case-101074_JAY_ANNOTATION.png,"[10,11]",19.25
regenerated_new/5/H/case-101074_JAY_ANNOTATION.png,"[10,11]",14.42
regenerated_new/8/H/case-101074_JAY_ANNOTATION.png,"[10,11]",21.74
regenerated_new/9/H/case-101074_JAY_ANNOTATION.png,"[10,11]",17.9
regenerated_new/12/H/case-101074_JAY_ANNOTATION.png,"[2,10]",22.71
regenerated_new/13/H/case-101074_JAY_ANNOTATION.png,"[10,6]",18.82
regenerated_new/14/H/case-101074_JAY_ANNOTATION.png,"[10,11]",18.86
regenerated_new/2/H/case-101133_JAY_ANNOTATION.png,"[2,10]",17.35
regenerated_new/3/H/case-101133_JAY_ANNOTATION.png,"[2,10]",19.56
regenerated_new/4/H/case-101133_JAY_ANNOTATION.png,"[2,11]",22.92
regenerated_new/5/H/case-101133_JAY_ANNOTATION.png,"[10,11]",26.38
regenerated_new/6/H/case-101133_JAY_ANNOTATION.png,"[10,11]",20.66
regenerated_new/7/H/case-101133_JAY_ANNOTATION.png,"[10,11]",21.11
regenerated_new/8/H/case-101133_JAY_ANNOTATION.png,"[10,11]",18.61
regenerated_new/9/H/case-101133_JAY_ANNOTATION.png,"[2,10]",16.63
regenerated_new/12/H/case-101133_JAY_ANNOTATION.png,"[11,12]",16.98
regenerated_new/13/H/case-101133_JAY_ANNOTATION.png,"[10,11]",19.03
regenerated_new/14/H/case-101133_JAY_ANNOTATION.png,"[10,11]",14.14
regenerated_new/2/H/case-101195_JAY_ANNOTATION.png,"[4,11]",18.35
regenerated_new/3/H/case-101195_JAY_ANNOTATION.png,"[10,2]",19.01
regenerated_new/5/H/case-101195_JAY_ANNOTATION.png,"[11,12]",23.79
regenerated_new/7/H/case-101195_JAY_ANNOTATION.png,"[6,2]",18.37
regenerated_new/8/H/case-101195_JAY_ANNOTATION.png,"[10,11]",18.99
regenerated_new/9/H/case-101195_JAY_ANNOTATION.png,"[10,12]",16.55
regenerated_new/12/H/case-101195_JAY_ANNOTATION.png,"[10,11]",17.12
regenerated_new/13/H/case-101195_JAY_ANNOTATION.png,"[10,14]",22.38
regenerated_new/14/H/case-101195_JAY_ANNOTATION.png,"[10,12]",17.86
regenerated_new/3/H/case-101206_JAY_ANNOTATION.png,"[10,11]",20.62
regenerated_new/4/H/case-101206_JAY_ANNOTATION.png,"[11,14]",16.71
regenerated_new/7/H/case-101206_JAY_ANNOTATION.png,"[6,8]",20.41
regenerated_new/8/H/case-101206_JAY_ANNOTATION.png,"[10,11]",18.26
regenerated_new/9/H/case-101206_JAY_ANNOTATION.png,"[10,11]",20.86
regenerated_new/12/H/case-101206_JAY_ANNOTATION.png,"[10,11]",18.46
regenerated_new/13/H/case-101206_JAY_ANNOTATION.png,"[10,12]",17.46
regenerated_new/14/H/case-101206_JAY_ANNOTATION.png,"[10,11]",21.65
regenerated_new/3/H/case-101362_JAY_ANNOTATION.png,"[2,6]",20.94
regenerated_new/4/H/case-101362_JAY_ANNOTATION.png,"[10,11]",20.66
regenerated_new/5/H/case-101362_JAY_ANNOTATION.png,"[10,11]",17.08
regenerated_new/7/H/case-101362_JAY_ANNOTATION.png,"[2,10]",14.58
regenerated_new/8/H/case-101362_JAY_ANNOTATION.png,"[2,11]",22.46
regenerated_new/9/H/case-101362_JAY_ANNOTATION.png,"[10,14]",20.84
regenerated_new/12/H/case-101362_JAY_ANNOTATION.png,"[10,11]",15.55
regenerated_new/13/H/case-101362_JAY_ANNOTATION.png,"[10,11]",19.33
regenerated_new/14/H/case-101362_JAY_ANNOTATION.png,"[12,11]",19.87
regenerated_new/3/H/case-101367_JAY_ANNOTATION.png,"[2,11]",18.35
regenerated_new/4/H/case-101367_JAY_ANNOTATION.png,"[4,11]",23.16
regenerated_new/5/H/case-101367_JAY_ANNOTATION.png,"[10,11]",16.07
regenerated_new/7/H/case-101367_JAY_ANNOTATION.png,"[11,10]",24.03
regenerated_new/8/H/case-101367_JAY_ANNOTATION.png,"[10,11]",17.81
regenerated_new/9/H/case-101367_JAY_ANNOTATION.png,"[10,11]",20.91
regenerated_new/12/H/case-101367_JAY_ANNOTATION.png,"[10,11]",21.27
regenerated_new/13/H/case-101367_JAY_ANNOTATION.png,"[10,11]",15.28
regenerated_new/14/H/case-101367_JAY_ANNOTATION.png,"[14,11]",20.58
regenerated_new/3/H/case-101409_JAY_ANNOTATION.png,"[2,10]",18.88
regenerated_new/4/H/case-101409_JAY_ANNOTATION.png,"[10,11]",16.75
regenerated_new/5/H/case-101409_JAY_ANNOTATION.png,"[10,11]",16.01
regenerated_new/6/H/case-101409_JAY_ANNOTATION.png,"[10,11]",16.47
regenerated_new/7/H/case-101409_JAY_ANNOTATION.png,"[10,11]",19.86
regenerated_new/8/H/case-101409_JAY_ANNOTATION.png,"[10,11]",18.52
regenerated_new/9/H/case-101409_JAY_ANNOTATION.png,"[10,11]",20.02
regenerated_new/12/H/case-101409_JAY_ANNOTATION.png,"[10,11]",14.86
regenerated_new/13/H/case-101409_JAY_ANNOTATION.png,"[10,13]",14.32
regenerated_new/14/H/case-101409_JAY_ANNOTATION.png,"[14,11]",20.49
regenerated_new/3/H/case-101413_JAY_ANNOTATION.png,"[10,12]",25.17
regenerated_new/5/H/case-101413_JAY_ANNOTATION.png,"[10,12]",20.48
regenerated_new/7/H/case-101413_JAY_ANNOTATION.png,"[10,6]",19.22
regenerated_new/8/H/case-101413_JAY_ANNOTATION.png,"[10,11]",19.28
regenerated_new/9/H/case-101413_JAY_ANNOTATION.png,"[10,11]",16.5
regenerated_new/12/H/case-101413_JAY_ANNOTATION.png,"[6,10]",20.25
regenerated_new/13/H/case-101413_JAY_ANNOTATION.png,"[10,11]",16.7
regenerated_new/14/H/case-101413_JAY_ANNOTATION.png,"[10,11]",16.97
regenerated_new/3/H/case-101447_JAY_ANNOTATION.png,"[2,6]",20.11
regenerated_new/4/H/case-101447_JAY_ANNOTATION.png,"[11,12]",21.1
regenerated_new/5/H/case-101447_JAY_ANNOTATION.png,"[10,11]",17.96
regenerated_new/7/H/case-101447_JAY_ANNOTATION.png,"[6,11]",20.19
regenerated_new/8/H/case-101447_JAY_ANNOTATION.png,"[11,12]",18.14
regenerated_new/9/H/case-101447_JAY_ANNOTATION.png,"[14,12]",17.09
regenerated_new/12/H/case-101447_JAY_ANNOTATION.png,"[10,11]",15.92
regenerated_new/13/H/case-101447_JAY_ANNOTATION.png,"[10,11]",17.35
regenerated_new/14/H/case-101447_JAY_ANNOTATION.png,"[10,14]",19.86
regenerated_new/3/H/case-101510_JAY_ANNOTATION.png,"[2,10]",16.81
regenerated_new/4/H/case-101510_JAY_ANNOTATION.png,"[10,11]",20.19
regenerated_new/6/H/case-101510_JAY_ANNOTATION.png,"[10,11]",19.05
regenerated_new/7/H/case-101510_JAY_ANNOTATION.png,"[2,6]",12.35
regenerated_new/8/H/case-101510_JAY_ANNOTATION.png,"[10,11]",19.31
regenerated_new/9/H/case-101510_JAY_ANNOTATION.png,"[10,11]",17.29
regenerated_new/10/H/case-101510_JAY_ANNOTATION.png,"[10,11]",15.69
regenerated_new/12/H/case-101510_JAY_ANNOTATION.png,"[10,11]",23.74
regenerated_new/13/H/case-101510_JAY_ANNOTATION.png,"[10,11]",16.87
regenerated_new/14/H/case-101510_JAY_ANNOTATION.png,"[10,11]",19.73
regenerated_new/3/H/case-101540_JAY_ANNOTATION.png,"[2,10]",17.41
regenerated_new/4/H/case-101540_JAY_ANNOTATION.png,"[2,4]",15.73
regenerated_new/5/H/case-101540_JAY_ANNOTATION.png,"[11,10]",21.62
regenerated_new/8/H/case-101540_JAY_ANNOTATION.png,"[11,10]",19.14
regenerated_new/9/H/case-101540_JAY_ANNOTATION.png,"[10,14]",14.85
regenerated_new/12/H/case-101540_JAY_ANNOTATION.png,"[10,11]",16.19
regenerated_new/13/H/case-101540_JAY_ANNOTATION.png,"[11,10]",16.31
regenerated_new/14/H/case-101540_JAY_ANNOTATION.png,"[10,14]",17.66
regenerated_new/3/H/case-101581_JAY_ANNOTATION.png,"[2,6]",18.15
regenerated_new/4/H/case-101581_JAY_ANNOTATION.png,"[10,4]",16.46
regenerated_new/5/H/case-101581_JAY_ANNOTATION.png,"[10,11]",20.02
regenerated_new/6/H/case-101581_JAY_ANNOTATION.png,"[10,14]",18.68
regenerated_new/7/H/case-101581_JAY_ANNOTATION.png,"[10,11]",20.48
regenerated_new/8/H/case-101581_JAY_ANNOTATION.png,"[6,7]",18.33
regenerated_new/9/H/case-101581_JAY_ANNOTATION.png,"[10,11]",18.96
regenerated_new/11/H/case-101581_JAY_ANNOTATION.png,"[2,10]",23.1
regenerated_new/12/H/case-101581_JAY_ANNOTATION.png,"[10,11]",21.99
regenerated_new/13/H/case-101581_JAY_ANNOTATION.png,"[10,11]",16.91
regenerated_new/14/H/case-101581_JAY_ANNOTATION.png,"[10,11]",22.07
regenerated_new/3/H/case-101599_JAY_ANNOTATION.png,"[2,6]",17.03
regenerated_new/4/H/case-101599_JAY_ANNOTATION.png,"[10,12]",18.21
regenerated_new/5/H/case-101599_JAY_ANNOTATION.png,"[4,2]",18.4
regenerated_new/6/H/case-101599_JAY_ANNOTATION.png,"[10,14]",21.8
regenerated_new/7/H/case-101599_JAY_ANNOTATION.png,"[10,11]",16.52
regenerated_new/8/H/case-101599_JAY_ANNOTATION.png,"[10,11]",19.85
regenerated_new/9/H/case-101599_JAY_ANNOTATION.png,"[10,11]",16.54
regenerated_new/12/H/case-101599_JAY_ANNOTATION.png,"[10,11]",18.78
regenerated_new/13/H/case-101599_JAY_ANNOTATION.png,"[10,6]",21.18
regenerated_new/14/H/case-101599_JAY_ANNOTATION.png,"[10,14]",16.81
regenerated_new/3/H/case-101625_JAY_ANNOTATION.png,"[10,11]",16.38
regenerated_new/4/H/case-101625_JAY_ANNOTATION.png,"[10,11]",17.98
regenerated_new/5/H/case-101625_JAY_ANNOTATION.png,"[10,14]",18.33
regenerated_new/6/H/case-101625_JAY_ANNOTATION.png,"[11,10]",20.13
regenerated_new/7/H/case-101625_JAY_ANNOTATION.png,"[11,10]",18.15
regenerated_new/8/H/case-101625_JAY_ANNOTATION.png,"[10,11]",18.75
regenerated_new/9/H/case-101625_JAY_ANNOTATION.png,"[11,13]",19.68
regenerated_new/12/H/case-101625_JAY_ANNOTATION.png,"[14,11]",16.12
regenerated_new/13/H/case-101625_JAY_ANNOTATION.png,"[11,12]",20.21
regenerated_new/14/H/case-101625_JAY_ANNOTATION.png,"[10,11]",17.16
regenerated_new/3/H/case-101641_JAY_ANNOTATION.png,"[2,10]",22.11
regenerated_new/4/H/case-101641_JAY_ANNOTATION.png,"[2,6]",20.63
regenerated_new/5/H/case-101641_JAY_ANNOTATION.png,"[10,11]",21.73
regenerated_new/6/H/case-101641_JAY_ANNOTATION.png,"[11,10]",15.4
regenerated_new/8/H/case-101641_JAY_ANNOTATION.png,"[10,2]",13.75
regenerated_new/9/H/case-101641_JAY_ANNOTATION.png,"[10,11]",18.25
regenerated_new/12/H/case-101641_JAY_ANNOTATION.png,"[10,11]",20.39
regenerated_new/13/H/case-101641_JAY_ANNOTATION.png,"[10,14]",16.18
regenerated_new/14/H/case-101641_JAY_ANNOTATION.png,"[11,10]",22.71
regenerated_new/3/H/case-101857_JAY_ANNOTATION.png,"[2,4]",20.74
regenerated_new/4/H/case-101857_JAY_ANNOTATION.png,"[2,14]",20.29
regenerated_new/5/H/case-101857_JAY_ANNOTATION.png,"[10,11]",17.8
regenerated_new/7/H/case-101857_JAY_ANNOTATION.png,"[10,2]",22.18
regenerated_new/8/H/case-101857_JAY_ANNOTATION.png,"[11,10]",20.29
regenerated_new/9/H/case-101857_JAY_ANNOTATION.png,"[10,11]",20.04
regenerated_new/12/H/case-101857_JAY_ANNOTATION.png,"[10,11]",21.66
regenerated_new/13/H/case-101857_JAY_ANNOTATION.png,"[10,12]",16.92
regenerated_new/14/H/case-101857_JAY_ANNOTATION.png,"[14,11]",19.96
regenerated_new/3/H/case-101860_JAY_ANNOTATION.png,"[2,11]",15.92
regenerated_new/4/H/case-101860_JAY_ANNOTATION.png,"[10,11]",14.4
regenerated_new/5/H/case-101860_JAY_ANNOTATION.png,"[10,14]",20.22
regenerated_new/7/H/case-101860_JAY_ANNOTATION.png,"[10,11]",18.65
regenerated_new/8/H/case-101860_JAY_ANNOTATION.png,"[11,10]",16.62
regenerated_new/9/H/case-101860_JAY_ANNOTATION.png,"[10,11]",20.12
regenerated_new/12/H/case-101860_JAY_ANNOTATION.png,"[11,12]",18.07
regenerated_new/13/H/case-101860_JAY_ANNOTATION.png,"[10,11]",13.43
regenerated_new/14/H/case-101860_JAY_ANNOTATION.png,"[10,14]",18.23
regenerated_new/3/H/case-101885_JAY_ANNOTATION.png,"[2,12]",19.74
regenerated_new/4/H/case-101885_JAY_ANNOTATION.png,"[10,11]",15.48
regenerated_new/5/H/case-101885_JAY_ANNOTATION.png,"[12,13]",18.4
regenerated_new/7/H/case-101885_JAY_ANNOTATION.png,"[12,11]",25.35
regenerated_new/8/H/case-101885_JAY_ANNOTATION.png,"[11,10]",17.61
regenerated_new/9/H/case-101885_JAY_ANNOTATION.png,"[10,11]",15.46
regenerated_new/12/H/case-101885_JAY_ANNOTATION.png,"[10,11]",15.92
regenerated_new/13/H/case-101885_JAY_ANNOTATION.png,"[10,11]",19.57
regenerated_new/14/H/case-101885_JAY_ANNOTATION.png,"[10,14]",18.69
regenerated_new/3/H/case-101937_JAY_ANNOTATION.png,"[2,4]",16.66
regenerated_new/4/H/case-101937_JAY_ANNOTATION.png,"[10,11]",21.76
regenerated_new/5/H/case-101937_JAY_ANNOTATION.png,"[10,2]",19.69
regenerated_new/7/H/case-101937_JAY_ANNOTATION.png,"[11,12]",19.14
regenerated_new/8/H/case-101937_JAY_ANNOTATION.png,"[11,12]",17.99
regenerated_new/9/H/case-101937_JAY_ANNOTATION.png,"[10,11]",20.21
regenerated_new/12/H/case-101937_JAY_ANNOTATION.png,"[12,11]",20.53
regenerated_new/13/H/case-101937_JAY_ANNOTATION.png,"[10,11]",14.9
regenerated_new/14/H/case-101937_JAY_ANNOTATION.png,"[10,11]",21.44
regenerated_new/2/H/case-101940_JAY_ANNOTATION.png,"[10,11]",19.09
regenerated_new/3/H/case-101940_JAY_ANNOTATION.png,"[2,10]",16.99
regenerated_new/4/H/case-101940_JAY_ANNOTATION.png,"[11,12]",17.69
regenerated_new/5/H/case-101940_JAY_ANNOTATION.png,"[11,10]",20.04
regenerated_new/6/H/case-101940_JAY_ANNOTATION.png,"[10,11]",16.63
regenerated_new/7/H/case-101940_JAY_ANNOTATION.png,"[10,13]",19.24
regenerated_new/8/H/case-101940_JAY_ANNOTATION.png,"[10,11]",18.24
regenerated_new/9/H/case-101940_JAY_ANNOTATION.png,"[10,14]",21.91
regenerated_new/12/H/case-101940_JAY_ANNOTATION.png,"[10,11]",18.14
regenerated_new/13/H/case-101940_JAY_ANNOTATION.png,"[10,11]",16.54
regenerated_new/14/H/case-101940_JAY_ANNOTATION.png,"[10,11]",17.06
regenerated_new/3/H/case-101982_JAY_ANNOTATION.png,"[6,12]",20.39
regenerated_new/4/H/case-101982_JAY_ANNOTATION.png,"[10,11]",16.19
regenerated_new/5/H/case-101982_JAY_ANNOTATION.png,"[10,11]",16.27
regenerated_new/6/H/case-101982_JAY_ANNOTATION.png,"[10,11]",16.91
regenerated_new/7/H/case-101982_JAY_ANNOTATION.png,"[10,6]",15.94
regenerated_new/8/H/case-101982_JAY_ANNOTATION.png,"[10,11]",19.08
regenerated_new/9/H/case-101982_JAY_ANNOTATION.png,"[10,11]",23.3
regenerated_new/12/H/case-101982_JAY_ANNOTATION.png,"[10,11]",17.99
regenerated_new/13/H/case-101982_JAY_ANNOTATION.png,"[10,11]",17.32
regenerated_new/14/H/case-101982_JAY_ANNOTATION.png,"[10,11]",15.97
regenerated_new/3/H/case-102010_JAY_ANNOTATION.png,"[2,12]",21.72
regenerated_new/4/H/case-102010_JAY_ANNOTATION.png,"[11,10]",19.2
regenerated_new/5/H/case-102010_JAY_ANNOTATION.png,"[4,5]",18.31
regenerated_new/7/H/case-102010_JAY_ANNOTATION.png,"[10,14]",21.01
regenerated_new/8/H/case-102010_JAY_ANNOTATION.png,"[10,11]",15.48
regenerated_new/9/H/case-102010_JAY_ANNOTATION.png,"[10,11]",24.96
regenerated_new/12/H/case-102010_JAY_ANNOTATION.png,"[14,11]",24.12
regenerated_new/13/H/case-102010_JAY_ANNOTATION.png,"[10,12]",17.79
regenerated_new/14/H/case-102010_JAY_ANNOTATION.png,"[10,11]",18.06
regenerated_new/2/H/case-102041_JAY_ANNOTATION.png,"[4,2]",14.95
regenerated_new/3/H/case-102041_JAY_ANNOTATION.png,"[2,10]",16.91
regenerated_new/4/H/case-102041_JAY_ANNOTATION.png,"[10,11]",14.85
regenerated_new/7/H/case-102041_JAY_ANNOTATION.png,"[10,11]",17.08
regenerated_new/8/H/case-102041_JAY_ANNOTATION.png,"[10,11]",15.84
regenerated_new/9/H/case-102041_JAY_ANNOTATION.png,"[10,11]",16.63
regenerated_new/10/H/case-102041_JAY_ANNOTATION.png,"[10,11]",19.46
regenerated_new/11/H/case-102041_JAY_ANNOTATION.png,"[10,12]",14.53
regenerated_new/12/H/case-102041_JAY_ANNOTATION.png,"[11,10]",19.05
regenerated_new/13/H/case-102041_JAY_ANNOTATION.png,"[10,11]",17.09
regenerated_new/14/H/case-102041_JAY_ANNOTATION.png,"[10,14]",18.79
regenerated_new/3/H/case-102093_JAY_ANNOTATION.png,"[10,2]",20.97
regenerated_new/4/H/case-102093_JAY_ANNOTATION.png,"[4,11]",18.76
regenerated_new/5/H/case-102093_JAY_ANNOTATION.png,"[2,10]",17.52
regenerated_new/6/H/case-102093_JAY_ANNOTATION.png,"[11,10]",20.28
regenerated_new/7/H/case-102093_JAY_ANNOTATION.png,"[10,11]",16.54
regenerated_new/8/H/case-102093_JAY_ANNOTATION.png,"[10,11]",14.75
regenerated_new/9/H/case-102093_JAY_ANNOTATION.png,"[10,12]",19.76
regenerated_new/12/H/case-102093_JAY_ANNOTATION.png,"[10,11]",17.53
regenerated_new/13/H/case-102093_JAY_ANNOTATION.png,"[10,11]",15.66
regenerated_new/14/H/case-102093_JAY_ANNOTATION.png,"[10,11]",19.49
regenerated_new/3/H/case-102157_JAY_ANNOTATION.png,"[2,6]",22.35
regenerated_new/4/H/case-102157_JAY_ANNOTATION.png,"[11,10]",16.56
regenerated_new/5/H/case-102157_JAY_ANNOTATION.png,"[2,10]",17.36
regenerated_new/7/H/case-102157_JAY_ANNOTATION.png,"[4,6]",17.63
regenerated_new/8/H/case-102157_JAY_ANNOTATION.png,"[10,11]",20.23
regenerated_new/9/H/case-102157_JAY_ANNOTATION.png,"[10,14]",15.76
regenerated_new/10/H/case-102157_JAY_ANNOTATION.png,"[10,11]",18.71
regenerated_new/12/H/case-102157_JAY_ANNOTATION.png,"[10,11]",14.96
regenerated_new/13/H/case-102157_JAY_ANNOTATION.png,"[6,11]",17.63
regenerated_new/14/H/case-102157_JAY_ANNOTATION.png,"[10,14]",17.63
regenerated_new/3/H/case-102183_JAY_ANNOTATION.png,"[2,6]",16.64
regenerated_new/4/H/case-102183_JAY_ANNOTATION.png,"[10,11]",20.35
regenerated_new/5/H/case-102183_JAY_ANNOTATION.png,"[10,11]",16.06
regenerated_new/7/H/case-102183_JAY_ANNOTATION.png,"[10,14]",22.06
regenerated_new/8/H/case-102183_JAY_ANNOTATION.png,"[10,11]",19.56
regenerated_new/9/H/case-102183_JAY_ANNOTATION.png,"[10,11]",14.75
regenerated_new/12/H/case-102183_JAY_ANNOTATION.png,"[11,10]",17.26
regenerated_new/13/H/case-102183_JAY_ANNOTATION.png,"[10,11]",19.04
regenerated_new/14/H/case-102183_JAY_ANNOTATION.png,"[10,11]",22.83
regenerated_new/3/H/case-102224_JAY_ANNOTATION.png,"[4,2]",15.04
regenerated_new/4/H/case-102224_JAY_ANNOTATION.png,"[2,6]",18.38
regenerated_new/5/H/case-102224_JAY_ANNOTATION.png,"[10,14]",21.67
regenerated_new/7/H/case-102224_JAY_ANNOTATION.png,"[8,2]",18.43
regenerated_new/8/H/case-102224_JAY_ANNOTATION.png,"[10,11]",15.66
regenerated_new/9/H/case-102224_JAY_ANNOTATION.png,"[10,14]",18.44
regenerated_new/12/H/case-102224_JAY_ANNOTATION.png,"[11,6]",19.04
regenerated_new/13/H/case-102224_JAY_ANNOTATION.png,"[10,11]",15.93
regenerated_new/14/H/case-102224_JAY_ANNOTATION.png,"[10,11]",16.9
regenerated_new/3/H/case-102308_JAY_ANNOTATION.png,"[2,6]",17.45
regenerated_new/5/H/case-102308_JAY_ANNOTATION.png,"[2,12]",19.94
regenerated_new/6/H/case-102308_JAY_ANNOTATION.png,"[10,14]",20.74
regenerated_new/7/H/case-102308_JAY_ANNOTATION.png,"[10,11]",20.57
regenerated_new/8/H/case-102308_JAY_ANNOTATION.png,"[10,11]",16.5
regenerated_new/9/H/case-102308_JAY_ANNOTATION.png,"[10,11]",21.59
regenerated_new/12/H/case-102308_JAY_ANNOTATION.png,"[12,11]",17.76
regenerated_new/13/H/case-102308_JAY_ANNOTATION.png,"[10,11]",19.03
regenerated_new/14/H/case-102308_JAY_ANNOTATION.png,"[10,11]",18.23
regenerated_new/3/H/case-102321_JAY_ANNOTATION.png,"[2,10]",16.35
regenerated_new/4/H/case-102321_JAY_ANNOTATION.png,"[10,11]",17.34
regenerated_new/5/H/case-102321_JAY_ANNOTATION.png,"[11,10]",17.08
regenerated_new/6/H/case-102321_JAY_ANNOTATION.png,"[10,11]",20.83
regenerated_new/7/H/case-102321_JAY_ANNOTATION.png,"[10,11]",17.07
regenerated_new/8/H/case-102321_JAY_ANNOTATION.png,"[11,14]",17.8
regenerated_new/9/H/case-102321_JAY_ANNOTATION.png,"[10,11]",15.92
regenerated_new/12/H/case-102321_JAY_ANNOTATION.png,"[10,11]",13.68
regenerated_new/13/H/case-102321_JAY_ANNOTATION.png,"[11,12]",18.06
regenerated_new/14/H/case-102321_JAY_ANNOTATION.png,"[10,11]",17.54
regenerated_new/3/H/case-102367_JAY_ANNOTATION.png,"[2,4]",20.04
regenerated_new/4/H/case-102367_JAY_ANNOTATION.png,"[10,11]",19.06
regenerated_new/5/H/case-102367_JAY_ANNOTATION.png,"[10,14]",18.42
regenerated_new/7/H/case-102367_JAY_ANNOTATION.png,"[10,11]",15.41
regenerated_new/8/H/case-102367_JAY_ANNOTATION.png,"[10,11]",19.75
regenerated_new/9/H/case-102367_JAY_ANNOTATION.png,"[10,11]",20.83
regenerated_new/12/H/case-102367_JAY_ANNOTATION.png,"[11,10]",17.08
regenerated_new/13/H/case-102367_JAY_ANNOTATION.png,"[10,11]",19.52
regenerated_new/14/H/case-102367_JAY_ANNOTATION.png,"[10,11]",16.44
regenerated_new/3/H/case-102388_JAY_ANNOTATION.png,"[2,10]",19.37
regenerated_new/4/H/case-102388_JAY_ANNOTATION.png,"[10,11]",19.02
regenerated_new/5/H/case-102388_JAY_ANNOTATION.png,"[10,11]",18.43
regenerated_new/6/H/case-102388_JAY_ANNOTATION.png,"[10,11]",18.51
regenerated_new/7/H/case-102388_JAY_ANNOTATION.png,"[12,14]",19.84
regenerated_new/8/H/case-102388_JAY_ANNOTATION.png,"[10,11]",15.97
regenerated_new/9/H/case-102388_JAY_ANNOTATION.png,"[10,11]",20.93
regenerated_new/12/H/case-102388_JAY_ANNOTATION.png,"[10,11]",19.24
regenerated_new/13/H/case-102388_JAY_ANNOTATION.png,"[10,11]",18.97
regenerated_new/14/H/case-102388_JAY_ANNOTATION.png,"[10,11]",16.18
regenerated_new/3/H/case-104754_JAY_ANNOTATION.png,"[2,10]",12.8
regenerated_new/4/H/case-104754_JAY_ANNOTATION.png,"[4,12]",14.94
regenerated_new/5/H/case-104754_JAY_ANNOTATION.png,"[11,10]",17.79
regenerated_new/7/H/case-104754_JAY_ANNOTATION.png,"[6,8]",19.32
regenerated_new/8/H/case-104754_JAY_ANNOTATION.png,"[10,11]",19.4
regenerated_new/9/H/case-104754_JAY_ANNOTATION.png,"[10,11]",19.07
regenerated_new/12/H/case-104754_JAY_ANNOTATION.png,"[14,11]",24.62
regenerated_new/13/H/case-104754_JAY_ANNOTATION.png,"[10,11]",16.19
regenerated_new/14/H/case-104754_JAY_ANNOTATION.png,"[10,11]",21.22
regenerated_new/2/H/case-104780_JAY_ANNOTATION.png,"[10,11]",17.75
regenerated_new/3/H/case-104780_JAY_ANNOTATION.png,"[10,11]",16.79
regenerated_new/4/H/case-104780_JAY_ANNOTATION.png,"[14,12]",18.31
regenerated_new/5/H/case-104780_JAY_ANNOTATION.png,"[4,11]",19.37
regenerated_new/6/H/case-104780_JAY_ANNOTATION.png,"[11,10]",19.75
regenerated_new/7/H/case-104780_JAY_ANNOTATION.png,"[6,8]",19.94
regenerated_new/8/H/case-104780_JAY_ANNOTATION.png,"[10,12]",18.51
regenerated_new/9/H/case-104780_JAY_ANNOTATION.png,"[10,12]",16.56
regenerated_new/12/H/case-104780_JAY_ANNOTATION.png,"[10,14]",20.05
regenerated_new/13/H/case-104780_JAY_ANNOTATION.png,"[10,11]",17.98
regenerated_new/14/H/case-104780_JAY_ANNOTATION.png,"[10,13]",21.64
regenerated_new/3/H/case-104842_JAY_ANNOTATION.png,"[2,12]",20.55
regenerated_new/4/H/case-104842_JAY_ANNOTATION.png,"[10,11]",17.9
regenerated_new/5/H/case-104842_JAY_ANNOTATION.png,"[10,11]",18.94
regenerated_new/7/H/case-104842_JAY_ANNOTATION.png,"[10,11]",18.95
regenerated_new/8/H/case-104842_JAY_ANNOTATION.png,"[10,14]",25.62
regenerated_new/9/H/case-104842_JAY_ANNOTATION.png,"[10,14]",17.16
regenerated_new/12/H/case-104842_JAY_ANNOTATION.png,"[11,10]",18.86
regenerated_new/13/H/case-104842_JAY_ANNOTATION.png,"[11,10]",16.89
regenerated_new/14/H/case-104842_JAY_ANNOTATION.png,"[10,14]",14.93
regenerated_new/3/H/case-104941_JAY_ANNOTATION.png,"[2,4]",16.35
regenerated_new/4/H/case-104941_JAY_ANNOTATION.png,"[10,11]",19.99
regenerated_new/5/H/case-104941_JAY_ANNOTATION.png,"[10,11]",18.72
regenerated_new/7/H/case-104941_JAY_ANNOTATION.png,"[10,11]",21.51
regenerated_new/8/H/case-104941_JAY_ANNOTATION.png,"[11,10]",18.93
regenerated_new/9/H/case-104941_JAY_ANNOTATION.png,"[10,12]",18.58
regenerated_new/12/H/case-104941_JAY_ANNOTATION.png,"[11,10]",20.09
regenerated_new/13/H/case-104941_JAY_ANNOTATION.png,"[10,14]",17.16
regenerated_new/14/H/case-104941_JAY_ANNOTATION.png,"[10,11]",15.44
regenerated_new/3/H/case-104979_JAY_ANNOTATION.png,"[11,2]",20.74
regenerated_new/4/H/case-104979_JAY_ANNOTATION.png,"[10,11]",17.87
regenerated_new/5/H/case-104979_JAY_ANNOTATION.png,"[11,10]",26.32
regenerated_new/6/H/case-104979_JAY_ANNOTATION.png,"[11,10]",21.92
regenerated_new/7/H/case-104979_JAY_ANNOTATION.png,"[2,10]",20.67
regenerated_new/8/H/case-104979_JAY_ANNOTATION.png,"[11,12]",17.99
regenerated_new/9/H/case-104979_JAY_ANNOTATION.png,"[10,11]",19.78
regenerated_new/10/H/case-104979_JAY_ANNOTATION.png,"[10,11]",19.54
regenerated_new/12/H/case-104979_JAY_ANNOTATION.png,"[10,11]",17.1
regenerated_new/13/H/case-104979_JAY_ANNOTATION.png,"[10,11]",18.16
regenerated_new/14/H/case-104979_JAY_ANNOTATION.png,"[10,11]",17.76
regenerated_new/3/H/case-104990_JAY_ANNOTATION.png,"[2,6]",16.9
regenerated_new/4/H/case-104990_JAY_ANNOTATION.png,"[10,11]",20.25
regenerated_new/5/H/case-104990_JAY_ANNOTATION.png,"[10,11]",16.04
regenerated_new/6/H/case-104990_JAY_ANNOTATION.png,"[10,11]",19.26
regenerated_new/7/H/case-104990_JAY_ANNOTATION.png,"[2,10]",19.11
regenerated_new/8/H/case-104990_JAY_ANNOTATION.png,"[10,11]",15.18
regenerated_new/9/H/case-104990_JAY_ANNOTATION.png,"[10,11]",19.56
regenerated_new/12/H/case-104990_JAY_ANNOTATION.png,"[10,11]",17.69
regenerated_new/13/H/case-104990_JAY_ANNOTATION.png,"[10,14]",16.28
regenerated_new/14/H/case-104990_JAY_ANNOTATION.png,"[10,14]",19.05
regenerated_new/3/H/case-105035_JAY_ANNOTATION.png,"[2,10]",18.29
regenerated_new/4/H/case-105035_JAY_ANNOTATION.png,"[10,11]",19.37
regenerated_new/5/H/case-105035_JAY_ANNOTATION.png,"[11,10]",19.74
regenerated_new/7/H/case-105035_JAY_ANNOTATION.png,"[10,11]",15.19
regenerated_new/8/H/case-105035_JAY_ANNOTATION.png,"[10,11]",18.14
regenerated_new/9/H/case-105035_JAY_ANNOTATION.png,"[10,11]",18.22
regenerated_new/12/H/case-105035_JAY_ANNOTATION.png,"[14,11]",20.54
regenerated_new/13/H/case-105035_JAY_ANNOTATION.png,"[11,14]",23.07
regenerated_new/14/H/case-105035_JAY_ANNOTATION.png,"[10,11]",17.97
regenerated_new/3/H/case-105051_JAY_ANNOTATION.png,"[2,6]",17.08
regenerated_new/4/H/case-105051_JAY_ANNOTATION.png,"[10,11]",18.32
regenerated_new/5/H/case-105051_JAY_ANNOTATION.png,"[12,4]",26.0
regenerated_new/7/H/case-105051_JAY_ANNOTATION.png,"[2,10]",15.26
regenerated_new/8/H/case-105051_JAY_ANNOTATION.png,"[10,12]",17.12
regenerated_new/9/H/case-105051_JAY_ANNOTATION.png,"[10,11]",14.9
regenerated_new/12/H/case-105051_JAY_ANNOTATION.png,"[10,12]",15.97
regenerated_new/13/H/case-105051_JAY_ANNOTATION.png,"[10,11]",21.43
regenerated_new/14/H/case-105051_JAY_ANNOTATION.png,"[10,11]",17.23
regenerated_new/3/H/case-105171_JAY_ANNOTATION.png,"[2,11]",19.97
regenerated_new/4/H/case-105171_JAY_ANNOTATION.png,"[10,11]",19.04
regenerated_new/5/H/case-105171_JAY_ANNOTATION.png,"[6,11]",20.37
regenerated_new/7/H/case-105171_JAY_ANNOTATION.png,"[10,11]",15.38
regenerated_new/8/H/case-105171_JAY_ANNOTATION.png,"[2,10]",20.29
regenerated_new/9/H/case-105171_JAY_ANNOTATION.png,"[10,12]",18.05
regenerated_new/12/H/case-105171_JAY_ANNOTATION.png,"[10,11]",18.05
regenerated_new/13/H/case-105171_JAY_ANNOTATION.png,"[10,14]",18.23
regenerated_new/14/H/case-105171_JAY_ANNOTATION.png,"[10,11]",19.03
regenerated_new/3/H/case-105177_JAY_ANNOTATION.png,"[2,14]",18.46
regenerated_new/5/H/case-105177_JAY_ANNOTATION.png,"[10,11]",16.59
regenerated_new/6/H/case-105177_JAY_ANNOTATION.png,"[10,11]",18.23
regenerated_new/7/H/case-105177_JAY_ANNOTATION.png,"[10,11]",18.59
regenerated_new/8/H/case-105177_JAY_ANNOTATION.png,"[10,11]",17.42
regenerated_new/9/H/case-105177_JAY_ANNOTATION.png,"[10,11]",18.31
regenerated_new/12/H/case-105177_JAY_ANNOTATION.png,"[10,11]",17.78
regenerated_new/13/H/case-105177_JAY_ANNOTATION.png,"[10,12]",20.09
regenerated_new/14/H/case-105177_JAY_ANNOTATION.png,"[10,11]",19.03
regenerated_new/3/H/case-105234_JAY_ANNOTATION.png,"[2,11]",16.8
regenerated_new/4/H/case-105234_JAY_ANNOTATION.png,"[11,12]",21.82
regenerated_new/5/H/case-105234_JAY_ANNOTATION.png,"[10,11]",16.16
regenerated_new/6/H/case-105234_JAY_ANNOTATION.png,"[4,10]",15.46
regenerated_new/7/H/case-105234_JAY_ANNOTATION.png,"[10,11]",21.0
regenerated_new/8/H/case-105234_JAY_ANNOTATION.png,"[10,11]",20.29
regenerated_new/9/H/case-105234_JAY_ANNOTATION.png,"[10,11]",20.21
regenerated_new/12/H/case-105234_JAY_ANNOTATION.png,"[10,11]",17.17
regenerated_new/13/H/case-105234_JAY_ANNOTATION.png,"[11,12]",20.39
regenerated_new/14/H/case-105234_JAY_ANNOTATION.png,"[10,11]",17.08
regenerated_new/2/H/case-105246_JAY_ANNOTATION.png,"[2,4]",15.56
regenerated_new/3/H/case-105246_JAY_ANNOTATION.png,"[2,6]",16.02
regenerated_new/4/H/case-105246_JAY_ANNOTATION.png,"[10,11]",29.63
regenerated_new/5/H/case-105246_JAY_ANNOTATION.png,"[10,11]",16.26
regenerated_new/6/H/case-105246_JAY_ANNOTATION.png,"[10,11]",20.36
regenerated_new/7/H/case-105246_JAY_ANNOTATION.png,"[11,10]",14.29
regenerated_new/8/H/case-105246_JAY_ANNOTATION.png,"[11,10]",17.33
regenerated_new/9/H/case-105246_JAY_ANNOTATION.png,"[10,11]",22.6
regenerated_new/12/H/case-105246_JAY_ANNOTATION.png,"[10,11]",17.94
regenerated_new/13/H/case-105246_JAY_ANNOTATION.png,"[10,11]",15.35
regenerated_new/14/H/case-105246_JAY_ANNOTATION.png,"[15,15]",18.47
regenerated_new/3/H/case-105257_JAY_ANNOTATION.png,"[10,2]",20.9
regenerated_new/4/H/case-105257_JAY_ANNOTATION.png,"[10,11]",20.3
regenerated_new/5/H/case-105257_JAY_ANNOTATION.png,"[2,11]",15.9
regenerated_new/7/H/case-105257_JAY_ANNOTATION.png,"[11,10]",16.9
regenerated_new/8/H/case-105257_JAY_ANNOTATION.png,"[12,11]",15.96
regenerated_new/9/H/case-105257_JAY_ANNOTATION.png,"[10,11]",19.21
regenerated_new/12/H/case-105257_JAY_ANNOTATION.png,"[10,14]",19.05
regenerated_new/13/H/case-105257_JAY_ANNOTATION.png,"[10,11]",18.94
regenerated_new/14/H/case-105257_JAY_ANNOTATION.png,"[10,11]",18.95
regenerated_new/3/H/case-105288_JAY_ANNOTATION.png,"[2,10]",21.43
regenerated_new/4/H/case-105288_JAY_ANNOTATION.png,"[10,11]",18.66
regenerated_new/5/H/case-105288_JAY_ANNOTATION.png,"[10,11]",16.97
regenerated_new/7/H/case-105288_JAY_ANNOTATION.png,"[6,8]",18.04
regenerated_new/8/H/case-105288_JAY_ANNOTATION.png,"[14,11]",20.27
regenerated_new/9/H/case-105288_JAY_ANNOTATION.png,"[11,10]",16.62
regenerated_new/12/H/case-105288_JAY_ANNOTATION.png,"[10,14]",19.47
regenerated_new/13/H/case-105288_JAY_ANNOTATION.png,"[11,12]",19.38
regenerated_new/14/H/case-105288_JAY_ANNOTATION.png,"[10,12]",23.78
regenerated_new/3/H/case-105318_JAY_ANNOTATION.png,"[10,12]",19.15
regenerated_new/4/H/case-105318_JAY_ANNOTATION.png,"[10,11]",20.44
regenerated_new/5/H/case-105318_JAY_ANNOTATION.png,"[10,11]",16.35
regenerated_new/6/H/case-105318_JAY_ANNOTATION.png,"[10,11]",20.57
regenerated_new/7/H/case-105318_JAY_ANNOTATION.png,"[10,11]",18.87
regenerated_new/8/H/case-105318_JAY_ANNOTATION.png,"[10,11]",14.31
regenerated_new/9/H/case-105318_JAY_ANNOTATION.png,"[10,11]",24.89
regenerated_new/12/H/case-105318_JAY_ANNOTATION.png,"[10,11]",17.88
regenerated_new/13/H/case-105318_JAY_ANNOTATION.png,"[10,11]",17.64
regenerated_new/14/H/case-105318_JAY_ANNOTATION.png,"[10,12]",17.6
regenerated_new/3/H/case-105476_JAY_ANNOTATION.png,"[2,11]",14.38
regenerated_new/4/H/case-105476_JAY_ANNOTATION.png,"[2,11]",23.49
regenerated_new/5/H/case-105476_JAY_ANNOTATION.png,"[11,10]",20.32
regenerated_new/8/H/case-105476_JAY_ANNOTATION.png,"[10,13]",21.1
regenerated_new/9/H/case-105476_JAY_ANNOTATION.png,"[11,10]",24.3
regenerated_new/12/H/case-105476_JAY_ANNOTATION.png,"[14,12]",19.14
regenerated_new/13/H/case-105476_JAY_ANNOTATION.png,"[10,11]",15.9
regenerated_new/14/H/case-105476_JAY_ANNOTATION.png,"[10,11]",18.76
regenerated_new/3/H/case-105567_JAY_ANNOTATION.png,"[15,15]",17.95
regenerated_new/4/H/case-105567_JAY_ANNOTATION.png,"[11,12]",18.48
regenerated_new/5/H/case-105567_JAY_ANNOTATION.png,"[10,11]",17.16
regenerated_new/6/H/case-105567_JAY_ANNOTATION.png,"[10,11]",20.15
regenerated_new/8/H/case-105567_JAY_ANNOTATION.png,"[10,11]",16.77
regenerated_new/9/H/case-105567_JAY_ANNOTATION.png,"[10,12]",20.46
regenerated_new/12/H/case-105567_JAY_ANNOTATION.png,"[10,11]",15.19
regenerated_new/13/H/case-105567_JAY_ANNOTATION.png,"[10,11]",21.62
regenerated_new/14/H/case-105567_JAY_ANNOTATION.png,"[10,11]",16.98
regenerated_new/3/H/case-105579_JAY_ANNOTATION.png,"[10,6]",19.58
regenerated_new/4/H/case-105579_JAY_ANNOTATION.png,"[10,11]",17.97
regenerated_new/5/H/case-105579_JAY_ANNOTATION.png,"[14,11]",21.28
regenerated_new/7/H/case-105579_JAY_ANNOTATION.png,"[10,11]",18.33
regenerated_new/8/H/case-105579_JAY_ANNOTATION.png,"[10,11]",16.01
regenerated_new/9/H/case-105579_JAY_ANNOTATION.png,"[10,11]",19.49
regenerated_new/12/H/case-105579_JAY_ANNOTATION.png,"[10,11]",15.02
regenerated_new/13/H/case-105579_JAY_ANNOTATION.png,"[10,11]",19.15
regenerated_new/14/H/case-105579_JAY_ANNOTATION.png,"[10,12]",23.64
regenerated_new/3/H/case-105586_JAY_ANNOTATION.png,"[10,13]",19.58
regenerated_new/4/H/case-105586_JAY_ANNOTATION.png,"[10,14]",22.0
regenerated_new/5/H/case-105586_JAY_ANNOTATION.png,"[11,14]",20.21
regenerated_new/7/H/case-105586_JAY_ANNOTATION.png,"[6,10]",16.81
regenerated_new/8/H/case-105586_JAY_ANNOTATION.png,"[10,11]",16.63
regenerated_new/9/H/case-105586_JAY_ANNOTATION.png,"[14,4]",21.27
regenerated_new/12/H/case-105586_JAY_ANNOTATION.png,"[11,14]",19.97
regenerated_new/13/H/case-105586_JAY_ANNOTATION.png,"[10,11]",20.51
regenerated_new/14/H/case-105586_JAY_ANNOTATION.png,"[10,11]",20.53
regenerated_new/3/H/case-105592_JAY_ANNOTATION.png,"[2,6]",18.03
regenerated_new/4/H/case-105592_JAY_ANNOTATION.png,"[12,11]",20.19
regenerated_new/5/H/case-105592_JAY_ANNOTATION.png,"[11,6]",15.9
regenerated_new/7/H/case-105592_JAY_ANNOTATION.png,"[2,10]",18.58
regenerated_new/8/H/case-105592_JAY_ANNOTATION.png,"[10,11]",16.71
regenerated_new/9/H/case-105592_JAY_ANNOTATION.png,"[14,11]",20.46
regenerated_new/12/H/case-105592_JAY_ANNOTATION.png,"[10,11]",15.47
regenerated_new/13/H/case-105592_JAY_ANNOTATION.png,"[10,11]",15.27
regenerated_new/14/H/case-105592_JAY_ANNOTATION.png,"[10,11]",18.95
regenerated_new/3/H/case-105597_JAY_ANNOTATION.png,"[2,4]",17.26
regenerated_new/4/H/case-105597_JAY_ANNOTATION.png,"[14,6]",18.16
regenerated_new/5/H/case-105597_JAY_ANNOTATION.png,"[14,11]",19.39
regenerated_new/6/H/case-105597_JAY_ANNOTATION.png,"[10,11]",16.9
regenerated_new/8/H/case-105597_JAY_ANNOTATION.png,"[10,11]",17.88
regenerated_new/9/H/case-105597_JAY_ANNOTATION.png,"[10,11]",19.03
regenerated_new/12/H/case-105597_JAY_ANNOTATION.png,"[10,11]",16.37
regenerated_new/13/H/case-105597_JAY_ANNOTATION.png,"[10,11]",16.71
regenerated_new/14/H/case-105597_JAY_ANNOTATION.png,"[10,14]",18.41
regenerated_new/3/H/case-105602_JAY_ANNOTATION.png,"[2,10]",18.55
regenerated_new/4/H/case-105602_JAY_ANNOTATION.png,"[11,10]",13.73
regenerated_new/5/H/case-105602_JAY_ANNOTATION.png,"[10,11]",15.25
regenerated_new/7/H/case-105602_JAY_ANNOTATION.png,"[10,12]",19.11
regenerated_new/8/H/case-105602_JAY_ANNOTATION.png,"[10,11]",15.82
regenerated_new/9/H/case-105602_JAY_ANNOTATION.png,"[10,14]",23.35
regenerated_new/12/H/case-105602_JAY_ANNOTATION.png,"[10,11]",20.2
regenerated_new/13/H/case-105602_JAY_ANNOTATION.png,"[10,12]",17.54
regenerated_new/14/H/case-105602_JAY_ANNOTATION.png,"[11,14]",23.44
regenerated_new/3/H/case-105681_JAY_ANNOTATION.png,"[2,6]",19.85
regenerated_new/4/H/case-105681_JAY_ANNOTATION.png,"[10,13]",16.9
regenerated_new/5/H/case-105681_JAY_ANNOTATION.png,"[10,11]",20.4
regenerated_new/7/H/case-105681_JAY_ANNOTATION.png,"[10,11]",17.53
regenerated_new/8/H/case-105681_JAY_ANNOTATION.png,"[14,10]",23.82
regenerated_new/9/H/case-105681_JAY_ANNOTATION.png,"[11,12]",19.51
regenerated_new/12/H/case-105681_JAY_ANNOTATION.png,"[11,6]",24.43
regenerated_new/13/H/case-105681_JAY_ANNOTATION.png,"[10,11]",16.37
regenerated_new/14/H/case-105681_JAY_ANNOTATION.png,"[10,11]",16.72
regenerated_new/2/H/case-105704_JAY_ANNOTATION.png,"[10,14]",19.49
regenerated_new/3/H/case-105704_JAY_ANNOTATION.png,"[2,11]",18.42
regenerated_new/4/H/case-105704_JAY_ANNOTATION.png,"[10,11]",19.94
regenerated_new/5/H/case-105704_JAY_ANNOTATION.png,"[10,11]",20.5
regenerated_new/6/H/case-105704_JAY_ANNOTATION.png,"[14,11]",23.71
regenerated_new/7/H/case-105704_JAY_ANNOTATION.png,"[6,9]",16.87
regenerated_new/8/H/case-105704_JAY_ANNOTATION.png,"[10,11]",24.38
regenerated_new/9/H/case-105704_JAY_ANNOTATION.png,"[10,11]",19.48
regenerated_new/12/H/case-105704_JAY_ANNOTATION.png,"[10,12]",19.65
regenerated_new/13/H/case-105704_JAY_ANNOTATION.png,"[10,11]",17.25
regenerated_new/14/H/case-105704_JAY_ANNOTATION.png,"[10,11]",15.64
regenerated_new/3/H/case-105817_JAY_ANNOTATION.png,"[15,15]",20.92
regenerated_new/5/H/case-105817_JAY_ANNOTATION.png,"[10,11]",20.69
regenerated_new/7/H/case-105817_JAY_ANNOTATION.png,"[4,2]",19.02
regenerated_new/8/H/case-105817_JAY_ANNOTATION.png,"[10,11]",19.91
regenerated_new/9/H/case-105817_JAY_ANNOTATION.png,"[10,11]",19.1
regenerated_new/12/H/case-105817_JAY_ANNOTATION.png,"[10,11]",19.23
regenerated_new/13/H/case-105817_JAY_ANNOTATION.png,"[10,11]",19.57
regenerated_new/14/H/case-105817_JAY_ANNOTATION.png,"[10,11]",21.0
regenerated_new/3/H/case-105839_JAY_ANNOTATION.png,"[2,4]",20.1
regenerated_new/5/H/case-105839_JAY_ANNOTATION.png,"[10,11]",16.1
regenerated_new/7/H/case-105839_JAY_ANNOTATION.png,"[10,11]",16.08
regenerated_new/8/H/case-105839_JAY_ANNOTATION.png,"[10,11]",21.58
regenerated_new/9/H/case-105839_JAY_ANNOTATION.png,"[10,11]",19.9
regenerated_new/12/H/case-105839_JAY_ANNOTATION.png,"[10,11]",16.7
regenerated_new/13/H/case-105839_JAY_ANNOTATION.png,"[10,11]",15.9
regenerated_new/14/H/case-105839_JAY_ANNOTATION.png,"[10,11]",17.78
regenerated_new/2/H/case-105862_JAY_ANNOTATION.png,"[14,11]",18.13
regenerated_new/3/H/case-105862_JAY_ANNOTATION.png,"[10,11]",20.21
regenerated_new/4/H/case-105862_JAY_ANNOTATION.png,"[10,11]",15.92
regenerated_new/5/H/case-105862_JAY_ANNOTATION.png,"[11,12]",18.23
regenerated_new/8/H/case-105862_JAY_ANNOTATION.png,"[10,12]",18.42
regenerated_new/9/H/case-105862_JAY_ANNOTATION.png,"[10,11]",16.73
regenerated_new/12/H/case-105862_JAY_ANNOTATION.png,"[10,11]",17.35
regenerated_new/13/H/case-105862_JAY_ANNOTATION.png,"[10,11]",19.62
regenerated_new/14/H/case-105862_JAY_ANNOTATION.png,"[10,11]",16.92
regenerated_new/2/H/case-105915_JAY_ANNOTATION.png,"[10,11]",19.92
regenerated_new/3/H/case-105915_JAY_ANNOTATION.png,"[10,11]",14.58
regenerated_new/4/H/case-105915_JAY_ANNOTATION.png,"[12,13]",18.15
regenerated_new/5/H/case-105915_JAY_ANNOTATION.png,"[2,11]",17.55
regenerated_new/7/H/case-105915_JAY_ANNOTATION.png,"[10,11]",20.68
regenerated_new/8/H/case-105915_JAY_ANNOTATION.png,"[10,11]",17.81
regenerated_new/9/H/case-105915_JAY_ANNOTATION.png,"[10,11]",20.96
regenerated_new/10/H/case-105915_JAY_ANNOTATION.png,"[10,11]",18.15
regenerated_new/12/H/case-105915_JAY_ANNOTATION.png,"[10,11]",19.26
regenerated_new/13/H/case-105915_JAY_ANNOTATION.png,"[10,12]",22.14
regenerated_new/14/H/case-105915_JAY_ANNOTATION.png,"[10,11]",17.06
regenerated_new/3/H/case-106012_JAY_ANNOTATION.png,"[10,2]",18.63
regenerated_new/4/H/case-106012_JAY_ANNOTATION.png,"[10,11]",16.8
regenerated_new/5/H/case-106012_JAY_ANNOTATION.png,"[4,11]",16.17
regenerated_new/8/H/case-106012_JAY_ANNOTATION.png,"[10,11]",17.84
regenerated_new/9/H/case-106012_JAY_ANNOTATION.png,"[10,11]",16.81
regenerated_new/12/H/case-106012_JAY_ANNOTATION.png,"[2,12]",19.76
regenerated_new/13/H/case-106012_JAY_ANNOTATION.png,"[2,10]",13.67
regenerated_new/14/H/case-106012_JAY_ANNOTATION.png,"[10,11]",21.82
regenerated_new/3/H/case-106016_JAY_ANNOTATION.png,"[11,10]",20.55
regenerated_new/4/H/case-106016_JAY_ANNOTATION.png,"[10,11]",21.63
regenerated_new/5/H/case-106016_JAY_ANNOTATION.png,"[2,6]",12.53
regenerated_new/7/H/case-106016_JAY_ANNOTATION.png,"[2,10]",14.84
regenerated_new/8/H/case-106016_JAY_ANNOTATION.png,"[11,10]",22.62
regenerated_new/9/H/case-106016_JAY_ANNOTATION.png,"[14,11]",25.36
regenerated_new/12/H/case-106016_JAY_ANNOTATION.png,"[10,14]",17.89
regenerated_new/13/H/case-106016_JAY_ANNOTATION.png,"[11,10]",21.56
regenerated_new/14/H/case-106016_JAY_ANNOTATION.png,"[10,12]",19.24
regenerated_new/3/H/case-106081_JAY_ANNOTATION.png,"[10,12]",21.16
regenerated_new/4/H/case-106081_JAY_ANNOTATION.png,"[10,11]",20.28
regenerated_new/5/H/case-106081_JAY_ANNOTATION.png,"[10,11]",22.34
regenerated_new/6/H/case-106081_JAY_ANNOTATION.png,"[10,11]",17.67
regenerated_new/7/H/case-106081_JAY_ANNOTATION.png,"[2,8]",14.21
regenerated_new/8/H/case-106081_JAY_ANNOTATION.png,"[10,11]",17.95
regenerated_new/9/H/case-106081_JAY_ANNOTATION.png,"[11,10]",18.85
regenerated_new/12/H/case-106081_JAY_ANNOTATION.png,"[10,11]",17.7
regenerated_new/13/H/case-106081_JAY_ANNOTATION.png,"[11,10]",17.71
regenerated_new/14/H/case-106081_JAY_ANNOTATION.png,"[10,11]",18.14
regenerated_new/3/H/case-106101_JAY_ANNOTATION.png,"[2,6]",14.48
regenerated_new/4/H/case-106101_JAY_ANNOTATION.png,"[2,4]",15.28
regenerated_new/5/H/case-106101_JAY_ANNOTATION.png,"[10,11]",18.33
regenerated_new/7/H/case-106101_JAY_ANNOTATION.png,"[6,11]",20.45
regenerated_new/8/H/case-106101_JAY_ANNOTATION.png,"[10,11]",19.57
regenerated_new/9/H/case-106101_JAY_ANNOTATION.png,"[10,14]",18.79
regenerated_new/12/H/case-106101_JAY_ANNOTATION.png,"[10,11]",18.54
regenerated_new/13/H/case-106101_JAY_ANNOTATION.png,"[14,10]",21.57
regenerated_new/14/H/case-106101_JAY_ANNOTATION.png,"[10,11]",17.47
regenerated_new/3/H/case-106127_JAY_ANNOTATION.png,"[11,10]",17.53
regenerated_new/4/H/case-106127_JAY_ANNOTATION.png,"[2,6]",16.73
regenerated_new/5/H/case-106127_JAY_ANNOTATION.png,"[10,11]",19.58
regenerated_new/7/H/case-106127_JAY_ANNOTATION.png,"[10,11]",20.51
regenerated_new/8/H/case-106127_JAY_ANNOTATION.png,"[10,11]",17.14
regenerated_new/9/H/case-106127_JAY_ANNOTATION.png,"[10,11]",18.13
regenerated_new/12/H/case-106127_JAY_ANNOTATION.png,"[10,3]",16.97
regenerated_new/13/H/case-106127_JAY_ANNOTATION.png,"[10,11]",16.17
regenerated_new/14/H/case-106127_JAY_ANNOTATION.png,"[10,11]",16.98
regenerated_new/2/H/case-106139_JAY_ANNOTATION.png,"[14,11]",18.96
regenerated_new/3/H/case-106139_JAY_ANNOTATION.png,"[4,10]",20.29
regenerated_new/4/H/case-106139_JAY_ANNOTATION.png,"[11,10]",19.14
regenerated_new/5/H/case-106139_JAY_ANNOTATION.png,"[10,12]",18.85
regenerated_new/6/H/case-106139_JAY_ANNOTATION.png,"[11,10]",18.53
regenerated_new/7/H/case-106139_JAY_ANNOTATION.png,"[10,11]",21.83
regenerated_new/8/H/case-106139_JAY_ANNOTATION.png,"[10,11]",18.7
regenerated_new/9/H/case-106139_JAY_ANNOTATION.png,"[10,11]",16.0
regenerated_new/12/H/case-106139_JAY_ANNOTATION.png,"[11,10]",16.65
regenerated_new/13/H/case-106139_JAY_ANNOTATION.png,"[10,12]",17.9
regenerated_new/14/H/case-106139_JAY_ANNOTATION.png,"[14,11]",19.53
regenerated_new/3/H/case-106141_JAY_ANNOTATION.png,"[2,4]",17.1
regenerated_new/4/H/case-106141_JAY_ANNOTATION.png,"[10,12]",17.91
regenerated_new/5/H/case-106141_JAY_ANNOTATION.png,"[10,11]",18.17
regenerated_new/7/H/case-106141_JAY_ANNOTATION.png,"[10,13]",19.08
regenerated_new/8/H/case-106141_JAY_ANNOTATION.png,"[10,11]",19.0
regenerated_new/9/H/case-106141_JAY_ANNOTATION.png,"[15,15]",18.04
regenerated_new/10/H/case-106141_JAY_ANNOTATION.png,"[10,11]",16.33
regenerated_new/12/H/case-106141_JAY_ANNOTATION.png,"[11,12]",18.03
regenerated_new/13/H/case-106141_JAY_ANNOTATION.png,"[10,11]",17.16
regenerated_new/14/H/case-106141_JAY_ANNOTATION.png,"[10,14]",21.09
regenerated_new/3/H/case-106157_JAY_ANNOTATION.png,"[2,10]",17.88
regenerated_new/4/H/case-106157_JAY_ANNOTATION.png,"[10,14]",22.08
regenerated_new/5/H/case-106157_JAY_ANNOTATION.png,"[15,15]",17.25
regenerated_new/6/H/case-106157_JAY_ANNOTATION.png,"[10,11]",20.27
regenerated_new/8/H/case-106157_JAY_ANNOTATION.png,"[10,11]",18.15
regenerated_new/9/H/case-106157_JAY_ANNOTATION.png,"[15,15]",21.73
regenerated_new/12/H/case-106157_JAY_ANNOTATION.png,"[10,4]",21.0
regenerated_new/13/H/case-106157_JAY_ANNOTATION.png,"[11,10]",15.91
regenerated_new/14/H/case-106157_JAY_ANNOTATION.png,"[10,11]",19.21
regenerated_new/3/H/case-106172_JAY_ANNOTATION.png,"[2,6]",17.69
regenerated_new/4/H/case-106172_JAY_ANNOTATION.png,"[10,12]",21.8
regenerated_new/5/H/case-106172_JAY_ANNOTATION.png,"[11,12]",15.22
regenerated_new/6/H/case-106172_JAY_ANNOTATION.png,"[10,14]",19.61
regenerated_new/7/H/case-106172_JAY_ANNOTATION.png,"[6,10]",19.09
regenerated_new/8/H/case-106172_JAY_ANNOTATION.png,"[10,11]",19.69
regenerated_new/9/H/case-106172_JAY_ANNOTATION.png,"[10,11]",18.21
regenerated_new/12/H/case-106172_JAY_ANNOTATION.png,"[10,11]",18.76
regenerated_new/13/H/case-106172_JAY_ANNOTATION.png,"[10,14]",20.18
regenerated_new/14/H/case-106172_JAY_ANNOTATION.png,"[10,14]",22.32
regenerated_new/3/H/case-106301_JAY_ANNOTATION.png,"[2,6]",19.14
regenerated_new/4/H/case-106301_JAY_ANNOTATION.png,"[10,12]",18.15
regenerated_new/5/H/case-106301_JAY_ANNOTATION.png,"[10,11]",14.93
regenerated_new/6/H/case-106301_JAY_ANNOTATION.png,"[2,11]",22.44
regenerated_new/7/H/case-106301_JAY_ANNOTATION.png,"[10,11]",18.95
regenerated_new/8/H/case-106301_JAY_ANNOTATION.png,"[10,14]",25.45
regenerated_new/9/H/case-106301_JAY_ANNOTATION.png,"[10,11]",20.75
regenerated_new/12/H/case-106301_JAY_ANNOTATION.png,"[10,11]",17.37
regenerated_new/13/H/case-106301_JAY_ANNOTATION.png,"[10,14]",18.46
regenerated_new/14/H/case-106301_JAY_ANNOTATION.png,"[10,14]",24.06
regenerated_new/3/H/case-106371_JAY_ANNOTATION.png,"[4,10]",17.22
regenerated_new/4/H/case-106371_JAY_ANNOTATION.png,"[10,13]",23.46
regenerated_new/5/H/case-106371_JAY_ANNOTATION.png,"[10,11]",16.43
regenerated_new/6/H/case-106371_JAY_ANNOTATION.png,"[10,4]",17.43
regenerated_new/7/H/case-106371_JAY_ANNOTATION.png,"[10,14]",20.12
regenerated_new/8/H/case-106371_JAY_ANNOTATION.png,"[10,11]",16.37
regenerated_new/9/H/case-106371_JAY_ANNOTATION.png,"[13,14]",19.07
regenerated_new/12/H/case-106371_JAY_ANNOTATION.png,"[10,11]",19.54
regenerated_new/13/H/case-106371_JAY_ANNOTATION.png,"[11,10]",17.68
regenerated_new/14/H/case-106371_JAY_ANNOTATION.png,"[10,11]",17.14
regenerated_new/3/H/case-106374_JAY_ANNOTATION.png,"[2,4]",14.2
regenerated_new/4/H/case-106374_JAY_ANNOTATION.png,"[10,11]",17.41
regenerated_new/5/H/case-106374_JAY_ANNOTATION.png,"[10,11]",17.07
regenerated_new/7/H/case-106374_JAY_ANNOTATION.png,"[3,11]",18.74
regenerated_new/8/H/case-106374_JAY_ANNOTATION.png,"[10,11]",17.78
regenerated_new/9/H/case-106374_JAY_ANNOTATION.png,"[10,11]",15.29
regenerated_new/12/H/case-106374_JAY_ANNOTATION.png,"[10,11]",17.98
regenerated_new/13/H/case-106374_JAY_ANNOTATION.png,"[10,11]",13.77
regenerated_new/14/H/case-106374_JAY_ANNOTATION.png,"[10,11]",20.75
regenerated_new/3/H/case-106456_JAY_ANNOTATION.png,"[2,14]",17.43
regenerated_new/4/H/case-106456_JAY_ANNOTATION.png,"[10,11]",16.82
regenerated_new/5/H/case-106456_JAY_ANNOTATION.png,"[10,11]",20.93
regenerated_new/6/H/case-106456_JAY_ANNOTATION.png,"[10,11]",21.27
regenerated_new/7/H/case-106456_JAY_ANNOTATION.png,"[11,12]",21.27
regenerated_new/8/H/case-106456_JAY_ANNOTATION.png,"[10,11]",17.07
regenerated_new/9/H/case-106456_JAY_ANNOTATION.png,"[11,14]",20.81
regenerated_new/12/H/case-106456_JAY_ANNOTATION.png,"[10,11]",18.44
regenerated_new/13/H/case-106456_JAY_ANNOTATION.png,"[10,11]",22.03
regenerated_new/14/H/case-106456_JAY_ANNOTATION.png,"[10,14]",17.14
regenerated_new/2/H/case-106464_JAY_ANNOTATION.png,"[4,6]",14.71
regenerated_new/3/H/case-106464_JAY_ANNOTATION.png,"[11,12]",23.23
regenerated_new/4/H/case-106464_JAY_ANNOTATION.png,"[11,12]",19.39
regenerated_new/5/H/case-106464_JAY_ANNOTATION.png,"[10,12]",23.47
regenerated_new/7/H/case-106464_JAY_ANNOTATION.png,"[15,15]",23.67
regenerated_new/8/H/case-106464_JAY_ANNOTATION.png,"[10,11]",16.81
regenerated_new/9/H/case-106464_JAY_ANNOTATION.png,"[10,11]",19.12
regenerated_new/12/H/case-106464_JAY_ANNOTATION.png,"[10,11]",16.22
regenerated_new/13/H/case-106464_JAY_ANNOTATION.png,"[10,6]",20.4
regenerated_new/3/H/case-106541_JAY_ANNOTATION.png,"[2,11]",22.03
regenerated_new/5/H/case-106541_JAY_ANNOTATION.png,"[4,6]",18.52
regenerated_new/7/H/case-106541_JAY_ANNOTATION.png,"[6,2]",15.67
regenerated_new/8/H/case-106541_JAY_ANNOTATION.png,"[10,11]",16.02
regenerated_new/9/H/case-106541_JAY_ANNOTATION.png,"[10,11]",22.7
regenerated_new/12/H/case-106541_JAY_ANNOTATION.png,"[14,11]",19.75
regenerated_new/13/H/case-106541_JAY_ANNOTATION.png,"[2,6]",17.08
regenerated_new/14/H/case-106541_JAY_ANNOTATION.png,"[10,11]",14.21
regenerated_new/2/H/case-106569_JAY_ANNOTATION.png,"[8,9]",14.29
regenerated_new/3/H/case-106569_JAY_ANNOTATION.png,"[2,11]",18.4
regenerated_new/4/H/case-106569_JAY_ANNOTATION.png,"[10,11]",14.81
regenerated_new/5/H/case-106569_JAY_ANNOTATION.png,"[10,11]",13.01
regenerated_new/6/H/case-106569_JAY_ANNOTATION.png,"[10,11]",15.43
regenerated_new/7/H/case-106569_JAY_ANNOTATION.png,"[10,11]",17.69
regenerated_new/8/H/case-106569_JAY_ANNOTATION.png,"[10,11]",16.88
regenerated_new/9/H/case-106569_JAY_ANNOTATION.png,"[10,11]",14.82
regenerated_new/12/H/case-106569_JAY_ANNOTATION.png,"[11,10]",15.73
regenerated_new/13/H/case-106569_JAY_ANNOTATION.png,"[4,11]",15.99
regenerated_new/14/H/case-106569_JAY_ANNOTATION.png,"[10,11]",19.29
regenerated_new/2/H/case-106811_JAY_ANNOTATION.png,"[2,12]",19.38
regenerated_new/3/H/case-106811_JAY_ANNOTATION.png,"[2,6]",21.87
regenerated_new/4/H/case-106811_JAY_ANNOTATION.png,"[10,2]",22.81
regenerated_new/5/H/case-106811_JAY_ANNOTATION.png,"[10,11]",20.75
regenerated_new/7/H/case-106811_JAY_ANNOTATION.png,"[2,6]",16.89
regenerated_new/8/H/case-106811_JAY_ANNOTATION.png,"[10,11]",20.54
regenerated_new/9/H/case-106811_JAY_ANNOTATION.png,"[10,11]",17.96
regenerated_new/12/H/case-106811_JAY_ANNOTATION.png,"[10,11]",15.45
regenerated_new/13/H/case-106811_JAY_ANNOTATION.png,"[11,10]",15.92
regenerated_new/14/H/case-106811_JAY_ANNOTATION.png,"[10,11]",20.37
regenerated_new/2/H/case-106835_JAY_ANNOTATION.png,"[2,11]",21.45
regenerated_new/3/H/case-106835_JAY_ANNOTATION.png,"[10,12]",19.31
regenerated_new/4/H/case-106835_JAY_ANNOTATION.png,"[4,11]",19.95
regenerated_new/5/H/case-106835_JAY_ANNOTATION.png,"[10,11]",16.76
regenerated_new/6/H/case-106835_JAY_ANNOTATION.png,"[10,11]",20.62
regenerated_new/8/H/case-106835_JAY_ANNOTATION.png,"[10,11]",23.71
regenerated_new/9/H/case-106835_JAY_ANNOTATION.png,"[10,11]",19.57
regenerated_new/10/H/case-106835_JAY_ANNOTATION.png,"[10,11]",19.12
regenerated_new/12/H/case-106835_JAY_ANNOTATION.png,"[10,11]",18.34
regenerated_new/13/H/case-106835_JAY_ANNOTATION.png,"[15,15]",23.94
regenerated_new/14/H/case-106835_JAY_ANNOTATION.png,"[10,11]",19.05
regenerated_new/3/H/case-106856_JAY_ANNOTATION.png,"[10,6]",23.17
regenerated_new/5/H/case-106856_JAY_ANNOTATION.png,"[10,11]",22.02
regenerated_new/6/H/case-106856_JAY_ANNOTATION.png,"[14,11]",20.41
regenerated_new/8/H/case-106856_JAY_ANNOTATION.png,"[11,10]",18.5
regenerated_new/9/H/case-106856_JAY_ANNOTATION.png,"[10,11]",16.03
regenerated_new/12/H/case-106856_JAY_ANNOTATION.png,"[14,11]",18.08
regenerated_new/13/H/case-106856_JAY_ANNOTATION.png,"[10,11]",19.25
regenerated_new/14/H/case-106856_JAY_ANNOTATION.png,"[10,11]",23.68
regenerated_new/2/H/case-106882_JAY_ANNOTATION.png,"[10,11]",16.72
regenerated_new/3/H/case-106882_JAY_ANNOTATION.png,"[4,2]",19.77
regenerated_new/4/H/case-106882_JAY_ANNOTATION.png,"[11,10]",20.48
regenerated_new/5/H/case-106882_JAY_ANNOTATION.png,"[10,14]",19.59
regenerated_new/7/H/case-106882_JAY_ANNOTATION.png,"[10,11]",19.71
regenerated_new/8/H/case-106882_JAY_ANNOTATION.png,"[10,11]",18.95
regenerated_new/9/H/case-106882_JAY_ANNOTATION.png,"[10,11]",16.98
regenerated_new/12/H/case-106882_JAY_ANNOTATION.png,"[4,11]",18.06
regenerated_new/13/H/case-106882_JAY_ANNOTATION.png,"[10,11]",18.31
regenerated_new/14/H/case-106882_JAY_ANNOTATION.png,"[10,12]",22.34
regenerated_new/2/H/case-106963_JAY_ANNOTATION.png,"[11,10]",21.51
regenerated_new/3/H/case-106963_JAY_ANNOTATION.png,"[4,7]",15.39
regenerated_new/4/H/case-106963_JAY_ANNOTATION.png,"[10,11]",15.27
regenerated_new/5/H/case-106963_JAY_ANNOTATION.png,"[11,14]",23.27
regenerated_new/6/H/case-106963_JAY_ANNOTATION.png,"[10,11]",17.62
regenerated_new/7/H/case-106963_JAY_ANNOTATION.png,"[10,11]",17.45
regenerated_new/8/H/case-106963_JAY_ANNOTATION.png,"[10,11]",21.28
regenerated_new/9/H/case-106963_JAY_ANNOTATION.png,"[11,10]",18.42
regenerated_new/12/H/case-106963_JAY_ANNOTATION.png,"[10,11]",18.94
regenerated_new/13/H/case-106963_JAY_ANNOTATION.png,"[10,11]",18.7
regenerated_new/14/H/case-106963_JAY_ANNOTATION.png,"[12,10]",21.19
regenerated_new/3/H/case-106973_JAY_ANNOTATION.png,"[2,6]",14.86
regenerated_new/4/H/case-106973_JAY_ANNOTATION.png,"[2,4]",20.74
regenerated_new/5/H/case-106973_JAY_ANNOTATION.png,"[11,10]",17.62
regenerated_new/6/H/case-106973_JAY_ANNOTATION.png,"[10,11]",18.38
regenerated_new/7/H/case-106973_JAY_ANNOTATION.png,"[10,11]",17.76
regenerated_new/8/H/case-106973_JAY_ANNOTATION.png,"[11,10]",18.21
regenerated_new/9/H/case-106973_JAY_ANNOTATION.png,"[10,14]",19.02
regenerated_new/12/H/case-106973_JAY_ANNOTATION.png,"[10,11]",14.82
regenerated_new/13/H/case-106973_JAY_ANNOTATION.png,"[10,11]",13.83
regenerated_new/14/H/case-106973_JAY_ANNOTATION.png,"[11,10]",18.42
regenerated_new/3/H/case-106991_JAY_ANNOTATION.png,"[2,10]",20.1
regenerated_new/4/H/case-106991_JAY_ANNOTATION.png,"[10,11]",15.11
regenerated_new/5/H/case-106991_JAY_ANNOTATION.png,"[11,14]",21.17
regenerated_new/8/H/case-106991_JAY_ANNOTATION.png,"[10,12]",17.7
regenerated_new/9/H/case-106991_JAY_ANNOTATION.png,"[10,14]",22.27
regenerated_new/12/H/case-106991_JAY_ANNOTATION.png,"[11,12]",17.35
regenerated_new/13/H/case-106991_JAY_ANNOTATION.png,"[10,14]",22.28
regenerated_new/14/H/case-106991_JAY_ANNOTATION.png,"[10,11]",19.88
regenerated_new/3/H/case-107068_JAY_ANNOTATION.png,"[2,10]",15.83
regenerated_new/4/H/case-107068_JAY_ANNOTATION.png,"[2,14]",18.54
regenerated_new/5/H/case-107068_JAY_ANNOTATION.png,"[10,11]",16.43
regenerated_new/7/H/case-107068_JAY_ANNOTATION.png,"[6,2]",13.33
regenerated_new/8/H/case-107068_JAY_ANNOTATION.png,"[10,11]",18.23
regenerated_new/9/H/case-107068_JAY_ANNOTATION.png,"[10,14]",19.12
regenerated_new/12/H/case-107068_JAY_ANNOTATION.png,"[11,10]",20.27
regenerated_new/13/H/case-107068_JAY_ANNOTATION.png,"[11,12]",17.83
regenerated_new/14/H/case-107068_JAY_ANNOTATION.png,"[10,11]",17.75
regenerated_new/3/H/case-107184_JAY_ANNOTATION.png,"[2,6]",16.68
regenerated_new/4/H/case-107184_JAY_ANNOTATION.png,"[14,10]",20.0
regenerated_new/5/H/case-107184_JAY_ANNOTATION.png,"[10,14]",20.0
regenerated_new/7/H/case-107184_JAY_ANNOTATION.png,"[14,10]",25.69
regenerated_new/8/H/case-107184_JAY_ANNOTATION.png,"[10,11]",20.25
regenerated_new/9/H/case-107184_JAY_ANNOTATION.png,"[12,12]",23.93
regenerated_new/12/H/case-107184_JAY_ANNOTATION.png,"[10,11]",20.28
regenerated_new/13/H/case-107184_JAY_ANNOTATION.png,"[10,11]",21.97
regenerated_new/14/H/case-107184_JAY_ANNOTATION.png,"[10,11]",17.07
regenerated_new/2/H/case-107267_JAY_ANNOTATION.png,"[10,4]",19.03
regenerated_new/3/H/case-107267_JAY_ANNOTATION.png,"[2,4]",17.06
regenerated_new/4/H/case-107267_JAY_ANNOTATION.png,"[10,11]",17.1
regenerated_new/5/H/case-107267_JAY_ANNOTATION.png,"[4,10]",15.32
regenerated_new/7/H/case-107267_JAY_ANNOTATION.png,"[10,11]",20.15
regenerated_new/8/H/case-107267_JAY_ANNOTATION.png,"[10,11]",16.58
regenerated_new/9/H/case-107267_JAY_ANNOTATION.png,"[2,11]",16.13
regenerated_new/12/H/case-107267_JAY_ANNOTATION.png,"[12,10]",22.34
regenerated_new/13/H/case-107267_JAY_ANNOTATION.png,"[11,12]",18.34
regenerated_new/14/H/case-107267_JAY_ANNOTATION.png,"[10,11]",19.1
regenerated_new/3/H/case-107296_JAY_ANNOTATION.png,"[2,7]",17.86
regenerated_new/4/H/case-107296_JAY_ANNOTATION.png,"[10,11]",15.73
regenerated_new/5/H/case-107296_JAY_ANNOTATION.png,"[11,10]",20.0
regenerated_new/6/H/case-107296_JAY_ANNOTATION.png,"[10,11]",19.3
regenerated_new/7/H/case-107296_JAY_ANNOTATION.png,"[10,11]",18.51
regenerated_new/8/H/case-107296_JAY_ANNOTATION.png,"[11,12]",15.21
regenerated_new/9/H/case-107296_JAY_ANNOTATION.png,"[11,10]",16.7
regenerated_new/10/H/case-107296_JAY_ANNOTATION.png,"[10,11]",13.87
regenerated_new/12/H/case-107296_JAY_ANNOTATION.png,"[10,11]",16.18
regenerated_new/13/H/case-107296_JAY_ANNOTATION.png,"[11,10]",21.64
regenerated_new/14/H/case-107296_JAY_ANNOTATION.png,"[10,11]",17.36
regenerated_new/3/H/case-110146_JAY_ANNOTATION.png,"[2,6]",16.0
regenerated_new/4/H/case-110146_JAY_ANNOTATION.png,"[10,2]",20.11
regenerated_new/5/H/case-110146_JAY_ANNOTATION.png,"[10,11]",17.88
regenerated_new/7/H/case-110146_JAY_ANNOTATION.png,"[10,6]",19.21
regenerated_new/8/H/case-110146_JAY_ANNOTATION.png,"[11,10]",17.51
regenerated_new/9/H/case-110146_JAY_ANNOTATION.png,"[10,11]",20.28
regenerated_new/12/H/case-110146_JAY_ANNOTATION.png,"[10,11]",18.94
regenerated_new/13/H/case-110146_JAY_ANNOTATION.png,"[10,11]",17.95
regenerated_new/14/H/case-110146_JAY_ANNOTATION.png,"[10,11]",19.86
regenerated_new/3/H/case-110184_JAY_ANNOTATION.png,"[10,11]",15.82
regenerated_new/4/H/case-110184_JAY_ANNOTATION.png,"[11,10]",19.54
regenerated_new/5/H/case-110184_JAY_ANNOTATION.png,"[2,10]",17.88
regenerated_new/8/H/case-110184_JAY_ANNOTATION.png,"[10,11]",16.99
regenerated_new/9/H/case-110184_JAY_ANNOTATION.png,"[10,11]",20.83
regenerated_new/12/H/case-110184_JAY_ANNOTATION.png,"[10,11]",19.5
regenerated_new/13/H/case-110184_JAY_ANNOTATION.png,"[10,11]",14.94
regenerated_new/14/H/case-110184_JAY_ANNOTATION.png,"[10,12]",20.14
regenerated_new/3/H/case-110307_JAY_ANNOTATION.png,"[2,10]",21.21
regenerated_new/4/H/case-110307_JAY_ANNOTATION.png,"[14,12]",22.01
regenerated_new/5/H/case-110307_JAY_ANNOTATION.png,"[10,11]",18.44
regenerated_new/6/H/case-110307_JAY_ANNOTATION.png,"[10,11]",16.03
regenerated_new/7/H/case-110307_JAY_ANNOTATION.png,"[10,12]",19.06
regenerated_new/8/H/case-110307_JAY_ANNOTATION.png,"[11,13]",14.87
regenerated_new/9/H/case-110307_JAY_ANNOTATION.png,"[11,12]",16.65
regenerated_new/12/H/case-110307_JAY_ANNOTATION.png,"[11,10]",20.53
regenerated_new/13/H/case-110307_JAY_ANNOTATION.png,"[10,11]",17.45
regenerated_new/14/H/case-110307_JAY_ANNOTATION.png,"[10,11]",19.74
regenerated_new/3/H/case-110324_JAY_ANNOTATION.png,"[4,10]",24.95
regenerated_new/4/H/case-110324_JAY_ANNOTATION.png,"[10,14]",18.58
regenerated_new/5/H/case-110324_JAY_ANNOTATION.png,"[11,14]",20.19
regenerated_new/6/H/case-110324_JAY_ANNOTATION.png,"[10,11]",14.12
regenerated_new/7/H/case-110324_JAY_ANNOTATION.png,"[10,11]",21.21
regenerated_new/8/H/case-110324_JAY_ANNOTATION.png,"[10,11]",19.54
regenerated_new/9/H/case-110324_JAY_ANNOTATION.png,"[11,10]",17.49
regenerated_new/12/H/case-110324_JAY_ANNOTATION.png,"[10,11]",19.48
regenerated_new/13/H/case-110324_JAY_ANNOTATION.png,"[10,12]",21.95
regenerated_new/14/H/case-110324_JAY_ANNOTATION.png,"[2,11]",16.96
regenerated_new/3/H/case-110378_JAY_ANNOTATION.png,"[2,10]",15.73
regenerated_new/5/H/case-110378_JAY_ANNOTATION.png,"[4,11]",16.79
regenerated_new/7/H/case-110378_JAY_ANNOTATION.png,"[6,11]",18.66
regenerated_new/8/H/case-110378_JAY_ANNOTATION.png,"[10,12]",16.62
regenerated_new/9/H/case-110378_JAY_ANNOTATION.png,"[2,11]",19.83
regenerated_new/12/H/case-110378_JAY_ANNOTATION.png,"[10,11]",17.68
regenerated_new/13/H/case-110378_JAY_ANNOTATION.png,"[10,11]",19.04
regenerated_new/14/H/case-110378_JAY_ANNOTATION.png,"[10,14]",20.19
regenerated_new/2/H/case-110382_JAY_ANNOTATION.png,"[4,11]",18.68
regenerated_new/3/H/case-110382_JAY_ANNOTATION.png,"[2,4]",17.78
regenerated_new/4/H/case-110382_JAY_ANNOTATION.png,"[10,11]",16.79
regenerated_new/5/H/case-110382_JAY_ANNOTATION.png,"[10,12]",21.18
regenerated_new/7/H/case-110382_JAY_ANNOTATION.png,"[2,6]",18.86
regenerated_new/8/H/case-110382_JAY_ANNOTATION.png,"[10,11]",19.83
regenerated_new/9/H/case-110382_JAY_ANNOTATION.png,"[11,10]",26.11
regenerated_new/12/H/case-110382_JAY_ANNOTATION.png,"[10,11]",20.26
regenerated_new/13/H/case-110382_JAY_ANNOTATION.png,"[10,11]",20.41
regenerated_new/14/H/case-110382_JAY_ANNOTATION.png,"[10,11]",13.88
regenerated_new/3/H/case-110393_JAY_ANNOTATION.png,"[4,2]",22.24
regenerated_new/4/H/case-110393_JAY_ANNOTATION.png,"[10,11]",17.91
regenerated_new/5/H/case-110393_JAY_ANNOTATION.png,"[10,11]",15.47
regenerated_new/6/H/case-110393_JAY_ANNOTATION.png,"[11,10]",16.96
regenerated_new/8/H/case-110393_JAY_ANNOTATION.png,"[10,11]",18.33
regenerated_new/9/H/case-110393_JAY_ANNOTATION.png,"[10,14]",19.29
regenerated_new/12/H/case-110393_JAY_ANNOTATION.png,"[10,11]",22.18
regenerated_new/13/H/case-110393_JAY_ANNOTATION.png,"[10,11]",15.12
regenerated_new/14/H/case-110393_JAY_ANNOTATION.png,"[10,11]",20.28
regenerated_new/3/H/case-110447_JAY_ANNOTATION.png,"[2,10]",19.39
regenerated_new/4/H/case-110447_JAY_ANNOTATION.png,"[4,2]",21.46
regenerated_new/5/H/case-110447_JAY_ANNOTATION.png,"[11,12]",17.08
regenerated_new/7/H/case-110447_JAY_ANNOTATION.png,"[2,11]",18.79
regenerated_new/8/H/case-110447_JAY_ANNOTATION.png,"[10,14]",18.06
regenerated_new/9/H/case-110447_JAY_ANNOTATION.png,"[10,14]",18.17
regenerated_new/12/H/case-110447_JAY_ANNOTATION.png,"[10,11]",17.99
regenerated_new/13/H/case-110447_JAY_ANNOTATION.png,"[10,11]",15.19
regenerated_new/14/H/case-110447_JAY_ANNOTATION.png,"[10,11]",16.14
regenerated_new/2/H/case-110519_JAY_ANNOTATION.png,"[10,11]",20.09
regenerated_new/3/H/case-110519_JAY_ANNOTATION.png,"[2,10]",16.62
regenerated_new/4/H/case-110519_JAY_ANNOTATION.png,"[11,12]",19.47
regenerated_new/5/H/case-110519_JAY_ANNOTATION.png,"[10,11]",17.07
regenerated_new/7/H/case-110519_JAY_ANNOTATION.png,"[10,14]",19.66
regenerated_new/8/H/case-110519_JAY_ANNOTATION.png,"[10,12]",15.83
regenerated_new/9/H/case-110519_JAY_ANNOTATION.png,"[12,14]",20.55
regenerated_new/12/H/case-110519_JAY_ANNOTATION.png,"[10,11]",19.58
regenerated_new/13/H/case-110519_JAY_ANNOTATION.png,"[11,12]",20.04
regenerated_new/14/H/case-110519_JAY_ANNOTATION.png,"[10,11]",15.66
regenerated_new/3/H/case-110588_JAY_ANNOTATION.png,"[2,3]",17.43
regenerated_new/4/H/case-110588_JAY_ANNOTATION.png,"[2,6]",15.57
regenerated_new/5/H/case-110588_JAY_ANNOTATION.png,"[2,12]",20.31
regenerated_new/6/H/case-110588_JAY_ANNOTATION.png,"[10,11]",15.67
regenerated_new/8/H/case-110588_JAY_ANNOTATION.png,"[10,11]",16.98
regenerated_new/9/H/case-110588_JAY_ANNOTATION.png,"[10,11]",21.28
regenerated_new/12/H/case-110588_JAY_ANNOTATION.png,"[11,10]",18.16
regenerated_new/13/H/case-110588_JAY_ANNOTATION.png,"[10,11]",16.89
regenerated_new/14/H/case-110588_JAY_ANNOTATION.png,"[10,14]",17.72
regenerated_new/3/H/case-110636_JAY_ANNOTATION.png,"[10,2]",20.66
regenerated_new/4/H/case-110636_JAY_ANNOTATION.png,"[2,6]",21.86
regenerated_new/5/H/case-110636_JAY_ANNOTATION.png,"[10,11]",19.56
regenerated_new/6/H/case-110636_JAY_ANNOTATION.png,"[10,11]",16.72
regenerated_new/7/H/case-110636_JAY_ANNOTATION.png,"[2,6]",19.46
regenerated_new/8/H/case-110636_JAY_ANNOTATION.png,"[10,11]",14.57
regenerated_new/9/H/case-110636_JAY_ANNOTATION.png,"[10,11]",15.55
regenerated_new/12/H/case-110636_JAY_ANNOTATION.png,"[10,11]",17.25
regenerated_new/13/H/case-110636_JAY_ANNOTATION.png,"[15,15]",20.84
regenerated_new/14/H/case-110636_JAY_ANNOTATION.png,"[10,11]",21.36
regenerated_new/3/H/case-110640_JAY_ANNOTATION.png,"[4,2]",20.2
regenerated_new/4/H/case-110640_JAY_ANNOTATION.png,"[2,11]",21.11
regenerated_new/5/H/case-110640_JAY_ANNOTATION.png,"[10,12]",17.7
regenerated_new/7/H/case-110640_JAY_ANNOTATION.png,"[10,11]",17.98
regenerated_new/8/H/case-110640_JAY_ANNOTATION.png,"[10,11]",18.93
regenerated_new/9/H/case-110640_JAY_ANNOTATION.png,"[10,11]",18.14
regenerated_new/12/H/case-110640_JAY_ANNOTATION.png,"[10,11]",18.5
regenerated_new/13/H/case-110640_JAY_ANNOTATION.png,"[10,11]",20.21
regenerated_new/14/H/case-110640_JAY_ANNOTATION.png,"[10,11]",16.98
regenerated_new/3/H/case-110649_JAY_ANNOTATION.png,"[10,11]",17.01
regenerated_new/4/H/case-110649_JAY_ANNOTATION.png,"[10,11]",14.68
regenerated_new/5/H/case-110649_JAY_ANNOTATION.png,"[2,11]",24.42
regenerated_new/6/H/case-110649_JAY_ANNOTATION.png,"[10,11]",20.09
regenerated_new/7/H/case-110649_JAY_ANNOTATION.png,"[6,14]",17.59
regenerated_new/8/H/case-110649_JAY_ANNOTATION.png,"[10,11]",20.98
regenerated_new/9/H/case-110649_JAY_ANNOTATION.png,"[10,11]",22.27
regenerated_new/12/H/case-110649_JAY_ANNOTATION.png,"[14,4]",20.65
regenerated_new/13/H/case-110649_JAY_ANNOTATION.png,"[10,12]",15.37
regenerated_new/14/H/case-110649_JAY_ANNOTATION.png,"[10,12]",17.35
regenerated_new/3/H/case-110664_JAY_ANNOTATION.png,"[2,10]",19.75
regenerated_new/4/H/case-110664_JAY_ANNOTATION.png,"[10,11]",17.71
regenerated_new/5/H/case-110664_JAY_ANNOTATION.png,"[10,12]",19.51
regenerated_new/6/H/case-110664_JAY_ANNOTATION.png,"[10,11]",16.66
regenerated_new/7/H/case-110664_JAY_ANNOTATION.png,"[10,11]",20.24
regenerated_new/8/H/case-110664_JAY_ANNOTATION.png,"[10,14]",20.49
regenerated_new/9/H/case-110664_JAY_ANNOTATION.png,"[10,11]",17.44
regenerated_new/12/H/case-110664_JAY_ANNOTATION.png,"[10,11]",17.95
regenerated_new/13/H/case-110664_JAY_ANNOTATION.png,"[11,12]",19.94
regenerated_new/14/H/case-110664_JAY_ANNOTATION.png,"[10,11]",15.91
regenerated_new/3/H/case-110831_JAY_ANNOTATION.png,"[2,6]",20.4
regenerated_new/4/H/case-110831_JAY_ANNOTATION.png,"[4,6]",17.17
regenerated_new/5/H/case-110831_JAY_ANNOTATION.png,"[2,4]",23.47
regenerated_new/7/H/case-110831_JAY_ANNOTATION.png,"[10,11]",16.78
regenerated_new/8/H/case-110831_JAY_ANNOTATION.png,"[10,11]",23.73
regenerated_new/9/H/case-110831_JAY_ANNOTATION.png,"[10,11]",16.68
regenerated_new/12/H/case-110831_JAY_ANNOTATION.png,"[10,11]",22.42
regenerated_new/13/H/case-110831_JAY_ANNOTATION.png,"[10,11]",17.77
regenerated_new/14/H/case-110831_JAY_ANNOTATION.png,"[10,11]",17.06
regenerated_new/3/H/case-110870_JAY_ANNOTATION.png,"[2,12]",17.36
regenerated_new/4/H/case-110870_JAY_ANNOTATION.png,"[10,2]",13.17
regenerated_new/5/H/case-110870_JAY_ANNOTATION.png,"[11,13]",17.44
regenerated_new/6/H/case-110870_JAY_ANNOTATION.png,"[10,11]",20.13
regenerated_new/7/H/case-110870_JAY_ANNOTATION.png,"[10,11]",20.11
regenerated_new/8/H/case-110870_JAY_ANNOTATION.png,"[11,12]",18.24
regenerated_new/9/H/case-110870_JAY_ANNOTATION.png,"[10,11]",15.83
regenerated_new/12/H/case-110870_JAY_ANNOTATION.png,"[14,11]",18.53
regenerated_new/13/H/case-110870_JAY_ANNOTATION.png,"[10,11]",15.91
regenerated_new/14/H/case-110870_JAY_ANNOTATION.png,"[10,11]",19.96
regenerated_new/3/H/case-111040_JAY_ANNOTATION.png,"[10,11]",19.66
regenerated_new/4/H/case-111040_JAY_ANNOTATION.png,"[11,2]",16.89
regenerated_new/5/H/case-111040_JAY_ANNOTATION.png,"[10,11]",16.9
regenerated_new/7/H/case-111040_JAY_ANNOTATION.png,"[2,10]",20.57
regenerated_new/8/H/case-111040_JAY_ANNOTATION.png,"[11,10]",20.31
regenerated_new/9/H/case-111040_JAY_ANNOTATION.png,"[14,11]",20.4
regenerated_new/12/H/case-111040_JAY_ANNOTATION.png,"[10,11]",19.79
regenerated_new/13/H/case-111040_JAY_ANNOTATION.png,"[2,5]",20.07
regenerated_new/14/H/case-111040_JAY_ANNOTATION.png,"[10,14]",16.17
regenerated_new/3/H/case-111057_JAY_ANNOTATION.png,"[2,10]",16.15
regenerated_new/4/H/case-111057_JAY_ANNOTATION.png,"[2,11]",20.89
regenerated_new/5/H/case-111057_JAY_ANNOTATION.png,"[10,11]",22.97
regenerated_new/6/H/case-111057_JAY_ANNOTATION.png,"[10,11]",20.18
regenerated_new/7/H/case-111057_JAY_ANNOTATION.png,"[10,11]",22.9
regenerated_new/8/H/case-111057_JAY_ANNOTATION.png,"[11,10]",27.11
regenerated_new/9/H/case-111057_JAY_ANNOTATION.png,"[11,14]",21.07
regenerated_new/13/H/case-111057_JAY_ANNOTATION.png,"[10,11]",14.68
regenerated_new/14/H/case-111057_JAY_ANNOTATION.png,"[14,11]",17.52
regenerated_new/3/H/case-111159_JAY_ANNOTATION.png,"[2,11]",23.94
regenerated_new/4/H/case-111159_JAY_ANNOTATION.png,"[10,11]",18.67
regenerated_new/5/H/case-111159_JAY_ANNOTATION.png,"[12,11]",17.97
regenerated_new/7/H/case-111159_JAY_ANNOTATION.png,"[11,10]",21.17
regenerated_new/8/H/case-111159_JAY_ANNOTATION.png,"[15,15]",18.68
regenerated_new/9/H/case-111159_JAY_ANNOTATION.png,"[10,2]",18.32
regenerated_new/10/H/case-111159_JAY_ANNOTATION.png,"[10,14]",20.32
regenerated_new/12/H/case-111159_JAY_ANNOTATION.png,"[10,11]",20.99
regenerated_new/13/H/case-111159_JAY_ANNOTATION.png,"[11,12]",21.15
regenerated_new/14/H/case-111159_JAY_ANNOTATION.png,"[10,12]",15.89
regenerated_new/3/H/case-111162_JAY_ANNOTATION.png,"[2,6]",20.36
regenerated_new/4/H/case-111162_JAY_ANNOTATION.png,"[14,11]",20.08
regenerated_new/5/H/case-111162_JAY_ANNOTATION.png,"[11,10]",16.62
regenerated_new/7/H/case-111162_JAY_ANNOTATION.png,"[10,11]",16.17
regenerated_new/8/H/case-111162_JAY_ANNOTATION.png,"[10,14]",23.82
regenerated_new/9/H/case-111162_JAY_ANNOTATION.png,"[10,11]",20.91
regenerated_new/10/H/case-111162_JAY_ANNOTATION.png,"[10,11]",17.07
regenerated_new/12/H/case-111162_JAY_ANNOTATION.png,"[10,11]",16.01
regenerated_new/13/H/case-111162_JAY_ANNOTATION.png,"[10,11]",19.31
regenerated_new/14/H/case-111162_JAY_ANNOTATION.png,"[10,14]",19.93
regenerated_new/3/H/case-111165_JAY_ANNOTATION.png,"[2,10]",16.53
regenerated_new/4/H/case-111165_JAY_ANNOTATION.png,"[10,11]",15.99
regenerated_new/5/H/case-111165_JAY_ANNOTATION.png,"[10,11]",19.04
regenerated_new/6/H/case-111165_JAY_ANNOTATION.png,"[10,14]",16.11
regenerated_new/7/H/case-111165_JAY_ANNOTATION.png,"[10,12]",19.24
regenerated_new/8/H/case-111165_JAY_ANNOTATION.png,"[10,11]",20.06
regenerated_new/9/H/case-111165_JAY_ANNOTATION.png,"[10,11]",22.26
regenerated_new/12/H/case-111165_JAY_ANNOTATION.png,"[10,14]",17.1
regenerated_new/13/H/case-111165_JAY_ANNOTATION.png,"[10,11]",17.4
regenerated_new/14/H/case-111165_JAY_ANNOTATION.png,"[12,14]",20.05
regenerated_new/3/H/case-111178_JAY_ANNOTATION.png,"[10,6]",19.72
regenerated_new/5/H/case-111178_JAY_ANNOTATION.png,"[11,10]",19.52
regenerated_new/7/H/case-111178_JAY_ANNOTATION.png,"[10,11]",18.24
regenerated_new/8/H/case-111178_JAY_ANNOTATION.png,"[10,14]",15.12
regenerated_new/9/H/case-111178_JAY_ANNOTATION.png,"[11,10]",19.14
regenerated_new/12/H/case-111178_JAY_ANNOTATION.png,"[10,11]",21.13
regenerated_new/13/H/case-111178_JAY_ANNOTATION.png,"[11,14]",16.8
regenerated_new/14/H/case-111178_JAY_ANNOTATION.png,"[10,14]",19.47
regenerated_new/3/H/case-111246_JAY_ANNOTATION.png,"[2,10]",18.59
regenerated_new/4/H/case-111246_JAY_ANNOTATION.png,"[10,11]",15.99
regenerated_new/5/H/case-111246_JAY_ANNOTATION.png,"[10,11]",17.33
regenerated_new/7/H/case-111246_JAY_ANNOTATION.png,"[14,11]",22.17
regenerated_new/8/H/case-111246_JAY_ANNOTATION.png,"[10,11]",17.82
regenerated_new/9/H/case-111246_JAY_ANNOTATION.png,"[10,14]",22.92
regenerated_new/12/H/case-111246_JAY_ANNOTATION.png,"[10,11]",16.37
regenerated_new/13/H/case-111246_JAY_ANNOTATION.png,"[10,11]",20.73
regenerated_new/14/H/case-111246_JAY_ANNOTATION.png,"[10,11]",18.24
regenerated_new/3/H/case-111273_JAY_ANNOTATION.png,"[11,12]",23.47
regenerated_new/5/H/case-111273_JAY_ANNOTATION.png,"[10,11]",18.58
regenerated_new/7/H/case-111273_JAY_ANNOTATION.png,"[10,11]",17.94
regenerated_new/8/H/case-111273_JAY_ANNOTATION.png,"[10,11]",16.85
regenerated_new/9/H/case-111273_JAY_ANNOTATION.png,"[10,11]",15.88
regenerated_new/12/H/case-111273_JAY_ANNOTATION.png,"[10,11]",19.55
regenerated_new/13/H/case-111273_JAY_ANNOTATION.png,"[14,11]",20.6
regenerated_new/14/H/case-111273_JAY_ANNOTATION.png,"[10,11]",15.35
regenerated_new/3/H/case-111359_JAY_ANNOTATION.png,"[4,11]",21.31
regenerated_new/4/H/case-111359_JAY_ANNOTATION.png,"[10,12]",25.01
regenerated_new/5/H/case-111359_JAY_ANNOTATION.png,"[11,10]",19.0
regenerated_new/6/H/case-111359_JAY_ANNOTATION.png,"[11,10]",16.42
regenerated_new/8/H/case-111359_JAY_ANNOTATION.png,"[10,11]",14.82
regenerated_new/9/H/case-111359_JAY_ANNOTATION.png,"[10,11]",19.82
regenerated_new/12/H/case-111359_JAY_ANNOTATION.png,"[10,11]",21.35
regenerated_new/13/H/case-111359_JAY_ANNOTATION.png,"[2,6]",16.82
regenerated_new/14/H/case-111359_JAY_ANNOTATION.png,"[10,12]",19.7
regenerated_new/3/H/case-111405_JAY_ANNOTATION.png,"[10,2]",23.08
regenerated_new/4/H/case-111405_JAY_ANNOTATION.png,"[5,13]",16.55
regenerated_new/5/H/case-111405_JAY_ANNOTATION.png,"[4,11]",22.64
regenerated_new/6/H/case-111405_JAY_ANNOTATION.png,"[10,11]",14.39
regenerated_new/8/H/case-111405_JAY_ANNOTATION.png,"[10,11]",16.72
regenerated_new/9/H/case-111405_JAY_ANNOTATION.png,"[10,11]",17.6
regenerated_new/12/H/case-111405_JAY_ANNOTATION.png,"[10,11]",15.44
regenerated_new/13/H/case-111405_JAY_ANNOTATION.png,"[10,11]",18.55
regenerated_new/14/H/case-111405_JAY_ANNOTATION.png,"[11,11]",15.8
regenerated_new/3/H/case-111446_JAY_ANNOTATION.png,"[2,4]",18.22
regenerated_new/4/H/case-111446_JAY_ANNOTATION.png,"[10,11]",18.48
regenerated_new/5/H/case-111446_JAY_ANNOTATION.png,"[10,12]",18.21
regenerated_new/8/H/case-111446_JAY_ANNOTATION.png,"[10,4]",16.87
regenerated_new/9/H/case-111446_JAY_ANNOTATION.png,"[10,11]",18.31
regenerated_new/12/H/case-111446_JAY_ANNOTATION.png,"[10,11]",18.23
regenerated_new/13/H/case-111446_JAY_ANNOTATION.png,"[10,11]",14.2
regenerated_new/14/H/case-111446_JAY_ANNOTATION.png,"[10,11]",16.0
regenerated_new/3/H/case-111546_JAY_ANNOTATION.png,"[2,10]",21.52
regenerated_new/4/H/case-111546_JAY_ANNOTATION.png,"[6,11]",13.86
regenerated_new/5/H/case-111546_JAY_ANNOTATION.png,"[2,4]",16.09
regenerated_new/7/H/case-111546_JAY_ANNOTATION.png,"[11,6]",18.78
regenerated_new/8/H/case-111546_JAY_ANNOTATION.png,"[10,11]",19.84
regenerated_new/9/H/case-111546_JAY_ANNOTATION.png,"[10,11]",22.24
regenerated_new/12/H/case-111546_JAY_ANNOTATION.png,"[10,11]",20.3
regenerated_new/13/H/case-111546_JAY_ANNOTATION.png,"[11,12]",18.52
regenerated_new/14/H/case-111546_JAY_ANNOTATION.png,"[10,14]",16.57
regenerated_new/3/H/case-111573_JAY_ANNOTATION.png,"[4,10]",22.83
regenerated_new/4/H/case-111573_JAY_ANNOTATION.png,"[2,10]",15.92
regenerated_new/5/H/case-111573_JAY_ANNOTATION.png,"[2,10]",16.44
regenerated_new/7/H/case-111573_JAY_ANNOTATION.png,"[10,14]",15.35
regenerated_new/8/H/case-111573_JAY_ANNOTATION.png,"[10,12]",14.1
regenerated_new/9/H/case-111573_JAY_ANNOTATION.png,"[10,14]",21.44
regenerated_new/12/H/case-111573_JAY_ANNOTATION.png,"[10,11]",16.43
regenerated_new/13/H/case-111573_JAY_ANNOTATION.png,"[10,4]",23.18
regenerated_new/14/H/case-111573_JAY_ANNOTATION.png,"[10,11]",23.37
regenerated_new/2/H/case-111685_JAY_ANNOTATION.png,"[10,11]",17.79
regenerated_new/3/H/case-111685_JAY_ANNOTATION.png,"[10,12]",19.65
regenerated_new/4/H/case-111685_JAY_ANNOTATION.png,"[10,11]",18.59
regenerated_new/5/H/case-111685_JAY_ANNOTATION.png,"[10,11]",18.75
regenerated_new/8/H/case-111685_JAY_ANNOTATION.png,"[10,11]",14.67
regenerated_new/9/H/case-111685_JAY_ANNOTATION.png,"[10,11]",15.04
regenerated_new/12/H/case-111685_JAY_ANNOTATION.png,"[10,11]",20.58
regenerated_new/13/H/case-111685_JAY_ANNOTATION.png,"[10,11]",15.94
regenerated_new/14/H/case-111685_JAY_ANNOTATION.png,"[10,11]",17.96
regenerated_new/3/H/case-111755_JAY_ANNOTATION.png,"[2,10]",14.48
regenerated_new/4/H/case-111755_JAY_ANNOTATION.png,"[14,11]",20.65
regenerated_new/5/H/case-111755_JAY_ANNOTATION.png,"[11,14]",17.73
regenerated_new/7/H/case-111755_JAY_ANNOTATION.png,"[11,12]",20.23
regenerated_new/8/H/case-111755_JAY_ANNOTATION.png,"[10,14]",14.33
regenerated_new/9/H/case-111755_JAY_ANNOTATION.png,"[10,11]",20.43
regenerated_new/12/H/case-111755_JAY_ANNOTATION.png,"[12,10]",20.52
regenerated_new/13/H/case-111755_JAY_ANNOTATION.png,"[10,11]",17.69
regenerated_new/14/H/case-111755_JAY_ANNOTATION.png,"[11,12]",20.37
regenerated_new/3/H/case-111791_JAY_ANNOTATION.png,"[2,11]",16.87
regenerated_new/4/H/case-111791_JAY_ANNOTATION.png,"[11,12]",15.64
regenerated_new/5/H/case-111791_JAY_ANNOTATION.png,"[10,11]",19.32
regenerated_new/7/H/case-111791_JAY_ANNOTATION.png,"[4,10]",20.1
regenerated_new/8/H/case-111791_JAY_ANNOTATION.png,"[10,11]",18.68
regenerated_new/9/H/case-111791_JAY_ANNOTATION.png,"[5,10]",16.81
regenerated_new/12/H/case-111791_JAY_ANNOTATION.png,"[10,11]",15.83
regenerated_new/13/H/case-111791_JAY_ANNOTATION.png,"[10,14]",16.72
regenerated_new/14/H/case-111791_JAY_ANNOTATION.png,"[10,14]",16.89
regenerated_new/3/H/case-111819_JAY_ANNOTATION.png,"[2,6]",14.58
regenerated_new/4/H/case-111819_JAY_ANNOTATION.png,"[4,14]",23.36
regenerated_new/5/H/case-111819_JAY_ANNOTATION.png,"[10,11]",23.08
regenerated_new/7/H/case-111819_JAY_ANNOTATION.png,"[2,6]",22.27
regenerated_new/8/H/case-111819_JAY_ANNOTATION.png,"[10,14]",21.2
regenerated_new/9/H/case-111819_JAY_ANNOTATION.png,"[10,11]",20.67
regenerated_new/12/H/case-111819_JAY_ANNOTATION.png,"[10,11]",16.37
regenerated_new/13/H/case-111819_JAY_ANNOTATION.png,"[14,11]",18.94
regenerated_new/14/H/case-111819_JAY_ANNOTATION.png,"[10,11]",21.41
regenerated_new/2/H/case-111830_JAY_ANNOTATION.png,"[10,11]",21.32
regenerated_new/3/H/case-111830_JAY_ANNOTATION.png,"[2,6]",19.99
regenerated_new/4/H/case-111830_JAY_ANNOTATION.png,"[10,11]",19.84
regenerated_new/5/H/case-111830_JAY_ANNOTATION.png,"[2,11]",17.68
regenerated_new/6/H/case-111830_JAY_ANNOTATION.png,"[10,11]",14.75
regenerated_new/7/H/case-111830_JAY_ANNOTATION.png,"[10,11]",14.65
regenerated_new/8/H/case-111830_JAY_ANNOTATION.png,"[10,11]",16.09
regenerated_new/9/H/case-111830_JAY_ANNOTATION.png,"[10,11]",17.24
regenerated_new/12/H/case-111830_JAY_ANNOTATION.png,"[10,14]",19.3
regenerated_new/13/H/case-111830_JAY_ANNOTATION.png,"[11,10]",17.62
regenerated_new/14/H/case-111830_JAY_ANNOTATION.png,"[10,11]",19.39
regenerated_new/3/H/case-111863_JAY_ANNOTATION.png,"[10,11]",22.51
regenerated_new/4/H/case-111863_JAY_ANNOTATION.png,"[10,11]",21.54
regenerated_new/5/H/case-111863_JAY_ANNOTATION.png,"[4,10]",18.79
regenerated_new/7/H/case-111863_JAY_ANNOTATION.png,"[2,10]",20.73
regenerated_new/8/H/case-111863_JAY_ANNOTATION.png,"[10,11]",20.49
regenerated_new/9/H/case-111863_JAY_ANNOTATION.png,"[10,11]",17.44
regenerated_new/12/H/case-111863_JAY_ANNOTATION.png,"[10,11]",19.41
regenerated_new/13/H/case-111863_JAY_ANNOTATION.png,"[10,11]",17.08
regenerated_new/14/H/case-111863_JAY_ANNOTATION.png,"[11,10]",20.47
regenerated_new/3/H/case-111923_JAY_ANNOTATION.png,"[2,10]",19.07
regenerated_new/4/H/case-111923_JAY_ANNOTATION.png,"[11,10]",21.69
regenerated_new/5/H/case-111923_JAY_ANNOTATION.png,"[6,8]",14.49
regenerated_new/7/H/case-111923_JAY_ANNOTATION.png,"[11,10]",16.63
regenerated_new/8/H/case-111923_JAY_ANNOTATION.png,"[10,12]",19.85
regenerated_new/9/H/case-111923_JAY_ANNOTATION.png,"[10,11]",18.35
regenerated_new/12/H/case-111923_JAY_ANNOTATION.png,"[11,2]",22.42
regenerated_new/13/H/case-111923_JAY_ANNOTATION.png,"[10,11]",17.7
regenerated_new/14/H/case-111923_JAY_ANNOTATION.png,"[10,11]",15.83
regenerated_new/3/H/case-112038_JAY_ANNOTATION.png,"[2,6]",17.43
regenerated_new/4/H/case-112038_JAY_ANNOTATION.png,"[10,11]",20.03
regenerated_new/5/H/case-112038_JAY_ANNOTATION.png,"[2,6]",18.41
regenerated_new/7/H/case-112038_JAY_ANNOTATION.png,"[2,11]",16.98
regenerated_new/8/H/case-112038_JAY_ANNOTATION.png,"[10,11]",19.04
regenerated_new/9/H/case-112038_JAY_ANNOTATION.png,"[10,11]",17.16
regenerated_new/12/H/case-112038_JAY_ANNOTATION.png,"[10,11]",20.05
regenerated_new/13/H/case-112038_JAY_ANNOTATION.png,"[10,11]",16.72
regenerated_new/14/H/case-112038_JAY_ANNOTATION.png,"[10,12]",18.85
regenerated_new/2/H/case-112071_JAY_ANNOTATION.png,"[10,2]",15.76
regenerated_new/3/H/case-112071_JAY_ANNOTATION.png,"[2,10]",19.27
regenerated_new/4/H/case-112071_JAY_ANNOTATION.png,"[10,11]",18.04
regenerated_new/5/H/case-112071_JAY_ANNOTATION.png,"[10,11]",20.16
regenerated_new/6/H/case-112071_JAY_ANNOTATION.png,"[11,10]",17.04
regenerated_new/8/H/case-112071_JAY_ANNOTATION.png,"[10,11]",18.49
regenerated_new/9/H/case-112071_JAY_ANNOTATION.png,"[10,11]",16.89
regenerated_new/12/H/case-112071_JAY_ANNOTATION.png,"[10,11]",17.52
regenerated_new/13/H/case-112071_JAY_ANNOTATION.png,"[10,11]",20.97
regenerated_new/14/H/case-112071_JAY_ANNOTATION.png,"[11,12]",19.49
regenerated_new/3/H/case-112086_JAY_ANNOTATION.png,"[2,3]",16.61
regenerated_new/4/H/case-112086_JAY_ANNOTATION.png,"[10,11]",21.63
regenerated_new/5/H/case-112086_JAY_ANNOTATION.png,"[2,4]",20.27
regenerated_new/6/H/case-112086_JAY_ANNOTATION.png,"[10,14]",20.99
regenerated_new/7/H/case-112086_JAY_ANNOTATION.png,"[11,10]",16.16
regenerated_new/8/H/case-112086_JAY_ANNOTATION.png,"[11,2]",17.4
regenerated_new/9/H/case-112086_JAY_ANNOTATION.png,"[11,12]",20.91
regenerated_new/12/H/case-112086_JAY_ANNOTATION.png,"[10,11]",19.11
regenerated_new/13/H/case-112086_JAY_ANNOTATION.png,"[2,10]",18.78
regenerated_new/14/H/case-112086_JAY_ANNOTATION.png,"[10,11]",15.37
regenerated_new/3/H/case-112092_JAY_ANNOTATION.png,"[10,11]",19.11
regenerated_new/5/H/case-112092_JAY_ANNOTATION.png,"[10,11]",17.7
regenerated_new/9/H/case-112092_JAY_ANNOTATION.png,"[10,11]",16.74
regenerated_new/12/H/case-112092_JAY_ANNOTATION.png,"[11,10]",17.66
regenerated_new/13/H/case-112092_JAY_ANNOTATION.png,"[11,12]",20.53
regenerated_new/14/H/case-112092_JAY_ANNOTATION.png,"[14,12]",18.58
regenerated_new/3/H/case-112132_JAY_ANNOTATION.png,"[2,6]",19.11
regenerated_new/4/H/case-112132_JAY_ANNOTATION.png,"[2,10]",20.46
regenerated_new/5/H/case-112132_JAY_ANNOTATION.png,"[2,11]",19.04
regenerated_new/7/H/case-112132_JAY_ANNOTATION.png,"[2,6]",16.25
regenerated_new/8/H/case-112132_JAY_ANNOTATION.png,"[10,11]",18.94
regenerated_new/9/H/case-112132_JAY_ANNOTATION.png,"[10,11]",20.56
regenerated_new/12/H/case-112132_JAY_ANNOTATION.png,"[10,11]",18.49
regenerated_new/13/H/case-112132_JAY_ANNOTATION.png,"[10,11]",19.49
regenerated_new/14/H/case-112132_JAY_ANNOTATION.png,"[10,14]",18.95
regenerated_new/3/H/case-112180_JAY_ANNOTATION.png,"[4,2]",22.79
regenerated_new/5/H/case-112180_JAY_ANNOTATION.png,"[11,10]",20.55
regenerated_new/6/H/case-112180_JAY_ANNOTATION.png,"[10,11]",16.17
regenerated_new/7/H/case-112180_JAY_ANNOTATION.png,"[10,4]",19.62
regenerated_new/8/H/case-112180_JAY_ANNOTATION.png,"[10,11]",19.07
regenerated_new/9/H/case-112180_JAY_ANNOTATION.png,"[10,11]",19.16
regenerated_new/12/H/case-112180_JAY_ANNOTATION.png,"[10,11]",18.88
regenerated_new/13/H/case-112180_JAY_ANNOTATION.png,"[10,11]",15.66
regenerated_new/14/H/case-112180_JAY_ANNOTATION.png,"[10,12]",19.78
regenerated_new/3/H/case-112208_JAY_ANNOTATION.png,"[2,10]",20.08
regenerated_new/4/H/case-112208_JAY_ANNOTATION.png,"[10,11]",19.46
regenerated_new/5/H/case-112208_JAY_ANNOTATION.png,"[10,14]",17.86
regenerated_new/7/H/case-112208_JAY_ANNOTATION.png,"[2,10]",19.55
regenerated_new/8/H/case-112208_JAY_ANNOTATION.png,"[10,11]",18.47
regenerated_new/9/H/case-112208_JAY_ANNOTATION.png,"[10,11]",17.87
regenerated_new/12/H/case-112208_JAY_ANNOTATION.png,"[10,11]",15.27
regenerated_new/13/H/case-112208_JAY_ANNOTATION.png,"[10,12]",20.09
regenerated_new/14/H/case-112208_JAY_ANNOTATION.png,"[10,11]",20.27
regenerated_new/3/H/case-112234_JAY_ANNOTATION.png,"[2,10]",19.93
regenerated_new/4/H/case-112234_JAY_ANNOTATION.png,"[10,11]",18.49
regenerated_new/5/H/case-112234_JAY_ANNOTATION.png,"[11,14]",15.81
regenerated_new/6/H/case-112234_JAY_ANNOTATION.png,"[10,11]",16.09
regenerated_new/7/H/case-112234_JAY_ANNOTATION.png,"[10,11]",15.63
regenerated_new/8/H/case-112234_JAY_ANNOTATION.png,"[12,11]",19.93
regenerated_new/9/H/case-112234_JAY_ANNOTATION.png,"[14,11]",18.14
regenerated_new/12/H/case-112234_JAY_ANNOTATION.png,"[10,11]",19.06
regenerated_new/13/H/case-112234_JAY_ANNOTATION.png,"[11,12]",13.51
regenerated_new/14/H/case-112234_JAY_ANNOTATION.png,"[10,11]",14.84
regenerated_new/3/H/case-112249_JAY_ANNOTATION.png,"[2,6]",17.78
regenerated_new/4/H/case-112249_JAY_ANNOTATION.png,"[10,11]",16.36
regenerated_new/5/H/case-112249_JAY_ANNOTATION.png,"[14,11]",21.16
regenerated_new/6/H/case-112249_JAY_ANNOTATION.png,"[10,11]",20.45
regenerated_new/7/H/case-112249_JAY_ANNOTATION.png,"[10,11]",14.64
regenerated_new/8/H/case-112249_JAY_ANNOTATION.png,"[11,12]",17.96
regenerated_new/9/H/case-112249_JAY_ANNOTATION.png,"[10,11]",17.69
regenerated_new/12/H/case-112249_JAY_ANNOTATION.png,"[10,11]",18.42
regenerated_new/13/H/case-112249_JAY_ANNOTATION.png,"[10,11]",16.89
regenerated_new/14/H/case-112249_JAY_ANNOTATION.png,"[10,11]",19.07
regenerated_new/3/H/case-112292_JAY_ANNOTATION.png,"[2,6]",16.28
regenerated_new/4/H/case-112292_JAY_ANNOTATION.png,"[10,14]",19.84
regenerated_new/5/H/case-112292_JAY_ANNOTATION.png,"[11,14]",19.58
regenerated_new/6/H/case-112292_JAY_ANNOTATION.png,"[10,11]",18.86
regenerated_new/8/H/case-112292_JAY_ANNOTATION.png,"[10,11]",18.03
regenerated_new/9/H/case-112292_JAY_ANNOTATION.png,"[11,12]",23.49
regenerated_new/12/H/case-112292_JAY_ANNOTATION.png,"[10,14]",21.81
regenerated_new/13/H/case-112292_JAY_ANNOTATION.png,"[11,10]",16.54
regenerated_new/14/H/case-112292_JAY_ANNOTATION.png,"[14,10]",18.84
regenerated_new/3/H/case-112297_JAY_ANNOTATION.png,"[2,11]",15.38
regenerated_new/4/H/case-112297_JAY_ANNOTATION.png,"[11,4]",14.65
regenerated_new/5/H/case-112297_JAY_ANNOTATION.png,"[11,12]",20.01
regenerated_new/8/H/case-112297_JAY_ANNOTATION.png,"[10,14]",18.94
regenerated_new/9/H/case-112297_JAY_ANNOTATION.png,"[10,11]",18.87
regenerated_new/12/H/case-112297_JAY_ANNOTATION.png,"[10,11]",21.29
regenerated_new/13/H/case-112297_JAY_ANNOTATION.png,"[10,11]",16.32
regenerated_new/14/H/case-112297_JAY_ANNOTATION.png,"[10,11]",14.28
regenerated_new/3/H/case-112348_JAY_ANNOTATION.png,"[2,10]",13.93
regenerated_new/4/H/case-112348_JAY_ANNOTATION.png,"[10,11]",20.72
regenerated_new/5/H/case-112348_JAY_ANNOTATION.png,"[2,10]",20.46
regenerated_new/7/H/case-112348_JAY_ANNOTATION.png,"[11,10]",19.21
regenerated_new/8/H/case-112348_JAY_ANNOTATION.png,"[10,11]",16.88
regenerated_new/9/H/case-112348_JAY_ANNOTATION.png,"[10,14]",19.32
regenerated_new/12/H/case-112348_JAY_ANNOTATION.png,"[10,11]",15.47
regenerated_new/13/H/case-112348_JAY_ANNOTATION.png,"[10,14]",15.38
regenerated_new/14/H/case-112348_JAY_ANNOTATION.png,"[10,11]",16.63
regenerated_new/3/H/case-112364_JAY_ANNOTATION.png,"[4,2]",18.33
regenerated_new/4/H/case-112364_JAY_ANNOTATION.png,"[11,10]",17.26
regenerated_new/5/H/case-112364_JAY_ANNOTATION.png,"[11,12]",17.52
regenerated_new/6/H/case-112364_JAY_ANNOTATION.png,"[10,11]",16.89
regenerated_new/7/H/case-112364_JAY_ANNOTATION.png,"[14,12]",17.09
regenerated_new/8/H/case-112364_JAY_ANNOTATION.png,"[10,11]",17.17
regenerated_new/9/H/case-112364_JAY_ANNOTATION.png,"[10,11]",17.98
regenerated_new/12/H/case-112364_JAY_ANNOTATION.png,"[10,11]",17.95
regenerated_new/13/H/case-112364_JAY_ANNOTATION.png,"[11,12]",19.4
regenerated_new/14/H/case-112364_JAY_ANNOTATION.png,"[10,11]",20.38
regenerated_new/2/H/case-112387_JAY_ANNOTATION.png,"[2,6]",19.5
regenerated_new/3/H/case-112387_JAY_ANNOTATION.png,"[2,10]",15.16
regenerated_new/4/H/case-112387_JAY_ANNOTATION.png,"[10,11]",16.76
regenerated_new/5/H/case-112387_JAY_ANNOTATION.png,"[11,12]",18.16
regenerated_new/7/H/case-112387_JAY_ANNOTATION.png,"[2,6]",18.69
regenerated_new/8/H/case-112387_JAY_ANNOTATION.png,"[10,11]",21.54
regenerated_new/9/H/case-112387_JAY_ANNOTATION.png,"[11,14]",18.16
regenerated_new/12/H/case-112387_JAY_ANNOTATION.png,"[12,11]",20.02
regenerated_new/13/H/case-112387_JAY_ANNOTATION.png,"[10,11]",19.13
regenerated_new/14/H/case-112387_JAY_ANNOTATION.png,"[11,12]",17.16
regenerated_new/3/H/case-112425_JAY_ANNOTATION.png,"[2,10]",16.27
regenerated_new/4/H/case-112425_JAY_ANNOTATION.png,"[4,11]",22.98
regenerated_new/5/H/case-112425_JAY_ANNOTATION.png,"[11,10]",14.39
regenerated_new/6/H/case-112425_JAY_ANNOTATION.png,"[10,11]",19.24
regenerated_new/7/H/case-112425_JAY_ANNOTATION.png,"[2,6]",25.78
regenerated_new/8/H/case-112425_JAY_ANNOTATION.png,"[10,11]",14.03
regenerated_new/9/H/case-112425_JAY_ANNOTATION.png,"[10,11]",17.25
regenerated_new/10/H/case-112425_JAY_ANNOTATION.png,"[10,11]",21.21
regenerated_new/12/H/case-112425_JAY_ANNOTATION.png,"[10,11]",15.51
regenerated_new/13/H/case-112425_JAY_ANNOTATION.png,"[4,10]",13.06
regenerated_new/14/H/case-112425_JAY_ANNOTATION.png,"[10,11]",23.26
regenerated_new/3/H/case-112437_JAY_ANNOTATION.png,"[2,10]",19.16
regenerated_new/4/H/case-112437_JAY_ANNOTATION.png,"[10,12]",19.79
regenerated_new/5/H/case-112437_JAY_ANNOTATION.png,"[10,11]",21.53
regenerated_new/6/H/case-112437_JAY_ANNOTATION.png,"[10,11]",15.71
regenerated_new/8/H/case-112437_JAY_ANNOTATION.png,"[10,14]",20.8
regenerated_new/9/H/case-112437_JAY_ANNOTATION.png,"[10,11]",20.46
regenerated_new/12/H/case-112437_JAY_ANNOTATION.png,"[10,11]",16.18
regenerated_new/13/H/case-112437_JAY_ANNOTATION.png,"[10,11]",20.36
regenerated_new/14/H/case-112437_JAY_ANNOTATION.png,"[10,11]",18.05
regenerated_new/3/H/case-112453_JAY_ANNOTATION.png,"[2,12]",19.83
regenerated_new/4/H/case-112453_JAY_ANNOTATION.png,"[10,12]",14.12
regenerated_new/5/H/case-112453_JAY_ANNOTATION.png,"[10,11]",23.82
regenerated_new/7/H/case-112453_JAY_ANNOTATION.png,"[6,11]",15.98
regenerated_new/8/H/case-112453_JAY_ANNOTATION.png,"[10,14]",17.63
regenerated_new/9/H/case-112453_JAY_ANNOTATION.png,"[10,11]",19.42
regenerated_new/12/H/case-112453_JAY_ANNOTATION.png,"[10,11]",17.45
regenerated_new/13/H/case-112453_JAY_ANNOTATION.png,"[10,11]",16.18
regenerated_new/14/H/case-112453_JAY_ANNOTATION.png,"[10,14]",19.29
regenerated_new/3/H/case-112536_JAY_ANNOTATION.png,"[4,6]",15.92
regenerated_new/4/H/case-112536_JAY_ANNOTATION.png,"[2,11]",15.3
regenerated_new/5/H/case-112536_JAY_ANNOTATION.png,"[10,11]",18.68
regenerated_new/6/H/case-112536_JAY_ANNOTATION.png,"[10,11]",16.42
regenerated_new/7/H/case-112536_JAY_ANNOTATION.png,"[10,11]",22.11
regenerated_new/8/H/case-112536_JAY_ANNOTATION.png,"[10,11]",19.26
regenerated_new/9/H/case-112536_JAY_ANNOTATION.png,"[10,11]",16.87
regenerated_new/12/H/case-112536_JAY_ANNOTATION.png,"[10,11]",18.47
regenerated_new/13/H/case-112536_JAY_ANNOTATION.png,"[2,12]",21.7
regenerated_new/14/H/case-112536_JAY_ANNOTATION.png,"[10,12]",19.65
regenerated_new/3/H/case-112545_JAY_ANNOTATION.png,"[10,14]",20.88
regenerated_new/4/H/case-112545_JAY_ANNOTATION.png,"[10,11]",16.88
regenerated_new/5/H/case-112545_JAY_ANNOTATION.png,"[10,11]",15.72
regenerated_new/7/H/case-112545_JAY_ANNOTATION.png,"[10,11]",16.62
regenerated_new/8/H/case-112545_JAY_ANNOTATION.png,"[10,11]",17.97
regenerated_new/9/H/case-112545_JAY_ANNOTATION.png,"[14,11]",18.77
regenerated_new/12/H/case-112545_JAY_ANNOTATION.png,"[10,11]",21.44
regenerated_new/13/H/case-112545_JAY_ANNOTATION.png,"[10,11]",18.69
regenerated_new/14/H/case-112545_JAY_ANNOTATION.png,"[10,2]",21.26
regenerated_new/3/H/case-112559_JAY_ANNOTATION.png,"[2,10]",14.66
regenerated_new/4/H/case-112559_JAY_ANNOTATION.png,"[10,11]",18.4
regenerated_new/5/H/case-112559_JAY_ANNOTATION.png,"[12,13]",20.9
regenerated_new/6/H/case-112559_JAY_ANNOTATION.png,"[10,11]",18.32
regenerated_new/8/H/case-112559_JAY_ANNOTATION.png,"[11,10]",24.6
regenerated_new/9/H/case-112559_JAY_ANNOTATION.png,"[10,11]",19.06
regenerated_new/12/H/case-112559_JAY_ANNOTATION.png,"[10,11]",18.3
regenerated_new/13/H/case-112559_JAY_ANNOTATION.png,"[10,11]",18.83
regenerated_new/14/H/case-112559_JAY_ANNOTATION.png,"[10,14]",17.59
