filename,output,inference_time_sec
gaussian_xyz/case-100575/case-100575_-57.08139544460262_12.738662011332739_168.47685931285935.png,"[1: Skull, Cranium, Cranial vault, Calvarium, 6: Right elbow, Right olecranon, Right Cubital joint, Right Elbow joint, 10: T1, First thoracic vertebra, T1 vertebral body, Upper thoracic vertebra]",6.77
gaussian_xyz/case-100575/case-100575_-110.10122385275837_-71.93886884722603_-34.39196328414894.png,"[6: Right elbow, 10: T1, 12: Right hemidiaphragm]",2.35
gaussian_xyz/case-100575/case-100575_-0.7118865321938586_-2.7344308440128455_129.51997269786122.png,"[6: Right elbow, 10: T1, 11: Carina]",2.0
gaussian_xyz/case-100575/case-100575_18.544545831171945_-19.393059009232566_60.052080949761034.png,"[11: Carina, 3: Left humeral head, 10: T1]",2.08
gaussian_xyz/case-100575/case-100575_73.24221900737541_-47.02990174440557_-55.2445325420164.png,"[1: Skull, Cranium, Cranial vault, Calvarium, 11: Carina, Tracheal bifurcation, Tracheal carina, 6: Right elbow, Right olecranon, Right Cubital joint, Right Elbow joint]",4.78
gaussian_xyz/case-100575/case-100575_108.59070673355001_42.897387837110536_59.357585775322775.png,"[1: Skull, Cranium, Cranial vault, Calvarium, 2: Right humeral head, Right Proximal humerus, Head of right humerus, Right glenohumeral head, 10: T1, First thoracic vertebra, T1 vertebral body, Upper thoracic vertebra]",5.78
gaussian_xyz/case-100575/case-100575_93.25411730413282_-32.178481980158125_-10.174046298605628.png,"[1: Skull, Cranium, Cranial vault, Calvarium, 2: Right humeral head, Right Proximal humerus, Head of right humerus, Right glenohumeral head, 10: T1, First thoracic vertebra, T1 vertebral body, Upper thoracic vertebra]",5.76
gaussian_xyz/case-100575/case-100575_-3.932429508090962_-4.375688490591221_-16.465194867540305.png,"[2: Right humeral head, 3: Left humeral head, 11: Carina]",2.08
gaussian_xyz/case-100575/case-100575_-72.06884438220582_-30.333189600540305_-180.81447955763088.png,"[10: T1 vertebral body, 11: Carina, 12: Right hemidiaphragm]",2.62
gaussian_xyz/case-100575/case-100575_135.15914299218923_-50.27285424751548_-46.19927450469338.png,"[1: Skull, Cranium, Cranial vault, Calvarium, 2: Right humeral head, Right Proximal humerus, Head of right humerus, Right glenohumeral head, 10: T1, First thoracic vertebra, T1 vertebral body, Upper thoracic vertebra]",5.78
gaussian_xyz/case-100575/case-100575_-89.19363440040924_-32.061048760074655_79.49526966064991.png,"[2: Right humeral head, 6: Right elbow, 10: T1]",1.99
gaussian_xyz/case-100575/case-100575_170.80930950226008_-17.36649385082215_-29.613398923212337.png,"[1: Skull, Cranium, Cranial vault, Calvarium, 10: T1 vertebral body, 11: Carina, Tracheal bifurcation, Tracheal carina]",3.79
gaussian_xyz/case-100575/case-100575_-170.42160979235138_-65.36491364100357_154.2357147985804.png,"[2: Right humeral head, 6: Right elbow, 10: T1]",1.99
gaussian_xyz/case-100575/case-100575_-21.8233817179063_76.36050876090279_-7.907941076743086.png,"[2: Right proximal humerus, 6: Right elbow, 10: T1]",2.08
gaussian_xyz/case-100575/case-100575_57.68774548167906_76.91554885826388_-174.06359374057604.png,"[2: Right humeral head, 6: Right elbow, 4: Right scapular inferior angle]",2.17
gaussian_xyz/case-100575/case-100575_-92.27132026883292_-15.86633589759791_6.367998271251932.png,"[10: T1 vertebral body, 11: Carina, 6: Right elbow]",2.17
gaussian_xyz/case-100575/case-100575_-61.65208282569144_-68.0882030195416_-100.60940423844961.png,"[2: Right humeral head, 6: Right elbow, 10: T1]",1.99
gaussian_xyz/case-100575/case-100575_15.995728097794256_70.58913820406447_-96.31135706795342.png,"[2: Right humeral head, 3: Left humeral head, 6: Right elbow]",1.99
gaussian_xyz/case-100575/case-100575_-128.17815671448548_29.005822271869793_-53.207616373917645.png,"[2: Right humeral head, 6: Right elbow, 10: T1]",1.99
gaussian_xyz/case-100575/case-100575_108.21925215262746_-1.8591979946649322_-59.833297541795275.png,"[1: Skull, Cranium, Cranial vault, Calvarium, 6: Right elbow, Right olecranon, Right Cubital joint, Right Elbow joint, 10: T1, First thoracic vertebra, T1 vertebral body, Upper thoracic vertebra]",5.23
gaussian_xyz/case-100575/case-100575_81.34867658890812_-90.92770803687301_-48.10705195400888.png,"[1: Skull, Cranium, Cranial vault, Calvarium, 2: Right humeral head, Right Proximal humerus, Head of right humerus, Right glenohumeral head, 10: T1, First thoracic vertebra, T1 vertebral body, Upper thoracic vertebra]",5.78
gaussian_xyz/case-100575/case-100575_119.83616012028153_-47.41212230070035_-130.79667601879694.png,"[1: Skull, Cranium, Cranial vault, Calvarium, 2: Right humeral head, Right Proximal humerus, Head of right humerus, Right glenohumeral head, 10: T1, First thoracic vertebra, T1 vertebral body, Upper thoracic vertebra]",5.78
gaussian_xyz/case-100575/case-100575_59.06886184475519_-30.09623645751905_-90.24707717623978.png,"[2: Right humeral head, 6: Right elbow, 10: T1]",1.99
gaussian_xyz/case-100575/case-100575_-168.25879090012566_-18.004937766822618_-144.56047917629465.png,"[1: Skull, Cranium, Cranial vault, Calvarium, 2: Right humeral head, Right Proximal humerus, Head of right humerus, Right glenohumeral head, 10: T1, First thoracic vertebra, T1 vertebral body, Upper thoracic vertebra]",5.77
gaussian_xyz/case-100575/case-100575_-160.27865552383793_-36.55413610188953_-70.1594313815886.png,"[6: Right elbow, 10: T1 vertebral body, 12: Right hemidiaphragm]",2.53
gaussian_xyz/case-100575/case-100575_-108.92545283028777_-21.375622279160805_-81.24877207612708.png,"[2: Right humeral head, 6: Right elbow, 10: T1]",1.99
gaussian_xyz/case-100575/case-100575_-10.63125225138458_-8.918991099884337_150.01330352579464.png,"[11: Carina, 10: T1, 5: Left scapular inferior angle]",2.26
gaussian_xyz/case-100575/case-100575_-102.26495427635066_37.20323468857627_-167.3122449294258.png,"[2: Right humeral head, 6: Right elbow, 10: T1]",1.98
gaussian_xyz/case-100575/case-100575_-62.92404939655631_-13.088466075349334_-113.25065536711278.png,"[10: T1 vertebral body, 11: Carina, 6: Right elbow]",2.17
gaussian_xyz/case-100575/case-100575_-73.79991440089731_8.2247452779543_38.572559486459646.png,"[1: Skull, Cranium, Cranial vault, Calvarium, 10: T1, First thoracic vertebra, T1 vertebral body, Upper thoracic vertebra, 12: Right hemidiaphragm, Right Diaphragmatic dome, Right Diaphragmatic crus]",5.68
gaussian_xyz/case-100575/case-100575_73.83836039733856_-20.544778230259244_-0.8500707881611964.png,"[1: Skull, Cranium, Cranial vault, Calvarium, 10: T1, First thoracic vertebra, T1 vertebral body, Upper thoracic vertebra, 11: Carina, Tracheal bifurcation, Tracheal carina]",4.79
gaussian_xyz/case-100575/case-100575_52.77950086353766_8.485094993439619_26.056761604824892.png,"[1: Skull, Cranium, Cranial vault, Calvarium, 11: Carina, Tracheal bifurcation, Tracheal carina, 10: T1, First thoracic vertebra, T1 vertebral body, Upper thoracic vertebra]",4.78
gaussian_xyz/case-100575/case-100575_93.59098817081087_-40.61723780952281_16.534770193021885.png,"[1: Skull, Cranium, Cranial vault, Calvarium, 2: Right humeral head, Right Proximal humerus, Head of right humerus, Right glenohumeral head, 4: Right scapular inferior angle, Lower tip of right scapula, Right shoulder blade tip]",5.87
gaussian_xyz/case-100575/case-100575_-66.31544446079556_64.69074792935554_-133.66383345100755.png,"[6: Right elbow, 10: T1, 12: Right hemidiaphragm]",2.35
gaussian_xyz/case-100575/case-100575_19.276873719107016_8.824609978333315_84.3313588925287.png,"[6: Right elbow, 10: T1, 11: Carina]",1.99
gaussian_xyz/case-100575/case-100575_164.33939546286797_-28.79424817824974_-67.04974162916186.png,"[1: Skull, Cranium, Cranial vault, Calvarium, 10: T1, First thoracic vertebra, T1 vertebral body, Upper thoracic vertebra, 11: Carina, Tracheal bifurcation, Tracheal carina]",4.8
gaussian_xyz/case-100575/case-100575_109.50924968499766_-23.721873735027543_-183.73845650096976.png,"[1: Skull, Cranium, Cranial vault, Calvarium, 10: T1, First thoracic vertebra, T1 vertebral body, Upper thoracic vertebra, 12: Right hemidiaphragm, Right Diaphragmatic dome, Right Diaphragmatic crus]",5.68
gaussian_xyz/case-100575/case-100575_65.61290673732577_-133.5169746077145_-105.76269983385826.png,"[2: Right humeral head, 6: Right elbow, 10: T1]",1.99
gaussian_xyz/case-100575/case-100575_-79.62349258947253_-59.277686229930154_-142.62330752102625.png,"[6: Right elbow, 2: Right humeral head, 10: T1]",1.99
gaussian_xyz/case-100575/case-100575_-85.95245157439258_-48.07809645375466_195.05371289851058.png,"[2: Right humeral head, 6: Right elbow, 10: T1]",1.99
gaussian_xyz/case-100575/case-100575_119.74466452536984_-0.02462327520997411_74.81722680138373.png,"[1: Skull, Cranium, Cranial vault, Calvarium, 2: Right humeral head, Right Proximal humerus, Head of right humerus, Right glenohumeral head, 10: T1, First thoracic vertebra, T1 vertebral body, Upper thoracic vertebra]",5.78
gaussian_xyz/case-100575/case-100575_109.42622941125148_-65.43211552003271_-46.95169904721236.png,"[1: Skull, Cranium, Cranial vault, Calvarium, 2: Right humeral head, Right Proximal humerus, Head of right humerus, Right glenohumeral head, 10: T1, First thoracic vertebra, T1 vertebral body, Upper thoracic vertebra]",5.77
gaussian_xyz/case-100575/case-100575_-129.8870675650163_-0.2290052987597507_-13.753326607787574.png,"[2: Right humeral head, 6: Right elbow, 10: T1]",1.99
gaussian_xyz/case-100575/case-100575_136.71718002236923_13.972072496693126_-42.73516717816188.png,"[1: Skull, Cranium, Cranial vault, Calvarium, 11: Carina, Tracheal bifurcation, Tracheal carina, 10: T1, First thoracic vertebra, T1 vertebral body, Upper thoracic vertebra]",4.79
gaussian_xyz/case-100575/case-100575_-167.54175932914393_81.89186376756615_-199.18021563783287.png,"[2: Right humeral head, 6: Right elbow, 10: T1]",1.99
gaussian_xyz/case-100575/case-100575_-136.43160334650773_5.254082699986228_146.34461142852246.png,"[2: Right humeral head, 3: Left humeral head, 10: T1]",2.08
gaussian_xyz/case-100575/case-100575_-65.06184749929768_-42.04424598112393_-128.03161341945864.png,"[6: Right elbow, 10: T1, 11: Carina]",1.99
gaussian_xyz/case-100575/case-100575_-157.92165011916478_18.000111295132786_-25.27367011440125.png,"[1: Skull, Cranium, Cranial vault, Calvarium, 2: Right humeral head, Right Proximal humerus, Head of right humerus, Right glenohumeral head, 10: T1, First thoracic vertebra, T1 vertebral body, Upper thoracic vertebra]",5.79
gaussian_xyz/case-100575/case-100575_54.523008335725706_46.28468417699403_-127.5026731936317.png,"[2: Right humeral head, 6: Right elbow, 10: T1]",1.99
gaussian_xyz/case-100575/case-100575_45.392170677935894_23.459669726198626_-4.079971007705758.png,"[11: Carina, 10: T1, 6: Right elbow]",1.99
gaussian_xyz/case-100575/case-100575_13.044779443055376_-24.4583500545733_-100.81652063494526.png,"[2: Right humeral head, 4: Right scapular inferior angle, 10: T1]",2.26
gaussian_xyz/case-100575/case-100575_66.0748524409822_-72.07726509199473_-76.33167020151018.png,"[2: Right humeral head, 10: T1, 5: Left scapular inferior angle]",2.26
gaussian_xyz/case-100575/case-100575_18.269354871774226_62.66152862003842_35.00086048633824.png,"[2: Right humeral head, 6: Right elbow, 4: Right scapular inferior angle]",2.17
gaussian_xyz/case-100575/case-100575_99.04130361044105_61.469763757112325_-75.46920956885896.png,"[2: Right humeral head, 4: Right scapular inferior angle, 10: T1]",2.26
gaussian_xyz/case-100575/case-100575_-167.27640244507444_-45.84022593253913_-35.36731695528155.png,"[6: Right elbow, 10: T1, 12: Right hemidiaphragm]",2.35
gaussian_xyz/case-100575/case-100575_176.10428750835126_64.21112589382865_148.0418263619071.png,"[1: Skull, Cranium, Cranial vault, Calvarium, 2: Right humeral head, Right Proximal humerus, Head of right humerus, Right glenohumeral head, 10: T1, First thoracic vertebra, T1 vertebral body, Upper thoracic vertebra]",5.79
gaussian_xyz/case-100575/case-100575_-111.45890103462645_62.47654660744206_46.89477182234574.png,"[10: T1 vertebral body, 12: Right hemidiaphragm, 14: T12]",2.71
gaussian_xyz/case-100575/case-100575_45.37896358712379_-37.076399744339625_16.15321580689117.png,"[2: Right humeral head, 6: Right elbow, 10: T1]",1.99
gaussian_xyz/case-100575/case-100575_42.28325188337803_-7.017296463901297_133.02649751190162.png,"[1: Skull, Cranium, Cranial vault, Calvarium, 2: Right humeral head, Right Proximal humerus, Head of right humerus, Right glenohumeral head, 10: T1, First thoracic vertebra, T1 vertebral body, Upper thoracic vertebra]",5.78
gaussian_xyz/case-100575/case-100575_-68.98911692513411_40.35618915601668_-108.62360646994674.png,"[2: Right humeral head, 6: Right elbow, 10: T1]",1.99
gaussian_xyz/case-100575/case-100575_60.132095622409366_-25.2721459164661_-49.51871020909577.png,"[1: Skull, Cranium, Cranial vault, Calvarium, 10: T1, First thoracic vertebra, T1 vertebral body, Upper thoracic vertebra, 12: Right hemidiaphragm, Right Diaphragmatic dome, Right Diaphragmatic crus]",5.69
gaussian_xyz/case-100575/case-100575_-9.38843714934066_78.41571496091748_36.529598461718784.png,"[2: Right humeral head, 4: Right scapular inferior angle, 6: Right elbow]",2.17
gaussian_xyz/case-100575/case-100575_94.72329992681864_24.98066323861823_29.227398200707466.png,"[2: Right humeral head, 3: Left humeral head, 10: T1]",2.08
gaussian_xyz/case-100575/case-100575_120.23831332264962_75.78166214201683_237.42274800320274.png,"[1: Skull, Cranium, Cranial vault, Calvarium, 2: Right humeral head, Right Proximal humerus, Head of right humerus, Right glenohumeral head, 6: Right elbow, Right olecranon, Right Cubital joint, Right Elbow joint]",5.79
gaussian_xyz/case-100575/case-100575_-155.4134548666493_18.80114423069962_-1.0045374119002572.png,"[2: Right humeral head, 3: Left humeral head, 10: T1]",2.08
gaussian_xyz/case-100575/case-100575_-21.49828542167782_41.565079514517144_-57.69675916575606.png,"[6: Right elbow, 10: T1, 11: Carina]",1.99
gaussian_xyz/case-100575/case-100575_123.23058960940295_-22.241934858819615_-137.06880899291792.png,"[1: Skull, Cranium, Cranial vault, Calvarium, 10: T1 vertebral body, 12: Right hemidiaphragm, Right Diaphragmatic dome]",4.07
gaussian_xyz/case-100575/case-100575_77.69999524118876_-6.202134630663319_68.28556973449933.png,"[1: Skull, Cranium, Cranial vault, Calvarium, 10: T1 vertebral body, T1, 11: Carina, Tracheal bifurcation, Tracheal carina]",4.07
gaussian_xyz/case-100575/case-100575_8.975515850346909_55.04782273701827_85.19376915035066.png,"[2: Right humeral head, 6: Right elbow, 10: T1]",1.99
gaussian_xyz/case-100575/case-100575_31.587726555980083_68.97598732927186_56.71620809547314.png,"[2: Right humeral head, 3: Left humeral head, 6: Right elbow]",1.99
gaussian_xyz/case-100575/case-100575_135.42955776164644_-19.95172769209936_12.871454532446936.png,"[1: Skull, Cranium, Cranial vault, Calvarium, 6: Right elbow, Right olecranon, Right Cubital joint, Right Elbow joint, 11: Carina, Tracheal bifurcation, Tracheal carina]",4.79
gaussian_xyz/case-100575/case-100575_168.76481238772573_41.329897311453024_-112.38631951068172.png,"[1: Skull, Cranium, Cranial vault, Calvarium, 2: Right humeral head, Right Proximal humerus, Head of right humerus, Right glenohumeral head, 3: Left humeral head, Left Proximal humerus, Head of left humerus, Left glenohumeral head]",6.33
gaussian_xyz/case-100575/case-100575_56.9074441745509_24.654334794668884_-37.59342927779941.png,"[2: Right humeral head, 3: Left humeral head, 11: Carina]",2.08
gaussian_xyz/case-100575/case-100575_-99.43886801264664_31.682845044465534_58.37569974763285.png,"[2: Right humeral head, 6: Right elbow, 10: T1]",1.99
gaussian_xyz/case-100575/case-100575_-142.78809815130376_-25.491378290807855_-59.26599128198791.png,"[2: Right humeral head, 6: Right elbow, 10: T1]",1.99
gaussian_xyz/case-100575/case-100575_-124.6611760749141_28.83552300988247_71.4408715986792.png,"[2: Right humeral head, 6: Right elbow, 10: T1]",1.99
gaussian_xyz/case-100575/case-100575_46.336094532961965_-58.62382783396171_67.50830452579906.png,"[2: Right humeral head, 6: Right elbow, 10: T1]",1.99
gaussian_xyz/case-100575/case-100575_-159.62925608813185_-30.8146804533829_131.8781051261039.png,"[2: Right humeral head, 6: Right elbow, 10: T1]",1.99
gaussian_xyz/case-100575/case-100575_-143.01542144070064_7.152085039786938_-34.38048826521929.png,"[2: Right humeral head, 6: Right elbow, 10: T1]",1.99
gaussian_xyz/case-100575/case-100575_-82.47150785566771_-9.036508484516354_-63.979068782610085.png,"[10: T1 vertebral body, 11: Carina, 6: Right elbow]",2.17
gaussian_xyz/case-100575/case-100575_126.27780538395609_31.02269869528626_-31.001214064831345.png,"[1: Skull, Cranium, Cranial vault, Calvarium, 2: Right humeral head, Right Proximal humerus, Head of right humerus, Right glenohumeral head, 10: T1, First thoracic vertebra, T1 vertebral body, Upper thoracic vertebra]",5.78
gaussian_xyz/case-100575/case-100575_-157.295865845293_-100.25063334041111_-17.38677021018995.png,"[6: Right elbow, 8: Right wrist, 10: T1]",1.9
gaussian_xyz/case-100575/case-100575_-14.044919509148912_-47.348967947239615_-92.17785571094316.png,"[2: Right humeral head, 4: Right scapular inferior angle, 10: T1]",2.27
gaussian_xyz/case-100575/case-100575_-39.35200368607653_26.499223618550687_79.67444960250046.png,"[6: Right elbow, 10: T1, 11: Carina]",1.99
gaussian_xyz/case-100575/case-100575_-61.2694650170819_2.785366789802441_-30.399067174077665.png,"[2: Right humeral head, 6: Right elbow, 10: T1]",1.99
gaussian_xyz/case-100575/case-100575_118.20662597003047_-56.11041240353926_-210.59971993478283.png,"[1: Skull, Cranium, Cranial vault, Calvarium, 6: Right elbow, Right olecranon, Right Cubital joint, Right Elbow joint, 10: T1, First thoracic vertebra, T1 vertebral body, Upper thoracic vertebra]",5.24
gaussian_xyz/case-100575/case-100575_94.92271089268525_19.95923877859672_-43.43030341381214.png,"[1: Skull, Cranium, Cranial vault, Calvarium, 10: T1, First thoracic vertebra, T1 vertebral body, Upper thoracic vertebra, 11: Carina, Tracheal bifurcation, Tracheal carina]",4.79
gaussian_xyz/case-100575/case-100575_165.58719083658718_-5.977969420787784_73.46686798895652.png,"[1: Skull, Cranium, Cranial vault, Calvarium, 6: Right elbow, Right olecranon, Right Cubital joint, Right Elbow joint, 11: Carina, Tracheal bifurcation, Tracheal carina]",4.79
gaussian_xyz/case-100575/case-100575_-50.77061032281746_-8.217389434248465_43.12799429455263.png,"[10: T1 vertebral body, 11: Carina, 6: Right elbow]",2.17
gaussian_xyz/case-100575/case-100575_95.08735355233779_8.658936962493637_-34.41816267085121.png,"[1: Skull, Cranium, Cranial vault, Calvarium, 10: T1 vertebral body, 11: Carina, Tracheal bifurcation, Tracheal carina]",3.79
gaussian_xyz/case-100575/case-100575_-103.49016866981272_-23.34470683836679_-112.87919568213741.png,"[6: Right elbow, 10: T1, 12: Right hemidiaphragm]",2.35
gaussian_xyz/case-100575/case-100575_139.22708660876202_74.10070219322897_-31.784300713772623.png,"[1: Skull, Cranium, Cranial vault, Calvarium, 2: Right humeral head, Right Proximal humerus, Head of right humerus, Right glenohumeral head, 10: T1, First thoracic vertebra, T1 vertebral body, Upper thoracic vertebra]",5.78
gaussian_xyz/case-100575/case-100575_8.077642640241862_-71.76765456691918_124.18719615068179.png,"[2: Right humeral head, 6: Right elbow, 4: Right scapular inferior angle]",2.17
gaussian_xyz/case-100575/case-100575_-123.84179513246556_-3.676418799116058_-13.730545974286246.png,"[2: Right humeral head, 6: Right elbow, 10: T1]",1.99
gaussian_xyz/case-100575/case-100575_-99.87157453263097_0.9557895739242507_135.30456314776038.png,"[2: Right humeral head, 6: Right elbow, 10: T1]",1.99
gaussian_xyz/case-100575/case-100575_65.2759306285713_87.01758305848001_-138.13381069279808.png,"[2: Right humeral head, 4: Right scapular inferior angle, 6: Right elbow]",2.17
gaussian_xyz/case-100575/case-100575_-116.17106833665115_-50.97839871304895_-36.899046431865976.png,"[2: Right humeral head, 6: Right elbow, 10: T1]",1.99
gaussian_xyz/case-100575/case-100575_-6.07899575406887_45.219567990011605_45.42300692887096.png,"[2: Right humeral head, 3: Left humeral head, 10: T1]",2.08
gaussian_xyz/case-100575/case-100575_-99.33259164528071_43.517922458254546_101.4257143832446.png,"[2: Right humeral head, 6: Right elbow, 10: T1]",1.99
gaussian_xyz/case-100575/case-100575_-108.5599545089011_39.83964900274629_25.32612098821468.png,"[2: Right humeral head, 6: Right elbow, 10: T1]",1.99
gaussian_xyz/case-100575/case-100575_-175.74091271991932_70.41951317347224_-45.291644910594556.png,"[6: Right elbow, 2: Right humeral head, 10: T1]",1.99
gaussian_xyz/case-100575/case-100575_-157.23436004441433_-53.831722984609264_35.67879062493651.png,"[6: Right elbow, 10: T1, 12: Right hemidiaphragm]",2.36
gaussian_xyz/case-100575/case-100575_123.525906607955_-12.064952709565137_-38.842423615890695.png,"[1: Skull, Cranium, Cranial vault, Calvarium, 6: Right elbow, Right olecranon, Right Cubital joint, Right Elbow joint, 10: T1, First thoracic vertebra, T1 vertebral body, Upper thoracic vertebra]",5.25
gaussian_xyz/case-100575/case-100575_24.30471690115681_-3.0189583322851563_80.87108157979577.png,"[6: Right elbow, 11: Carina, 10: T1]",1.99
gaussian_xyz/case-100575/case-100575_170.2139698427206_1.8270782476018956_129.22733366587994.png,"[1: Skull, Cranium, Cranial vault, Calvarium, 6: Right elbow, Right olecranon, Right Cubital joint, Right Elbow joint, 10: T1, First thoracic vertebra, T1 vertebral body, Upper thoracic vertebra]",5.25
gaussian_xyz/case-100575/case-100575_1.4871477695674002_26.587680959443908_-27.02424710902965.png,"[6: Right elbow, 10: T1 vertebral body, 11: Carina]",2.17
gaussian_xyz/case-100575/case-100575_-173.57377928693407_-64.66164950572_-38.13796977678136.png,"[2: Right humeral head, 6: Right elbow, 10: T1]",2.45
gaussian_xyz/case-100575/case-100575_-52.0427350869691_-52.74911346605599_-56.15051814199501.png,"[6: Right elbow, 10: T1 vertebral body, 12: Right hemidiaphragm]",2.53
gaussian_xyz/case-100575/case-100575_0.48998588109532193_-29.870819179163075_-144.93699329176852.png,"[2: Right humeral head, 6: Right elbow, 10: T1]",1.99
gaussian_xyz/case-100575/case-100575_86.87584064769413_-28.194721865575627_63.72201085305075.png,"[1: Skull, Cranium, Cranial vault, Calvarium, 2: Right humeral head, Right Proximal humerus, Head of right humerus, Right glenohumeral head, 10: T1, First thoracic vertebra, T1 vertebral body, Upper thoracic vertebra]",5.77
gaussian_xyz/case-100575/case-100575_-44.13376606681581_3.9022953418093373_94.98406697698539.png,"[10: T1 vertebral body, 11: Carina, 12: Right hemidiaphragm]",2.62
gaussian_xyz/case-100575/case-100575_32.672274588892634_84.56812635285496_142.08916462199602.png,"[2: Right humeral head, 6: Right elbow, 10: T1]",1.99
gaussian_xyz/case-100575/case-100575_-20.839704091666192_97.65289568709558_-61.5175045644261.png,"[2: Right humeral head, 4: Right scapular inferior angle, 10: T1]",2.26
gaussian_xyz/case-100575/case-100575_27.844421727514657_24.378721590739016_-48.68490783509041.png,"[2: Right humeral head, 6: Right elbow, 11: Carina]",1.99
gaussian_xyz/case-100575/case-100575_50.954404824365355_-45.52474170007723_-11.959759629271298.png,"[2: Right humeral head, 6: Right elbow, 10: T1]",1.99
gaussian_xyz/case-100575/case-100575_-5.027785104050764_-99.32473103282486_-43.01361157499381.png,"[2: Right humeral head, 4: Right scapular inferior angle, 10: T1]",2.26
gaussian_xyz/case-100575/case-100575_76.6424025342775_-80.11166596606985_45.70209290502823.png,"[1: Skull, Cranium, Cranial vault, Calvarium, 2: Right humeral head, Right Proximal humerus, Head of right humerus, Right glenohumeral head, 10: T1, First thoracic vertebra, T1 vertebral body, Upper thoracic vertebra]",5.78
gaussian_xyz/case-100575/case-100575_167.3865027636051_-80.11737529679652_168.21092837608293.png,"[1: Skull, Cranium, Cranial vault, Calvarium, 2: Right humeral head, Right Proximal humerus, Head of right humerus, Right glenohumeral head, 10: T1, First thoracic vertebra, T1 vertebral body, Upper thoracic vertebra]",5.79
gaussian_xyz/case-100575/case-100575_-133.1672211848143_174.67083215948588_10.446889287416214.png,"[2: Right humeral head, 6: Right elbow, 10: T1]",1.99
gaussian_xyz/case-100575/case-100575_141.23302400927577_-2.4247441045160225_-54.020570367296116.png,"[1: Skull, Cranium, Cranial vault, Calvarium, 2: Right humeral head, Right Proximal humerus, Head of right humerus, Right glenohumeral head, 10: T1, First thoracic vertebra, T1 vertebral body, Upper thoracic vertebra]",5.78
gaussian_xyz/case-100575/case-100575_155.50634732949237_54.346484757142996_-165.15650414535187.png,"[1: Skull, Cranium, Cranial vault, Calvarium, 2: Right humeral head, Right Proximal humerus, Head of right humerus, Right glenohumeral head, 10: T1, First thoracic vertebra, T1 vertebral body, Upper thoracic vertebra]",5.79
gaussian_xyz/case-100575/case-100575_-58.7437818308249_-73.74134578518077_55.5725620624184.png,"[2: Right humeral head, 6: Right elbow, 10: T1]",1.99
gaussian_xyz/case-100575/case-100575_72.7061090232059_-26.5357870942454_292.15022650355377.png,"[2: Right humeral head, 3: Left humeral head, 10: T1]",2.09
gaussian_xyz/case-100575/case-100575_168.41721959823815_47.409344418424794_86.7094538343764.png,"[1: Skull, Cranium, Cranial vault, Calvarium, 2: Right humeral head, Right Proximal humerus, Head of right humerus, Right glenohumeral head, 10: T1, First thoracic vertebra, T1 vertebral body, Upper thoracic vertebra]",5.8
gaussian_xyz/case-100575/case-100575_106.68640661308206_-46.846262141111474_-42.1724377600777.png,"[1: Skull, Cranium, Cranial vault, Calvarium, 2: Right humeral head, Right Proximal humerus, Head of right humerus, Right glenohumeral head, 10: T1, First thoracic vertebra, T1 vertebral body, Upper thoracic vertebra]",5.81
gaussian_xyz/case-100575/case-100575_-148.6283153561593_16.8355956933875_4.65761893120906.png,"[2: Right humeral head, 6: Right elbow, 10: T1]",1.99
gaussian_xyz/case-100575/case-100575_129.04944584769038_-24.02173286293057_-149.26768925475616.png,"[1: Skull, Cranium, Cranial vault, Calvarium, 6: Right elbow, Right olecranon, Right Cubital joint, Right Elbow joint, 10: T1, First thoracic vertebra, T1 vertebral body, Upper thoracic vertebra]",5.24
gaussian_xyz/case-100575/case-100575_119.00017249441305_58.14376017686855_35.85485828551048.png,"[2: Right humeral head, 4: Right scapular inferior angle, 10: T1]",2.26
gaussian_xyz/case-100575/case-100575_14.075154982349517_70.13132646573945_81.58370186916824.png,"[2: Right humeral head, 6: Right elbow, 10: T1]",1.99
gaussian_xyz/case-100575/case-100575_-39.98011121449463_-1.5488026597171773_-53.650159059545544.png,"[11: Carina, 10: T1, 12: Right hemidiaphragm]",2.44
gaussian_xyz/case-100575/case-100575_-124.23454408215092_27.882693335576864_38.502787193934715.png,"[6: Right elbow, 10: T1 vertebral body, 11: Carina]",2.17
gaussian_xyz/case-100575/case-100575_51.93149579322025_8.143573471859712_-74.81206263625617.png,"[11: Carina, 6: Right elbow, 10: T1]",1.99
gaussian_xyz/case-100575/case-100575_97.8860039513907_-16.280271385359594_-0.04645396572905668.png,"[1: Skull, Cranium, Cranial vault, Calvarium, 6: Right elbow, Right olecranon, Right Cubital joint, Right Elbow joint, 10: T1, First thoracic vertebra, T1 vertebral body, Upper thoracic vertebra]",5.24
gaussian_xyz/case-100575/case-100575_-139.50378238368756_-27.413866608071487_65.4215786248737.png,"[2: Right humeral head, 6: Right elbow, 10: T1]",1.99
gaussian_xyz/case-100575/case-100575_-88.514454453395_-34.93710159611761_64.38665262478015.png,"[2: Right humeral head, 6: Right elbow, 10: T1]",1.99
gaussian_xyz/case-100575/case-100575_-8.038659554008092_36.932718665644614_-69.34460094356214.png,"[2: Right humeral head, 6: Right elbow, 10: T1]",1.99
gaussian_xyz/case-100575/case-100575_-116.64476886370856_-30.983424953071395_-161.9008540744063.png,"[10: T1 vertebral body, 11: Carina, 6: Right elbow]",2.17
gaussian_xyz/case-100575/case-100575_58.87675922686171_32.74781276541238_58.89977117744745.png,"[2: Right humeral head, 4: Right scapular inferior angle, 10: T1]",2.26
gaussian_xyz/case-100575/case-100575_52.26594423020768_36.45469912083042_-133.82325571868162.png,"[2: Right humeral head, 6: Right elbow, 10: T1]",1.99
gaussian_xyz/case-100575/case-100575_62.242018873412064_-46.40300045415336_-64.22813068272623.png,"[1: Skull, Cranium, Cranial vault, Calvarium, 6: Right elbow, Right olecranon, Right Cubital joint, Right Elbow joint, 10: T1, First thoracic vertebra, T1 vertebral body, Upper thoracic vertebra]",5.25
gaussian_xyz/case-100575/case-100575_-75.94182640362826_6.073769772670237_-27.10187408935692.png,"[6: Right elbow, 10: T1 vertebral body, 12: Right hemidiaphragm]",2.54
gaussian_xyz/case-100575/case-100575_100.17362023939756_-45.246192414624595_-61.99998667380595.png,"[1: Skull, Cranium, Cranial vault, Calvarium, 6: Right elbow, Right olecranon, Right Cubital joint, Right Elbow joint, 10: T1, First thoracic vertebra, T1 vertebral body, Upper thoracic vertebra]",5.24
gaussian_xyz/case-100575/case-100575_132.2965027725619_-20.74675879098775_112.95865002164958.png,"[1: Skull, Cranium, Cranial vault, Calvarium, 11: Carina, Tracheal bifurcation, Tracheal carina, 10: T1, First thoracic vertebra, T1 vertebral body, Upper thoracic vertebra]",4.8
gaussian_xyz/case-100575/case-100575_-104.73303559763062_-119.79024353692076_10.717709582077168.png,"[6: Right elbow, 10: T1, 12: Right hemidiaphragm]",2.35
gaussian_xyz/case-100575/case-100575_175.33400246034387_-1.6544637316598558_104.74714799244467.png,"[1: Skull, Cranium, Cranial vault, Calvarium, 11: Carina, Tracheal bifurcation, Tracheal carina, 10: T1, First thoracic vertebra, T1 vertebral body, Upper thoracic vertebra]",4.79
gaussian_xyz/case-100575/case-100575_-93.69542767990885_13.797638992468611_-110.74548485861942.png,"[6: Right elbow, 10: T1, 12: Right hemidiaphragm]",2.36
gaussian_xyz/case-100575/case-100575_57.35124198479423_-30.595297921707076_53.395601516515846.png,"[1: Skull, Cranium, Cranial vault, Calvarium, 6: Right elbow, Right olecranon, Right Cubital joint, Right Elbow joint, 10: T1, First thoracic vertebra, T1 vertebral body, Upper thoracic vertebra]",5.24
gaussian_xyz/case-100575/case-100575_-88.98893200078523_-18.934147297672347_-112.23569595927015.png,"[10: T1 vertebral body, 11: Carina, 6: Right elbow]",2.17
gaussian_xyz/case-100575/case-100575_-24.514560649863938_17.63916593510492_-46.59161321233983.png,"[6: Right elbow, 10: T1, 11: Carina]",1.99
gaussian_xyz/case-100575/case-100575_-76.73543208608656_38.485992856603005_53.87475539457153.png,"[1: Skull, Cranium, Cranial vault, Calvarium, 2: Right humeral head, Right Proximal humerus, Head of right humerus, Right glenohumeral head, 10: T1, First thoracic vertebra, T1 vertebral body, Upper thoracic vertebra]",5.78
gaussian_xyz/case-100575/case-100575_-96.83739034735883_-48.87938028999834_64.85736998522125.png,"[6: Right elbow, 10: T1 vertebral body, 12: Right hemidiaphragm]",2.53
gaussian_xyz/case-100575/case-100575_12.644678495859978_36.54167025055802_-11.84729445001818.png,"[2: Right humeral head, 6: Right elbow, 10: T1]",2.0
gaussian_xyz/case-100575/case-100575_-133.18939633069851_-25.473037585786557_-80.08898931415018.png,"[2: Right humeral head, 6: Right elbow, 10: T1]",1.99
gaussian_xyz/case-100575/case-100575_-140.30494001510925_5.158917828150438_-57.65637380745049.png,"[2: Right humeral head, 6: Right elbow, 10: T1]",1.99
gaussian_xyz/case-100575/case-100575_-118.41646687947309_8.884176227272714_-101.18762680694206.png,"[6: Right elbow, 10: T1, 12: Right hemidiaphragm]",2.35
gaussian_xyz/case-100575/case-100575_93.86948697636223_2.7257037698427897_-105.96297864342598.png,"[1: Skull, Cranium, Cranial vault, Calvarium, 2: Right humeral head, Right Proximal humerus, Head of right humerus, Right glenohumeral head, 10: T1, First thoracic vertebra, T1 vertebral body, Upper thoracic vertebra]",5.78
gaussian_xyz/case-100575/case-100575_56.43729135861443_16.25239197722181_118.56121597100442.png,"[1: Skull, Cranium, Cranial vault, Calvarium, 2: Right humeral head, Right Proximal humerus, Head of right humerus, Right glenohumeral head, 10: T1, First thoracic vertebra, T1 vertebral body, Upper thoracic vertebra]",5.78
gaussian_xyz/case-100575/case-100575_-138.53388013581073_23.224272603427043_-18.545893743815284.png,"[10: T1 vertebral body, 11: Carina, 6: Right elbow]",2.17
gaussian_xyz/case-100575/case-100575_-48.95232481870087_-27.753590743394298_46.3637420815877.png,"[2: Right humeral head, 6: Right elbow, 10: T1]",1.99
gaussian_xyz/case-100575/case-100575_-89.78140400739893_-13.029756232635092_152.86544267587104.png,"[1: Skull, Cranium, Cranial vault, Calvarium, 2: Right humeral head, Right Proximal humerus, Head of right humerus, Right glenohumeral head, 10: T1, First thoracic vertebra, T1 vertebral body, Upper thoracic vertebra]",5.78
gaussian_xyz/case-100575/case-100575_-20.572386464427325_-60.69361582747709_92.2553017941134.png,"[2: Right humeral head, 6: Right elbow, 4: Right scapular inferior angle]",2.17
gaussian_xyz/case-100575/case-100575_-101.42080606761063_39.81769875279447_111.01243064090308.png,"[2: Right humeral head, 3: Left humeral head, 10: T1]",2.08
gaussian_xyz/case-100575/case-100575_94.75734564144079_25.685601289759266_115.83829947672588.png,"[1: Skull, Cranium, Cranial vault, Calvarium, 2: Right humeral head, Right Proximal humerus, Head of right humerus, Right glenohumeral head, 3: Left humeral head, Left Proximal humerus, Head of left humerus, Left glenohumeral head]",6.33
gaussian_xyz/case-100575/case-100575_9.6590884047408_-6.570985999831307_-44.42663987148125.png,"[11: Carina, 10: T1, 12: Right hemidiaphragm]",2.44
gaussian_xyz/case-100575/case-100575_133.76873518337743_61.66878725159087_16.082797348270237.png,"[2: Right humeral head, 3: Left humeral head, 10: T1]",2.08
gaussian_xyz/case-100575/case-100575_-84.0151272513784_41.11242321322633_-81.74263889770053.png,"[2: Right humeral head, 6: Right elbow, 10: T1]",2.0
gaussian_xyz/case-100575/case-100575_-150.3789241641448_-35.174655560241696_88.24470451709982.png,"[2: Right humeral head, 6: Right elbow, 10: T1]",1.99
gaussian_xyz/case-100575/case-100575_124.48789821224568_26.644467864432904_-37.633564186558885.png,"[1: Skull, Cranium, Cranial vault, Calvarium, 2: Right humeral head, Right Proximal humerus, Head of right humerus, Right glenohumeral head, 10: T1, First thoracic vertebra, T1 vertebral body, Upper thoracic vertebra]",5.79
gaussian_xyz/case-100575/case-100575_89.42710528773188_43.13977383225709_39.791552454229475.png,"[2: Right humeral head, 3: Left humeral head, 10: T1]",2.08
gaussian_xyz/case-100575/case-100575_-100.8709216697148_-20.619215799193167_-47.34282533177385.png,"[6: Right elbow, 10: T1 vertebral body, 12: Right hemidiaphragm]",2.53
gaussian_xyz/case-100575/case-100575_-44.338100408682976_4.1178046764208585_-16.9576761992533.png,"[1: Skull, Cranium, Cranial vault, Calvarium, 11: Carina, Tracheal bifurcation, Tracheal carina, 10: T1, First thoracic vertebra, T1 vertebral body, Upper thoracic vertebra]",4.79
gaussian_xyz/case-100575/case-100575_-126.9633315534989_69.18245841663047_84.84631997854139.png,"[6: Right elbow, 10: T1, 12: Right hemidiaphragm]",2.35
gaussian_xyz/case-100575/case-100575_67.77141508054513_-77.55030294813709_0.6224652689076221.png,"[2: Right humeral head, 3: Left humeral head, 10: T1]",2.08
gaussian_xyz/case-100575/case-100575_-110.7078626932755_-45.02808782513184_16.764453511777226.png,"[1: Skull, Cranium, Cranial vault, Calvarium, 2: Right humeral head, Right Proximal humerus, Head of right humerus, Right glenohumeral head, 10: T1, First thoracic vertebra, T1 vertebral body, Upper thoracic vertebra]",5.78
gaussian_xyz/case-100575/case-100575_-152.52976141028492_10.408444975850951_-117.43577494804099.png,"[2: Right humeral head, 6: Right elbow, 10: T1]",1.99
gaussian_xyz/case-100575/case-100575_-175.8673073981143_77.11614636362799_-117.13305311336093.png,"[6: Right elbow, 2: Right humeral head, 10: T1]",1.99
gaussian_xyz/case-100575/case-100575_-9.42083368183637_-14.114057693777479_72.62344497636508.png,"[11: Carina, 10: T1, 12: Right hemidiaphragm]",2.45
gaussian_xyz/case-100575/case-100575_165.58545083002173_8.483356575538606_-14.542207094219323.png,"[1: Skull, Cranium, Cranial vault, Calvarium, 11: Carina, Tracheal bifurcation, Tracheal carina, 10: T1, First thoracic vertebra, T1 vertebral body, Upper thoracic vertebra]",4.79
gaussian_xyz/case-100575/case-100575_-78.0914299446668_60.79574643348748_-244.20216830388895.png,"[6: Right elbow, 10: T1 vertebral body, 12: Right hemidiaphragm]",2.53
gaussian_xyz/case-100575/case-100575_55.67015404798306_-65.74399128429549_2.0127864017750623.png,"[2: Right humeral head, 3: Left humeral head, 10: T1]",2.08
gaussian_xyz/case-100575/case-100575_-114.37116497756904_-4.875417698099826_7.5697825245662225.png,"[1: Skull, Cranium, Cranial vault, Calvarium, 2: Right humeral head, Right Proximal humerus, Head of right humerus, Right glenohumeral head, 10: T1, First thoracic vertebra, T1 vertebral body, Upper thoracic vertebra]",5.78
gaussian_xyz/case-100575/case-100575_-170.56970868720873_0.2727708801562692_-160.57906769089755.png,"[6: Right elbow, 10: T1, 12: Right hemidiaphragm]",2.35
gaussian_xyz/case-100575/case-100575_144.91952663752016_49.03190032791764_-59.76191978655353.png,"[1: Skull, Cranium, Cranial vault, Calvarium, 2: Right humeral head, Right Proximal humerus, Head of right humerus, Right glenohumeral head, 6: Right elbow, Right olecranon, Right Cubital joint, Right Elbow joint]",5.79
gaussian_xyz/case-100575/case-100575_42.67088509174701_-21.451341917996103_2.651833495648884.png,"[2: Right humeral head, 3: Left humeral head, 11: Carina]",2.08
gaussian_xyz/case-100575/case-100575_20.79071017080574_6.557220753755079_4.559223431798596.png,"[11: Carina, 10: T1, 6: Right elbow]",1.99
gaussian_xyz/case-100575/case-100575_120.938859481029_-0.7732162971011133_-66.67641957981506.png,"[1: Skull, Cranium, Cranial vault, Calvarium, 6: Right elbow, Right olecranon, Right Cubital joint, Right Elbow joint, 10: T1, First thoracic vertebra, T1 vertebral body, Upper thoracic vertebra]",5.25
gaussian_xyz/case-100575/case-100575_-92.38048911116998_41.74451372977282_-70.54617218489885.png,"[6: Right elbow, 10: T1, 12: Right hemidiaphragm]",2.35
gaussian_xyz/case-100575/case-100575_81.7696067024761_-3.6081040811972267_54.31531716992241.png,"[1: Skull, Cranium, Cranial vault, Calvarium, 2: Right humeral head, Right Proximal humerus, Head of right humerus, Right glenohumeral head, 10: T1, First thoracic vertebra, T1 vertebral body, Upper thoracic vertebra]",5.79
gaussian_xyz/case-100575/case-100575_74.25110143861488_2.4449972582401407_4.405175581586544.png,"[1: Skull, Cranium, Cranial vault, Calvarium, 11: Carina, Tracheal bifurcation, Tracheal carina, 10: T1, First thoracic vertebra, T1 vertebral body, Upper thoracic vertebra]",4.79
gaussian_xyz/case-100575/case-100575_52.29271013406506_10.015755081536028_119.4533890936699.png,"[2: Right humeral head, 3: Left humeral head, 11: Carina]",2.08
gaussian_xyz/case-100575/case-100575_-10.35479434236592_18.420746272421255_34.06516726469822.png,"[2: Right humeral head, 3: Left humeral head, 10: T1]",2.08
gaussian_xyz/case-100575/case-100575_11.83943412279939_-5.4259685611313975_-136.91882360378727.png,"[11: Carina, 2: Right humeral head, 10: T1]",2.08
gaussian_xyz/case-100575/case-100575_-56.821427824143925_2.171945792892211_-2.2872040569191254.png,"[1: Skull, Cranium, Cranial vault, Calvarium, 10: T1 vertebral body, 11: Carina, Tracheal bifurcation, Tracheal carina]",3.8
gaussian_xyz/case-100575/case-100575_-43.02185249074216_-28.41179464674425_-33.97184651405223.png,"[2: Right humeral head, 6: Right elbow, 10: T1]",1.99
gaussian_xyz/case-100575/case-100575_-162.4204308066644_0.9334014096380839_-36.438325889526865.png,"[1: Skull, Cranium, Cranial vault, Calvarium, 6: Right elbow, Right olecranon, Right Cubital joint, Right Elbow joint, 10: T1, First thoracic vertebra, T1 vertebral body, Upper thoracic vertebra]",5.24
gaussian_xyz/case-100575/case-100575_105.91938490448189_-56.4070262041914_56.58830074434997.png,"[1: Skull, Cranium, Cranial vault, Calvarium, 2: Right humeral head, Right Proximal humerus, Head of right humerus, Right glenohumeral head, 10: T1, First thoracic vertebra, T1 vertebral body, Upper thoracic vertebra]",5.78
gaussian_xyz/case-100575/case-100575_-23.289895769964858_59.6597636909575_-63.70229926077452.png,"[6: Right elbow, 2: Right humeral head, 10: T1]",1.99
gaussian_xyz/case-100575/case-100575_-164.20513519272774_108.07090058209124_-73.1965836103483.png,"[2: Right humeral head, 6: Right elbow, 10: T1]",2.0
gaussian_xyz/case-100575/case-100575_-111.8595834947141_-58.09766890926654_29.130501715299236.png,"[6: Right elbow, 10: T1, 11: Carina]",1.99
gaussian_xyz/case-100575/case-100575_-66.05096223894172_-67.09547766259362_70.98349677366545.png,"[2: Right humeral head, 6: Right elbow, 10: T1]",1.99
gaussian_xyz/case-100575/case-100575_170.17341966980234_-3.354603864478631_-102.44166648266881.png,"[1: Skull, Cranium, Cranial vault, Calvarium, 11: Carina, Tracheal bifurcation, Tracheal carina, 10: T1, First thoracic vertebra, T1 vertebral body, Upper thoracic vertebra]",4.79
gaussian_xyz/case-100575/case-100575_22.742822051679184_-58.87836156971118_79.16514452186937.png,"[2: Right humeral head, 3: Left humeral head, 10: T1]",2.08
gaussian_xyz/case-100575/case-100575_2.664686735302638_-14.387255843195593_74.7037939399807.png,"[2: Right humeral head, 6: Right elbow, 10: T1]",1.99
gaussian_xyz/case-100575/case-100575_-52.10707215009076_-42.62568852896901_-33.517108629926256.png,"[6: Right elbow, 10: T1, 12: Right hemidiaphragm]",2.35
gaussian_xyz/case-100575/case-100575_-140.0954881599044_45.43190971463046_-124.0508065427571.png,"[2: Right humeral head, 6: Right elbow, 10: T1]",1.99
gaussian_xyz/case-100575/case-100575_35.00625888828145_-22.821529842703598_-231.4476740729857.png,"[10: T1 vertebral body, 11: Carina, 6: Right elbow]",2.18
gaussian_xyz/case-100575/case-100575_-115.55936609928446_57.3416109526027_44.28120279515609.png,"[2: Right humeral head, 6: Right elbow, 10: T1]",1.99
gaussian_xyz/case-100575/case-100575_39.357057604225815_24.1605396641277_-77.18984341002636.png,"[11: Carina, 10: T1, 6: Right elbow]",1.99
gaussian_xyz/case-100575/case-100575_-110.11250471667833_-33.28748367857851_-37.13018141076314.png,"[10: T1 vertebral body, 11: Carina, 6: Right elbow]",2.17
gaussian_xyz/case-100575/case-100575_12.092245766506096_-71.1099983117021_-148.51773924043275.png,"[2: Right humeral head, 6: Right elbow, 10: T1]",1.99
gaussian_xyz/case-100575/case-100575_141.0091494953985_38.3503598698342_26.812255132554853.png,"[1: Skull, Cranium, Cranial vault, Calvarium, 2: Right humeral head, Right Proximal humerus, Head of right humerus, Right glenohumeral head, 10: T1, First thoracic vertebra, T1 vertebral body, Upper thoracic vertebra]",5.78
gaussian_xyz/case-100575/case-100575_-12.544054961677517_-18.64511179688908_49.488025978946986.png,"[2: Right proximal humerus, 3: Left humeral head, 10: T1]",2.17
gaussian_xyz/case-100575/case-100575_5.379601960737091_3.560605837590225_-94.129951434622.png,"[10: T1 vertebral body, 11: Carina, 12: Right hemidiaphragm]",2.63
gaussian_xyz/case-100575/case-100575_-172.87349137552587_-32.69342770477963_-69.3018190816292.png,"[6: Right elbow, 2: Right humeral head, 10: T1]",1.99
gaussian_xyz/case-100575/case-100575_2.4062297005367554_-12.803435176401203_-171.12672492298998.png,"[6: Right elbow, 10: T1 vertebral body, 11: Carina]",2.17
gaussian_xyz/case-100575/case-100575_-4.360648360384403_-59.35391711275121_9.718269842862124.png,"[2: Right humeral head, 3: Left humeral head, 4: Right scapular inferior angle]",2.73
gaussian_xyz/case-100575/case-100575_-27.893649458543337_-58.60835952071948_60.45716516307903.png,"[2: Right humeral head, 6: Right elbow, 10: T1]",1.99
gaussian_xyz/case-100575/case-100575_-54.954394172853085_-12.39990423342418_87.59631390569955.png,"[2: Right humeral head, 6: Right elbow, 10: T1]",1.99
gaussian_xyz/case-100575/case-100575_10.941646553849836_-58.25725461875004_206.37027392297318.png,"[2: Right humeral head, 6: Right elbow, 10: T1]",1.99
gaussian_xyz/case-100575/case-100575_-70.23674094464741_28.372352940819027_-18.03540600319799.png,"[10: T1 vertebral body, 11: Carina, 6: Right elbow]",2.17
gaussian_xyz/case-100575/case-100575_-30.05556553845824_54.59849909017941_-73.11587766795964.png,"[6: Right elbow, 10: T1 vertebral body, 12: Right hemidiaphragm]",2.53
gaussian_xyz/case-100575/case-100575_-90.81255033435315_-40.60668874934282_-85.07506171110431.png,"[2: Right humeral head, 6: Right elbow, 10: T1]",1.99
gaussian_xyz/case-100575/case-100575_115.73609306144562_10.615213694804803_-95.53405347484697.png,"[1: Skull, Cranium, Cranial vault, Calvarium, 2: Right humeral head, Right Proximal humerus, Head of right humerus, Right glenohumeral head, 10: T1, First thoracic vertebra, T1 vertebral body, Upper thoracic vertebra]",5.77
gaussian_xyz/case-100575/case-100575_78.88661882140565_106.3365795121752_-76.18955086419365.png,"[2: Right humeral head, 4: Right scapular inferior angle, 6: Right elbow]",2.17
gaussian_xyz/case-100575/case-100575_98.64022097734312_17.225071896517196_167.22717363485404.png,"[1: Skull, Cranium, Cranial vault, Calvarium, 2: Right humeral head, Right Proximal humerus, Head of right humerus, Right glenohumeral head, 10: T1, First thoracic vertebra, T1 vertebral body, Upper thoracic vertebra]",5.77
gaussian_xyz/case-100575/case-100575_71.43060009996316_27.94408933416694_80.00822580684468.png,"[1: Skull, Cranium, Cranial vault, Calvarium, 3: Left humeral head, Left Proximal humerus, Head of left humerus, Left glenohumeral head, 10: T1, First thoracic vertebra, T1 vertebral body, Upper thoracic vertebra]",5.78
gaussian_xyz/case-100575/case-100575_-117.54209129065836_37.248294214951834_68.27794081765074.png,"[2: Right humeral head, 6: Right elbow, 10: T1]",1.99
gaussian_xyz/case-100575/case-100575_-161.25172800896948_-46.771671226877814_106.39722672243404.png,"[2: Right humeral head, 6: Right elbow, 10: T1]",1.99
gaussian_xyz/case-100575/case-100575_-158.92904764733976_4.905062474581894_-102.3952442465013.png,"[10: T1 vertebral body, 11: Carina, 6: Right elbow]",2.17
gaussian_xyz/case-100575/case-100575_69.17265025890904_8.249588125365614_197.5685863442055.png,"[1: Skull, Cranium, Cranial vault, Calvarium, 2: Right humeral head, Right Proximal humerus, Head of right humerus, Right glenohumeral head, 10: T1, First thoracic vertebra, T1 vertebral body, Upper thoracic vertebra]",5.78
gaussian_xyz/case-100575/case-100575_148.92173919621644_-27.84782577818232_17.073180249530964.png,"[1: Skull, Cranium, Cranial vault, Calvarium, 10: T1, First thoracic vertebra, T1 vertebral body, Upper thoracic vertebra, 11: Carina, Tracheal bifurcation, Tracheal carina]",4.79
gaussian_xyz/case-100575/case-100575_-118.94951254385334_7.010276739317396_47.85771551243221.png,"[6: Right elbow, 10: T1 vertebral body, 12: Right hemidiaphragm]",2.53
gaussian_xyz/case-100575/case-100575_33.55197637107733_52.35594463241943_-169.90091293380516.png,"[2: Right humeral head, 6: Right elbow, 10: T1]",1.99
gaussian_xyz/case-100575/case-100575_159.64382764085326_0.23346877437744112_-40.123150579674764.png,"[1: Skull, Cranium, Cranial vault, Calvarium, 11: Carina, Tracheal bifurcation, Tracheal carina, 10: T1, First thoracic vertebra, T1 vertebral body, Upper thoracic vertebra]",4.79
gaussian_xyz/case-100575/case-100575_-64.75410678175926_69.11490906804607_63.775684242581136.png,"[1: Skull, Cranium, Cranial vault, Calvarium, 2: Right humeral head, Right Proximal humerus, Head of right humerus, Right glenohumeral head, 10: T1, First thoracic vertebra, T1 vertebral body, Upper thoracic vertebra]",5.79
gaussian_xyz/case-100575/case-100575_162.89749626267132_40.859382713206685_-46.6406057092621.png,"[1: Skull, Cranium, Cranial vault, Calvarium, 2: Right humeral head, Right Proximal humerus, Head of right humerus, Right glenohumeral head, 10: T1, First thoracic vertebra, T1 vertebral body, Upper thoracic vertebra]",5.79
gaussian_xyz/case-100575/case-100575_147.9169075100109_-6.016885472882506_-81.81630334858654.png,"[1: Skull, Cranium, Cranial vault, Calvarium, 2: Right humeral head, Right Proximal humerus, Head of right humerus, Right glenohumeral head, 10: T1, First thoracic vertebra, T1 vertebral body, Upper thoracic vertebra]",5.78
gaussian_xyz/case-100575/case-100575_-22.35918308942786_-26.927979850552116_66.44320221683576.png,"[2: Right humeral head, 3: Left humeral head, 10: T1]",2.08
gaussian_xyz/case-100575/case-100575_35.50317210901909_-72.10200885329989_-116.95544540907137.png,"[6: Right elbow, 2: Right humeral head, 10: T1]",2.0
gaussian_xyz/case-100575/case-100575_101.24232360112592_11.48117569826596_-62.343837828228665.png,"[1: Skull, Cranium, Cranial vault, Calvarium, 3: Left humeral head, Left Proximal humerus, Head of left humerus, Left glenohumeral head, 10: T1, First thoracic vertebra, T1 vertebral body, Upper thoracic vertebra]",5.76
gaussian_xyz/case-100575/case-100575_-85.87485745441109_56.657100128010384_-47.389278100687214.png,"[6: Right elbow, 10: T1, 12: Right hemidiaphragm]",2.35
gaussian_xyz/case-100575/case-100575_110.95774705200489_23.9676932022657_44.62101591062468.png,"[1: Skull, Cranium, Cranial vault, Calvarium, 2: Right humeral head, Right Proximal humerus, Head of right humerus, Right glenohumeral head, 10: T1, First thoracic vertebra, T1 vertebral body, Upper thoracic vertebra]",5.76
gaussian_xyz/case-100575/case-100575_-154.96006800605278_94.70530627150828_75.41536770251835.png,"[6: Right elbow, 2: Right humeral head, 10: T1]",1.98
gaussian_xyz/case-100575/case-100575_10.907910546224855_-57.83208521215179_-98.64516136563047.png,"[2: Right humeral head, 6: Right elbow, 10: T1]",1.98
gaussian_xyz/case-100575/case-100575_141.40917119783938_7.307776646498317_168.80074068797722.png,"[1: Skull, Cranium, Cranial vault, Calvarium, 6: Right elbow, Right olecranon, Right Cubital joint, Right Elbow joint, 11: Carina, Tracheal bifurcation, Tracheal carina]",4.77
gaussian_xyz/case-100575/case-100575_69.48199871263205_-12.875913922074625_84.61443487712152.png,"[2: Right humeral head, 3: Left humeral head, 10: T1]",2.07
gaussian_xyz/case-100575/case-100575_-0.23285711438774115_-2.93355041271438_-61.724306981274324.png,"[11: Carina, 10: T1, 5: Left scapular inferior angle]",2.25
gaussian_xyz/case-100575/case-100575_37.41886684301522_-6.200910501164985_3.3782492977266565.png,"[11: Carina, 10: T1, 12: Right hemidiaphragm]",2.43
gaussian_xyz/case-100575/case-100575_27.266045380160904_5.164714169236481_-20.390185222349952.png,"[11: Carina, 10: T1, 12: Right hemidiaphragm]",2.44
gaussian_xyz/case-100575/case-100575_103.96355437074061_2.6057657746983462_-18.751794585936484.png,"[1: Skull, Cranium, Cranial vault, Calvarium, 3: Left humeral head, Left Proximal humerus, Head of left humerus, Left glenohumeral head, 10: T1, First thoracic vertebra, T1 vertebral body, Upper thoracic vertebra]",5.76
gaussian_xyz/case-100575/case-100575_141.9809535927343_62.33275859264206_92.46549897024939.png,"[1: Skull, Cranium, Cranial vault, Calvarium, 2: Right humeral head, Right Proximal humerus, Head of right humerus, Right glenohumeral head, 10: T1, First thoracic vertebra, T1 vertebral body, Upper thoracic vertebra]",5.77
gaussian_xyz/case-100575/case-100575_-103.11177033195979_-65.19555305569759_139.75521918526314.png,"[6: Right elbow, 2: Right humeral head, 10: T1]",1.99
gaussian_xyz/case-100575/case-100575_90.05143539175742_39.184535984144105_-2.455241487687051.png,"[2: Right humeral head, 6: Right elbow, 10: T1]",1.98
gaussian_xyz/case-100575/case-100575_-13.114101719656873_64.21480238337061_-28.965505672230744.png,"[2: Right humeral head, 4: Right scapular inferior angle, 10: T1]",2.25
gaussian_xyz/case-100575/case-100575_70.21503327833022_-50.93469441646311_-7.482326058084683.png,"[2: Right humeral head, 3: Left humeral head, 10: T1]",2.07
gaussian_xyz/case-100575/case-100575_96.19648786906527_-4.0451317398138045_120.81540771205293.png,"[1: Skull, Cranium, Cranial vault, Calvarium, 11: Carina, Tracheal bifurcation, Tracheal carina, 10: T1, First thoracic vertebra, T1 vertebral body, Upper thoracic vertebra]",4.77
gaussian_xyz/case-101149/case-101149_183.19973518748643_30.994782146469163_-89.85605209904188.png,"[1: Skull, Cranium, Cranial vault, Calvarium, 2: Right humeral head, Right Proximal humerus, Head of right humerus, Right glenohumeral head, 6: Right elbow, Right olecranon, Right Cubital joint, Right Elbow joint]",5.76
gaussian_xyz/case-101149/case-101149_1.6782639906905104_-4.666448856873113_-197.27995208437835.png,"[2: Right humeral head, 6: Right elbow, 10: T1]",1.98
gaussian_xyz/case-101149/case-101149_31.238498648035232_7.768380929461998_167.24447501097683.png,"[2: Right humeral head, 3: Left humeral head, 10: T1]",2.07
gaussian_xyz/case-101149/case-101149_-65.35169758656602_72.03587906213059_225.3135046766601.png,"[2: Right humeral head, 6: Right elbow, 10: T1]",1.98
gaussian_xyz/case-101149/case-101149_-52.008667951832024_52.26763690719192_-46.31814073194656.png,"[10: T1 vertebral body, 11: Carina, 6: Right elbow]",2.16
gaussian_xyz/case-101149/case-101149_-219.50773302138072_3.8279274162526873_-163.69803931966374.png,"[6: Right elbow, 10: T1, 12: Right hemidiaphragm]",2.35
gaussian_xyz/case-101149/case-101149_-202.20098076299365_65.20044480107278_-105.28481802420555.png,"[2: Right humeral head, 6: Right elbow, 10: T1]",1.98
gaussian_xyz/case-101149/case-101149_74.45950082203794_6.788821726058299_-14.7198400368176.png,"[10: T1 vertebral body, 11: Carina, 6: Right elbow]",2.17
gaussian_xyz/case-101149/case-101149_-169.10508645801428_-30.603349578822137_-11.898877676479763.png,"[10: T1 vertebral body, 11: Carina, 6: Right elbow]",2.14
gaussian_xyz/case-101149/case-101149_-134.6419458157005_-16.437605231073317_-36.277265383370924.png,"[10: T1 vertebral body, 11: Carina, 6: Right elbow]",2.14
gaussian_xyz/case-101149/case-101149_-82.56743221728917_-17.23842722422642_-125.10229812766394.png,"[6: Right elbow, 2: Right humeral head, 10: T1]",1.98
gaussian_xyz/case-101149/case-101149_-99.36716247922759_-137.22952220352252_157.95352936235608.png,"[2: Right humeral head, 6: Right elbow, 4: Right scapular inferior angle]",2.15
gaussian_xyz/case-101149/case-101149_126.74493004599324_-31.657575528292977_47.90099976781773.png,"[2: Right humeral head, 3: Left humeral head, 10: T1]",2.06
gaussian_xyz/case-101149/case-101149_-51.60028335246227_31.975658346290047_-56.757173073188106.png,"[1: Skull, Cranium, Cranial vault, Calvarium, 11: Carina, Tracheal bifurcation, Tracheal carina, 6: Right elbow, Right olecranon, Right Cubital joint, Right Elbow joint]",4.72
gaussian_xyz/case-101149/case-101149_38.57574280276404_6.339993153414185_158.09037760587938.png,"[2: Right humeral head, 10: T1 vertebral body, 12: Right hemidiaphragm]",2.6
gaussian_xyz/case-101149/case-101149_3.652439243341945_80.10700603361676_3.8488609694685803.png,"[6: Right elbow, 10: T1, 11: Carina]",1.97
gaussian_xyz/case-101149/case-101149_-21.75239195357915_15.601438979424675_18.62663473764959.png,"[2: Right humeral head, 6: Right elbow, 10: T1]",1.98
gaussian_xyz/case-101149/case-101149_211.26527216187063_101.27828133886459_106.3369287232421.png,"[1: Skull, Cranium, Cranial vault, Calvarium, 6: Right elbow, Right olecranon, Right Cubital joint, Right Elbow joint, 10: T1, First thoracic vertebra, T1 vertebral body, Upper thoracic vertebra]",5.22
gaussian_xyz/case-101149/case-101149_-34.78365657812947_-29.964377488540602_6.641846447593622.png,"[2: Right humeral head, 6: Right elbow, 10: T1]",1.99
gaussian_xyz/case-101149/case-101149_151.56968789254697_28.423647663399887_-8.733337799467886.png,"[1: Skull, Cranium, Cranial vault, Calvarium, 6: Right elbow, Right olecranon, Right Cubital joint, Right Elbow joint, 10: T1, First thoracic vertebra, T1 vertebral body, Upper thoracic vertebra]",5.22
gaussian_xyz/case-101149/case-101149_-17.494744302911727_37.69369143317487_-30.006306609358184.png,"[11: Carina, 6: Right elbow, 10: T1]",1.98
gaussian_xyz/case-101149/case-101149_198.5593706279935_83.46914135070847_-88.60019355695876.png,"[1: Skull, Cranium, Cranial vault, Calvarium, 2: Right humeral head, Right Proximal humerus, Head of right humerus, Right glenohumeral head, 6: Right elbow, Right olecranon, Right Cubital joint, Right Elbow joint]",5.77
gaussian_xyz/case-101149/case-101149_206.9235138158277_83.43795619411067_32.91076232058142.png,"[1: Skull, Cranium, Cranial vault, Calvarium, 2: Right humeral head, Right Proximal humerus, Head of right humerus, Right glenohumeral head, 10: T1, First thoracic vertebra, T1 vertebral body, Upper thoracic vertebra]",5.77
gaussian_xyz/case-101149/case-101149_-102.92126881226571_19.08442034195676_-18.865720445557805.png,"[2: Right humeral head, 6: Right elbow, 10: T1]",1.99
gaussian_xyz/case-101149/case-101149_-0.25215408665434325_-41.75666047190694_-87.57646269159281.png,"[2: Right humeral head, 4: Right scapular inferior angle, 10: T1]",2.25
gaussian_xyz/case-101149/case-101149_85.59048835662557_-6.99229574672346_-56.052579044947926.png,"[2: Right humeral head, 6: Right elbow, 10: T1]",1.99
gaussian_xyz/case-101149/case-101149_-135.6907226848994_-3.080864797930776_-38.19196902671151.png,"[6: Right elbow, 2: Right humeral head, 10: T1]",1.98
gaussian_xyz/case-101149/case-101149_-9.175317336975837_-34.65934239448378_-79.7065620668366.png,"[2: Right humeral head, 6: Right elbow, 10: T1]",1.99
gaussian_xyz/case-101149/case-101149_-100.29446807593057_11.481918969296862_27.230871694632917.png,"[6: Right elbow, 2: Right humeral head, 10: T1]",1.99
gaussian_xyz/case-101149/case-101149_139.24415589098166_49.56107472695785_33.85167332825756.png,"[1: Skull, Cranium, Cranial vault, Calvarium, 10: T1, First thoracic vertebra, T1 vertebral body, Upper thoracic vertebra, 11: Carina, Tracheal bifurcation, Tracheal carina]",4.78
gaussian_xyz/case-101149/case-101149_192.88564660221132_3.4293930613846433_-39.50817310669573.png,"[1: Skull, Cranium, Cranial vault, Calvarium, 6: Right elbow, Right olecranon, Right Cubital joint, Right Elbow joint, 10: T1, First thoracic vertebra, T1 vertebral body, Upper thoracic vertebra]",5.23
gaussian_xyz/case-101149/case-101149_189.52787672871213_30.960983967108735_-61.564006731190325.png,"[1: Skull, Cranium, Cranial vault, Calvarium, 2: Right humeral head, Right Proximal humerus, Head of right humerus, Right glenohumeral head, 10: T1, First thoracic vertebra, T1 vertebral body, Upper thoracic vertebra]",5.77
gaussian_xyz/case-101149/case-101149_-31.357073821490587_19.375012807331057_80.42496846454776.png,"[2: Right humeral head, 6: Right elbow, 10: T1]",1.99
gaussian_xyz/case-101149/case-101149_-185.59188793929724_-15.27897928439855_30.077569291077722.png,"[6: Right elbow, 10: T1 vertebral body, 12: Right hemidiaphragm]",2.53
gaussian_xyz/case-101149/case-101149_-140.59831673014685_59.609751238911_205.37845643476635.png,"[6: Right elbow, 10: T1, 12: Right hemidiaphragm]",2.34
gaussian_xyz/case-101149/case-101149_18.88020316094844_-29.15757907186397_37.53790392333109.png,"[2: Right humeral head, 4: Right scapular inferior angle, 10: T1]",2.26
gaussian_xyz/case-101149/case-101149_-208.41665778212976_47.56143594375778_131.72609951482775.png,"[6: Right elbow, 12: Right hemidiaphragm, 10: T1]",2.35
gaussian_xyz/case-101149/case-101149_103.6660528446964_-30.806290496866477_-27.249871507588765.png,"[2: Right humeral head, 6: Right elbow, 10: T1]",1.99
gaussian_xyz/case-101149/case-101149_195.36837542634723_-35.45863098922073_-134.62252152742852.png,"[1: Skull, Cranium, Cranial vault, Calvarium, 2: Right humeral head, Right Proximal humerus, Head of right humerus, Right glenohumeral head, 10: T1, First thoracic vertebra, T1 vertebral body, Upper thoracic vertebra]",5.76
gaussian_xyz/case-101149/case-101149_-207.7676340706768_-105.27694321762819_94.09741081035939.png,"[11: Carina, 10: T1 vertebral body, 12: Right hemidiaphragm]",2.62
gaussian_xyz/case-101149/case-101149_-185.49402346749633_-57.921084884695375_115.58946449570435.png,"[10: T1 vertebral body, 11: Carina, 6: Right elbow]",2.17
gaussian_xyz/case-101149/case-101149_-42.290726360449355_-53.339459123239024_-85.21864132370537.png,"[2: Right humeral head, 6: Right elbow, 10: T1]",1.99
gaussian_xyz/case-101149/case-101149_172.4284485790965_-22.811337296342785_119.46271234010067.png,"[1: Skull, Cranium, Cranial vault, Calvarium, 2: Right humeral head, Right Proximal humerus, Head of right humerus, Right glenohumeral head, 10: T1, First thoracic vertebra, T1 vertebral body, Upper thoracic vertebra]",5.77
gaussian_xyz/case-101149/case-101149_157.6104233361626_-109.36518064328818_-46.17467744875138.png,"[2: Right humeral head, 6: Right elbow, 10: T1]",1.99
gaussian_xyz/case-101149/case-101149_135.4537266251326_-7.849575382794944_-26.876438055297896.png,"[1: Skull, Cranium, Cranial vault, Calvarium, 2: Right humeral head, Right Proximal humerus, Head of right humerus, Right glenohumeral head, 10: T1, First thoracic vertebra, T1 vertebral body, Upper thoracic vertebra]",5.77
gaussian_xyz/case-101149/case-101149_108.11641251246024_39.739229827431785_46.0333527854441.png,"[1: Skull, Cranium, Cranial vault, Calvarium, 11: Carina, Tracheal bifurcation, Tracheal carina, 10: T1, First thoracic vertebra, T1 vertebral body, Upper thoracic vertebra]",4.78
gaussian_xyz/case-101149/case-101149_-147.4135939212232_28.785950675529385_-152.42258983611546.png,"[6: Right elbow, 10: T1, 12: Right hemidiaphragm]",2.35
gaussian_xyz/case-101149/case-101149_-125.76033590148472_-9.043912976318605_89.72199368561876.png,"[6: Right elbow, 10: T1, 12: Right hemidiaphragm]",2.35
gaussian_xyz/case-101149/case-101149_0.1567290706871347_84.69830536572603_-56.714173945893975.png,"[2: Right humeral head, 6: Right elbow, 10: T1]",1.99
gaussian_xyz/case-101149/case-101149_115.70765140567639_6.517928603624872_-115.37024010788646.png,"[2: Right humeral head, 3: Left humeral head, 10: T1]",2.08
gaussian_xyz/case-101149/case-101149_-146.30249653215003_6.453706101974224_53.37520809791263.png,"[2: Right humeral head, 6: Right elbow, 10: T1]",1.99
gaussian_xyz/case-101149/case-101149_-207.4686069873631_44.54234281621607_115.12130503630675.png,"[10: T1 vertebral body, 11: Carina, 12: Right hemidiaphragm]",2.62
gaussian_xyz/case-101149/case-101149_-20.372619379419632_-77.10824729336532_246.2100178548018.png,"[2: Right humeral head, 3: Left humeral head, 4: Right scapular inferior angle]",2.26
gaussian_xyz/case-101149/case-101149_-105.16399763324097_-22.74528231845114_-144.99414546701408.png,"[2: Right humeral head, 6: Right elbow, 10: T1]",1.99
gaussian_xyz/case-101149/case-101149_116.7999397174286_-21.20421961922527_-114.72138220030763.png,"[2: Right humeral head, 6: Right elbow, 10: T1]",1.99
gaussian_xyz/case-101149/case-101149_-120.3137318378939_19.263996903489858_91.12515858986245.png,"[2: Right humeral head, 6: Right elbow, 10: T1]",1.99
gaussian_xyz/case-101149/case-101149_-206.61612749278697_9.688229842488166_74.78244803774274.png,"[10: T1 vertebral body, 11: Carina, 12: Right hemidiaphragm]",2.62
gaussian_xyz/case-101149/case-101149_-102.59441404746143_9.693670710078917_-183.40178490545767.png,"[6: Right elbow, 10: T1, 12: Right hemidiaphragm]",2.34
gaussian_xyz/case-101149/case-101149_-18.659422672785524_-11.549129876244235_-159.1523730081541.png,"[10: T1 vertebral body, 6: Right elbow, 12: Right hemidiaphragm]",2.53
gaussian_xyz/case-101149/case-101149_-15.374122726863703_-21.922045001815324_-110.72975230636499.png,"[2: Right humeral head, 6: Right elbow, 10: T1]",1.98
gaussian_xyz/case-101149/case-101149_214.74494364924172_13.013937020172243_-49.673204283936435.png,"[1: Skull, Cranium, Cranial vault, Calvarium, 2: Right humeral head, Right Proximal humerus, Head of right humerus, Right glenohumeral head, 10: T1, First thoracic vertebra, T1 vertebral body, Upper thoracic vertebra]",5.77
gaussian_xyz/case-101149/case-101149_-118.78236875095762_-61.5232615830115_-56.638083877337806.png,"[6: Right elbow, 10: T1 vertebral body, 11: Carina]",2.17
gaussian_xyz/case-101149/case-101149_29.653182624144364_-8.50160822505327_-110.09588396144237.png,"[2: Right humeral head, 6: Right elbow, 10: T1]",1.99
gaussian_xyz/case-101149/case-101149_212.02578519960375_38.80906495195087_79.48836655587229.png,"[1: Skull, Cranium, Cranial vault, Calvarium, 6: Right elbow, Right olecranon, Right Cubital joint, Right Elbow joint, 10: T1, First thoracic vertebra, T1 vertebral body, Upper thoracic vertebra]",5.23
gaussian_xyz/case-101149/case-101149_-5.1479098607578635_-28.414247425497123_-28.912939357716127.png,"[2: Right humeral head, 6: Right elbow, 10: T1]",1.99
gaussian_xyz/case-101149/case-101149_36.37518933499072_-76.69244144199254_177.53464843300745.png,"[2: Right humeral head, 3: Left humeral head, 6: Right elbow]",1.99
gaussian_xyz/case-101149/case-101149_-2.8756165925192363_-103.19386094794858_-33.332403376758016.png,"[2: Right humeral head, 4: Right scapular inferior angle, 6: Right elbow]",2.17
gaussian_xyz/case-101149/case-101149_-38.54979440383073_36.30959115222639_-123.57861715439368.png,"[1: Skull, Cranium, Cranial vault, Calvarium, 10: T1 vertebral body, T1 vertebral body, Upper thoracic vertebra, 12: Right hemidiaphragm, Right Diaphragmatic dome, Right Diaphragmatic crus]",5.51
gaussian_xyz/case-101149/case-101149_-222.1116427838885_50.77635768797415_88.11089052117535.png,"[1: Skull, Cranium, Cranial vault, Calvarium, 10: T1, First thoracic vertebra, T1 vertebral body, Upper thoracic vertebra, 11: Carina, Tracheal bifurcation, Tracheal carina]",4.77
gaussian_xyz/case-101149/case-101149_-153.82968218323015_1.3721849794114744_40.18907230549239.png,"[6: Right elbow, 8: Right wrist, 10: T1]",2.34
gaussian_xyz/case-101149/case-101149_20.952889352291777_111.9892790528587_-140.45245865684453.png,"[2: Right humeral head, 6: Right elbow, 4: Right scapular inferior angle]",2.16
gaussian_xyz/case-101149/case-101149_154.0723442431724_-9.8582191128942_-4.045404841812668.png,"[1: Skull, Cranium, Cranial vault, Calvarium, 2: Right humeral head, Right Proximal humerus, Head of right humerus, Right glenohumeral head, 10: T1, First thoracic vertebra, T1 vertebral body, Upper thoracic vertebra]",5.75
gaussian_xyz/case-101149/case-101149_-193.1341654340746_30.47865390454314_106.13281159320435.png,"[6: Right elbow, 8: Right wrist, 10: T1]",1.89
gaussian_xyz/case-101149/case-101149_173.0486429788008_-7.9657861430853085_68.0395002783622.png,"[1: Skull, Cranium, Cranial vault, Calvarium, 3: Left humeral head, Left Proximal humerus, Head of left humerus, Left glenohumeral head, 10: T1, First thoracic vertebra, T1 vertebral body, Upper thoracic vertebra]",5.76
gaussian_xyz/case-101149/case-101149_-73.61843430308988_84.49641973258512_-189.19750772504167.png,"[6: Right elbow, 10: T1, 12: Right hemidiaphragm]",2.34
gaussian_xyz/case-101149/case-101149_58.65148937598016_-53.88332112576402_-161.84660233816123.png,"[6: Right elbow, 2: Right humeral head, 10: T1]",1.98
gaussian_xyz/case-101149/case-101149_-194.71375734510974_57.8285066308233_143.79099017068572.png,"[2: Right humeral head, 6: Right elbow, 10: T1]",1.98
gaussian_xyz/case-101149/case-101149_64.2790005426231_48.11861059568884_-91.26982437934741.png,"[10: T1 vertebral body, 11: Carina, 6: Right elbow]",2.16
gaussian_xyz/case-101149/case-101149_175.06195961661004_-35.114788710654096_119.77619437249567.png,"[1: Skull, Cranium, Cranial vault, Calvarium, 2: Right humeral head, Right Proximal humerus, Head of right humerus, Right glenohumeral head, 10: T1, First thoracic vertebra, T1 vertebral body, Upper thoracic vertebra]",5.76
gaussian_xyz/case-101149/case-101149_-107.92104462928147_-18.126238645510607_164.23939391016717.png,"[6: Right elbow, 2: Right humeral head, 10: T1]",1.98
gaussian_xyz/case-101149/case-101149_-119.68699502360903_12.438173279351842_64.25246932412321.png,"[2: Right humeral head, 6: Right elbow, 10: T1]",1.99
gaussian_xyz/case-101149/case-101149_-114.7894279032428_-31.6215764445133_-11.623637818107339.png,"[6: Right elbow, 10: T1 vertebral body, 12: Right hemidiaphragm]",2.53
gaussian_xyz/case-101149/case-101149_80.25047974758385_-16.8180373985703_-64.5038343672705.png,"[2: Right humeral head, 3: Left humeral head, 10: T1]",2.07
gaussian_xyz/case-101149/case-101149_32.16809163690826_-39.96915472127871_76.31855136410292.png,"[2: Right humeral head, 6: Right elbow, 10: T1]",1.99
gaussian_xyz/case-101149/case-101149_-185.56451684790312_61.43427590644552_5.430977092909923.png,"[6: Right elbow, 2: Right humeral head, 10: T1]",1.98
gaussian_xyz/case-101149/case-101149_-109.87383508968193_50.958747792597414_-90.6506707930336.png,"[6: Right elbow, 2: Right humeral head, 10: T1]",1.98
gaussian_xyz/case-101149/case-101149_147.95406053338186_-18.558926290123107_35.887194502536616.png,"[1: Skull, Cranium, Cranial vault, Calvarium, 2: Right humeral head, Right Proximal humerus, Head of right humerus, Right glenohumeral head, 10: T1, First thoracic vertebra, T1 vertebral body, Upper thoracic vertebra]",5.77
gaussian_xyz/case-101149/case-101149_-16.578949136372415_-3.3147305492733223_-153.4097124106729.png,"[6: Right elbow, 2: Right humeral head, 10: T1]",1.98
gaussian_xyz/case-101149/case-101149_62.273883687901076_9.102309615922623_138.25347467403134.png,"[10: T1 vertebral body, 11: Carina, 6: Right elbow]",2.16
gaussian_xyz/case-101149/case-101149_91.83726572618937_64.23065382548141_-162.5470924868193.png,"[11: Carina, 10: T1, 6: Right elbow]",1.98
gaussian_xyz/case-101149/case-101149_26.99082580689918_35.50919298163089_53.48286714415485.png,"[10: T1 vertebral body, 11: Carina, 12: Right hemidiaphragm]",2.62
gaussian_xyz/case-101149/case-101149_-109.71120093993737_-40.35033469308737_49.72101108239267.png,"[6: Right elbow, 2: Right humeral head, 10: T1]",1.98
gaussian_xyz/case-101149/case-101149_-133.51411860645464_111.21425453557212_26.484084453531075.png,"[2: Right humeral head, 6: Right elbow, 10: T1]",1.98
gaussian_xyz/case-101149/case-101149_53.995073576173496_10.759859001963592_12.975482139299329.png,"[2: Right humeral head, 3: Left humeral head, 10: T1]",2.07
gaussian_xyz/case-101149/case-101149_147.49715712369724_38.018012860929296_-91.77424250274882.png,"[1: Skull, Cranium, Cranial vault, Calvarium, 11: Carina, Tracheal bifurcation, Tracheal carina, 10: T1, First thoracic vertebra, T1 vertebral body, Upper thoracic vertebra]",4.77
gaussian_xyz/case-101149/case-101149_-147.70519537572187_65.7136389994903_238.6221456588806.png,"[2: Right humeral head, 6: Right elbow, 10: T1]",1.99
gaussian_xyz/case-101149/case-101149_-160.52376331392725_68.23707067043964_18.917239514764294.png,"[6: Right elbow, 10: T1 vertebral body, 12: Right hemidiaphragm]",2.52
gaussian_xyz/case-101149/case-101149_0.3135469431504134_-26.0705100856912_-70.06617259843001.png,"[2: Right humeral head, 6: Right elbow, 10: T1]",1.99
gaussian_xyz/case-101149/case-101149_-184.2311757186094_81.66983210277716_82.21161762484978.png,"[2: Right humeral head, 6: Right elbow, 10: T1]",1.99
gaussian_xyz/case-101149/case-101149_43.949804055880946_-76.44896166120814_40.02819331773084.png,"[2: Right humeral head, 6: Right elbow, 4: Right scapular inferior angle]",2.16
gaussian_xyz/case-101149/case-101149_58.65218995753858_27.620121395322826_-67.95300897547651.png,"[10: T1 vertebral body, 11: Carina, 12: Right hemidiaphragm]",2.62
gaussian_xyz/case-101149/case-101149_170.43436084827405_63.976203677482864_-67.12549988531208.png,"[1: Skull, Cranium, Cranial vault, Calvarium, 10: T1 vertebral body, 12: Right hemidiaphragm, Right Diaphragmatic dome]",4.05
gaussian_xyz/case-101149/case-101149_103.19163817552848_-51.865091119386896_98.65207343882872.png,"[2: Right humeral head, 6: Right elbow, 4: Right scapular inferior angle]",2.16
gaussian_xyz/case-101149/case-101149_188.01019850298567_3.3425066052332073_69.49873794284801.png,"[1: Skull, Cranium, Cranial vault, Calvarium, 2: Right humeral head, Right Proximal humerus, Head of right humerus, Right glenohumeral head, 10: T1, First thoracic vertebra, T1 vertebral body, Upper thoracic vertebra]",5.76
gaussian_xyz/case-101149/case-101149_119.7856752017502_68.96865535295683_58.427388216067214.png,"[2: Right humeral head, 11: Carina, 10: T1]",2.07
gaussian_xyz/case-101149/case-101149_173.09853867891823_-9.644597942983392_-168.17067777554468.png,"[1: Skull, Cranium, Cranial vault, Calvarium, 2: Right humeral head, Right Proximal humerus, Head of right humerus, Right glenohumeral head, 5: Left scapular inferior angle, Lower tip of left scapula, Left shoulder blade tip]",5.85
gaussian_xyz/case-101149/case-101149_119.98244981467067_-57.74339665302897_-133.56490164358397.png,"[2: Right humeral head, 6: Right elbow, 10: T1]",1.99
gaussian_xyz/case-101149/case-101149_39.21652074615437_20.931035898600335_-77.12615953945588.png,"[1: Skull, Cranium, Cranial vault, Calvarium, 6: Right elbow, Right olecranon, Right Cubital joint, Right Elbow joint, 10: T1, First thoracic vertebra, T1 vertebral body, Upper thoracic vertebra]",5.23
gaussian_xyz/case-101149/case-101149_133.37389891886963_-33.430742205754306_59.3677089761148.png,"[1: Skull, Cranium, Cranial vault, Calvarium, 2: Right humeral head, Right Proximal humerus, Head of right humerus, Right glenohumeral head, 10: T1, First thoracic vertebra, T1 vertebral body, Upper thoracic vertebra]",5.76
gaussian_xyz/case-101149/case-101149_-167.11928432098512_9.453520158203936_45.89006391888304.png,"[10: T1 vertebral body, 11: Carina, 12: Right hemidiaphragm]",2.62
gaussian_xyz/case-101149/case-101149_80.7132237108062_-54.791963075949305_-73.75621803401542.png,"[2: Right humeral head, 6: Right elbow, 10: T1]",1.98
gaussian_xyz/case-101149/case-101149_-191.26466818173992_28.8108964679989_0.8244914988525275.png,"[2: Right humeral head, 6: Right elbow, 10: T1]",1.99
gaussian_xyz/case-101149/case-101149_91.57890884181498_15.061883372810664_35.25528477460871.png,"[10: T1 vertebral body, 11: Carina, 6: Right elbow]",2.16
gaussian_xyz/case-101149/case-101149_23.307833291688098_19.378536107420853_-159.12590841878733.png,"[2: Right proximal humerus, 6: Right elbow, 10: T1]",2.08
gaussian_xyz/case-101149/case-101149_91.40325847719512_-89.00093593750067_27.43723061227637.png,"[2: Right humeral head, 6: Right elbow, 10: T1]",1.99
gaussian_xyz/case-101149/case-101149_-64.19810417897565_-80.04703103826007_-153.4531982256609.png,"[2: Right humeral head, 6: Right elbow, 10: T1]",1.98
gaussian_xyz/case-101149/case-101149_-174.3431942390185_3.5044570702961373_-11.197274124823748.png,"[2: Right humeral head, 6: Right elbow, 10: T1]",1.98
gaussian_xyz/case-101149/case-101149_12.83359341431165_-24.87430850160887_-78.11268191054221.png,"[2: Right humeral head, 6: Right elbow, 4: Right scapular inferior angle]",2.17
gaussian_xyz/case-101149/case-101149_33.08692932400271_72.09224320634809_-10.660616753641275.png,"[1: Skull, Cranium, Cranial vault, Calvarium, 2: Right humeral head, Right Proximal humerus, Head of right humerus, Right glenohumeral head, 10: T1, First thoracic vertebra, T1 vertebral body, Upper thoracic vertebra]",5.77
gaussian_xyz/case-101149/case-101149_32.425450502478725_12.11805531486581_-77.42637168378582.png,"[2: Right humeral head, 3: Left humeral head, 10: T1]",2.07
gaussian_xyz/case-101149/case-101149_-137.84794714767207_-14.169116155870395_155.7899477097691.png,"[6: Right elbow, 10: T1, 12: Right hemidiaphragm]",2.35
gaussian_xyz/case-101149/case-101149_110.16435675509408_-28.090874129896466_-51.02988464215179.png,"[6: Right elbow, 2: Right humeral head, 10: T1]",1.99
gaussian_xyz/case-101149/case-101149_-191.43311106724585_33.05421210886251_52.04200429540553.png,"[6: Right elbow, 10: T1, 12: Right hemidiaphragm]",2.34
gaussian_xyz/case-101149/case-101149_95.96500371845153_-21.469337111017776_83.3593279977871.png,"[2: Right humeral head, 3: Left humeral head, 10: T1]",2.08
gaussian_xyz/case-101149/case-101149_30.05726308838831_17.642135546227205_-159.25140519451838.png,"[6: Right elbow, 10: T1 vertebral body, 12: Right hemidiaphragm]",2.53
gaussian_xyz/case-101149/case-101149_114.40919049439029_48.20854347290523_2.34407845828277.png,"[1: Skull, Cranium, Cranial vault, Calvarium, 10: T1 vertebral body, T1 vertebral body, Upper thoracic vertebra, 11: Carina, Tracheal bifurcation, Tracheal carina]",4.6
gaussian_xyz/case-101149/case-101149_-22.64149655623899_-65.86423931691999_-15.45148213915764.png,"[2: Right humeral head, 3: Left humeral head, 10: T1]",2.08
gaussian_xyz/case-101149/case-101149_-160.77696891083264_-53.83290425499516_-3.271424736340458.png,"[6: Right elbow, 10: T1, 11: Carina]",1.98
gaussian_xyz/case-101149/case-101149_-95.41220449778649_92.03532088321897_-148.6741723617746.png,"[6: Right elbow, 10: T1, 12: Right hemidiaphragm]",2.34
gaussian_xyz/case-101149/case-101149_0.10865202220722381_-39.47374982847647_-26.687015725852476.png,"[2: Right humeral head, 6: Right elbow, 10: T1]",1.99
gaussian_xyz/case-101149/case-101149_-193.13997163220463_35.302673895104554_29.53518873315491.png,"[10: T1 vertebral body, 11: Carina, 6: Right elbow]",2.16
gaussian_xyz/case-101149/case-101149_-113.38464786858174_-11.128881230958951_-197.73602562396536.png,"[6: Right elbow, 10: T1, 12: Right hemidiaphragm]",2.35
gaussian_xyz/case-101149/case-101149_-147.89865207902267_-6.4518153996611645_-147.11170435072827.png,"[6: Right elbow, 2: Right humeral head, 10: T1]",1.99
gaussian_xyz/case-101149/case-101149_217.7840322153866_53.42954621387239_-116.21913664964094.png,"[1: Skull, Cranium, Cranial vault, Calvarium, 6: Right elbow, Right olecranon, Right Cubital joint, Right Elbow joint, 11: Carina, Tracheal bifurcation, Tracheal carina]",4.81
gaussian_xyz/case-101149/case-101149_35.521631928001426_13.123609852973473_-103.00007192231078.png,"[2: Right humeral head, 6: Right elbow, 10: T1]",1.99
gaussian_xyz/case-101149/case-101149_-155.96472287948933_-40.29920206667507_-156.56892664928304.png,"[6: Right elbow, 10: T1, 12: Right hemidiaphragm]",2.36
gaussian_xyz/case-101149/case-101149_102.37138990862363_-37.20869647655208_121.6358570733806.png,"[2: Right humeral head, 3: Left humeral head, 10: T1]",2.08
gaussian_xyz/case-101149/case-101149_177.8715169495546_37.38197546988946_68.33294189037916.png,"[1: Skull, Cranium, Cranial vault, Calvarium, 6: Right elbow, Right olecranon, Right Cubital joint, Right Elbow joint, 11: Carina, Tracheal bifurcation, Tracheal carina]",4.8
gaussian_xyz/case-101149/case-101149_180.63205604089447_88.41190887254612_130.47788771263583.png,"[1: Skull, Cranium, Cranial vault, Calvarium, 2: Right humeral head, Right Proximal humerus, Head of right humerus, Right glenohumeral head, 6: Right elbow, Right olecranon, Right Cubital joint, Right Elbow joint]",5.79
gaussian_xyz/case-101149/case-101149_16.438919390850458_35.458240972030474_103.31782468944026.png,"[2: Right humeral head, 3: Left humeral head, 10: T1]",2.09
gaussian_xyz/case-101149/case-101149_144.23208029271817_-52.42301090670985_-82.53017027311472.png,"[2: Right humeral head, 3: Left humeral head, 10: T1]",2.09
gaussian_xyz/case-101149/case-101149_78.03335202138274_-54.425096078846735_101.01690107124803.png,"[2: Right humeral head, 6: Right elbow, 10: T1]",1.99
gaussian_xyz/case-101149/case-101149_44.412732486075896_-140.40808682483117_-70.37284469991769.png,"[2: Right humeral head, 6: Right elbow, 4: Right scapular inferior angle]",2.18
gaussian_xyz/case-101149/case-101149_-221.15464741892697_-47.50174020423087_105.10758885967884.png,"[2: Right humeral head, 3: Left humeral head, 10: T1]",2.09
gaussian_xyz/case-101149/case-101149_167.91024590789138_41.57572504517335_-14.250437819315911.png,"[1: Skull, Cranium, Cranial vault, Calvarium, 6: Right elbow, Right olecranon, Right Cubital joint, Right Elbow joint, 10: T1, First thoracic vertebra, T1 vertebral body, Upper thoracic vertebra]",5.24
gaussian_xyz/case-101149/case-101149_-107.12271655292983_74.85625421523108_27.67262009453222.png,"[2: Right humeral head, 6: Right elbow, 10: T1]",2.0
gaussian_xyz/case-101149/case-101149_-35.33678330403961_-56.970715066359205_-153.34019335745324.png,"[2: Right humeral head, 6: Right elbow, 4: Right scapular inferior angle]",2.18
gaussian_xyz/case-101149/case-101149_-127.72884755497363_-63.657053669560476_-123.35855826217512.png,"[6: Right elbow, 2: Right humeral head, 10: T1]",2.0
gaussian_xyz/case-101149/case-101149_-153.6723308718494_57.95891462177235_52.32431494363405.png,"[6: Right elbow, 2: Right humeral head, 10: T1]",2.0
gaussian_xyz/case-101149/case-101149_-212.93915325767367_-22.806124706834705_-93.83399371059988.png,"[10: T1 vertebral body, 11: Carina, 6: Right elbow]",2.18
gaussian_xyz/case-101149/case-101149_50.373058663367914_83.70304976259303_13.632488381467573.png,"[2: Right humeral head, 3: Left humeral head, 10: T1]",2.09
gaussian_xyz/case-101149/case-101149_17.997804289303815_109.26945779031145_-10.652272398428355.png,"[2: Right humeral head, 6: Right elbow, 4: Right scapular inferior angle]",2.18
gaussian_xyz/case-101149/case-101149_153.69086653162375_-65.66427156163716_47.684320879936706.png,"[1: Skull, Cranium, Cranial vault, Calvarium, 2: Right humeral head, Right Proximal humerus, Head of right humerus, Right glenohumeral head, 10: T1, First thoracic vertebra, T1 vertebral body, Upper thoracic vertebra]",5.79
gaussian_xyz/case-101149/case-101149_-203.71287190852743_51.55094419033556_-19.51076141840444.png,"[6: Right elbow, 10: T1 vertebral body, 12: Right hemidiaphragm]",2.53
gaussian_xyz/case-101149/case-101149_24.60996274200548_58.757505199570076_58.33589248203476.png,"[11: Carina, 10: T1 vertebral body, 3: Left humeral head]",2.26
gaussian_xyz/case-101149/case-101149_-165.41865655659143_17.615776835555515_55.321186989576454.png,"[6: Right elbow, 10: T1, 11: Carina]",1.99
gaussian_xyz/case-101149/case-101149_157.58365450981992_2.836069715276635_78.99383083902457.png,"[1: Skull, Cranium, Cranial vault, Calvarium, 3: Left humeral head, Left Proximal humerus, Head of left humerus, Left glenohumeral head, 10: T1, First thoracic vertebra, T1 vertebral body, Upper thoracic vertebra]",5.77
gaussian_xyz/case-101149/case-101149_-216.06147079812885_62.54690540656354_108.13810406682767.png,"[1: Skull, Cranium, Cranial vault, Calvarium, 2: Right humeral head, Right Proximal humerus, Head of right humerus, Right glenohumeral head, 10: T1, First thoracic vertebra, T1 vertebral body, Upper thoracic vertebra]",5.78
gaussian_xyz/case-101149/case-101149_158.73386557780654_5.677680895616196_114.8225642885758.png,"[1: Skull, Cranium, Cranial vault, Calvarium, 2: Right humeral head, Right Proximal humerus, Head of right humerus, Right glenohumeral head, 10: T1, First thoracic vertebra, T1 vertebral body, Upper thoracic vertebra]",5.78
gaussian_xyz/case-101149/case-101149_192.82339085318492_4.7246624090107545_-189.5773487534224.png,"[1: Skull, Cranium, Cranial vault, Calvarium, 2: Right humeral head, Right Proximal humerus, Head of right humerus, Right glenohumeral head, 10: T1, First thoracic vertebra, T1 vertebral body, Upper thoracic vertebra]",5.79
gaussian_xyz/case-101149/case-101149_-47.549257725423274_-48.41302109769682_-9.090982502297756.png,"[6: Right elbow, 2: Right humeral head, 10: T1]",1.99
gaussian_xyz/case-101149/case-101149_76.12404920774034_38.42422168404509_61.18534935031681.png,"[1: Skull, Cranium, Cranial vault, Calvarium, 10: T1, First thoracic vertebra, T1 vertebral body, Upper thoracic vertebra, 11: Carina, Tracheal bifurcation, Tracheal carina]",4.79
gaussian_xyz/case-101149/case-101149_-149.7880324241254_22.518554678726144_49.71481972161011.png,"[2: Right humeral head, 6: Right elbow, 10: T1]",1.99
gaussian_xyz/case-101149/case-101149_-47.326354500181424_-29.423247073843303_-73.23272903110613.png,"[2: Right humeral head, 6: Right elbow, 10: T1]",1.99
gaussian_xyz/case-101149/case-101149_185.09828229597085_14.697526767787624_-84.40250916091216.png,"[1: Skull, Cranium, Cranial vault, Calvarium, 2: Right humeral head, Right Proximal humerus, Head of right humerus, Right glenohumeral head, 10: T1, First thoracic vertebra, T1 vertebral body, Upper thoracic vertebra]",5.78
gaussian_xyz/case-101149/case-101149_-37.69586047780368_112.73847020434148_134.91744080727318.png,"[2: Right humeral head, 6: Right elbow, 10: T1]",1.99
gaussian_xyz/case-101149/case-101149_20.789568185383587_56.690608532351106_-90.00840198766868.png,"[2: Right humeral head, 3: Left humeral head, 10: T1]",2.08
gaussian_xyz/case-101149/case-101149_89.67417902014816_-24.586340393139874_131.50233693947757.png,"[2: Right humeral head, 3: Left humeral head, 10: T1]",2.08
gaussian_xyz/case-101149/case-101149_65.70634368433562_-28.471680616028085_175.753017762684.png,"[2: Right humeral head, 3: Left humeral head, 10: T1]",2.08
gaussian_xyz/case-101149/case-101149_13.075140969198685_15.640026998151008_-64.92374016533769.png,"[2: Right humeral head, 3: Left humeral head, 10: T1]",2.08
gaussian_xyz/case-101149/case-101149_110.52240732081336_30.24143095412535_59.445952423864945.png,"[1: Skull, Cranium, Cranial vault, Calvarium, 10: T1, First thoracic vertebra, T1 vertebral body, Upper thoracic vertebra, 11: Carina, Tracheal bifurcation, Tracheal carina]",4.77
gaussian_xyz/case-101149/case-101149_-211.3771314129183_73.78571324851092_73.80478323460602.png,"[2: Right humeral head, 6: Right elbow, 10: T1]",1.99
gaussian_xyz/case-101149/case-101149_-201.9870043497619_-74.1962071102135_15.558501053135206.png,"[2: Right humeral head, 6: Right elbow, 10: T1]",1.99
gaussian_xyz/case-101149/case-101149_105.42586267071411_10.59267357687372_141.78474206643912.png,"[1: Skull, Cranium, Cranial vault, Calvarium, 10: T1, First thoracic vertebra, T1 vertebral body, Upper thoracic vertebra, 11: Carina, Tracheal bifurcation, Tracheal carina]",4.72
gaussian_xyz/case-101149/case-101149_-10.604890619260516_34.02325697661636_-74.3230798425181.png,"[2: Right humeral head, 6: Right elbow, 10: T1]",1.91
gaussian_xyz/case-101149/case-101149_-129.30580635067594_-16.61940171050525_-57.994981874194615.png,"[2: Right humeral head, 6: Right elbow, 10: T1]",1.99
gaussian_xyz/case-101149/case-101149_-103.64887146014279_-3.4327470274227156_-3.989338422601823.png,"[6: Right elbow, 10: T1, 12: Right hemidiaphragm]",2.25
gaussian_xyz/case-101149/case-101149_149.24593887380715_28.044865821545596_35.27747575199201.png,"[1: Skull, Cranium, Cranial vault, Calvarium, 10: T1, First thoracic vertebra, T1 vertebral body, Upper thoracic vertebra, 11: Carina, Tracheal bifurcation, Tracheal carina]",4.69
gaussian_xyz/case-101149/case-101149_-140.11449923502335_-98.86227924064079_-44.336587883963034.png,"[6: Right elbow, 10: T1, 12: Right hemidiaphragm]",2.25
gaussian_xyz/case-101149/case-101149_-148.79881254961805_136.6928001902601_-27.935048532365155.png,"[2: Right humeral head, 4: Right scapular inferior angle, 6: Right elbow]",2.17
gaussian_xyz/case-101149/case-101149_35.40020382722045_40.40130371658665_62.20808965342569.png,"[10: T1 vertebral body, 11: Carina, 12: Right hemidiaphragm]",2.57
gaussian_xyz/case-101149/case-101149_-159.1033561753486_8.984392292346591_-155.86874636344461.png,"[6: Right elbow, 2: Right humeral head, 10: T1]",1.98
gaussian_xyz/case-101149/case-101149_-133.53428844954243_-22.31930175352644_-113.3153748290473.png,"[6: Right elbow, 10: T1, 12: Right hemidiaphragm]",2.35
gaussian_xyz/case-101149/case-101149_-116.0806000394541_20.869146557294393_-127.55986629198874.png,"[6: Right elbow, 10: T1, 12: Right hemidiaphragm]",2.34
gaussian_xyz/case-101149/case-101149_-197.02829010833815_17.426495591651936_92.5900746172551.png,"[10: T1 vertebral body, 11: Carina, 6: Right elbow]",2.16
gaussian_xyz/case-101149/case-101149_160.25506493765639_-85.84864270472244_-83.71238150677797.png,"[6: Right elbow, 10: T1, 12: Right hemidiaphragm]",2.35
gaussian_xyz/case-101149/case-101149_-205.73465152484414_-64.72216135148275_143.24986169299544.png,"[6: Right elbow, 2: Right humeral head, 10: T1]",1.98
gaussian_xyz/case-101149/case-101149_167.2254688806784_17.18728246813996_143.7040076070488.png,"[1: Skull, Cranium, Cranial vault, Calvarium, 6: Right elbow, Right olecranon, Right Cubital joint, Right Elbow joint, 10: T1, First thoracic vertebra, T1 vertebral body, Upper thoracic vertebra]",5.68
gaussian_xyz/case-101149/case-101149_127.98796197522628_-37.26411048885635_-37.95927517057488.png,"[2: Right humeral head, 6: Right elbow, 10: T1]",1.98
gaussian_xyz/case-101149/case-101149_169.22128838289316_-58.932831876099605_65.31353544778818.png,"[1: Skull, Cranium, Cranial vault, Calvarium, 2: Right humeral head, Right Proximal humerus, Head of right humerus, Right glenohumeral head, 10: T1, First thoracic vertebra, T1 vertebral body, Upper thoracic vertebra]",5.75
gaussian_xyz/case-101149/case-101149_161.2489660472941_1.765835205124857_-192.5565373993893.png,"[2: Right humeral head, 3: Left humeral head, 10: T1]",2.08
gaussian_xyz/case-101149/case-101149_58.63596901153963_-80.5367646944543_-200.26215242092778.png,"[6: Right elbow, 2: Right humeral head, 10: T1]",1.99
gaussian_xyz/case-101149/case-101149_-66.97002680619875_28.0523907058471_163.92119207049194.png,"[10: T1 vertebral body, 11: Carina, 6: Right elbow]",2.17
gaussian_xyz/case-101149/case-101149_-62.9223708188197_-25.383192339036864_32.894172832816274.png,"[2: Right humeral head, 6: Right elbow, 10: T1]",1.99
gaussian_xyz/case-101149/case-101149_1.8001865540343545_21.24227555649355_72.19271762021427.png,"[10: T1 vertebral body, 11: Carina, 12: Right hemidiaphragm]",2.61
gaussian_xyz/case-101149/case-101149_139.41348419936432_26.1951443158167_-191.59559479329587.png,"[1: Skull, Cranium, Cranial vault, Calvarium, 2: Right humeral head, Right Proximal humerus, Head of right humerus, Right glenohumeral head, 10: T1, First thoracic vertebra, T1 vertebral body, Upper thoracic vertebra]",5.77
gaussian_xyz/case-101149/case-101149_-125.19508424422752_22.541443251495537_-107.7284308574917.png,"[2: Right humeral head, 6: Right elbow, 10: T1]",1.98
gaussian_xyz/case-101149/case-101149_18.3185889603198_65.2566358410148_-150.8636787666607.png,"[6: Right elbow, 10: T1, 11: Carina]",1.98
gaussian_xyz/case-101149/case-101149_213.2733852608982_-43.54883073046387_-56.47741316058023.png,"[1: Skull, Cranium, Cranial vault, Calvarium, 2: Right humeral head, Right Proximal humerus, Head of right humerus, Right glenohumeral head, 4: Right scapular inferior angle, Lower tip of right scapula, Right shoulder blade tip]",5.86
gaussian_xyz/case-101149/case-101149_-178.91106496964437_-18.86744578558296_-88.64745918684551.png,"[2: Right humeral head, 6: Right elbow, 10: T1]",1.99
gaussian_xyz/case-101149/case-101149_66.3507844872183_-31.723026984979224_13.784875996480134.png,"[6: Right elbow, 2: Right humeral head, 10: T1]",1.99
gaussian_xyz/case-101149/case-101149_193.19866523627994_-38.638015548167736_-22.758984863386583.png,"[1: Skull, Cranium, Cranial vault, Calvarium, 2: Right humeral head, Right Proximal humerus, Head of right humerus, Right glenohumeral head, 10: T1, First thoracic vertebra, T1 vertebral body, Upper thoracic vertebra]",5.77
gaussian_xyz/case-101149/case-101149_192.71298706198812_-43.44677865535988_-39.641024492059735.png,"[1: Skull, Cranium, Cranial vault, Calvarium, 2: Right humeral head, Right Proximal humerus, Head of right humerus, Right glenohumeral head, 10: T1, First thoracic vertebra, T1 vertebral body, Upper thoracic vertebra]",5.78
gaussian_xyz/case-101149/case-101149_29.821901008156146_-8.846321035272577_48.76866620254427.png,"[2: Right humeral head, 6: Right elbow, 10: T1]",1.99
gaussian_xyz/case-101149/case-101149_-7.192733008019019_13.85772120490822_-58.410034241150356.png,"[6: Right elbow, 10: T1 vertebral body, 11: Carina]",2.16
gaussian_xyz/case-101149/case-101149_-72.0427500215398_-35.02513826095431_16.666228829746803.png,"[11: Carina, 10: T1, 6: Right elbow]",1.99
gaussian_xyz/case-101149/case-101149_41.18272009083384_30.827992341746764_134.40590714842224.png,"[1: Skull, Cranium, Cranial vault, Calvarium, 10: T1, First thoracic vertebra, T1 vertebral body, Upper thoracic vertebra, 12: Right hemidiaphragm, Right Diaphragmatic dome, Right Diaphragmatic crus]",5.68
gaussian_xyz/case-101149/case-101149_18.765344050598657_-28.940201398405836_137.80850152014733.png,"[2: Right humeral head, 6: Right elbow, 10: T1]",1.99
gaussian_xyz/case-101149/case-101149_190.28915222944588_63.446497680745296_20.363909499446674.png,"[1: Skull, Cranium, Cranial vault, Calvarium, 6: Right elbow, Right olecranon, Right Cubital joint, Right Elbow joint, 10: T1, First thoracic vertebra, T1 vertebral body, Upper thoracic vertebra]",5.23
gaussian_xyz/case-101149/case-101149_114.77505064607234_-87.61858901901854_66.35438206943209.png,"[2: Right humeral head, 6: Right elbow, 10: T1]",1.99
gaussian_xyz/case-101149/case-101149_-9.716006960967775_-46.389589557336144_-54.441050284022865.png,"[6: Right elbow, 11: Carina, 10: T1]",1.99
gaussian_xyz/case-101149/case-101149_128.89542028572137_82.71982504454124_-124.25030204899218.png,"[1: Skull, Cranium, Cranial vault, Calvarium, 2: Right humeral head, Right Proximal humerus, Head of right humerus, Right glenohumeral head, 10: T1, First thoracic vertebra, T1 vertebral body, Upper thoracic vertebra]",5.78
gaussian_xyz/case-101149/case-101149_171.69498206621935_53.203277656992185_-68.07168282590992.png,"[1: Skull, Cranium, Cranial vault, Calvarium, 6: Right elbow, Right olecranon, Right Cubital joint, Right Elbow joint, 10: T1, First thoracic vertebra, T1 vertebral body, Upper thoracic vertebra]",5.24
gaussian_xyz/case-101149/case-101149_123.67901213560205_33.45713624047275_-207.83216362764995.png,"[1: Skull, Cranium, Cranial vault, Calvarium, 11: Carina, Tracheal bifurcation, Tracheal carina, 10: T1, First thoracic vertebra, T1 vertebral body, Upper thoracic vertebra]",4.78
gaussian_xyz/case-101149/case-101149_-88.46126842984182_75.9437421284448_-134.9092173810583.png,"[6: Right elbow, 10: T1, 12: Right hemidiaphragm]",2.35
gaussian_xyz/case-101149/case-101149_-122.17447247459074_38.657164692410404_63.21197178489839.png,"[6: Right elbow, 10: T1, 12: Right hemidiaphragm]",2.35
gaussian_xyz/case-101149/case-101149_84.69350266207337_-44.39327623313644_168.69297060080265.png,"[2: Right humeral head, 3: Left humeral head, 10: T1]",2.08
gaussian_xyz/case-101149/case-101149_218.7030685280126_-55.47434561217077_-0.8846096623403277.png,"[1: Skull, Cranium, Cranial vault, Calvarium, 2: Right humeral head, Right Proximal humerus, Head of right humerus, Right glenohumeral head, 10: T1, First thoracic vertebra, T1 vertebral body, Upper thoracic vertebra]",5.78
gaussian_xyz/case-101149/case-101149_150.20815284392725_-74.56334856753581_190.64811804925833.png,"[1: Skull, Cranium, Cranial vault, Calvarium, 2: Right humeral head, Right Proximal humerus, Head of right humerus, Right glenohumeral head, 10: T1, First thoracic vertebra, T1 vertebral body, Upper thoracic vertebra]",5.78
gaussian_xyz/case-101149/case-101149_161.3706656765141_57.33629943755625_-173.85966391847882.png,"[2: Right humeral head, 6: Right elbow, 10: T1]",1.99
gaussian_xyz/case-101149/case-101149_206.40175651075097_2.4400067941712895_-15.783220732815803.png,"[1: Skull, Cranium, Cranial vault, Calvarium, 6: Right elbow, Right olecranon, Right Cubital joint, Right Elbow joint, 10: T1, First thoracic vertebra, T1 vertebral body, Upper thoracic vertebra]",5.23
gaussian_xyz/case-101149/case-101149_-28.773940909806242_6.72763588065197_-111.79493970934209.png,"[6: Right elbow, 2: Right humeral head, 10: T1]",1.99
gaussian_xyz/case-101149/case-101149_-80.5356821112926_-30.377699178958373_-0.6500663538828378.png,"[6: Right elbow, 2: Right humeral head, 10: T1]",1.99
gaussian_xyz/case-101149/case-101149_-132.87247340414802_84.42033391628622_-100.03624436038297.png,"[6: Right elbow, 10: T1, 12: Right hemidiaphragm]",2.35
gaussian_xyz/case-101149/case-101149_87.19387467245971_3.699832229874938_25.585175251634013.png,"[10: T1 vertebral body, 11: Carina, 3: Left humeral head]",2.26
gaussian_xyz/case-101149/case-101149_-99.47911137855257_-41.30499072344559_222.47106069731126.png,"[2: Right humeral head, 6: Right elbow, 10: T1]",2.0
gaussian_xyz/case-101149/case-101149_188.84013332725138_32.5361056650978_-35.97944732613527.png,"[1: Skull, Cranium, Cranial vault, Calvarium, 6: Right elbow, Right olecranon, Right Cubital joint, Right Elbow joint, 10: T1, First thoracic vertebra, T1 vertebral body, Upper thoracic vertebra]",5.25
gaussian_xyz/case-101149/case-101149_-14.725209002281332_-2.1157172218235054_-164.32379804275527.png,"[6: Right elbow, 2: Right humeral head, 10: T1]",2.0
gaussian_xyz/case-101149/case-101149_178.91364708129382_18.52560804025078_-105.96531727365492.png,"[1: Skull, Cranium, Cranial vault, Calvarium, 2: Right humeral head, Right Proximal humerus, Head of right humerus, Right glenohumeral head, 10: T1, First thoracic vertebra, T1 vertebral body, Upper thoracic vertebra]",5.8
gaussian_xyz/case-101149/case-101149_-73.90780693869664_100.5415620159438_123.36312745061537.png,"[2: Right humeral head, 6: Right elbow, 10: T1]",2.0
gaussian_xyz/case-101149/case-101149_79.34808174733459_-35.43216489390885_37.083357917283976.png,"[2: Right humeral head, 6: Right elbow, 10: T1]",2.0
gaussian_xyz/case-101149/case-101149_174.81814427134518_117.61962594949915_36.708311225617905.png,"[1: Skull, Cranium, Cranial vault, Calvarium, 2: Right humeral head, Right Proximal humerus, Head of right humerus, Right glenohumeral head, 10: T1, First thoracic vertebra, T1 vertebral body, Upper thoracic vertebra]",5.8
gaussian_xyz/case-101149/case-101149_-152.39247230526877_0.394180288444661_-1.5199427764757196.png,"[6: Right elbow, 10: T1, 12: Right hemidiaphragm]",2.36
gaussian_xyz/case-101149/case-101149_-206.59509969162895_-23.49418568078455_127.12834417244653.png,"[10: T1 vertebral body, 11: Carina, 12: Right hemidiaphragm]",2.62
gaussian_xyz/case-101149/case-101149_60.93340225688726_-123.84561876531542_-94.04808914472372.png,"[2: Right humeral head, 4: Right scapular inferior angle, 6: Right elbow]",2.17
gaussian_xyz/case-101149/case-101149_-82.04955631730655_-19.5152535972224_34.33465554218851.png,"[6: Right elbow, 2: Right humeral head, 10: T1]",1.99
gaussian_xyz/case-101149/case-101149_-215.68950429412433_163.6588551589536_-82.00994476297436.png,"[6: Right elbow, 2: Right humeral head, 4: Right scapular inferior angle]",2.17
gaussian_xyz/case-101149/case-101149_-194.75200581223882_-37.47303115825436_8.606497248501725.png,"[10: T1 vertebral body, 11: Carina, 6: Right elbow]",2.17
gaussian_xyz/case-101149/case-101149_-218.2434538452767_58.57506188539015_-94.07534918432901.png,"[6: Right elbow, 10: T1, 12: Right hemidiaphragm]",2.34
gaussian_xyz/case-101149/case-101149_-164.67071328459556_-2.4278224014979966_53.51377492768401.png,"[2: Right humeral head, 6: Right elbow, 10: T1]",1.98
gaussian_xyz/case-101149/case-101149_216.61015727298454_62.329950270942874_-21.11014379717394.png,"[1: Skull, Cranium, Cranial vault, Calvarium, 2: Right humeral head, Right Proximal humerus, Head of right humerus, Right glenohumeral head, 10: T1, First thoracic vertebra, T1 vertebral body, Upper thoracic vertebra]",5.76
gaussian_xyz/case-101149/case-101149_-117.71092021077519_64.06104556581533_64.27106918205688.png,"[6: Right elbow, 10: T1 vertebral body, 12: Right hemidiaphragm]",2.53
gaussian_xyz/case-101149/case-101149_-221.7799333766036_52.70156210671481_-60.04233697828754.png,"[6: Right elbow, 10: T1, 11: Carina]",1.98
gaussian_xyz/case-101149/case-101149_-56.83861647041212_75.70260100698529_-23.500435450637315.png,"[6: Right elbow, 10: T1 vertebral body, 11: Carina]",2.17
gaussian_xyz/case-101149/case-101149_82.78032870016344_-20.72533944187725_-8.442369664054429.png,"[2: Right humeral head, 6: Right elbow, 10: T1]",1.98
gaussian_xyz/case-101149/case-101149_163.73160871965828_-14.336515551567159_-57.166716326866954.png,"[1: Skull, Cranium, Cranial vault, Calvarium, 2: Right humeral head, Right Proximal humerus, Head of right humerus, Right glenohumeral head, 10: T1, First thoracic vertebra, T1 vertebral body, Upper thoracic vertebra]",5.77
gaussian_xyz/case-101149/case-101149_192.65845328649183_45.4711367902186_147.5506823851309.png,"[1: Skull, Cranium, Cranial vault, Calvarium, 6: Right elbow, Right olecranon, Right Cubital joint, Right Elbow joint, 10: T1, First thoracic vertebra, T1 vertebral body, Upper thoracic vertebra]",5.22
gaussian_xyz/case-101149/case-101149_-90.07826367162156_6.113402585462393_-10.236056420142955.png,"[2: Right humeral head, 6: Right elbow, 10: T1]",1.99
gaussian_xyz/case-101149/case-101149_53.22557525858352_25.97047887501612_51.19872201097375.png,"[10: T1 vertebral body, 11: Carina, 12: Right hemidiaphragm]",2.62
gaussian_xyz/case-101149/case-101149_191.60805777842248_-39.49953488806661_-28.49852532183178.png,"[1: Skull, Cranium, Cranial vault, Calvarium, 2: Right humeral head, Right Proximal humerus, Head of right humerus, Right glenohumeral head, 4: Right scapular inferior angle, Lower tip of right scapula, Right shoulder blade tip]",5.86
gaussian_xyz/case-101149/case-101149_-199.4164037464264_15.332930474856314_-47.58191295274179.png,"[11: Carina, 10: T1, 6: Right elbow]",1.99
gaussian_xyz/case-101149/case-101149_-35.871060232587695_33.23556159664111_63.44979846050533.png,"[10: T1 vertebral body, 11: Carina, 6: Right elbow]",2.16
gaussian_xyz/case-101149/case-101149_120.34847676371382_-74.74069359809835_-4.839926325442683.png,"[6: Right elbow, 2: Right humeral head, 10: T1]",1.99
gaussian_xyz/case-101149/case-101149_218.60693213946027_-25.01011829052906_-13.192273154909273.png,"[1: Skull, Cranium, Cranial vault, Calvarium, 2: Right humeral head, Right Proximal humerus, Head of right humerus, Right glenohumeral head, 10: T1, First thoracic vertebra, T1 vertebral body, Upper thoracic vertebra]",5.76
gaussian_xyz/case-101149/case-101149_110.7569554462352_-39.730208034122356_63.604133322945835.png,"[2: Right humeral head, 6: Right elbow, 10: T1]",1.98
gaussian_xyz/case-101149/case-101149_-80.58908359853604_18.96535872104543_60.44634006665256.png,"[6: Right elbow, 10: T1 vertebral body, 12: Right hemidiaphragm]",2.52
gaussian_xyz/case-101913/case-101913_42.60197660458823_-70.7262869300731_17.29322662347974.png,"[2: Right humeral head, 6: Right elbow, 10: T1]",1.99
gaussian_xyz/case-101913/case-101913_112.35705267139898_-77.54595035971363_1.314753770150796.png,"[1: Skull, Cranium, Cranial vault, Calvarium, 2: Right humeral head, Right Proximal humerus, Head of right humerus, Right glenohumeral head, 10: T1, First thoracic vertebra, T1 vertebral body, Upper thoracic vertebra]",5.76
gaussian_xyz/case-101913/case-101913_30.862481139875513_14.26372713496839_-70.76174443398935.png,"[1: Skull, Cranium, Cranial vault, Calvarium, 10: T1 vertebral body, 11: Carina, Tracheal bifurcation, Tracheal carina]",3.79
gaussian_xyz/case-101913/case-101913_-3.232955661144672_42.39780858898036_55.309285732320966.png,"[1: Skull, Cranium, Cranial vault, Calvarium, 11: Carina, Tracheal bifurcation, Tracheal carina, 6: Right elbow, Right olecranon, Right Cubital joint, Right Elbow joint]",4.78
gaussian_xyz/case-101913/case-101913_130.16586306984712_-27.0396164768316_153.0633772991935.png,"[1: Skull, Cranium, Cranial vault, Calvarium, 2: Right humeral head, Right Proximal humerus, Head of right humerus, Right glenohumeral head, 10: T1, First thoracic vertebra, T1 vertebral body, Upper thoracic vertebra]",5.76
gaussian_xyz/case-101913/case-101913_-12.994172741660009_-51.635906218947824_-47.86989906994681.png,"[2: Right humeral head, 3: Left humeral head, 10: T1]",2.07
gaussian_xyz/case-101913/case-101913_22.12877482491416_-10.01743954655119_19.037326982716035.png,"[1: Skull, Cranium, Cranial vault, Calvarium, 10: T1 vertebral body, 11: Carina, Tracheal bifurcation, Tracheal carina]",3.79
gaussian_xyz/case-101913/case-101913_66.13355871216717_10.212891833564932_-58.47114124114267.png,"[1: Skull, Cranium, Cranial vault, Calvarium, 6: Right elbow, Right olecranon, Right Cubital joint, Right Elbow joint, 10: T1, First thoracic vertebra, T1 vertebral body, Upper thoracic vertebra]",5.23
gaussian_xyz/case-101913/case-101913_66.24109770833712_-51.289832401984306_96.34082180854976.png,"[1: Skull, Cranium, Cranial vault, Calvarium, 6: Right elbow, Right olecranon, Right Cubital joint, Right Elbow joint, 10: T1, First thoracic vertebra, T1 vertebral body, Upper thoracic vertebra]",5.22
gaussian_xyz/case-101913/case-101913_-152.0264321379573_80.60484201029011_-27.65531930302606.png,"[2: Right humeral head, 6: Right elbow, 10: T1]",1.98
gaussian_xyz/case-101913/case-101913_-74.33027598203381_-47.06095834332427_-64.02243683354756.png,"[6: Right elbow, 10: T1, 11: Carina]",1.99
gaussian_xyz/case-101913/case-101913_173.53403643029972_132.5274545612226_42.15823383748688.png,"[1: Skull, Cranium, Cranial vault, Calvarium, 2: Right humeral head, Right Proximal humerus, Head of right humerus, Right glenohumeral head, 10: T1, First thoracic vertebra, T1 vertebral body, Upper thoracic vertebra]",5.77
gaussian_xyz/case-101913/case-101913_-137.46979981248984_-34.24774559071229_71.70110339396425.png,"[6: Right elbow, 10: T1 vertebral body, 11: Carina]",2.17
gaussian_xyz/case-101913/case-101913_-78.58424232527629_-0.9262308417122275_-143.92378825332193.png,"[2: Right humeral head, 6: Right elbow, 10: T1]",1.99
gaussian_xyz/case-101913/case-101913_-73.75363311575332_-68.37997170484752_83.54361606161984.png,"[2: Right humeral head, 6: Right elbow, 10: T1]",1.99
gaussian_xyz/case-101913/case-101913_-146.51463638159464_32.28921464201501_44.108502818015225.png,"[10: T1 vertebral body, 11: Carina, 6: Right elbow]",2.16
gaussian_xyz/case-101913/case-101913_-135.7044879735722_-61.98382335525865_259.6609746477917.png,"[2: Right humeral head, 3: Left humeral head, 10: T1]",2.08
gaussian_xyz/case-101913/case-101913_-162.20352687700554_36.78743532908375_-12.744475101586861.png,"[6: Right elbow, 10: T1, 12: Right hemidiaphragm]",2.35
gaussian_xyz/case-101913/case-101913_21.644938898894225_16.095020888408726_155.78689251102475.png,"[1: Skull, Cranium, Cranial vault, Calvarium, 6: Right elbow, Right olecranon, Right Cubital joint, Right Elbow joint, 11: Carina, Tracheal bifurcation, Tracheal carina]",4.78
gaussian_xyz/case-101913/case-101913_-86.96587855019646_-35.7248688405039_77.3775593471151.png,"[11: Carina, 10: T1, 12: Right hemidiaphragm]",2.44
gaussian_xyz/case-101913/case-101913_49.33975840953073_65.88912856328123_95.670871167172.png,"[2: Right humeral head, 6: Right elbow, 10: T1]",1.99
gaussian_xyz/case-101913/case-101913_-76.40021497864183_69.76187183939928_-185.1261205111975.png,"[6: Right elbow, 10: T1 vertebral body, 11: Carina]",2.17
gaussian_xyz/case-101913/case-101913_19.99133547424134_-54.878366108838094_-4.8681742588761185.png,"[2: Right humeral head, 3: Left humeral head, 10: T1]",2.08
gaussian_xyz/case-101913/case-101913_169.54589339181788_87.54805246931772_85.67964759456818.png,"[1: Skull, Cranium, Cranial vault, Calvarium, 2: Right humeral head, Right Proximal humerus, Head of right humerus, Right glenohumeral head, 10: T1, First thoracic vertebra, T1 vertebral body, Upper thoracic vertebra]",5.78
gaussian_xyz/case-101913/case-101913_81.91542690942961_-24.42630696612034_44.31414857117473.png,"[1: Skull, Cranium, Cranial vault, Calvarium, 3: Left humeral head, Left Proximal humerus, Head of left humerus, Left glenohumeral head, 10: T1, First thoracic vertebra, T1 vertebral body, Upper thoracic vertebra]",5.78
gaussian_xyz/case-101913/case-101913_86.15660533420137_27.19911571280313_65.71153934410813.png,"[1: Skull, Cranium, Cranial vault, Calvarium, 6: Right elbow, Right olecranon, Right Cubital joint, Right Elbow joint, 11: Carina, Tracheal bifurcation, Tracheal carina]",4.8
gaussian_xyz/case-101913/case-101913_-125.94592989956857_47.96572396879381_131.38970651589284.png,"[2: Right humeral head, 6: Right elbow, 10: T1]",1.99
gaussian_xyz/case-101913/case-101913_-30.45455040153675_-82.13765851171867_73.38095067670618.png,"[2: Right humeral head, 4: Right scapular inferior angle, 6: Right elbow]",2.17
gaussian_xyz/case-101913/case-101913_-44.49221528414347_9.561245262286572_-204.97161014913362.png,"[10: T1 vertebral body, 11: Carina, 6: Right elbow]",2.17
gaussian_xyz/case-101913/case-101913_101.7845002928033_-12.688642907190886_-7.5229407791716465.png,"[1: Skull, Cranium, Cranial vault, Calvarium, 6: Right elbow, Right olecranon, Right Cubital joint, Right Elbow joint, 10: T1, First thoracic vertebra, T1 vertebral body, Upper thoracic vertebra]",5.25
gaussian_xyz/case-101913/case-101913_-22.050228100318378_48.15945436233011_18.04018626457912.png,"[2: Right humeral head, 6: Right elbow, 10: T1]",1.98
gaussian_xyz/case-101913/case-101913_131.56637683784285_-14.208084913215176_-20.20774266255688.png,"[1: Skull, Cranium, Cranial vault, Calvarium, 11: Carina, Tracheal bifurcation, Tracheal carina, 6: Right elbow, Right olecranon, Right Cubital joint, Right Elbow joint]",4.78
gaussian_xyz/case-101913/case-101913_-153.3091039794338_-40.662749274067764_172.15921432137452.png,"[6: Right elbow, 2: Right humeral head, 10: T1]",1.98
gaussian_xyz/case-101913/case-101913_110.52961347968417_-22.82282912193121_15.307539792420302.png,"[1: Skull, Cranium, Cranial vault, Calvarium, 6: Right elbow, Right olecranon, Right Cubital joint, Right Elbow joint, 10: T1, First thoracic vertebra, T1 vertebral body, Upper thoracic vertebra]",5.23
gaussian_xyz/case-101913/case-101913_85.34873801298843_-41.833665965044545_150.03730983694504.png,"[1: Skull, Cranium, Cranial vault, Calvarium, 2: Right humeral head, Right Proximal humerus, Head of right humerus, Right glenohumeral head, 10: T1, First thoracic vertebra, T1 vertebral body, Upper thoracic vertebra]",5.77
gaussian_xyz/case-101913/case-101913_-34.03097001789152_-33.69551172490642_39.38442515666758.png,"[10: T1 vertebral body, 11: Carina, 6: Right elbow]",2.62
gaussian_xyz/case-101913/case-101913_56.431757316193966_11.430174661648303_83.14132831948194.png,"[1: Skull, Cranium, Cranial vault, Calvarium, 11: Carina, Tracheal bifurcation, Tracheal carina, 10: T1, First thoracic vertebra, T1 vertebral body, Upper thoracic vertebra]",4.77
gaussian_xyz/case-101913/case-101913_-15.34810531894533_3.264292569744384_-37.92052673906914.png,"[11: Carina, 10: T1, 12: Right hemidiaphragm]",2.43
gaussian_xyz/case-101913/case-101913_-117.37623478443483_53.27752775703251_175.68076081878382.png,"[6: Right elbow, 10: T1 vertebral body, 11: Carina]",2.16
gaussian_xyz/case-101913/case-101913_-90.02996621887736_-4.48727071876487_-120.38449951816416.png,"[2: Right humeral head, 3: Left humeral head, 10: T1]",2.07
gaussian_xyz/case-101913/case-101913_-165.22744310211215_-24.42500816651483_36.86190172667826.png,"[6: Right elbow, 10: T1 vertebral body, 12: Right hemidiaphragm]",2.52
gaussian_xyz/case-101913/case-101913_126.2016744383325_-13.541460391222992_6.214689000743001.png,"[1: Skull, Cranium, Cranial vault, Calvarium, 6: Right elbow, Right olecranon, Right Cubital joint, Right Elbow joint, 10: T1, First thoracic vertebra, T1 vertebral body, Upper thoracic vertebra]",5.23
gaussian_xyz/case-101913/case-101913_-165.89560562732424_-26.338829742527917_-206.93136928932097.png,"[6: Right elbow, 10: T1, 12: Right hemidiaphragm]",2.34
gaussian_xyz/case-101913/case-101913_-25.15736046466776_-54.7721722472425_46.230401536924994.png,"[2: Right humeral head, 6: Right elbow, 10: T1]",1.98
gaussian_xyz/case-101913/case-101913_-43.397993099952316_-15.186606680286918_110.10119194229695.png,"[6: Right elbow, 10: T1, 11: Carina]",1.98
gaussian_xyz/case-101913/case-101913_-174.8038898806344_-58.376946622925786_-17.934095124583997.png,"[6: Right elbow, 10: T1 vertebral body, 12: Right hemidiaphragm]",2.52
gaussian_xyz/case-101913/case-101913_4.11098798144144_49.77724810818377_40.70298189760457.png,"[2: Right humeral head, 6: Right elbow, 10: T1]",1.98
gaussian_xyz/case-101913/case-101913_-140.22680437038807_-1.1663328021711856_106.77295146345412.png,"[2: Right humeral head, 6: Right elbow, 10: T1]",1.98
gaussian_xyz/case-101913/case-101913_3.507770901967632_25.48743005683475_65.0748591206588.png,"[1: Skull, Cranium, Cranial vault, Calvarium, 10: T1, First thoracic vertebra, T1 vertebral body, Upper thoracic vertebra, 11: Carina, Tracheal bifurcation, Tracheal carina]",4.77
gaussian_xyz/case-101913/case-101913_-0.23077357849658142_-47.12453890599898_-39.266121437048604.png,"[10: T1 vertebral body, 11: Carina, 6: Right elbow]",2.16
gaussian_xyz/case-101913/case-101913_66.03992798310946_-5.240498719855375_103.892003628809.png,"[1: Skull, Cranium, Cranial vault, Calvarium, 11: Carina, Tracheal bifurcation, Tracheal carina, 10: T1, First thoracic vertebra, T1 vertebral body, Upper thoracic vertebra]",4.76
gaussian_xyz/case-101913/case-101913_-141.20459399975294_43.07189263297212_107.56158688876849.png,"[2: Right humeral head, 6: Right elbow, 10: T1]",1.99
gaussian_xyz/case-101913/case-101913_-32.818100346050926_-94.06047893391595_185.29304815856807.png,"[2: Right humeral head, 6: Right elbow, 10: T1]",1.98
gaussian_xyz/case-101913/case-101913_-61.4966062099022_50.46100844911369_-101.21620751486785.png,"[10: T1 vertebral body, 11: Carina, 6: Right elbow]",2.16
gaussian_xyz/case-101913/case-101913_-105.65268515371412_3.2205037632611897_192.37164577917375.png,"[10: T1 vertebral body, 11: Carina, 12: Right hemidiaphragm]",2.61
gaussian_xyz/case-101913/case-101913_147.69452700618237_27.712411113996087_97.67400792318811.png,"[1: Skull, Cranium, Cranial vault, Calvarium, 2: Right humeral head, Right Proximal humerus, Head of right humerus, Right glenohumeral head, 10: T1, First thoracic vertebra, T1 vertebral body, Upper thoracic vertebra]",5.76
gaussian_xyz/case-101913/case-101913_50.334581896288_14.318294352130726_265.58067393317174.png,"[2: Right humeral head, 3: Left humeral head, 10: T1]",2.07
gaussian_xyz/case-101913/case-101913_133.40800294629761_-82.0783200152228_-31.8012622070815.png,"[1: Skull, Cranium, Cranial vault, Calvarium, 2: Right humeral head, Right Proximal humerus, Head of right humerus, Right glenohumeral head, 10: T1, First thoracic vertebra, T1 vertebral body, Upper thoracic vertebra]",5.76
gaussian_xyz/case-101913/case-101913_-64.20162177706756_83.87994936038152_-20.543894065443883.png,"[2: Right humeral head, 6: Right elbow, 10: T1]",1.99
gaussian_xyz/case-101913/case-101913_87.42065245394585_-29.459624618183057_34.39688021177002.png,"[1: Skull, Cranium, Cranial vault, Calvarium, 2: Right humeral head, Right Proximal humerus, Head of right humerus, Right glenohumeral head, 10: T1, First thoracic vertebra, T1 vertebral body, Upper thoracic vertebra]",5.76
gaussian_xyz/case-101913/case-101913_160.55132462554346_3.965817801859947_-158.31568869875142.png,"[1: Skull, Cranium, Cranial vault, Calvarium, 10: T1, First thoracic vertebra, T1 vertebral body, Upper thoracic vertebra, 11: Carina, Tracheal bifurcation, Tracheal carina]",4.77
gaussian_xyz/case-101913/case-101913_-125.01340860750128_78.59361551296412_-114.13725446673288.png,"[2: Right humeral head, 6: Right elbow, 10: T1]",1.98
gaussian_xyz/case-101913/case-101913_173.78877676346357_10.223197503224917_55.4688599402911.png,"[1: Skull, Cranium, Cranial vault, Calvarium, 6: Right elbow, Right olecranon, Right Cubital joint, Right Elbow joint, 10: T1, First thoracic vertebra, T1 vertebral body, Upper thoracic vertebra]",5.23
gaussian_xyz/case-101913/case-101913_156.02908892708993_-79.90320910990256_36.07475339711951.png,"[1: Skull, Cranium, Cranial vault, Calvarium, 6: Right elbow, Right olecranon, Right Cubital joint, Right Elbow joint, 10: T1, First thoracic vertebra, T1 vertebral body, Upper thoracic vertebra]",5.22
gaussian_xyz/case-101913/case-101913_115.46874651424113_-57.19168646676504_68.3195885082119.png,"[1: Skull, Cranium, Cranial vault, Calvarium, 6: Right elbow, Right olecranon, Right Cubital joint, Right Elbow joint, 10: T1, First thoracic vertebra, T1 vertebral body, Upper thoracic vertebra]",5.22
gaussian_xyz/case-101913/case-101913_-151.70664106434128_-3.064791023334077_-31.829472193525827.png,"[2: Right humeral head, 6: Right elbow, 10: T1]",1.98
gaussian_xyz/case-101913/case-101913_-15.918775519328676_-28.625636352581516_156.92227363971602.png,"[2: Right humeral head, 3: Left humeral head, 11: Carina]",2.08
gaussian_xyz/case-101913/case-101913_-167.2879621851114_-29.231250890724255_15.171072147040071.png,"[6: Right elbow, 10: T1, 12: Right hemidiaphragm]",2.34
gaussian_xyz/case-101913/case-101913_136.25711996733375_-31.399976429781_-89.58715118028277.png,"[1: Skull, Cranium, Cranial vault, Calvarium, 2: Right humeral head, Right Proximal humerus, Head of right humerus, Right glenohumeral head, 10: T1, First thoracic vertebra, T1 vertebral body, Upper thoracic vertebra]",5.76
gaussian_xyz/case-101913/case-101913_129.85037547615966_-42.51210279806182_48.85172427338292.png,"[1: Skull, Cranium, Cranial vault, Calvarium, 2: Right humeral head, Right Proximal humerus, Head of right humerus, Right glenohumeral head, 10: T1, First thoracic vertebra, T1 vertebral body, Upper thoracic vertebra]",5.76
gaussian_xyz/case-101913/case-101913_13.843751913269756_2.2304037174368565_-105.63290165344361.png,"[1: Skull, Cranium, Cranial vault, Calvarium, 10: T1, First thoracic vertebra, T1 vertebral body, Upper thoracic vertebra, 11: Carina, Tracheal bifurcation, Tracheal carina]",4.78
gaussian_xyz/case-101913/case-101913_82.99790244324547_46.999239822055976_73.42469407548846.png,"[1: Skull, Cranium, Cranial vault, Calvarium, 2: Right humeral head, Right Proximal humerus, Head of right humerus, Right glenohumeral head, 6: Right elbow, Right olecranon, Right Cubital joint, Right Elbow joint]",5.77
gaussian_xyz/case-101913/case-101913_123.22409204645149_64.3063786516119_113.08141129767337.png,"[1: Skull, Cranium, Cranial vault, Calvarium, 2: Right humeral head, Right Proximal humerus, Head of right humerus, Right glenohumeral head, 6: Right elbow, Right olecranon, Right Cubital joint, Right Elbow joint]",5.72
gaussian_xyz/case-101913/case-101913_-157.54301353766368_-66.21180452548427_-45.68106692675443.png,"[6: Right elbow, 10: T1, 11: Carina]",1.97
gaussian_xyz/case-101913/case-101913_-91.31384382282216_19.449297791334633_-3.3075142539447295.png,"[6: Right elbow, 10: T1, 11: Carina]",1.97
gaussian_xyz/case-101913/case-101913_-162.9251611715386_11.000809172151337_79.90696222093842.png,"[6: Right elbow, 10: T1, 12: Right hemidiaphragm]",2.33
gaussian_xyz/case-101913/case-101913_-121.41597086952584_57.379155394835216_63.28101892396023.png,"[2: Right humeral head, 6: Right elbow, 10: T1]",1.97
gaussian_xyz/case-101913/case-101913_-90.84735787429165_14.36436486558203_-111.59022933994581.png,"[2: Right humeral head, 6: Right elbow, 10: T1]",1.96
gaussian_xyz/case-101913/case-101913_134.02471657670915_37.49671452072137_25.087322072609403.png,"[1: Skull, Cranium, Cranial vault, Calvarium, 6: Right elbow, Right olecranon, Right Cubital joint, Right Elbow joint, 11: Carina, Tracheal bifurcation, Tracheal carina]",4.74
gaussian_xyz/case-101913/case-101913_63.15001661061015_49.82345932962378_-21.110079201550402.png,"[1: Skull, Cranium, Cranial vault, Calvarium, 6: Right elbow, Right olecranon, Right Cubital joint, Right Elbow joint, 2: Right humeral head, Right Proximal humerus, Head of right humerus, Right glenohumeral head]",5.75
gaussian_xyz/case-101913/case-101913_-69.11897484922657_98.4173552830126_-81.5306647248196.png,"[6: Right elbow, 2: Right humeral head, 4: Right scapular inferior angle]",2.16
gaussian_xyz/case-101913/case-101913_109.3714571644675_-46.88617984352928_-118.8294561505087.png,"[1: Skull, Cranium, Cranial vault, Calvarium, 2: Right humeral head, Right Proximal humerus, Head of right humerus, Right glenohumeral head, 6: Right elbow, Right olecranon, Right Cubital joint, Right Elbow joint]",5.77
gaussian_xyz/case-101913/case-101913_19.427246421472148_-24.578660046031036_41.97432671304054.png,"[1: Skull, Cranium, Cranial vault, Calvarium, 6: Right elbow, Right olecranon, Right Cubital joint, Right Elbow joint, 10: T1, First thoracic vertebra, T1 vertebral body, Upper thoracic vertebra]",5.22
gaussian_xyz/case-101913/case-101913_-134.4477342733157_-10.20551108314434_-6.832422637473398.png,"[6: Right elbow, 2: Right humeral head, 10: T1]",1.99
gaussian_xyz/case-101913/case-101913_104.48642857251784_36.83057258163378_-50.55937936956588.png,"[1: Skull, Cranium, Cranial vault, Calvarium, 2: Right humeral head, Right Proximal humerus, Head of right humerus, Right glenohumeral head, 6: Right elbow, Right olecranon, Right Cubital joint, Right Elbow joint]",5.76
gaussian_xyz/case-101913/case-101913_-177.35854759666373_-47.28790325584369_-96.80284206592493.png,"[6: Right elbow, 10: T1, 12: Right hemidiaphragm]",2.35
gaussian_xyz/case-101913/case-101913_-102.14098014552562_64.63251375322461_12.02978480868405.png,"[2: Right humeral head, 6: Right elbow, 10: T1]",1.99
gaussian_xyz/case-101913/case-101913_-177.3387164507552_-2.586223990888741_35.2465807806544.png,"[6: Right elbow, 10: T1, 12: Right hemidiaphragm]",2.35
gaussian_xyz/case-101913/case-101913_-37.8123584523741_-13.079261544271615_-50.67694890430807.png,"[11: Carina, 10: T1 vertebral body, 12: Right hemidiaphragm]",2.61
gaussian_xyz/case-101913/case-101913_-65.9273333228355_-4.660271435801281_-1.1241047673762807.png,"[11: Carina, 10: T1, 12: Right hemidiaphragm]",2.44
gaussian_xyz/case-101913/case-101913_27.94462092968874_-11.891173823791608_87.04707175527075.png,"[1: Skull, Cranium, Cranial vault, Calvarium, 10: T1 vertebral body, 11: Carina, Tracheal bifurcation, Tracheal carina]",3.78
gaussian_xyz/case-101913/case-101913_175.0584564649818_5.198446275763106_26.844947703924067.png,"[1: Skull, Cranium, Cranial vault, Calvarium, 10: T1, First thoracic vertebra, T1 vertebral body, Upper thoracic vertebra, 11: Carina, Tracheal bifurcation, Tracheal carina]",4.78
gaussian_xyz/case-101913/case-101913_159.549692403445_9.8854293274707_39.08270868479844.png,"[1: Skull, Cranium, Cranial vault, Calvarium, 2: Right humeral head, Right Proximal humerus, Head of right humerus, Right glenohumeral head, 10: T1, First thoracic vertebra, T1 vertebral body, Upper thoracic vertebra]",5.77
gaussian_xyz/case-101913/case-101913_-104.38594076147916_29.51933168438625_49.17368655360445.png,"[10: T1 vertebral body, 11: Carina, 12: Right hemidiaphragm]",2.62
gaussian_xyz/case-101913/case-101913_-8.880476318982431_-86.58867979569051_-113.39219492159629.png,"[2: Right humeral head, 4: Right scapular inferior angle, 6: Right elbow]",2.16
gaussian_xyz/case-101913/case-101913_92.19908903604758_-0.5575169865469948_-12.786011595121577.png,"[1: Skull, Cranium, Cranial vault, Calvarium, 6: Right elbow, Right olecranon, Right Cubital joint, Right Elbow joint, 11: Carina, Tracheal bifurcation, Tracheal carina]",4.78
gaussian_xyz/case-101913/case-101913_-7.648433490865216_-48.4394821227007_-144.99134587709509.png,"[10: T1 vertebral body, 6: Right elbow, 11: Carina]",2.17
gaussian_xyz/case-101913/case-101913_-151.72345176165987_58.04273503882011_294.48789118477174.png,"[2: Right humeral head, 6: Right elbow, 10: T1]",1.99
gaussian_xyz/case-101913/case-101913_82.05592943643634_-13.153822566439764_26.27375598870384.png,"[1: Skull, Cranium, Cranial vault, Calvarium, 6: Right elbow, Right olecranon, Right Cubital joint, Right Elbow joint, 10: T1, First thoracic vertebra, T1 vertebral body, Upper thoracic vertebra]",5.24
gaussian_xyz/case-101913/case-101913_-172.14071411323607_57.87607033973858_-239.4810187433305.png,"[2: Right humeral head, 6: Right elbow, 10: T1]",1.99
gaussian_xyz/case-101913/case-101913_58.234064839908484_-38.07247787544795_58.994997549578954.png,"[2: Right humeral head, 10: T1 vertebral body, 11: Carina]",2.26
gaussian_xyz/case-101913/case-101913_83.7377437948837_-14.516183324645239_62.219418946338536.png,"[1: Skull, Cranium, Cranial vault, Calvarium, 6: Right elbow, Right olecranon, Right Cubital joint, Right Elbow joint, 10: T1, First thoracic vertebra, T1 vertebral body, Upper thoracic vertebra]",5.23
gaussian_xyz/case-101913/case-101913_107.6958186424117_-86.3379200378297_103.55150448213051.png,"[1: Skull, Cranium, Cranial vault, Calvarium, 2: Right humeral head, Right Proximal humerus, Head of right humerus, Right glenohumeral head, 6: Right elbow, Right olecranon, Right Cubital joint, Right Elbow joint]",5.77
gaussian_xyz/case-101913/case-101913_164.3024669580852_21.933809440771906_-0.09169764169271787.png,"[1: Skull, Cranium, Cranial vault, Calvarium, 2: Right humeral head, Right Proximal humerus, Head of right humerus, Right glenohumeral head, 10: T1, First thoracic vertebra, T1 vertebral body, Upper thoracic vertebra]",5.77
gaussian_xyz/case-101913/case-101913_56.18336430135784_-20.04082024844943_52.22832545188418.png,"[1: Skull, Cranium, Cranial vault, Calvarium, 10: T1, First thoracic vertebra, T1 vertebral body, Upper thoracic vertebra, 11: Carina, Tracheal bifurcation, Tracheal carina]",4.78
gaussian_xyz/case-101913/case-101913_91.92255280991654_31.809112968709794_-121.89013020512363.png,"[1: Skull, Cranium, Cranial vault, Calvarium, 6: Right elbow, Right olecranon, Right Cubital joint, Right Elbow joint, 11: Carina, Tracheal bifurcation, Tracheal carina]",4.78
gaussian_xyz/case-101913/case-101913_17.736232165727188_-66.89383110388958_-127.73154062161484.png,"[2: Right humeral head, 3: Left humeral head, 10: T1]",2.07
gaussian_xyz/case-101913/case-101913_89.77235089890505_44.3102314029358_-63.79599363965445.png,"[1: Skull, Cranium, Cranial vault, Calvarium, 2: Right humeral head, Right Proximal humerus, Head of right humerus, Right glenohumeral head, 6: Right elbow, Right olecranon, Right Cubital joint, Right Elbow joint]",5.77
gaussian_xyz/case-101913/case-101913_-132.5996469274791_0.8437099805008791_-165.53139954016166.png,"[2: Right humeral head, 6: Right elbow, 10: T1]",1.99
gaussian_xyz/case-101913/case-101913_-166.705874574944_40.01812976903638_12.07359451914983.png,"[10: T1 vertebral body, 11: Carina, 6: Right elbow]",2.17
gaussian_xyz/case-101913/case-101913_-46.28880575191533_61.32225177788549_-13.680811881956842.png,"[2: Right humeral head, 4: Right scapular inferior angle, 6: Right elbow]",2.16
gaussian_xyz/case-101913/case-101913_9.019214516958073_-39.610782007253256_58.196343999442924.png,"[1: Skull, Cranium, Cranial vault, Calvarium, 10: T1, First thoracic vertebra, T1 vertebral body, Upper thoracic vertebra, 11: Carina, Tracheal bifurcation, Tracheal carina]",4.78
gaussian_xyz/case-101913/case-101913_-47.46164065326687_89.40053974488373_-42.03513843996646.png,"[2: Right humeral head, 6: Right elbow, 4: Right scapular inferior angle]",2.16
gaussian_xyz/case-101913/case-101913_109.22483227374423_28.181941376738784_14.461117486709771.png,"[1: Skull, Cranium, Cranial vault, Calvarium, 2: Right humeral head, Right Proximal humerus, Head of right humerus, Right glenohumeral head, 10: T1, First thoracic vertebra, T1 vertebral body, Upper thoracic vertebra]",5.76
gaussian_xyz/case-101913/case-101913_75.24506811022579_37.31655249645004_-23.27779883666089.png,"[1: Skull, Cranium, Cranial vault, Calvarium, 2: Right humeral head, Right Proximal humerus, Head of right humerus, Right glenohumeral head, 10: T1, First thoracic vertebra, T1 vertebral body, Upper thoracic vertebra]",5.76
gaussian_xyz/case-101913/case-101913_71.07074582817472_18.002232388770445_-247.644786066899.png,"[1: Skull, Cranium, Cranial vault, Calvarium, 11: Carina, Tracheal bifurcation, Tracheal carina, 8: Right wrist, Right carpus, Right Radiocarpal joint, Right Wrist joint]",4.78
gaussian_xyz/case-101913/case-101913_-175.6780091742634_27.08227464122217_-95.82457274896414.png,"[6: Right elbow, 10: T1 vertebral body, 12: Right hemidiaphragm]",2.53
gaussian_xyz/case-101913/case-101913_-54.64437559300674_-24.787417026988084_-0.6087685128718543.png,"[11: Carina, 10: T1, 12: Right hemidiaphragm]",2.44
gaussian_xyz/case-101913/case-101913_-147.5671246333953_-33.506148831752455_-88.7235202595412.png,"[10: T1 vertebral body, 11: Carina, 12: Right hemidiaphragm]",2.62
gaussian_xyz/case-101913/case-101913_19.033394179070598_29.531175087938294_91.46888508272228.png,"[1: Skull, Cranium, Cranial vault, Calvarium, 11: Carina, Tracheal bifurcation, Tracheal carina, 10: T1, First thoracic vertebra, T1 vertebral body, Upper thoracic vertebra]",4.78
gaussian_xyz/case-101913/case-101913_62.59647916758982_-83.92135988977576_97.15379217791458.png,"[1: Skull, Cranium, Cranial vault, Calvarium, 2: Right humeral head, Right Proximal humerus, Head of right humerus, Right glenohumeral head, 6: Right elbow, Right olecranon, Right Cubital joint, Right Elbow joint]",5.78
gaussian_xyz/case-101913/case-101913_-58.74868988806216_-73.9243736160331_83.67646755106222.png,"[2: Right proximal humerus, 6: Right elbow, 10: T1]",2.08
gaussian_xyz/case-101913/case-101913_-105.31738405185737_-33.77996607443264_156.00307661726129.png,"[6: Right elbow, 10: T1 vertebral body, 11: Carina]",2.17
gaussian_xyz/case-101913/case-101913_66.02367945318699_-7.175055280407682_17.583656976766257.png,"[1: Skull, Cranium, Cranial vault, Calvarium, 10: T1, First thoracic vertebra, T1 vertebral body, Upper thoracic vertebra, 11: Carina, Tracheal bifurcation, Tracheal carina]",4.78
gaussian_xyz/case-101913/case-101913_-139.32117350710132_12.39486106317835_19.865943320440905.png,"[6: Right elbow, 10: T1 vertebral body, 11: Carina]",2.17
gaussian_xyz/case-101913/case-101913_143.4759449617264_-4.160572866340926_60.41989497178526.png,"[1: Skull, Cranium, Cranial vault, Calvarium, 2: Left humeral head, Left Proximal humerus, Head of left humerus, Left glenohumeral head, 11: Carina, Tracheal bifurcation, Tracheal carina]",5.32
gaussian_xyz/case-101913/case-101913_-60.67865299665728_-27.821772885388818_-17.213970446815164.png,"[11: Carina, 10: T1, 3: Left humeral head]",2.08
gaussian_xyz/case-101913/case-101913_-11.41145315135853_42.2660026145338_-139.29835217509742.png,"[2: Right humeral head, 6: Right elbow, 10: T1]",1.99
gaussian_xyz/case-101913/case-101913_138.94040962729085_18.707090007001558_-48.75147789704002.png,"[1: Skull, Cranium, Cranial vault, Calvarium, 11: Carina, Tracheal bifurcation, Tracheal carina, 10: T1, First thoracic vertebra, T1 vertebral body, Upper thoracic vertebra]",4.78
gaussian_xyz/case-101913/case-101913_-51.0656441502511_9.395365849323486_-42.7058018275718.png,"[10: T1 vertebral body, 11: Carina, 2: Right humeral head]",2.26
gaussian_xyz/case-101913/case-101913_-137.15514641951876_92.38819849126591_-20.006825736574672.png,"[2: Right humeral head, 6: Right elbow, 4: Right scapular inferior angle]",2.17
gaussian_xyz/case-101913/case-101913_10.42592847565922_22.297190142106007_-49.06017993560222.png,"[10: T1 vertebral body, 11: Carina, 1: Skull, Cranium, Cranial vault]",2.7
gaussian_xyz/case-101913/case-101913_-67.12994783056054_62.966237757182135_-78.75799801937472.png,"[2: Right humeral head, 6: Right elbow, 10: T1]",1.99
gaussian_xyz/case-101913/case-101913_-11.007748564379739_10.53072295075803_14.323072688373173.png,"[10: T1 vertebral body, 11: Carina, 12: Right hemidiaphragm]",2.62
gaussian_xyz/case-101913/case-101913_-106.08484994055704_76.50282480053033_-48.87315515181329.png,"[6: Right elbow, 10: T1 vertebral body, 12: Right hemidiaphragm]",2.53
gaussian_xyz/case-101913/case-101913_-108.7430598227355_33.96057546590896_-92.60587846788006.png,"[10: T1 vertebral body, 11: Carina, 6: Right elbow]",2.16
gaussian_xyz/case-101913/case-101913_-50.680662134245836_22.517363951789534_-59.88648934585519.png,"[10: T1 vertebral body, 11: Carina, 12: Right hemidiaphragm]",3.06
gaussian_xyz/case-101913/case-101913_-53.944716459659816_19.185957426321014_-2.522604720271827.png,"[10: T1 vertebral body, 11: Carina, 12: Right hemidiaphragm]",2.62
gaussian_xyz/case-101913/case-101913_-110.0434925341305_47.31096118960134_-14.255203459394817.png,"[10: T1 vertebral body, 11: Carina, 6: Right elbow]",2.16
gaussian_xyz/case-101913/case-101913_58.299939343010095_1.7080552346580151_124.02479800536759.png,"[1: Skull, Cranium, Cranial vault, Calvarium, 10: T1, First thoracic vertebra, T1 vertebral body, Upper thoracic vertebra, 11: Carina, Tracheal bifurcation, Tracheal carina]",4.76
gaussian_xyz/case-101913/case-101913_-74.32102583323197_22.474681732452076_-124.37952783204382.png,"[6: Right elbow, 10: T1, 12: Right hemidiaphragm]",2.34
gaussian_xyz/case-101913/case-101913_93.37116933278995_-1.9957499991180745_55.705072585428574.png,"[1: Skull, Cranium, Cranial vault, Calvarium, 11: Carina, Tracheal bifurcation, Tracheal carina, 10: T1, First thoracic vertebra, T1 vertebral body, Upper thoracic vertebra]",4.76
gaussian_xyz/case-101913/case-101913_149.89637583940439_73.18533846329808_13.760175055549128.png,"[1: Skull, Cranium, Cranial vault, Calvarium, 6: Right elbow, Right olecranon, Right Cubital joint, Right Elbow joint, 10: T1, First thoracic vertebra, T1 vertebral body, Upper thoracic vertebra]",5.23
gaussian_xyz/case-101913/case-101913_-94.66837303642839_49.62939590491827_-93.49236850404107.png,"[6: Right elbow, 11: Carina, 10: T1]",1.98
gaussian_xyz/case-101913/case-101913_-107.04579555088411_-27.213343757940795_-25.556465522132754.png,"[10: T1 vertebral body, 11: Carina, 6: Right elbow]",2.16
gaussian_xyz/case-101913/case-101913_21.34693836869417_54.202556530970725_42.41578155715725.png,"[2: Right humeral head, 3: Left humeral head, 10: T1]",2.07
gaussian_xyz/case-101913/case-101913_-23.03922464028406_-9.526176894334741_-84.27181460951319.png,"[11: Carina, 10: T1, 12: Right hemidiaphragm]",2.43
gaussian_xyz/case-101913/case-101913_-1.6009307469802252_44.34597211865089_-77.94092397949503.png,"[2: Right humeral head, 3: Left humeral head, 10: T1]",2.07
gaussian_xyz/case-101913/case-101913_38.61967809467316_31.391089334841826_-27.983701725738108.png,"[1: Skull, Cranium, Cranial vault, Calvarium, 2: Right humeral head, Right Proximal humerus, Head of right humerus, Right glenohumeral head, 6: Right elbow, Right olecranon, Right Cubital joint, Right Elbow joint]",5.76
gaussian_xyz/case-101913/case-101913_102.06077682340688_45.31501652318154_103.7417111589949.png,"[1: Skull, Cranium, Cranial vault, Calvarium, 2: Right humeral head, Right Proximal humerus, Head of right humerus, Right glenohumeral head, 6: Right elbow, Right olecranon, Right Cubital joint, Right Elbow joint]",5.76
gaussian_xyz/case-101913/case-101913_-63.74774873763765_-24.180940326709568_-143.09387759759076.png,"[2: Right humeral head, 3: Left humeral head, 10: T1]",2.07
gaussian_xyz/case-101913/case-101913_176.0774779929246_-31.64958854371035_58.23703297631416.png,"[1: Skull, Cranium, Cranial vault, Calvarium, 6: Right elbow, Right olecranon, Right Cubital joint, Right Elbow joint, 10: T1, First thoracic vertebra, T1 vertebral body, Upper thoracic vertebra]",5.22
gaussian_xyz/case-101913/case-101913_148.32698895829506_-38.92158266852242_-163.81471503236736.png,"[1: Skull, Cranium, Cranial vault, Calvarium, 2: Right humeral head, Right Proximal humerus, Head of right humerus, Right glenohumeral head, 10: T1, First thoracic vertebra, T1 vertebral body, Upper thoracic vertebra]",5.77
gaussian_xyz/case-101913/case-101913_-175.7112651199244_-56.701660981595545_139.91020886521807.png,"[2: Right humeral head, 6: Right elbow, 10: T1]",1.98
gaussian_xyz/case-101913/case-101913_-55.55479981309222_61.62502457215605_54.52198150804528.png,"[2: Right humeral head, 6: Right elbow, 10: T1]",1.98
gaussian_xyz/case-101913/case-101913_177.68824947497868_-32.65032379799432_53.78992436122269.png,"[1: Skull, Cranium, Cranial vault, Calvarium, 11: Carina, Tracheal bifurcation, Tracheal carina, 10: T1, First thoracic vertebra, T1 vertebral body, Upper thoracic vertebra]",4.78
gaussian_xyz/case-101913/case-101913_4.464264523710824_33.57589615306933_-109.18815696426863.png,"[11: Carina, 10: T1, 6: Right elbow]",1.98
gaussian_xyz/case-101913/case-101913_-105.34501019694878_-41.64480179449198_-38.78766064187237.png,"[2: Right humeral head, 6: Right elbow, 10: T1]",1.98
gaussian_xyz/case-101913/case-101913_179.5095371849021_27.850129738036703_196.66606351294277.png,"[1: Skull, Cranium, Cranial vault, Calvarium, 2: Right humeral head, Right Proximal humerus, Head of right humerus, Right glenohumeral head, 10: T1, First thoracic vertebra, T1 vertebral body, Upper thoracic vertebra]",5.76
gaussian_xyz/case-101913/case-101913_-177.63573702140067_24.580868044005957_-3.6524169966493494.png,"[2: Right humeral head, 6: Right elbow, 10: T1]",1.99
gaussian_xyz/case-101913/case-101913_-169.95172249786978_51.21648782992459_167.43689400241075.png,"[2: Right humeral head, 3: Left humeral head, 10: T1]",2.07
gaussian_xyz/case-101913/case-101913_-126.93491399639672_69.71794775917832_60.55089414127036.png,"[2: Right proximal humerus, 6: Right elbow, 10: T1]",2.07
gaussian_xyz/case-101913/case-101913_-96.24318105937783_84.46295730736361_-74.58362451003177.png,"[6: Right elbow, 4: Right scapular inferior angle, 10: T1]",2.16
gaussian_xyz/case-101913/case-101913_3.367436245166857_-19.904605326994687_47.12128180268119.png,"[1: Skull, Cranium, Cranial vault, Calvarium, 10: T1, First thoracic vertebra, T1 vertebral body, Upper thoracic vertebra, 12: Right hemidiaphragm, Right Diaphragmatic dome, Right Diaphragmatic crus]",5.68
gaussian_xyz/case-101913/case-101913_-67.99991202777231_-26.146459153896316_-12.03702954193299.png,"[11: Carina, 10: T1 vertebral body, 6: Right elbow]",2.16
gaussian_xyz/case-101913/case-101913_-83.04630501087203_80.43778390367638_-6.70559899522792.png,"[6: Right elbow, 10: T1, 12: Right hemidiaphragm]",2.35
gaussian_xyz/case-101913/case-101913_73.95375863794521_-27.89138090183337_-162.00441924572382.png,"[1: Skull, Cranium, Cranial vault, Calvarium, 2: Right humeral head, Right Proximal humerus, Head of right humerus, Right glenohumeral head, 10: T1, First thoracic vertebra, T1 vertebral body, Upper thoracic vertebra]",5.77
gaussian_xyz/case-101913/case-101913_45.17544342502015_-78.48500514103304_-108.14728231775047.png,"[2: Right humeral head, 6: Right elbow, 10: T1]",1.98
gaussian_xyz/case-101913/case-101913_40.96467736262488_-20.47461578731027_-40.17359413304701.png,"[1: Skull, Cranium, Cranial vault, Calvarium, 10: T1, First thoracic vertebra, T1 vertebral body, Upper thoracic vertebra, 11: Carina, Tracheal bifurcation, Tracheal carina]",4.77
gaussian_xyz/case-101913/case-101913_124.30664257543057_-29.488400784370132_78.72366347637906.png,"[1: Skull, Cranium, Cranial vault, Calvarium, 2: Right humeral head, Right Proximal humerus, Head of right humerus, Right glenohumeral head, 10: T1, First thoracic vertebra, T1 vertebral body, Upper thoracic vertebra]",5.77
gaussian_xyz/case-101913/case-101913_55.722122808510676_75.12011852094084_207.6586414434452.png,"[1: Skull, Cranium, Cranial vault, Calvarium, 2: Left humeral head, Left Proximal humerus, Head of left humerus, Left glenohumeral head, 10: T1, First thoracic vertebra, T1 vertebral body, Upper thoracic vertebra]",5.77
gaussian_xyz/case-101913/case-101913_-113.99912330391626_-1.3815463393174232_1.2278121232118622.png,"[10: T1 vertebral body, 11: Carina, 6: Right elbow]",2.17
gaussian_xyz/case-101913/case-101913_-52.20543837279041_-0.8101907540415445_-150.67631020072895.png,"[10: T1 vertebral body, 11: Carina, 12: Right hemidiaphragm]",2.62
gaussian_xyz/case-101913/case-101913_88.9152554274281_-3.759806151301167_36.13946899731206.png,"[1: Skull, Cranium, Cranial vault, Calvarium, 6: Right elbow, Right olecranon, Right Cubital joint, Right Elbow joint, 11: Carina, Tracheal bifurcation, Tracheal carina]",4.78
gaussian_xyz/case-101913/case-101913_123.35633972388379_-32.81723593521518_-10.4237729603983.png,"[1: Skull, Cranium, Cranial vault, Calvarium, 2: Right humeral head, Right Proximal humerus, Head of right humerus, Right glenohumeral head, 10: T1, First thoracic vertebra, T1 vertebral body, Upper thoracic vertebra]",5.77
gaussian_xyz/case-101913/case-101913_-10.911079464287468_-16.199339649316972_-39.34374536060339.png,"[1: Skull, Cranium, Cranial vault, Calvarium, 10: T1, First thoracic vertebra, T1 vertebral body, Upper thoracic vertebra, 11: Carina, Tracheal bifurcation, Tracheal carina]",4.78
gaussian_xyz/case-101913/case-101913_-89.31174380077846_-12.56984101412912_-151.19361825655486.png,"[6: Right elbow, 10: T1, 11: Carina]",1.98
gaussian_xyz/case-101913/case-101913_76.53849266904527_-41.45913506818966_80.9144853865148.png,"[1: Skull, Cranium, Cranial vault, Calvarium, 10: T1, First thoracic vertebra, T1 vertebral body, Upper thoracic vertebra, 12: Right hemidiaphragm, Right Diaphragmatic dome, Right Diaphragmatic crus]",5.67
gaussian_xyz/case-101913/case-101913_-147.29248184400453_-15.63545740875798_-44.86293434763252.png,"[6: Right elbow, 10: T1, 12: Right hemidiaphragm]",2.35
gaussian_xyz/case-101913/case-101913_-17.59918879943504_-2.6078936263172317_152.85429012418643.png,"[1: Skull, Cranium, Cranial vault, Calvarium, 6: Right elbow, Right olecranon, Right Cubital joint, Right Elbow joint, 10: T1, First thoracic vertebra, T1 vertebral body, Upper thoracic vertebra]",5.23
gaussian_xyz/case-101913/case-101913_53.15651847974377_-83.01809282541711_-122.45639164175732.png,"[2: Right humeral head, 6: Right elbow, 10: T1]",1.99
gaussian_xyz/case-101913/case-101913_-106.60843304088567_-54.70247210409045_3.2935788176010403.png,"[6: Right elbow, 2: Right humeral head, 10: T1]",1.98
gaussian_xyz/case-101913/case-101913_133.60663741198678_29.293644136390608_79.54477495999264.png,"[1: Skull, Cranium, Cranial vault, Calvarium, 6: Right elbow, Right olecranon, Right Cubital joint, Right Elbow joint, 10: T1, First thoracic vertebra, T1 vertebral body, Upper thoracic vertebra]",5.22
gaussian_xyz/case-101913/case-101913_-18.95815374854061_51.3136551145799_45.79042153242809.png,"[2: Right humeral head, 3: Left humeral head, 10: T1]",2.08
gaussian_xyz/case-101913/case-101913_16.18144742488286_-28.078910705071323_-115.32277265506781.png,"[10: T1 vertebral body, 11: Carina, 6: Right elbow]",2.17
gaussian_xyz/case-101913/case-101913_165.72653115121253_41.53252390100727_63.72893731783754.png,"[1: Skull, Cranium, Cranial vault, Calvarium, 2: Right humeral head, Right Proximal humerus, Head of right humerus, Right glenohumeral head, 10: T1, First thoracic vertebra, T1 vertebral body, Upper thoracic vertebra]",5.77
gaussian_xyz/case-101913/case-101913_-180.13438080925582_9.36443148801046_9.425470635832474.png,"[6: Right elbow, 10: T1, 12: Right hemidiaphragm]",2.35
gaussian_xyz/case-101913/case-101913_-60.86913152438551_-8.984838352933032_119.14024138337642.png,"[10: T1 vertebral body, 11: Carina, 12: Right hemidiaphragm]",2.61
gaussian_xyz/case-101913/case-101913_101.53949484438343_-16.860644131126172_182.99526409906582.png,"[1: Skull, Cranium, Cranial vault, Calvarium, 2: Right humeral head, Right Proximal humerus, Head of right humerus, Right glenohumeral head, 10: T1, First thoracic vertebra, T1 vertebral body, Upper thoracic vertebra]",5.77
gaussian_xyz/case-101913/case-101913_40.277139887640004_-33.99793348694286_160.83563793474917.png,"[2: Right humeral head, 10: T1 vertebral body, 11: Carina]",2.26
gaussian_xyz/case-101913/case-101913_137.48525912491615_-7.96317856460614_7.80642698073033.png,"[1: Skull, Cranium, Cranial vault, Calvarium, 11: Carina, Tracheal bifurcation, Tracheal carina, 6: Right elbow, Right olecranon, Right Cubital joint, Right Elbow joint]",4.78
gaussian_xyz/case-101913/case-101913_162.7425165189072_-26.092285117620346_-4.456443105859437.png,"[1: Skull, Cranium, Cranial vault, Calvarium, 10: T1, First thoracic vertebra, T1 vertebral body, Upper thoracic vertebra, 11: Carina, Tracheal bifurcation, Tracheal carina]",4.78
gaussian_xyz/case-101913/case-101913_3.3561740724165645_-31.093099803360833_41.70368595452179.png,"[1: Skull, Cranium, Cranial vault, Calvarium, 10: T1 vertebral body, T1 vertebral body, Upper thoracic vertebra, 11: Carina, Tracheal bifurcation, Tracheal carina]",4.59
gaussian_xyz/case-101913/case-101913_-132.295441266671_15.749783576551588_-191.51137875554286.png,"[2: Right humeral head, 6: Right elbow, 10: T1]",1.99
gaussian_xyz/case-101913/case-101913_-48.7772533772295_28.795193692666007_6.391551130772999.png,"[2: Right humeral head, 10: T1, 11: Carina]",2.07
gaussian_xyz/case-101913/case-101913_67.17937937560387_0.9855439109717412_89.1259979966537.png,"[1: Skull, Cranium, Cranial vault, Calvarium, 10: T1, First thoracic vertebra, T1 vertebral body, Upper thoracic vertebra, 11: Carina, Tracheal bifurcation, Tracheal carina]",4.78
gaussian_xyz/case-101913/case-101913_171.72834615792848_-40.71550405106798_195.17893168887483.png,"[1: Skull, Cranium, Cranial vault, Calvarium, 6: Right elbow, Right olecranon, Right Cubital joint, Right Elbow joint, 10: T1, First thoracic vertebra, T1 vertebral body, Upper thoracic vertebra]",5.23
gaussian_xyz/case-101913/case-101913_73.31409516648068_12.889591841968715_-33.07137477121343.png,"[1: Skull, Cranium, Cranial vault, Calvarium, 10: T1, First thoracic vertebra, T1 vertebral body, Upper thoracic vertebra, 11: Carina, Tracheal bifurcation, Tracheal carina]",4.77
gaussian_xyz/case-101913/case-101913_18.127672543628023_-30.239073399687772_42.38356644202152.png,"[1: Skull, Cranium, Cranial vault, Calvarium, 10: T1, First thoracic vertebra, T1 vertebral body, Upper thoracic vertebra, 11: Carina, Tracheal bifurcation, Tracheal carina]",4.78
gaussian_xyz/case-101913/case-101913_14.896717646855421_-35.326536784946995_-64.07695621158875.png,"[2: Right humeral head, 3: Left humeral head, 10: T1]",2.07
gaussian_xyz/case-101913/case-101913_25.735694396939294_51.728723558797064_12.408612723281228.png,"[1: Skull, Cranium, Cranial vault, Calvarium, 2: Right humeral head, Right Proximal humerus, Head of right humerus, Right glenohumeral head, 10: T1, First thoracic vertebra, T1 vertebral body, Upper thoracic vertebra]",5.77
gaussian_xyz/case-101913/case-101913_-125.3737859892703_90.47961356758096_5.27671157050305.png,"[2: Right humeral head, 6: Right elbow, 10: T1]",1.99
gaussian_xyz/case-101913/case-101913_-89.12012405972668_1.6705506124209002_-44.225063801460216.png,"[2: Right humeral head, 6: Right elbow, 10: T1]",1.99
gaussian_xyz/case-101913/case-101913_-118.35023735599427_-34.44154194600755_161.03380162589878.png,"[6: Right elbow, 10: T1, 11: Carina]",1.99
gaussian_xyz/case-101913/case-101913_12.772466055191217_39.7126902891915_-69.95268973034942.png,"[2: Right humeral head, 3: Left humeral head, 10: T1]",2.08
gaussian_xyz/case-101913/case-101913_-164.51797751935962_-41.0725789324149_-110.48862603882506.png,"[6: Right elbow, 2: Right humeral head, 10: T1]",1.99
gaussian_xyz/case-101913/case-101913_-139.39842132284747_-74.88424179352025_-29.601959000777516.png,"[2: Right humeral head, 6: Right elbow, 10: T1]",1.99
gaussian_xyz/case-101913/case-101913_70.61382407921735_107.87534453580105_164.13086902882532.png,"[1: Skull, Cranium, Cranial vault, Calvarium, 2: Right humeral head, Right Proximal humerus, Head of right humerus, Right glenohumeral head, 6: Right elbow, Right olecranon, Right Cubital joint, Right Elbow joint]",5.77
gaussian_xyz/case-101913/case-101913_-7.80456077409778_18.80635062439803_-99.51435531124181.png,"[3: Left humeral head, 10: T1 vertebral body, 11: Carina]",2.25
gaussian_xyz/case-101913/case-101913_-2.928993425394168_-4.234526013802073_-86.80879591304989.png,"[10: T1 vertebral body, 11: Carina, 12: Right hemidiaphragm]",2.62
gaussian_xyz/case-101913/case-101913_141.98357843444754_-66.352021329297_-135.36892421745677.png,"[1: Skull, Cranium, Cranial vault, Calvarium, 6: Right elbow, Right olecranon, Right Cubital joint, Right Elbow joint, 10: T1, First thoracic vertebra, T1 vertebral body, Upper thoracic vertebra]",5.23
gaussian_xyz/case-101913/case-101913_111.08949152182882_-108.76351294205871_-133.8977497756261.png,"[6: Right elbow, 4: Right scapular inferior angle, 10: T1]",2.17
gaussian_xyz/case-101913/case-101913_127.52721157374046_-18.11090545451155_-41.20505873103168.png,"[1: Skull, Cranium, Cranial vault, Calvarium, 6: Right elbow, Right olecranon, Right Cubital joint, Right Elbow joint, 11: Carina, Tracheal bifurcation, Tracheal carina]",4.78
gaussian_xyz/case-101913/case-101913_11.343052243113306_-62.79160804062336_8.881448961822786.png,"[2: Right humeral head, 6: Right elbow, 10: T1]",1.99
gaussian_xyz/case-101913/case-101913_105.14434752845588_-13.477958610546198_-175.83438597944695.png,"[1: Skull, Cranium, Cranial vault, Calvarium, 10: T1, First thoracic vertebra, T1 vertebral body, Upper thoracic vertebra, 11: Carina, Tracheal bifurcation, Tracheal carina]",4.79
gaussian_xyz/case-101913/case-101913_160.76338259078076_-11.431737456405077_33.2490102349101.png,"[1: Skull, Cranium, Cranial vault, Calvarium, 2: Right humeral head, Right Proximal humerus, Head of right humerus, Right glenohumeral head, 10: T1, First thoracic vertebra, T1 vertebral body, Upper thoracic vertebra]",5.78
gaussian_xyz/case-101913/case-101913_-124.65022924618651_-1.963457157166704_-72.05254675458691.png,"[6: Right elbow, 2: Right humeral head, 10: T1]",1.99
gaussian_xyz/case-101913/case-101913_-17.501399866270106_-29.04353435284484_-169.78766340878914.png,"[10: T1 vertebral body, 11: Carina, 12: Right hemidiaphragm]",2.62
gaussian_xyz/case-101913/case-101913_-20.55074824723846_5.194383073115091_-6.424373241624126.png,"[11: Carina, 10: T1 vertebral body, 12: Right hemidiaphragm]",2.62
gaussian_xyz/case-101913/case-101913_-133.233960658265_26.048182113044398_-78.5237573760469.png,"[2: Right humeral head, 6: Right elbow, 10: T1]",1.99
gaussian_xyz/case-101913/case-101913_-24.294563137627136_16.425442849119587_24.919638493346948.png,"[10: T1 vertebral body, 11: Carina, 6: Right elbow]",2.17
gaussian_xyz/case-101913/case-101913_53.567364612388985_-27.379408628916867_29.904873191358845.png,"[1: Skull, Cranium, Cranial vault, Calvarium, 10: T1 vertebral body, T1 vertebral body, Upper thoracic vertebra, 11: Carina, Tracheal bifurcation, Tracheal carina]",4.61
gaussian_xyz/case-101913/case-101913_29.240983213770903_12.290482590050281_-0.8632677467746821.png,"[1: Skull, Cranium, Cranial vault, Calvarium, 10: T1 vertebral body, 11: Carina, Tracheal bifurcation, Tracheal carina]",3.79
gaussian_xyz/case-101913/case-101913_93.46013886085362_90.05788711179628_-101.92148068973476.png,"[2: Right humeral head, 1: Skull, Cranium, Cranial vault, Calvarium, 6: Right elbow]",2.8
gaussian_xyz/case-101913/case-101913_170.40897931687394_-72.79498327568581_-43.36568104855032.png,"[1: Skull, Cranium, Cranial vault, Calvarium, 2: Right humeral head, Right Proximal humerus, Head of right humerus, Right glenohumeral head, 10: T1, First thoracic vertebra, T1 vertebral body, Upper thoracic vertebra]",5.78
gaussian_xyz/case-101913/case-101913_28.160227589570837_17.70793879127683_98.67424749181548.png,"[1: Skull, Cranium, Cranial vault, Calvarium, 6: Right elbow, Right olecranon, Right Cubital joint, Right Elbow joint, 10: T1, First thoracic vertebra, T1 vertebral body, Upper thoracic vertebra]",5.24
gaussian_xyz/case-101913/case-101913_-168.64784109460552_0.4767458915011912_-83.18401673963655.png,"[10: T1 vertebral body, 11: Carina, 6: Right elbow]",2.17
gaussian_xyz/case-101913/case-101913_96.96064796183296_-5.966026616762029_12.574809729776618.png,"[1: Skull, Cranium, Cranial vault, Calvarium, 6: Right elbow, Right olecranon, Right Cubital joint, Right Elbow joint, 11: Carina, Tracheal bifurcation, Tracheal carina]",4.79
gaussian_xyz/case-101913/case-101913_167.04322351319243_8.987087910777_-106.49106252452324.png,"[1: Skull, Cranium, Cranial vault, Calvarium, 11: Carina, Tracheal bifurcation, Tracheal carina, 10: T1, First thoracic vertebra, T1 vertebral body, Upper thoracic vertebra]",4.79
gaussian_xyz/case-101913/case-101913_-19.225194690071646_24.524110328935112_-40.99687293628814.png,"[11: Carina, 10: T1, 6: Right elbow]",1.99
gaussian_xyz/case-101913/case-101913_141.8858218679289_57.06684524100223_-106.55324482517004.png,"[1: Skull, Cranium, Cranial vault, Calvarium, 2: Right humeral head, Right Proximal humerus, Head of right humerus, Right glenohumeral head, 6: Right elbow, Right olecranon, Right Cubital joint, Right Elbow joint]",5.78
gaussian_xyz/case-101913/case-101913_23.25549924199231_-21.50385445653876_108.33581439156308.png,"[1: Skull, Cranium, Cranial vault, Calvarium, 10: T1, First thoracic vertebra, T1 vertebral body, Upper thoracic vertebra, 11: Carina, Tracheal bifurcation, Tracheal carina]",4.79
gaussian_xyz/case-101913/case-101913_-169.70116640027283_-19.059888613671372_-93.43937225746535.png,"[6: Right elbow, 10: T1, 12: Right hemidiaphragm]",2.36
gaussian_xyz/case-101913/case-101913_-95.68584963187296_-4.549701702279473_81.68312986682737.png,"[10: T1 vertebral body, 11: Carina, 12: Right hemidiaphragm]",2.62
gaussian_xyz/case-101913/case-101913_-27.342086959689112_-25.40065049186098_111.12918944155923.png,"[1: Skull, Cranium, Cranial vault, Calvarium, 10: T1 vertebral body, T1 vertebral body, Upper thoracic vertebra, 11: Carina, Tracheal bifurcation, Tracheal carina]",5.05
gaussian_xyz/case-101913/case-101913_171.05688123919995_7.3690182818169_22.549217785829928.png,"[1: Skull, Cranium, Cranial vault, Calvarium, 2: Right humeral head, Right Proximal humerus, Head of right humerus, Right glenohumeral head, 11: Carina, Tracheal bifurcation, Tracheal carina]",5.33
gaussian_xyz/case-101913/case-101913_77.24593260939119_-21.13922860738755_19.26106568589143.png,"[1: Skull, Cranium, Cranial vault, Calvarium, 6: Right elbow, Right olecranon, Right Cubital joint, Right Elbow joint, 10: T1, First thoracic vertebra, T1 vertebral body, Upper thoracic vertebra]",5.22
gaussian_xyz/case-101913/case-101913_-88.86199326437718_62.78175244987331_48.2335706075519.png,"[2: Right humeral head, 6: Right elbow, 10: T1]",1.99
gaussian_xyz/case-101913/case-101913_97.37653025449194_19.325065369647003_-116.94989366398123.png,"[1: Skull, Cranium, Cranial vault, Calvarium, 6: Right elbow, Right olecranon, Right Cubital joint, Right Elbow joint, 10: T1, First thoracic vertebra, T1 vertebral body, Upper thoracic vertebra]",5.23
gaussian_xyz/case-101913/case-101913_20.897385052497896_-3.8247716786401926_41.50538334129053.png,"[1: Skull, Cranium, Cranial vault, Calvarium, 10: T1, First thoracic vertebra, T1 vertebral body, Upper thoracic vertebra, 11: Carina, Tracheal bifurcation, Tracheal carina]",4.78
gaussian_xyz/case-101913/case-101913_-140.88534453064636_4.879789483452248_-95.82072213512883.png,"[6: Right elbow, 10: T1, 12: Right hemidiaphragm]",2.36
gaussian_xyz/case-101913/case-101913_125.05215965923546_6.696695931253043_152.15086887770767.png,"[1: Skull, Cranium, Cranial vault, Calvarium, 2: Right humeral head, Right Proximal humerus, Head of right humerus, Right glenohumeral head, 11: Carina, Tracheal bifurcation, Tracheal carina]",5.32
gaussian_xyz/case-101913/case-101913_-38.03300737987075_72.6004694030707_7.987850730771148.png,"[2: Right humeral head, 4: Right scapular inferior angle, 10: T1]",2.26
gaussian_xyz/case-101913/case-101913_113.12106256003571_20.82357148669663_-80.37824503693383.png,"[1: Skull, Cranium, Cranial vault, Calvarium, 11: Carina, Tracheal bifurcation, Tracheal carina, 6: Right elbow, Right olecranon, Right Cubital joint, Right Elbow joint]",4.78
gaussian_xyz/case-101913/case-101913_-72.81799859525738_-2.549551962669389_59.123733283708916.png,"[10: T1 vertebral body, 11: Carina, 12: Right hemidiaphragm]",2.61
gaussian_xyz/case-101913/case-101913_-45.4574820421023_10.294737915872181_-68.47966772166647.png,"[10: T1 vertebral body, 11: Carina, 12: Right hemidiaphragm]",2.62
gaussian_xyz/case-101913/case-101913_-40.10840262020034_-1.2702808802462118_106.68007647394171.png,"[11: Carina, 10: T1 vertebral body, 3: Left humeral head]",2.27
gaussian_xyz/case-101913/case-101913_155.80226466949185_37.283118059539106_-193.25188311541663.png,"[1: Skull, Cranium, Cranial vault, Calvarium, 6: Right elbow, Right olecranon, Right Cubital joint, Right Elbow joint, 10: T1, First thoracic vertebra, T1 vertebral body, Upper thoracic vertebra]",5.23
gaussian_xyz/case-101913/case-101913_24.315002381398358_4.093992588465345_-47.446807501367715.png,"[2: Right humeral head, 3: Left humeral head, 10: T1]",2.08
gaussian_xyz/case-101913/case-101913_-85.90886740820297_-10.616726295494841_-19.437859356744923.png,"[10: T1 vertebral body, 11: Carina, 6: Right elbow]",2.17
gaussian_xyz/case-101913/case-101913_-177.69287497480155_-81.78254680802584_-37.76321733026893.png,"[6: Right elbow, 2: Right humeral head, 10: T1]",1.99
gaussian_xyz/case-101913/case-101913_-170.97942759271567_-33.61590300228067_41.947428144385164.png,"[6: Right elbow, 10: T1, 12: Right hemidiaphragm]",2.35
gaussian_xyz/case-101913/case-101913_167.63129139487788_-40.2808640556997_-122.50772487946928.png,"[1: Skull, Cranium, Cranial vault, Calvarium, 2: Right humeral head, Right Proximal humerus, Head of right humerus, Right glenohumeral head, 5: Left scapular inferior angle, Lower tip of left scapula, Left shoulder blade tip]",5.86
gaussian_xyz/case-101913/case-101913_166.56576916957667_-4.025972701023126_-323.6721239679406.png,"[1: Skull, Cranium, Cranial vault, Calvarium, 6: Right elbow, Right olecranon, Right Cubital joint, Right Elbow joint, 10: T1, First thoracic vertebra, T1 vertebral body, Upper thoracic vertebra]",5.24
gaussian_xyz/case-101913/case-101913_-125.54265023000542_72.27989800364517_52.418674986674816.png,"[2: Right humeral head, 6: Right elbow, 10: T1]",1.99
gaussian_xyz/case-101913/case-101913_53.71297180664871_-43.18416793347045_-164.53457982500356.png,"[1: Skull, Cranium, Cranial vault, Calvarium, 2: Right humeral head, Right Proximal humerus, Head of right humerus, Right glenohumeral head, 10: T1, First thoracic vertebra, T1 vertebral body, Upper thoracic vertebra]",5.78
gaussian_xyz/case-102421/case-102421_-113.77487343271547_-23.34444110825175_240.29667021072476.png,"[11: Carina, 10: T1, 6: Right elbow]",1.99
gaussian_xyz/case-102421/case-102421_-105.60180742890367_55.87545856912741_58.711912072511176.png,"[6: Right elbow, 10: T1, 12: Right hemidiaphragm]",2.34
gaussian_xyz/case-102421/case-102421_-38.24880350007189_-59.937571417914185_62.01305149845895.png,"[2: Right humeral head, 3: Left humeral head, 10: T1]",2.08
gaussian_xyz/case-102421/case-102421_26.54914381086067_-40.05414939479732_-107.97456619920234.png,"[2: Right humeral head, 6: Right elbow, 10: T1]",1.99
gaussian_xyz/case-102421/case-102421_-72.39796960962659_-17.40032566228236_-37.30508635660395.png,"[10: T1 vertebral body, 11: Carina, 6: Right elbow]",2.17
gaussian_xyz/case-102421/case-102421_37.97780633251705_39.89084523376465_-27.899174370698752.png,"[10: T1 vertebral body, 11: Carina, 6: Right elbow]",2.17
gaussian_xyz/case-102421/case-102421_125.74984465257705_-55.85220721179594_-47.64935297767267.png,"[1: Skull, Cranium, Cranial vault, Calvarium, 2: Right humeral head, Right Proximal humerus, Head of right humerus, Right glenohumeral head, 10: T1, First thoracic vertebra, T1 vertebral body, Upper thoracic vertebra]",5.78
gaussian_xyz/case-102421/case-102421_-97.40551409697058_36.44619519911047_49.949180378317735.png,"[2: Right proximal humerus, 10: T1 vertebral body, 11: Carina]",2.35
gaussian_xyz/case-102421/case-102421_-66.26309095813764_-59.143548355521965_-5.147042619488644.png,"[2: Right humeral head, 10: T1, 11: Carina]",2.08
gaussian_xyz/case-102421/case-102421_69.70659489643765_18.61924684275641_-20.566008317162222.png,"[11: Carina, 10: T1, 12: Right hemidiaphragm]",2.44
gaussian_xyz/case-102421/case-102421_-132.25686084089403_37.39421970174675_-103.59674503656665.png,"[2: Right humeral head, 4: Right scapular inferior angle, 10: T1]",2.26
gaussian_xyz/case-102421/case-102421_207.7747001872923_-25.084673832290484_-104.9936539031464.png,"[1: Skull, Cranium, Cranial vault, Calvarium, 6: Right elbow, Right olecranon, Right Cubital joint, Right Elbow joint, 11: Carina, Tracheal bifurcation, Tracheal carina]",4.79
gaussian_xyz/case-102421/case-102421_-188.14363062165035_-27.963054021271557_119.65430934737948.png,"[6: Right elbow, 2: Right humeral head, 10: T1]",1.99
gaussian_xyz/case-102421/case-102421_120.55961603280264_-12.198810997460141_113.5607635086075.png,"[1: Skull, Cranium, Cranial vault, Calvarium, 6: Right elbow, Right olecranon, Right Cubital joint, Right Elbow joint, 10: T1, First thoracic vertebra, T1 vertebral body, Upper thoracic vertebra]",5.24
gaussian_xyz/case-102421/case-102421_183.44319044432103_75.9819671523217_-14.051836091818886.png,"[1: Skull, Cranium, Cranial vault, Calvarium, 2: Right humeral head, Right Proximal humerus, Head of right humerus, Right glenohumeral head, 10: T1, First thoracic vertebra, T1 vertebral body, Upper thoracic vertebra]",5.78
gaussian_xyz/case-102421/case-102421_-32.93106249305964_3.747268803504831_103.74600871096294.png,"[11: Carina, 10: T1, 12: Right hemidiaphragm]",2.44
gaussian_xyz/case-102421/case-102421_-136.62634941040136_-71.14462619038781_-33.999929476956744.png,"[2: Right humeral head, 6: Right elbow, 10: T1]",1.99
gaussian_xyz/case-102421/case-102421_127.27123959543411_13.442054935841599_-165.6880925209817.png,"[1: Skull, Cranium, Cranial vault, Calvarium, 6: Right elbow, Right olecranon, Right Cubital joint, Right Elbow joint, 10: T1, First thoracic vertebra, T1 vertebral body, Upper thoracic vertebra]",5.24
gaussian_xyz/case-102421/case-102421_-125.99671213406205_17.038132693117543_-68.91501962023729.png,"[6: Right elbow, 2: Right humeral head, 10: T1]",1.99
gaussian_xyz/case-102421/case-102421_-101.44725337344151_-9.576991929242388_-6.862223036731568.png,"[11: Carina, 6: Right elbow, 10: T1]",1.99
gaussian_xyz/case-102421/case-102421_-65.71628114590271_33.21689388275245_-251.9510101180407.png,"[6: Right elbow, 2: Right humeral head, 10: T1]",1.99
gaussian_xyz/case-102421/case-102421_19.472217462431388_-24.23846199266818_-34.13436198734579.png,"[1: Skull, Cranium, Cranial vault, Calvarium, 10: T1 vertebral body, 11: Carina, Tracheal bifurcation, Tracheal carina]",3.79
gaussian_xyz/case-102421/case-102421_-36.59816596664456_50.60919742522786_-23.708057273411203.png,"[2: Right humeral head, 6: Right elbow, 10: T1]",1.99
gaussian_xyz/case-102421/case-102421_187.29667725480732_98.01279017074405_-165.0545830766327.png,"[1: Skull, Cranium, Cranial vault, Calvarium, 2: Right humeral head, Right Proximal humerus, Head of right humerus, Right glenohumeral head, 10: T1, First thoracic vertebra, T1 vertebral body, Upper thoracic vertebra]",5.78
gaussian_xyz/case-102421/case-102421_-161.24914031741164_31.389510277715313_111.44499935128682.png,"[2: Right humeral head, 6: Right elbow, 10: T1]",1.99
gaussian_xyz/case-102421/case-102421_129.74733429332537_55.282056912552974_97.04515980907085.png,"[1: Skull, Cranium, Cranial vault, Calvarium, 2: Right humeral head, Right Proximal humerus, Head of right humerus, Right glenohumeral head, 10: T1, First thoracic vertebra, T1 vertebral body, Upper thoracic vertebra]",5.77
gaussian_xyz/case-102421/case-102421_-148.35295603799716_-43.9067371327887_-75.596981914407.png,"[6: Right elbow, 2: Right humeral head, 10: T1]",1.99
gaussian_xyz/case-102421/case-102421_60.12918939549496_9.942500945510584_-72.59351754883812.png,"[2: Right humeral head, 10: T1, 11: Carina]",2.08
gaussian_xyz/case-102421/case-102421_168.6652358756035_-37.95488079188159_-84.51608565021014.png,"[1: Skull, Cranium, Cranial vault, Calvarium, 2: Right humeral head, Right Proximal humerus, Head of right humerus, Right glenohumeral head, 6: Right elbow, Right olecranon, Right Cubital joint, Right Elbow joint]",5.77
gaussian_xyz/case-102421/case-102421_97.43841029596103_51.70078094687353_-36.95691157102202.png,"[2: Right humeral head, 6: Right elbow, 10: T1]",1.99
gaussian_xyz/case-102421/case-102421_95.36623140388843_-100.5423834875097_69.11767676351047.png,"[1: Skull, Cranium, Cranial vault, Calvarium, 2: Left humeral head, Left Proximal humerus, Head of left humerus, Left glenohumeral head, 6: Right elbow, Right olecranon, Right Cubital joint, Right Elbow joint]",5.76
gaussian_xyz/case-102421/case-102421_68.39532842174907_-4.96848896395535_-184.21004967760595.png,"[1: Skull, Cranium, Cranial vault, Calvarium, 11: Carina, Tracheal bifurcation, Tracheal carina, 10: T1, First thoracic vertebra, T1 vertebral body, Upper thoracic vertebra]",4.77
gaussian_xyz/case-102421/case-102421_191.51671431074027_-36.56804043754852_5.622312309218402.png,"[1: Skull, Cranium, Cranial vault, Calvarium, 6: Right elbow, Right olecranon, Right Cubital joint, Right Elbow joint, 10: T1, First thoracic vertebra, T1 vertebral body, Upper thoracic vertebra]",5.23
gaussian_xyz/case-102421/case-102421_-101.63161839753003_75.92343615588814_167.83636798128902.png,"[2: Right humeral head, 6: Right elbow, 10: T1]",1.99
gaussian_xyz/case-102421/case-102421_67.75741300348898_39.05904854224986_-21.624659808666312.png,"[1: Skull, Cranium, Cranial vault, Calvarium, 11: Carina, Tracheal bifurcation, Tracheal carina, 10: T1, First thoracic vertebra, T1 vertebral body, Upper thoracic vertebra]",4.79
gaussian_xyz/case-102421/case-102421_101.75266605478521_-46.209079915012886_-43.15495296167448.png,"[1: Skull, Cranium, Cranial vault, Calvarium, 2: Right humeral head, Right Proximal humerus, Head of right humerus, Right glenohumeral head, 10: T1, First thoracic vertebra, T1 vertebral body, Upper thoracic vertebra]",5.78
gaussian_xyz/case-102421/case-102421_-34.57851331354507_-17.6495365225127_-33.971096278104596.png,"[11: Carina, 10: T1, 6: Right elbow]",1.99
gaussian_xyz/case-102421/case-102421_158.19180093955413_82.83931374942331_-33.16177401765364.png,"[1: Skull, Cranium, Cranial vault, Calvarium, 2: Right humeral head, Right Proximal humerus, Head of right humerus, Right glenohumeral head, 6: Right elbow, Right olecranon, Right Cubital joint, Right Elbow joint]",5.78
gaussian_xyz/case-102421/case-102421_-183.1634370659468_12.629014070477004_-113.18747375587878.png,"[6: Right elbow, 10: T1, 12: Right hemidiaphragm]",2.35
gaussian_xyz/case-102421/case-102421_-128.81143315418387_17.25428910168349_-107.87021641477837.png,"[6: Right elbow, 2: Right humeral head, 10: T1]",1.99
gaussian_xyz/case-102421/case-102421_8.502876074436017_-5.08338560022517_37.33313373277004.png,"[1: Skull, Cranium, Cranial vault, Calvarium, 11: Carina, Tracheal bifurcation, Tracheal carina, 10: T1, First thoracic vertebra, T1 vertebral body, Upper thoracic vertebra]",4.78
gaussian_xyz/case-102421/case-102421_-41.83519362948181_-8.233005860487077_-13.60275138050521.png,"[11: Carina, 10: T1, 12: Right hemidiaphragm]",2.44
gaussian_xyz/case-102421/case-102421_85.539665816499_12.394892950452036_40.63315865967871.png,"[1: Skull, Cranium, Cranial vault, Calvarium, 10: T1, First thoracic vertebra, T1 vertebral body, Upper thoracic vertebra, 11: Carina, Tracheal bifurcation, Tracheal carina]",4.79
gaussian_xyz/case-102421/case-102421_-212.2422458151305_7.284738440393145_161.25718302659294.png,"[2: Right humeral head, 6: Right elbow, 10: T1]",1.99
gaussian_xyz/case-102421/case-102421_-152.73493937983417_-25.774971046220667_-168.69827408188513.png,"[6: Right elbow, 10: T1, 12: Right hemidiaphragm]",2.35
gaussian_xyz/case-102421/case-102421_-34.35896875200197_26.925810865515306_-8.570854745014325.png,"[1: Skull, Cranium, Cranial vault, Calvarium, 2: Right humeral head, Right Proximal humerus, Head of right humerus, Right glenohumeral head, 10: T1, First thoracic vertebra, T1 vertebral body, Upper thoracic vertebra]",5.78
gaussian_xyz/case-102421/case-102421_-199.92772184283263_-59.09492987255589_129.2901437548587.png,"[2: Right humeral head, 6: Right elbow, 10: T1]",1.99
gaussian_xyz/case-102421/case-102421_-113.09244197111417_-29.50680639069023_-45.98351750932556.png,"[6: Right elbow, 2: Right humeral head, 10: T1]",1.99
gaussian_xyz/case-102421/case-102421_-41.34256842180807_-3.5360673973667054_139.4541466466032.png,"[11: Carina, 10: T1, 5: Left scapular inferior angle]",2.26
gaussian_xyz/case-102421/case-102421_95.72861153925794_19.17402520008287_-108.63499824490603.png,"[1: Skull, Cranium, Cranial vault, Calvarium, 2: Right humeral head, Right Proximal humerus, Head of right humerus, Right glenohumeral head, 10: T1, First thoracic vertebra, T1 vertebral body, Upper thoracic vertebra]",5.78
gaussian_xyz/case-102421/case-102421_-18.831386208091743_-13.67257330141804_-35.56281935141363.png,"[1: Skull, Cranium, Cranial vault, Calvarium, 10: T1 vertebral body, T1 vertebral body, Upper thoracic vertebra, 11: Carina, Tracheal bifurcation, Tracheal carina]",4.61
gaussian_xyz/case-102421/case-102421_78.28789231156736_34.12514903135315_220.82438381029607.png,"[1: Skull, Cranium, Cranial vault, Calvarium, 10: T1 vertebral body, 11: Carina]",3.07
gaussian_xyz/case-102421/case-102421_-16.96190162747672_67.01992986697334_-63.32598898732454.png,"[2: Right humeral head, 4: Right scapular inferior angle, 10: T1]",2.26
gaussian_xyz/case-102421/case-102421_6.870049468361032_-28.470176020265466_17.706603496127435.png,"[10: T1 vertebral body, 11: Carina, 12: Right hemidiaphragm]",2.62
gaussian_xyz/case-102421/case-102421_-82.45827597726947_-36.26004005861337_137.45806324797337.png,"[6: Right elbow, 10: T1 vertebral body, 11: Carina]",2.17
gaussian_xyz/case-102421/case-102421_16.68543211361211_86.88660230608612_-168.5050355820751.png,"[2: Right humeral head, 6: Right elbow, 10: T1]",1.99
gaussian_xyz/case-102421/case-102421_36.76630735090072_-26.764380491563116_21.44899950055496.png,"[1: Skull, Cranium, Cranial vault, Calvarium, 10: T1, First thoracic vertebra, T1 vertebral body, Upper thoracic vertebra, 11: Carina, Tracheal bifurcation, Tracheal carina]",4.79
gaussian_xyz/case-102421/case-102421_168.68990227468566_11.533218969551434_114.6530188394638.png,"[1: Skull, Cranium, Cranial vault, Calvarium, 6: Right elbow, Right olecranon, Right Cubital joint, Right Elbow joint, 10: T1, First thoracic vertebra, T1 vertebral body, Upper thoracic vertebra]",5.24
gaussian_xyz/case-102421/case-102421_14.71530214232385_20.61770026413868_-36.16156040801178.png,"[2: Right proximal humerus, 10: T1 vertebral body, 11: Carina]",2.35
gaussian_xyz/case-102421/case-102421_-93.95208906624825_43.79864913423027_-57.499494227995655.png,"[6: Right elbow, 10: T1 vertebral body, 11: Carina]",2.17
gaussian_xyz/case-102421/case-102421_-9.052783842718497_-28.76714285745312_88.55213148579493.png,"[10: T1 vertebral body, 11: Carina, 12: Right hemidiaphragm]",2.62
gaussian_xyz/case-102421/case-102421_-144.40456371215913_23.59932729909927_107.30630872574562.png,"[6: Right elbow, 10: T1 vertebral body, 12: Right hemidiaphragm]",2.53
gaussian_xyz/case-102421/case-102421_11.878815734483595_15.054315007574882_-36.64505493366355.png,"[10: T1 vertebral body, 11: Carina, 3: Left humeral head]",2.26
gaussian_xyz/case-102421/case-102421_139.37981083731944_2.312120065331879_30.532399347107148.png,"[1: Skull, Cranium, Cranial vault, Calvarium, 11: Carina, Tracheal bifurcation, Tracheal carina, 12: Right hemidiaphragm, Right Diaphragmatic dome, Right Diaphragmatic crus]",5.24
gaussian_xyz/case-102421/case-102421_50.958163135058385_-53.07478922263023_-75.80159085976084.png,"[2: Right humeral head, 3: Left humeral head, 10: T1]",2.08
gaussian_xyz/case-102421/case-102421_-126.00130641985866_79.98642248862724_98.2899064377062.png,"[2: Right humeral head, 6: Right elbow, 10: T1]",2.0
gaussian_xyz/case-102421/case-102421_118.50123684623054_82.3144890663362_95.85187962628328.png,"[1: Skull, Cranium, Cranial vault, Calvarium, 2: Right humeral head, Right Proximal humerus, Head of right humerus, Right glenohumeral head, 10: T1, First thoracic vertebra, T1 vertebral body, Upper thoracic vertebra]",5.8
gaussian_xyz/case-102421/case-102421_123.911016399863_-16.261731558794246_70.59002866538108.png,"[1: Skull, Cranium, Cranial vault, Calvarium, 10: T1 vertebral body, T1 vertebral body, Upper thoracic vertebra, 11: Carina, Tracheal bifurcation, Tracheal carina]",4.62
gaussian_xyz/case-102421/case-102421_-45.470343459404575_29.6609385810912_210.10003579830294.png,"[2: Right humeral head, 3: Left humeral head, 10: T1]",2.08
gaussian_xyz/case-102421/case-102421_-181.08481182282253_-64.15646678907753_-192.62389816990532.png,"[6: Right elbow, 2: Right humeral head, 10: T1]",2.0
gaussian_xyz/case-102421/case-102421_49.48978461570351_-32.813113844610065_194.72288240661334.png,"[2: Right humeral head, 3: Left humeral head, 10: T1]",2.09
gaussian_xyz/case-102421/case-102421_23.035322450045754_-18.272374068035123_-147.0955536224885.png,"[11: Carina, 10: T1, 12: Right hemidiaphragm]",2.44
gaussian_xyz/case-102421/case-102421_-137.74916752579242_-71.55505209213275_106.41229874012316.png,"[10: T1 vertebral body, 11: Carina, 5: Left scapular inferior angle]",2.44
gaussian_xyz/case-102421/case-102421_147.05766143622697_-31.869255639137442_-0.8886159812571098.png,"[1: Skull, Cranium, Cranial vault, Calvarium, 6: Right elbow, Right olecranon, Right Cubital joint, Right Elbow joint, 10: T1, First thoracic vertebra, T1 vertebral body, Upper thoracic vertebra]",5.24
gaussian_xyz/case-102421/case-102421_-130.1328164894182_-15.61499390548152_-6.79919245649834.png,"[6: Right elbow, 2: Right humeral head, 10: T1]",1.99
gaussian_xyz/case-102421/case-102421_-13.921568703886948_17.026670827040135_-148.6669453406197.png,"[1: Skull, Cranium, Cranial vault, Calvarium, 6: Right elbow, Right olecranon, Right Cubital joint, Right Elbow joint, 11: Carina, Tracheal bifurcation, Tracheal carina]",4.79
gaussian_xyz/case-102421/case-102421_-30.130479036544955_-1.514436670693492_-85.81592355314714.png,"[1: Skull, Cranium, Cranial vault, Calvarium, 11: Carina, Tracheal bifurcation, Tracheal carina, 10: T1, First thoracic vertebra, T1 vertebral body, Upper thoracic vertebra]",4.78
gaussian_xyz/case-102421/case-102421_-16.7349905429015_-95.06516565369158_-29.581046160782687.png,"[2: Right humeral head, 6: Right elbow, 4: Right scapular inferior angle]",2.17
gaussian_xyz/case-102421/case-102421_60.18211592559993_28.675579155544987_-106.73151242362695.png,"[2: Right humeral head, 3: Left humeral head, 10: T1]",2.08
gaussian_xyz/case-102421/case-102421_38.77072734558928_1.1146274177516948_-109.33615382846473.png,"[11: Carina, 10: T1 vertebral body, 12: Right hemidiaphragm]",2.63
gaussian_xyz/case-102421/case-102421_38.274225125829616_-56.05236474575323_-158.7880582857655.png,"[2: Right humeral head, 3: Left humeral head, 10: T1]",2.08
gaussian_xyz/case-102421/case-102421_183.9891406257414_27.338506209206265_100.17536188530596.png,"[1: Skull, Cranium, Cranial vault, Calvarium, 6: Right elbow, Right olecranon, Right Cubital joint, Right Elbow joint, 10: T1, First thoracic vertebra, T1 vertebral body, Upper thoracic vertebra]",5.24
gaussian_xyz/case-102421/case-102421_109.24439469074468_17.52610935269596_-20.39364768341682.png,"[1: Skull, Cranium, Cranial vault, Calvarium, 11: Carina, Tracheal bifurcation, Tracheal carina, 10: T1, First thoracic vertebra, T1 vertebral body, Upper thoracic vertebra]",5.23
gaussian_xyz/case-102421/case-102421_-139.4146643384372_-50.56279984451104_59.47283860129852.png,"[6: Right elbow, 10: T1, 11: Carina]",1.98
gaussian_xyz/case-102421/case-102421_196.0209522457244_-39.541123231039_24.987796696927127.png,"[1: Skull, Cranium, Cranial vault, Calvarium, 2: Right humeral head, Right Proximal humerus, Head of right humerus, Right glenohumeral head, 10: T1, First thoracic vertebra, T1 vertebral body, Upper thoracic vertebra]",5.77
gaussian_xyz/case-102421/case-102421_171.54464055618342_-64.02303701028252_7.80011552474128.png,"[1: Skull, Cranium, Cranial vault, Calvarium, 2: Right humeral head, Right Proximal humerus, Head of right humerus, Right glenohumeral head, 10: T1, First thoracic vertebra, T1 vertebral body, Upper thoracic vertebra]",5.76
gaussian_xyz/case-102421/case-102421_185.6911161133806_19.38328422575094_134.90684916631255.png,"[1: Skull, Cranium, Cranial vault, Calvarium, 6: Right elbow, Right olecranon, Right Cubital joint, Right Elbow joint, 10: T1, First thoracic vertebra, T1 vertebral body, Upper thoracic vertebra]",5.23
gaussian_xyz/case-102421/case-102421_-136.17619859361412_-34.927202955703414_210.97254362182034.png,"[6: Right elbow, 11: Carina, 10: T1]",1.99
gaussian_xyz/case-102421/case-102421_-128.88504302760683_-25.477362008753847_-18.49075570169414.png,"[6: Right elbow, 2: Right humeral head, 10: T1]",1.98
gaussian_xyz/case-102421/case-102421_132.71686233453352_47.69494525088559_-160.83933845130454.png,"[1: Skull, Cranium, Cranial vault, Calvarium, 2: Right humeral head, Right Proximal humerus, Head of right humerus, Right glenohumeral head, 10: T1, First thoracic vertebra, T1 vertebral body, Upper thoracic vertebra]",5.77
gaussian_xyz/case-102421/case-102421_-188.97825007534217_-47.05129334391543_-18.419939417548807.png,"[10: T1 vertebral body, 11: Carina, 6: Right elbow]",2.17
gaussian_xyz/case-102421/case-102421_209.00691803653444_-45.94963932653306_-87.40753324463753.png,"[1: Skull, Cranium, Cranial vault, Calvarium, 2: Right humeral head, Right Proximal humerus, Head of right humerus, Right glenohumeral head, 10: T1, First thoracic vertebra, T1 vertebral body, Upper thoracic vertebra]",5.77
gaussian_xyz/case-102421/case-102421_127.26283041092262_19.60904439288334_-97.70222618627493.png,"[1: Skull, Cranium, Cranial vault, Calvarium, 11: Carina, Tracheal bifurcation, Tracheal carina, 10: T1, First thoracic vertebra, T1 vertebral body, Upper thoracic vertebra]",4.79
gaussian_xyz/case-102421/case-102421_64.7269847025537_-3.004250960876488_-75.60842420550426.png,"[11: Carina, 10: T1, 12: Right hemidiaphragm]",2.45
gaussian_xyz/case-102421/case-102421_-78.6626773779318_23.766499439286626_124.03865323919203.png,"[1: Skull, Cranium, Cranial vault, Calvarium, 11: Carina, Tracheal bifurcation, Tracheal carina, 10: T1, First thoracic vertebra, T1 vertebral body, Upper thoracic vertebra]",4.78
gaussian_xyz/case-102421/case-102421_-172.0176686805412_6.2419292052672_-119.76121238099977.png,"[6: Right elbow, 10: T1, 12: Right hemidiaphragm]",2.35
gaussian_xyz/case-102421/case-102421_-208.89185584227528_-17.42497083270289_9.906195560453606.png,"[2: Right humeral head, 6: Right elbow, 10: T1]",1.99
gaussian_xyz/case-102421/case-102421_179.62361925054557_18.867539736122108_-197.19936473352917.png,"[1: Skull, Cranium, Cranial vault, Calvarium, 2: Right humeral head, Right Proximal humerus, Head of right humerus, Right glenohumeral head, 10: T1, First thoracic vertebra, T1 vertebral body, Upper thoracic vertebra]",5.78
gaussian_xyz/case-102421/case-102421_192.0625678514374_27.31496433989034_-94.39015923689809.png,"[1: Skull, Cranium, Cranial vault, Calvarium, 10: T1, First thoracic vertebra, T1 vertebral body, Upper thoracic vertebra, 12: Right hemidiaphragm, Right Diaphragmatic dome, Right Diaphragmatic crus]",5.69
gaussian_xyz/case-102421/case-102421_-183.74784517670426_-78.24948818844788_165.36290249849387.png,"[10: T1 vertebral body, 11: Carina, 6: Right elbow]",2.17
gaussian_xyz/case-102421/case-102421_-148.07934169979853_-32.50548911638128_-97.7824182478846.png,"[6: Right elbow, 10: T1 vertebral body, 12: Right hemidiaphragm]",2.53
gaussian_xyz/case-102421/case-102421_191.2658363042433_-5.470345732672494_62.127381657187684.png,"[1: Skull, Cranium, Cranial vault, Calvarium, 6: Right elbow, Right olecranon, Right Cubital joint, Right Elbow joint, 10: T1, First thoracic vertebra, T1 vertebral body, Upper thoracic vertebra]",5.23
gaussian_xyz/case-102421/case-102421_-135.44966942689354_-33.50719614920806_123.28514563239175.png,"[6: Right elbow, 10: T1, 11: Carina]",1.97
gaussian_xyz/case-102421/case-102421_146.21655077382184_33.54931048503601_-75.33488090145794.png,"[1: Skull, Cranium, Cranial vault, Calvarium, 6: Right elbow, Right olecranon, Right Cubital joint, Right Elbow joint, 10: T1, First thoracic vertebra, T1 vertebral body, Upper thoracic vertebra]",5.19
gaussian_xyz/case-102421/case-102421_-199.50172115998632_28.22356862671842_42.11350323448674.png,"[2: Right humeral head, 6: Right elbow, 10: T1]",1.98
gaussian_xyz/case-102421/case-102421_-31.679928964633802_-63.98737290453664_-109.08337778617745.png,"[6: Right elbow, 10: T1, 12: Right hemidiaphragm]",2.34
gaussian_xyz/case-102421/case-102421_81.77190200529805_-20.01573596761113_-102.96277253638945.png,"[10: T1 vertebral body, 11: Carina, 6: Right elbow]",2.14
gaussian_xyz/case-102421/case-102421_206.03326677494567_-38.03464368077059_-23.590827841631253.png,"[1: Skull, Cranium, Cranial vault, Calvarium, 11: Carina, Tracheal bifurcation, Tracheal carina, 10: T1, First thoracic vertebra, T1 vertebral body, Upper thoracic vertebra]",4.74
gaussian_xyz/case-102421/case-102421_105.03854550029331_43.618478255288295_-236.4125640911932.png,"[2: Right humeral head, 6: Right elbow, 10: T1]",1.98
gaussian_xyz/case-102421/case-102421_118.1969388097819_-16.299106090914947_-16.530644365622454.png,"[1: Skull, Cranium, Cranial vault, Calvarium, 3: Left humeral head, Left Proximal humerus, Head of left humerus, Left glenohumeral head, 10: T1, First thoracic vertebra, T1 vertebral body, Upper thoracic vertebra]",5.76
gaussian_xyz/case-102421/case-102421_174.58247697269127_-10.75606892023994_-21.725202596116098.png,"[1: Skull, Cranium, Cranial vault, Calvarium, 3: Left humeral head, Left Proximal humerus, Head of left humerus, Left glenohumeral head, 10: T1, First thoracic vertebra, T1 vertebral body, Upper thoracic vertebra]",5.78
gaussian_xyz/case-102421/case-102421_42.68868851441286_94.53763811689561_259.3188628604771.png,"[2: Right humeral head, 4: Right scapular inferior angle, 10: T1]",2.26
gaussian_xyz/case-102421/case-102421_-28.629862482196074_-111.23722082429528_-28.410090591118287.png,"[2: Right humeral head, 6: Right elbow, 4: Right scapular inferior angle]",2.17
gaussian_xyz/case-102421/case-102421_-106.68048628658842_14.974725717492468_37.3757978934855.png,"[2: Right humeral head, 6: Right elbow, 10: T1]",1.99
gaussian_xyz/case-102421/case-102421_128.75188905777588_76.60246740819734_40.05556164873239.png,"[1: Skull, Cranium, Cranial vault, Calvarium, 2: Right humeral head, Right Proximal humerus, Head of right humerus, Right glenohumeral head, 10: T1, First thoracic vertebra, T1 vertebral body, Upper thoracic vertebra]",5.78
gaussian_xyz/case-102421/case-102421_108.87110740267553_-63.011451624125655_120.89961006000587.png,"[1: Skull, Cranium, Cranial vault, Calvarium, 2: Right humeral head, Right Proximal humerus, Head of right humerus, Right glenohumeral head, 10: T1, First thoracic vertebra, T1 vertebral body, Upper thoracic vertebra]",5.78
gaussian_xyz/case-102421/case-102421_47.42561254864734_-23.523404733632987_-112.09675539768953.png,"[1: Skull, Cranium, Cranial vault, Calvarium, 11: Carina, Tracheal bifurcation, Tracheal carina, 10: T1, First thoracic vertebra, T1 vertebral body, Upper thoracic vertebra]",4.78
gaussian_xyz/case-102421/case-102421_29.972778345354584_-32.339720837306366_-112.8363462861279.png,"[10: T1 vertebral body, 11: Carina, 6: Right elbow]",2.17
gaussian_xyz/case-102421/case-102421_166.04050810788794_52.89307251342177_130.96419665741402.png,"[1: Skull, Cranium, Cranial vault, Calvarium, 6: Right elbow, Right olecranon, Right Cubital joint, Right Elbow joint, 10: T1, First thoracic vertebra, T1 vertebral body, Upper thoracic vertebra]",5.24
gaussian_xyz/case-102421/case-102421_-90.52489991395633_-45.576595429382884_1.8741296407133567.png,"[6: Right elbow, 10: T1, 12: Right hemidiaphragm]",2.35
gaussian_xyz/case-102421/case-102421_-45.13999338687452_-36.47326980535601_-156.91340770692102.png,"[6: Right elbow, 10: T1, 12: Right hemidiaphragm]",2.35
gaussian_xyz/case-102421/case-102421_16.22466434480242_55.94757038425517_-38.44379251402694.png,"[6: Right elbow, 10: T1, 11: Carina]",1.99
gaussian_xyz/case-102421/case-102421_-0.8440672633798556_17.47197513770053_-101.56927132102018.png,"[1: Skull, Cranium, Cranial vault, Calvarium, 3: Left humeral head, Left Proximal humerus, Head of left humerus, Left glenohumeral head, 10: T1, First thoracic vertebra, T1 vertebral body, Upper thoracic vertebra]",5.8
gaussian_xyz/case-102421/case-102421_-99.89701096639224_-69.65656178774289_58.18579498072336.png,"[2: Right humeral head, 10: T1 vertebral body, 11: Carina]",2.27
gaussian_xyz/case-102421/case-102421_198.09623283275948_70.87152148052341_-179.4747918538059.png,"[1: Skull, Cranium, Cranial vault, Calvarium, 2: Right humeral head, Right Proximal humerus, Head of right humerus, Right glenohumeral head, 10: T1, First thoracic vertebra, T1 vertebral body, Upper thoracic vertebra]",5.79
gaussian_xyz/case-102421/case-102421_-45.42031242681688_-49.30380003461305_-1.9986212675008912.png,"[10: T1 vertebral body, 11: Carina, 6: Right elbow]",2.17
gaussian_xyz/case-102421/case-102421_-184.1644140311365_-47.91958513032857_48.27228395824402.png,"[2: Right humeral head, 6: Right elbow, 10: T1]",1.99
gaussian_xyz/case-102421/case-102421_-61.44497450715795_81.55328635586919_108.97334409434313.png,"[2: Right humeral head, 4: Right scapular inferior angle, 10: T1]",2.26
gaussian_xyz/case-102421/case-102421_71.71239732487538_-17.628636381728704_-53.55003398067129.png,"[2: Right humeral head, 3: Left humeral head, 10: T1]",2.08
gaussian_xyz/case-102421/case-102421_184.850280223568_-34.276998655143906_80.16721929154575.png,"[1: Skull, Cranium, Cranial vault, Calvarium, 6: Right elbow, Right olecranon, Right Cubital joint, Right Elbow joint, 10: T1, First thoracic vertebra, T1 vertebral body, Upper thoracic vertebra]",5.24
gaussian_xyz/case-102421/case-102421_-195.05455727483061_-66.29864656364924_-7.1344280772581135.png,"[10: T1 vertebral body, 11: Carina, 6: Right elbow]",2.17
gaussian_xyz/case-102421/case-102421_-163.2455834339388_-27.49758798068401_105.09262892556643.png,"[6: Right elbow, 2: Right humeral head, 10: T1]",1.99
gaussian_xyz/case-102421/case-102421_179.87042690414904_-32.56313868466152_-54.882246921296264.png,"[1: Skull, Cranium, Cranial vault, Calvarium, 6: Right elbow, Right olecranon, Right Cubital joint, Right Elbow joint, 10: T1, First thoracic vertebra, T1 vertebral body, Upper thoracic vertebra]",5.24
gaussian_xyz/case-102421/case-102421_-123.9811535439021_42.85261485953809_-109.76586373137825.png,"[6: Right elbow, 10: T1, 11: Carina]",1.99
gaussian_xyz/case-102421/case-102421_-147.92183376184641_-8.650879505727051_10.695672736749824.png,"[6: Right elbow, 2: Right humeral head, 10: T1]",1.99
gaussian_xyz/case-102421/case-102421_71.6037621074193_-56.6238319183793_-84.93382642684864.png,"[2: Right humeral head, 3: Left humeral head, 10: T1]",2.08
gaussian_xyz/case-102421/case-102421_137.14583522654095_-12.271403614052709_144.2416937127423.png,"[1: Skull, Cranium, Cranial vault, Calvarium, 10: T1, First thoracic vertebra, T1 vertebral body, Upper thoracic vertebra, 11: Carina, Tracheal bifurcation, Tracheal carina]",4.79
gaussian_xyz/case-102421/case-102421_64.66672733041474_-26.77552192482512_-85.85190707436784.png,"[2: Right humeral head, 3: Left humeral head, 10: T1]",2.08
gaussian_xyz/case-102421/case-102421_-23.31659310396003_36.134205662153626_13.279738650914554.png,"[2: Right humeral head, 10: T1 vertebral body, 12: Right hemidiaphragm]",2.62
gaussian_xyz/case-102421/case-102421_167.46706423692268_13.382429561440283_-40.639516015832974.png,"[1: Skull, Cranium, Cranial vault, Calvarium, 2: Right humeral head, Right Proximal humerus, Head of right humerus, Right glenohumeral head, 10: T1, First thoracic vertebra, T1 vertebral body, Upper thoracic vertebra]",5.78
gaussian_xyz/case-102421/case-102421_-25.173002483206517_78.22597620849095_13.591798092619777.png,"[2: Right humeral head, 6: Right elbow, 10: T1]",1.99
gaussian_xyz/case-102421/case-102421_-87.93088180041713_64.09525805362962_-0.9978148004901292.png,"[2: Right humeral head, 6: Right elbow, 10: T1]",1.99
gaussian_xyz/case-102421/case-102421_-46.99260902451957_-34.24252406632599_-144.1333353667023.png,"[2: Right humeral head, 6: Right elbow, 10: T1]",1.99
gaussian_xyz/case-102421/case-102421_-109.79614112743836_-3.3095517538467085_41.55880673242417.png,"[10: T1 vertebral body, 2: Right humeral head, 6: Right elbow]",2.17
gaussian_xyz/case-102421/case-102421_-211.86605483617748_13.102514332118862_-14.46214048274221.png,"[2: Right humeral head, 6: Right elbow, 10: T1]",1.99
gaussian_xyz/case-102421/case-102421_0.2647571514416711_40.07995598331433_-180.58023091084857.png,"[6: Right elbow, 10: T1, 11: Carina]",1.99
gaussian_xyz/case-102421/case-102421_177.79662973482806_2.583796840271492_52.664550018831235.png,"[1: Skull, Cranium, Cranial vault, Calvarium, 6: Right elbow, Right olecranon, Right Cubital joint, Right Elbow joint, 10: T1, First thoracic vertebra, T1 vertebral body, Upper thoracic vertebra]",5.24
gaussian_xyz/case-102421/case-102421_191.92190949258992_65.91986809283469_-52.338413468352485.png,"[1: Skull, Cranium, Cranial vault, Calvarium, 2: Right humeral head, Right Proximal humerus, Head of right humerus, Right glenohumeral head, 10: T1, First thoracic vertebra, T1 vertebral body, Upper thoracic vertebra]",5.79
gaussian_xyz/case-102421/case-102421_-51.29686232812551_-144.6070526667614_-106.45062781770034.png,"[2: Right humeral head, 4: Right scapular inferior angle, 6: Right elbow]",2.17
gaussian_xyz/case-102421/case-102421_78.9791666783139_8.360679834653018_41.71056790717533.png,"[1: Skull, Cranium, Cranial vault, Calvarium, 11: Carina, Tracheal bifurcation, Tracheal carina, 10: T1, First thoracic vertebra, T1 vertebral body, Upper thoracic vertebra]",4.79
gaussian_xyz/case-102421/case-102421_58.058152885250195_38.273593119295654_30.769413210962266.png,"[2: Right humeral head, 3: Left humeral head, 10: T1]",2.08
gaussian_xyz/case-102421/case-102421_-107.7998473407563_40.941902203973534_25.140443978094773.png,"[2: Right humeral head, 6: Right elbow, 10: T1]",1.99
gaussian_xyz/case-102421/case-102421_93.73396288412277_-12.789101405274875_-8.50318946463398.png,"[11: Carina, 10: T1, 12: Right hemidiaphragm]",2.44
gaussian_xyz/case-102421/case-102421_-22.434295176105167_56.357518342881626_-84.11858983945055.png,"[2: Right humeral head, 10: T1, 11: Carina]",2.08
gaussian_xyz/case-102421/case-102421_-184.04017368632788_-152.50645560408165_-8.332686609170416.png,"[2: Right humeral head, 6: Right elbow, 10: T1]",1.99
gaussian_xyz/case-102421/case-102421_-21.21099712941654_4.737368824709868_160.3112065065289.png,"[10: T1 vertebral body, 11: Carina, 12: Right hemidiaphragm]",2.62
gaussian_xyz/case-102421/case-102421_-10.245322485597569_-53.5023999018617_73.80966659959809.png,"[2: Right humeral head, 6: Right elbow, 10: T1]",1.99
gaussian_xyz/case-102421/case-102421_-118.26760362528115_3.842740900608004_4.398016312711739.png,"[2: Right humeral head, 6: Right elbow, 10: T1]",1.99
gaussian_xyz/case-102421/case-102421_-116.83818899425225_-78.38071083719358_15.94289708774102.png,"[11: Carina, 2: Right humeral head, 10: T1]",2.08
gaussian_xyz/case-102421/case-102421_-139.59538446963828_31.59222409186169_22.962488786952278.png,"[6: Right elbow, 10: T1 vertebral body, 12: Right hemidiaphragm]",2.53
gaussian_xyz/case-102421/case-102421_125.31073572922736_-62.908993028768116_93.75619255616033.png,"[1: Skull, Cranium, Cranial vault, Calvarium, 2: Right humeral head, Right Proximal humerus, Head of right humerus, Right glenohumeral head, 10: T1, First thoracic vertebra, T1 vertebral body, Upper thoracic vertebra]",5.78
gaussian_xyz/case-102421/case-102421_-46.948258604901866_20.13615524354921_90.65228400784005.png,"[2: Right humeral head, 6: Right elbow, 10: T1]",1.99
gaussian_xyz/case-102421/case-102421_28.702570505791925_30.791482733330046_94.60359104091322.png,"[11: Carina, 10: T1, 12: Right hemidiaphragm]",2.44
gaussian_xyz/case-102421/case-102421_-99.7128706729531_-2.642209206394032_116.50126886488164.png,"[2: Right humeral head, 3: Left humeral head, 10: T1]",2.08
gaussian_xyz/case-102421/case-102421_-165.78181960110044_18.160220635985745_1.2792341221730643.png,"[2: Right humeral head, 6: Right elbow, 10: T1]",1.99
gaussian_xyz/case-102421/case-102421_198.77660945543028_45.17052074111586_89.07551406795203.png,"[1: Skull, Cranium, Cranial vault, Calvarium, 6: Right elbow, Right olecranon, Right Cubital joint, Right Elbow joint, 11: Carina, Tracheal bifurcation, Tracheal carina]",4.79
gaussian_xyz/case-102421/case-102421_190.97703727341707_-32.61880101980693_91.5117535682138.png,"[1: Skull, Cranium, Cranial vault, Calvarium, 6: Right elbow, Right olecranon, Right Cubital joint, Right Elbow joint, 10: T1, First thoracic vertebra, T1 vertebral body, Upper thoracic vertebra]",5.24
gaussian_xyz/case-102421/case-102421_175.67763857773207_78.88765426018966_-60.4468065467386.png,"[1: Skull, Cranium, Cranial vault, Calvarium, 2: Right humeral head, Right Proximal humerus, Head of right humerus, Right glenohumeral head, 10: T1, First thoracic vertebra, T1 vertebral body, Upper thoracic vertebra]",5.78
gaussian_xyz/case-102421/case-102421_-78.48284028879215_48.512185025760914_72.84937588188434.png,"[2: Right humeral head, 10: T1 vertebral body, 12: Right hemidiaphragm]",2.62
gaussian_xyz/case-102421/case-102421_-125.6056576826625_18.12108299410583_32.79741179316586.png,"[2: Right humeral head, 6: Right elbow, 10: T1]",1.99
gaussian_xyz/case-102421/case-102421_85.33811899565575_-32.693468115016046_72.67690224135005.png,"[1: Skull, Cranium, Cranial vault, Calvarium, 10: T1, First thoracic vertebra, T1 vertebral body, Upper thoracic vertebra, 11: Carina, Tracheal bifurcation, Tracheal carina]",4.78
gaussian_xyz/case-102421/case-102421_67.00632582206578_-23.649388015667526_-62.222788890901015.png,"[2: Right humeral head, 3: Left humeral head, 10: T1]",2.08
gaussian_xyz/case-102421/case-102421_-4.018493904072557_-22.203804700968124_6.940561356592885.png,"[10: T1 vertebral body, 11: Carina, 2: Right humeral head]",2.26
gaussian_xyz/case-102421/case-102421_93.62281598721506_44.84989931683322_-90.5205504350058.png,"[2: Right humeral head, 6: Right elbow, 10: T1]",1.99
gaussian_xyz/case-102421/case-102421_-98.40508784412451_41.817170053974536_236.59642589941114.png,"[2: Right humeral head, 6: Right elbow, 10: T1]",1.98
gaussian_xyz/case-102421/case-102421_-86.30505766223068_89.84817390084602_-11.941923218651027.png,"[2: Right humeral head, 6: Right elbow, 10: T1]",1.99
gaussian_xyz/case-102421/case-102421_-190.57597856419756_5.422888504550533_-41.14635036104446.png,"[6: Right elbow, 2: Right humeral head, 10: T1]",1.99
gaussian_xyz/case-102421/case-102421_202.0535939216267_-82.16411742465108_-61.83812656202347.png,"[1: Skull, Cranium, Cranial vault, Calvarium, 2: Right humeral head, Right Proximal humerus, Head of right humerus, Right glenohumeral head, 10: T1, First thoracic vertebra, T1 vertebral body, Upper thoracic vertebra]",5.79
gaussian_xyz/case-102421/case-102421_-117.45475031308067_51.91260123461712_3.5144514684186916.png,"[6: Right elbow, 10: T1, 11: Carina]",1.99
gaussian_xyz/case-102421/case-102421_177.41538166116464_-21.073827896023985_-5.965941688275604.png,"[1: Skull, Cranium, Cranial vault, Calvarium, 6: Right elbow, Right olecranon, Right Cubital joint, Right Elbow joint, 10: T1, First thoracic vertebra, T1 vertebral body, Upper thoracic vertebra]",5.23
gaussian_xyz/case-102421/case-102421_-63.877756485833004_85.88651355179566_-108.99996844751081.png,"[6: Right elbow, 2: Right humeral head, 10: T1]",1.99
gaussian_xyz/case-102421/case-102421_-111.21946029746039_-49.8409488412973_-213.5285481874503.png,"[6: Right elbow, 10: T1, 12: Right hemidiaphragm]",2.35
gaussian_xyz/case-102421/case-102421_3.7526771185491725_-65.21491342654402_112.61791941057812.png,"[2: Right humeral head, 3: Left humeral head, 10: T1]",2.08
gaussian_xyz/case-102421/case-102421_140.0609877624217_58.722024932497256_-33.61022897532769.png,"[1: Skull, Cranium, Cranial vault, Calvarium, 2: Right humeral head, Right Proximal humerus, Head of right humerus, Right glenohumeral head, 6: Right elbow, Right olecranon, Right Cubital joint, Right Elbow joint]",5.77
gaussian_xyz/case-102421/case-102421_37.86527912929154_12.467112744391196_56.776633573318726.png,"[11: Carina, 10: T1, 12: Right hemidiaphragm]",2.44
gaussian_xyz/case-102421/case-102421_146.8881634270502_27.59782898292936_93.0511254410236.png,"[1: Skull, Cranium, Cranial vault, Calvarium, 6: Right elbow, Right olecranon, Right Cubital joint, Right Elbow joint, 10: T1, First thoracic vertebra, T1 vertebral body, Upper thoracic vertebra]",5.23
gaussian_xyz/case-102421/case-102421_40.39437386938741_-25.914472799682823_65.45407789635806.png,"[2: Right proximal humerus, 10: T1 vertebral body, 11: Carina]",2.35
gaussian_xyz/case-102421/case-102421_-114.19869971442247_-37.891197379864394_137.51584815475172.png,"[6: Right elbow, 10: T1 vertebral body, 12: Right hemidiaphragm]",2.97
gaussian_xyz/case-102421/case-102421_191.8078775787838_8.505649442273283_-86.57365247250347.png,"[1: Skull, Cranium, Cranial vault, Calvarium, 2: Right humeral head, Right Proximal humerus, Head of right humerus, Right glenohumeral head, 10: T1, First thoracic vertebra, T1 vertebral body, Upper thoracic vertebra]",5.76
gaussian_xyz/case-102421/case-102421_-189.6620256308355_-28.16092766503531_-25.95541742901495.png,"[2: Right humeral head, 6: Right elbow, 10: T1]",1.98
gaussian_xyz/case-102421/case-102421_-162.93703823242404_8.106767861276545_49.402625401420224.png,"[2: Right humeral head, 6: Right elbow, 10: T1]",1.98
gaussian_xyz/case-102421/case-102421_-157.67846886783758_19.476098560500095_64.45106256890661.png,"[2: Right humeral head, 6: Right elbow, 10: T1]",1.99
gaussian_xyz/case-102421/case-102421_-64.02353150531167_-22.50326516035524_-34.2975890185864.png,"[11: Carina, 10: T1, 6: Right elbow]",1.99
gaussian_xyz/case-102421/case-102421_-91.35668418792554_57.333775828313485_114.32465075739071.png,"[2: Right humeral head, 6: Right elbow, 10: T1]",1.99
gaussian_xyz/case-102421/case-102421_-103.21993881136078_-16.70903533755177_133.22366351327207.png,"[1: Skull, Cranium, Cranial vault, Calvarium, 11: Carina, Tracheal bifurcation, Tracheal carina, 10: T1, First thoracic vertebra, T1 vertebral body, Upper thoracic vertebra]",4.78
gaussian_xyz/case-102421/case-102421_-103.34578429829618_19.33897177526425_-191.1377591547882.png,"[6: Right elbow, 2: Right humeral head, 10: T1]",1.99
gaussian_xyz/case-102421/case-102421_55.13132282119062_-39.99986796039592_25.666347787107558.png,"[1: Skull, Cranium, Cranial vault, Calvarium, 10: T1, First thoracic vertebra, T1 vertebral body, Upper thoracic vertebra, 11: Carina, Tracheal bifurcation, Tracheal carina]",4.78
gaussian_xyz/case-102421/case-102421_-168.9125931162831_69.67177955979517_-103.58438004607973.png,"[2: Right humeral head, 6: Right elbow, 10: T1]",1.98
gaussian_xyz/case-102421/case-102421_-186.14575260169332_-2.219475182508319_-17.986883109750817.png,"[6: Right elbow, 2: Right humeral head, 10: T1]",1.98
gaussian_xyz/case-102421/case-102421_203.92902230565693_-6.449052966556757_5.901772676062027.png,"[1: Skull, Cranium, Cranial vault, Calvarium, 2: Right humeral head, Right Proximal humerus, Head of right humerus, Right glenohumeral head, 10: T1, First thoracic vertebra, T1 vertebral body, Upper thoracic vertebra]",5.76
gaussian_xyz/case-102421/case-102421_-62.56982160767282_47.51839632814208_83.57561796648938.png,"[2: Right humeral head, 6: Right elbow, 10: T1]",1.98
gaussian_xyz/case-102421/case-102421_184.6124279062533_-76.67284506771472_23.30404852877949.png,"[1: Skull, Cranium, Cranial vault, Calvarium, 2: Right humeral head, Right Proximal humerus, Head of right humerus, Right glenohumeral head, 10: T1, First thoracic vertebra, T1 vertebral body, Upper thoracic vertebra]",5.76
gaussian_xyz/case-102421/case-102421_98.44066219273657_6.1117691869602355_29.506459750280484.png,"[1: Skull, Cranium, Cranial vault, Calvarium, 11: Carina, Tracheal bifurcation, Tracheal carina, 10: T1, First thoracic vertebra, T1 vertebral body, Upper thoracic vertebra]",4.77
gaussian_xyz/case-102421/case-102421_107.11826191779096_44.116232411553746_-41.931347694546616.png,"[1: Skull, Cranium, Cranial vault, Calvarium, 2: Right humeral head, Right Proximal humerus, Head of right humerus, Right glenohumeral head, 10: T1, First thoracic vertebra, T1 vertebral body, Upper thoracic vertebra]",5.76
gaussian_xyz/case-102421/case-102421_-112.42109829162482_-24.977462134304705_104.54086804385582.png,"[2: Right humeral head, 6: Right elbow, 10: T1]",1.98
gaussian_xyz/case-102421/case-102421_-114.96065670922249_-39.8348013899911_148.54594149232605.png,"[6: Right elbow, 10: T1 vertebral body, 12: Right hemidiaphragm]",2.52
gaussian_xyz/case-102421/case-102421_-96.72584847999656_-45.97634551052166_-8.9846306982998.png,"[2: Right humeral head, 6: Right elbow, 10: T1]",1.99
gaussian_xyz/case-102421/case-102421_129.23115399309802_5.5820098961709474_-3.830041569498162.png,"[1: Skull, Cranium, Cranial vault, Calvarium, 6: Right elbow, Right olecranon, Right Cubital joint, Right Elbow joint, 10: T1, First thoracic vertebra, T1 vertebral body, Upper thoracic vertebra]",5.22
gaussian_xyz/case-102421/case-102421_108.85728216544402_29.49419621193795_46.977397167077946.png,"[1: Skull, Cranium, Cranial vault, Calvarium, 10: T1, First thoracic vertebra, T1 vertebral body, Upper thoracic vertebra, 11: Carina, Tracheal bifurcation, Tracheal carina]",4.78
gaussian_xyz/case-102421/case-102421_155.8355278977843_-36.37199112592485_196.35374875882985.png,"[1: Skull, Cranium, Cranial vault, Calvarium, 2: Right humeral head, Right Proximal humerus, Head of right humerus, Right glenohumeral head, 10: T1, First thoracic vertebra, T1 vertebral body, Upper thoracic vertebra]",5.77
gaussian_xyz/case-102421/case-102421_24.88144745829962_23.72693289512018_137.4250785878212.png,"[10: T1 vertebral body, 11: Carina, 12: Right hemidiaphragm]",2.61
gaussian_xyz/case-102421/case-102421_120.31166381980432_-24.248882285246996_-5.469913885962791.png,"[1: Skull, Cranium, Cranial vault, Calvarium, 11: Carina, Tracheal bifurcation, Tracheal carina, 10: T1, First thoracic vertebra, T1 vertebral body, Upper thoracic vertebra]",4.78
gaussian_xyz/case-102421/case-102421_-189.05911757483017_-66.58390290604302_91.14649976081085.png,"[6: Right elbow, 10: T1, 12: Right hemidiaphragm]",2.34
gaussian_xyz/case-102421/case-102421_-141.8216284204681_-62.27957905404404_63.46606550978669.png,"[6: Right elbow, 10: T1 vertebral body, 12: Right hemidiaphragm]",2.52
gaussian_xyz/case-102421/case-102421_-29.594524529869915_-34.07773656487095_286.4566862844042.png,"[2: Right humeral head, 10: T1 vertebral body, 4: Right scapular inferior angle]",2.44
gaussian_xyz/case-102421/case-102421_149.68612620371874_-17.78946001105274_63.83032334188751.png,"[1: Skull, Cranium, Cranial vault, Calvarium, 6: Right elbow, Right olecranon, Right Cubital joint, Right Elbow joint, 10: T1, First thoracic vertebra, T1 vertebral body, Upper thoracic vertebra]",5.25
gaussian_xyz/case-102421/case-102421_-206.7397749550217_55.94347278729768_-48.713856571534464.png,"[2: Right humeral head, 6: Right elbow, 10: T1]",1.99
gaussian_xyz/case-102421/case-102421_-112.7326922016302_38.07009764169463_-113.53691066903406.png,"[2: Right humeral head, 6: Right elbow, 10: T1]",1.99
gaussian_xyz/case-102421/case-102421_-125.25531788882145_182.52883699978216_120.85706549343172.png,"[2: Right humeral head, 6: Right elbow, 10: T1]",1.99
gaussian_xyz/case-102421/case-102421_-188.0745595508374_-103.14802144188315_39.544527271201865.png,"[6: Right elbow, 2: Right humeral head, 10: T1]",1.99
gaussian_xyz/case-102421/case-102421_-103.20871255646368_-38.75397642889271_126.49234720597937.png,"[2: Right humeral head, 6: Right elbow, 10: T1]",1.98
gaussian_xyz/case-102421/case-102421_45.61116977094207_-31.284371391844513_61.016693933959445.png,"[11: Carina, 10: T1, 2: Right humeral head]",2.08
gaussian_xyz/case-102421/case-102421_75.03079036057937_-18.335681131618703_126.6500269399614.png,"[1: Skull, Cranium, Cranial vault, Calvarium, 10: T1 vertebral body, T1 vertebral body, Upper thoracic vertebra, 11: Carina, Tracheal bifurcation, Tracheal carina]",4.6
gaussian_xyz/case-102421/case-102421_-196.59268665371823_14.968005485231059_120.80440292189164.png,"[2: Right humeral head, 6: Right elbow, 10: T1]",1.99
gaussian_xyz/case-102421/case-102421_-70.01682015953722_-59.35440911556137_32.707308808370286.png,"[11: Carina, 10: T1 vertebral body, 12: Right hemidiaphragm]",2.62
gaussian_xyz/case-102421/case-102421_101.33143893482668_71.65166389915798_-38.71507524284945.png,"[2: Right humeral head, 3: Left humeral head, 10: T1]",2.08
gaussian_xyz/case-102421/case-102421_-183.03985834828586_-138.15258825588631_11.091011699580292.png,"[6: Right elbow, 10: T1, 11: Carina]",1.99
gaussian_xyz/case-102421/case-102421_94.25110255835313_35.67873656902492_53.60114385941214.png,"[1: Skull, Cranium, Cranial vault, Calvarium, 11: Carina, Tracheal bifurcation, Tracheal carina, 10: T1, First thoracic vertebra, T1 vertebral body, Upper thoracic vertebra]",4.79
gaussian_xyz/case-102421/case-102421_-20.209246827475567_-77.37532788580707_-117.66853651114945.png,"[2: Right humeral head, 4: Right scapular inferior angle, 6: Right elbow]",2.17
gaussian_xyz/case-102421/case-102421_51.34570479399156_68.94575487305629_6.99557198129027.png,"[2: Right humeral head, 6: Right elbow, 10: T1]",1.99
gaussian_xyz/case-102421/case-102421_49.71163615164028_10.649893394626536_-140.63021346310603.png,"[10: T1 vertebral body, 11: Carina, 6: Right elbow]",2.17
gaussian_xyz/case-102421/case-102421_133.1322460018451_-11.18169886686601_118.30628397040937.png,"[1: Skull, Cranium, Cranial vault, Calvarium, 10: T1, First thoracic vertebra, T1 vertebral body, Upper thoracic vertebra, 11: Carina, Tracheal bifurcation, Tracheal carina]",4.78
gaussian_xyz/case-102421/case-102421_-183.33868503772592_-87.90433160324221_78.05999341410947.png,"[2: Right humeral head, 6: Right elbow, 10: T1]",1.99
gaussian_xyz/case-102421/case-102421_144.30311549100492_91.25266207565167_20.793181858441425.png,"[1: Skull, Cranium, Cranial vault, Calvarium, 2: Right humeral head, Right Proximal humerus, Head of right humerus, Right glenohumeral head, 10: T1, First thoracic vertebra, T1 vertebral body, Upper thoracic vertebra]",5.78
gaussian_xyz/case-102421/case-102421_140.06393612319857_-62.94450196871469_-190.02214389270844.png,"[1: Skull, Cranium, Cranial vault, Calvarium, 2: Right humeral head, Right Proximal humerus, Head of right humerus, Right glenohumeral head, 6: Right elbow, Right olecranon, Right Cubital joint, Right Elbow joint]",5.77
gaussian_xyz/case-102421/case-102421_191.04660867935365_-62.027057255306026_57.56356173938985.png,"[1: Skull, Cranium, Cranial vault, Calvarium, 2: Right humeral head, Right Proximal humerus, Head of right humerus, Right glenohumeral head, 10: T1, First thoracic vertebra, T1 vertebral body, Upper thoracic vertebra]",5.78
gaussian_xyz/case-102421/case-102421_0.1919638034196396_-61.627695853814295_125.08093236795727.png,"[2: Right humeral head, 3: Left humeral head, 10: T1]",2.08
gaussian_xyz/case-102421/case-102421_-84.58710505893958_0.8331375726153588_60.80384804406852.png,"[11: Carina, 10: T1, 6: Right elbow]",1.99
gaussian_xyz/case-102421/case-102421_-9.210296088200323_13.265714730898125_112.969071750013.png,"[2: Right humeral head, 3: Left humeral head, 10: T1]",2.08
gaussian_xyz/case-102421/case-102421_92.64638327992219_101.30972950018902_20.062581197451966.png,"[1: Skull, Cranium, Cranial vault, Calvarium, 2: Right humeral head, Right Proximal humerus, Head of right humerus, Right glenohumeral head, 10: T1, First thoracic vertebra, T1 vertebral body, Upper thoracic vertebra]",5.77
gaussian_xyz/case-102421/case-102421_36.46721178900455_4.977014184985485_85.69942475932791.png,"[11: Carina, 10: T1, 12: Right hemidiaphragm]",2.44
gaussian_xyz/case-102421/case-102421_-187.3314285385767_-2.6618491581978834_30.843569948609733.png,"[6: Right elbow, 2: Right humeral head, 10: T1]",1.99
gaussian_xyz/case-102421/case-102421_-159.06407911045164_-80.31016243566276_-133.9441774376696.png,"[2: Right humeral head, 6: Right elbow, 10: T1]",1.99
gaussian_xyz/case-102421/case-102421_89.50502343572668_18.984852239439455_-12.049753810927493.png,"[11: Carina, 3: Left humeral head, 10: T1]",2.08
gaussian_xyz/case-102421/case-102421_101.89236105705754_29.50741641056805_-75.31741094921759.png,"[1: Skull, Cranium, Cranial vault, Calvarium, 3: Left humeral head, Left Proximal humerus, Head of left humerus, Left glenohumeral head, 10: T1, First thoracic vertebra, T1 vertebral body, Upper thoracic vertebra]",5.78
gaussian_xyz/case-102421/case-102421_44.749357922214244_-47.01385943446904_97.6989701852303.png,"[2: Right humeral head, 3: Left humeral head, 10: T1]",2.08
gaussian_xyz/case-102421/case-102421_34.199555576044105_13.288745199234706_-92.50858736071952.png,"[11: Carina, 10: T1, 3: Left humeral head]",2.08
gaussian_xyz/case-102421/case-102421_19.0562351681034_-17.522003064840135_218.9882547924574.png,"[1: Skull, Cranium, Cranial vault, Calvarium, 11: Carina, Tracheal bifurcation, Tracheal carina, 10: T1, First thoracic vertebra, T1 vertebral body, Upper thoracic vertebra]",4.79
gaussian_xyz/case-102421/case-102421_-200.83809747135854_-24.08231409549414_179.03725804357177.png,"[6: Right elbow, 10: T1 vertebral body, 11: Carina]",2.17
gaussian_xyz/case-102421/case-102421_171.17141346914417_-125.60460482153552_-51.01902587223734.png,"[2: Right humeral head, 4: Right scapular inferior angle, 10: T1]",2.26
gaussian_xyz/case-102421/case-102421_-107.30321005018338_99.7845982062321_-125.60349266893355.png,"[6: Right elbow, 2: Right humeral head, 10: T1]",1.99
gaussian_xyz/case-102421/case-102421_-124.39189574147338_-60.96518690943762_-33.00072002229163.png,"[6: Right elbow, 10: T1, 12: Right hemidiaphragm]",2.35
gaussian_xyz/case-102421/case-102421_-119.93502074741774_-20.794425704886965_-87.07038299709849.png,"[6: Right elbow, 10: T1, 12: Right hemidiaphragm]",2.35
gaussian_xyz/case-102421/case-102421_-146.58752517219085_93.50388509308874_-47.114848397558454.png,"[2: Right humeral head, 6: Right elbow, 10: T1]",1.98
gaussian_xyz/case-102421/case-102421_210.00207088254257_-39.806609987317174_-80.90180453895871.png,"[1: Skull, Cranium, Cranial vault, Calvarium, 6: Right elbow, Right olecranon, Right Cubital joint, Right Elbow joint, 10: T1, First thoracic vertebra, T1 vertebral body, Upper thoracic vertebra]",5.22
gaussian_xyz/case-102421/case-102421_89.55040588804377_-29.557929346710036_184.9159835651418.png,"[1: Skull, Cranium, Cranial vault, Calvarium, 10: T1, First thoracic vertebra, T1 vertebral body, Upper thoracic vertebra, 11: Carina, Tracheal bifurcation, Tracheal carina]",4.77
gaussian_xyz/case-106161/case-106161_59.06916446352466_42.22680673743712_54.396276029796034.png,"[2: Right humeral head, 6: Right elbow, 10: T1]",1.99
gaussian_xyz/case-106161/case-106161_-178.60955154305435_33.465180871473365_27.295780031026855.png,"[2: Right humeral head, 6: Right elbow, 10: T1]",1.99
gaussian_xyz/case-106161/case-106161_-200.964614769929_27.454055370003694_-6.54960449567874.png,"[10: T1 vertebral body, 11: Carina, 6: Right elbow]",2.16
gaussian_xyz/case-106161/case-106161_62.66572148648129_22.871409834830846_25.486253821032783.png,"[2: Right humeral head, 3: Left humeral head, 10: T1]",2.08
gaussian_xyz/case-106161/case-106161_130.19565537174844_-26.07754018263024_14.269694635820738.png,"[1: Skull, Cranium, Cranial vault, Calvarium, 3: Left humeral head, Left Proximal humerus, Head of left humerus, Left glenohumeral head, 10: T1, First thoracic vertebra, T1 vertebral body, Upper thoracic vertebra]",5.77
gaussian_xyz/case-106161/case-106161_-16.83733486997761_-87.87298966756079_-71.64929739030558.png,"[2: Right humeral head, 3: Left humeral head, 10: T1]",2.08
gaussian_xyz/case-106161/case-106161_-154.86000196311204_14.07453936891275_-153.10252084294078.png,"[6: Right elbow, 10: T1 vertebral body, 12: Right hemidiaphragm]",2.53
gaussian_xyz/case-106161/case-106161_-176.75602275764572_33.91360295960742_95.1771661977297.png,"[10: T1 vertebral body, 11: Carina, 6: Right elbow]",2.16
gaussian_xyz/case-106161/case-106161_-161.88195170784428_15.537674962194105_42.46710464791358.png,"[10: T1 vertebral body, 11: Carina, 6: Right elbow]",2.17
gaussian_xyz/case-106161/case-106161_-127.57196856882275_21.005463939706022_-198.10855490471403.png,"[10: T1 vertebral body, 6: Right elbow, 11: Carina]",2.17
gaussian_xyz/case-106161/case-106161_16.8277331452216_-26.897961186129173_-259.02573617307746.png,"[2: Right humeral head, 6: Right elbow, 10: T1]",1.99
gaussian_xyz/case-106161/case-106161_-124.9119264066816_37.58073126512504_-125.02730143159995.png,"[2: Right humeral head, 6: Right elbow, 10: T1]",1.99
gaussian_xyz/case-106161/case-106161_28.107729447997713_70.04890239707706_142.46798844867828.png,"[2: Right humeral head, 3: Left humeral head, 10: T1]",2.08
gaussian_xyz/case-106161/case-106161_122.97507420332965_78.02992477567881_-40.659242500257925.png,"[1: Skull, Cranium, Cranial vault, Calvarium, 2: Right humeral head, Right Proximal humerus, Head of right humerus, Right glenohumeral head, 10: T1, First thoracic vertebra, T1 vertebral body, Upper thoracic vertebra]",5.77
gaussian_xyz/case-106161/case-106161_-173.4008234758637_-59.67236721477448_-43.20958603279315.png,"[6: Right elbow, 2: Right humeral head, 10: T1]",1.99
gaussian_xyz/case-106161/case-106161_-176.308354437507_67.53952172901415_-30.216397163137792.png,"[6: Right elbow, 2: Right humeral head, 10: T1]",1.99
gaussian_xyz/case-106161/case-106161_-31.285650386070557_-8.059902818903645_-35.126242662713466.png,"[11: Carina, 10: T1, 12: Right hemidiaphragm]",2.44
gaussian_xyz/case-106161/case-106161_196.05082372061162_65.12363286866784_105.13875733101455.png,"[1: Skull, Cranium, Cranial vault, Calvarium, 2: Right humeral head, Right Proximal humerus, Head of right humerus, Right glenohumeral head, 10: T1, First thoracic vertebra, T1 vertebral body, Upper thoracic vertebra]",5.79
gaussian_xyz/case-106161/case-106161_116.26680550749774_-54.61618366834436_-70.05964272726143.png,"[1: Skull, Cranium, Cranial vault, Calvarium, 2: Right humeral head, Right Proximal humerus, Head of right humerus, Right glenohumeral head, 10: T1, First thoracic vertebra, T1 vertebral body, Upper thoracic vertebra]",5.77
gaussian_xyz/case-106161/case-106161_-189.36794466710748_36.29359830530122_-39.743155957376224.png,"[10: T1 vertebral body, 6: Right elbow, 11: Carina]",2.17
gaussian_xyz/case-106161/case-106161_143.92646330457484_36.08474695207667_88.43998135741259.png,"[1: Skull, Cranium, Cranial vault, Calvarium, 2: Right humeral head, Right Proximal humerus, Head of right humerus, Right glenohumeral head, 10: T1, First thoracic vertebra, T1 vertebral body, Upper thoracic vertebra]",5.78
gaussian_xyz/case-106161/case-106161_144.28250486126387_62.44212338817877_-15.245151503848984.png,"[1: Skull, Cranium, Cranial vault, Calvarium, 2: Right humeral head, Right Proximal humerus, Head of right humerus, Right glenohumeral head, 6: Right elbow, Right olecranon, Right Cubital joint, Right Elbow joint]",5.76
gaussian_xyz/case-106161/case-106161_-8.508405521602896_47.79342191171819_-15.9142754630926.png,"[11: Carina, 10: T1, 12: Right hemidiaphragm]",2.44
gaussian_xyz/case-106161/case-106161_-110.43738759056167_-3.94451595116695_110.40400248457823.png,"[6: Right elbow, 10: T1 vertebral body, 11: Carina]",2.16
gaussian_xyz/case-106161/case-106161_22.813285870986505_-2.1145809136030747_66.88894539812705.png,"[11: Carina, 10: T1, 12: Right hemidiaphragm]",2.44
gaussian_xyz/case-106161/case-106161_62.471508987399375_-92.50042020750354_-38.992943626560034.png,"[2: Right humeral head, 3: Left humeral head, 10: T1]",2.07
gaussian_xyz/case-106161/case-106161_-160.89573598967058_-2.4430618498433314_-138.09020299855746.png,"[6: Right elbow, 10: T1 vertebral body, 12: Right hemidiaphragm]",2.52
gaussian_xyz/case-106161/case-106161_-124.77961516360953_-79.26481952157104_140.5005283488655.png,"[6: Right elbow, 2: Right humeral head, 10: T1]",1.99
gaussian_xyz/case-106161/case-106161_80.974768588838_-67.49522148470359_-143.68605291574167.png,"[2: Right humeral head, 3: Left humeral head, 10: T1]",2.07
gaussian_xyz/case-106161/case-106161_-104.39847431846775_38.83450398505526_-46.53862034676185.png,"[10: T1 vertebral body, 11: Carina, 6: Right elbow]",2.16
gaussian_xyz/case-106161/case-106161_84.0134111878628_-20.486758704693926_-30.5455412476281.png,"[10: T1 vertebral body, 11: Carina, 6: Right elbow]",2.17
gaussian_xyz/case-106161/case-106161_197.0153183975844_131.28669340645845_164.0014654047248.png,"[1: Skull, Cranium, Cranial vault, Calvarium, 2: Right humeral head, Right Proximal humerus, Head of right humerus, Right glenohumeral head, 10: T1, First thoracic vertebra, T1 vertebral body, Upper thoracic vertebra]",5.77
gaussian_xyz/case-106161/case-106161_172.19507441737244_20.644247298434507_34.90151567016994.png,"[1: Skull, Cranium, Cranial vault, Calvarium, 10: T1, First thoracic vertebra, T1 vertebral body, Upper thoracic vertebra, 12: Right hemidiaphragm, Right Diaphragmatic dome, Right Diaphragmatic crus]",5.67
gaussian_xyz/case-106161/case-106161_55.25857625856645_-24.704541139173795_-62.56488092767697.png,"[11: Carina, 10: T1, 6: Right elbow]",1.99
gaussian_xyz/case-106161/case-106161_-174.43304987153732_-5.855128164779756_-2.549853164681775.png,"[6: Right elbow, 10: T1, 11: Carina]",1.99
gaussian_xyz/case-106161/case-106161_-10.134282060979501_44.93806933539246_-126.153040344772.png,"[6: Right elbow, 10: T1, 11: Carina]",1.99
gaussian_xyz/case-106161/case-106161_-117.4195535321391_-0.9651535538069151_-105.68908902059839.png,"[10: T1 vertebral body, 11: Carina, 6: Right elbow]",2.17
gaussian_xyz/case-106161/case-106161_42.96427003784214_-10.1602386025902_-181.45747136551773.png,"[10: T1 vertebral body, 11: Carina, 6: Right elbow]",2.17
gaussian_xyz/case-106161/case-106161_193.4387799372795_-38.17741749223418_46.90296083277162.png,"[1: Skull, Cranium, Cranial vault, Calvarium, 11: Carina, Tracheal bifurcation, Tracheal carina, 10: T1, First thoracic vertebra, T1 vertebral body, Upper thoracic vertebra]",4.79
gaussian_xyz/case-106161/case-106161_174.42958354639728_-126.14176543059821_-101.16822058901369.png,"[2: Right humeral head, 4: Right scapular inferior angle, 6: Right elbow]",2.17
gaussian_xyz/case-106161/case-106161_-97.34738226349275_-112.47283583895167_100.96532438721621.png,"[2: Right humeral head, 6: Right elbow, 10: T1]",1.99
gaussian_xyz/case-106161/case-106161_-134.15965603832854_-5.650040037602308_-4.356249209170102.png,"[6: Right elbow, 10: T1, 12: Right hemidiaphragm]",2.35
gaussian_xyz/case-106161/case-106161_81.51672905437977_4.723490050354053_-134.48472941037608.png,"[2: Right humeral head, 6: Right elbow, 10: T1]",2.44
gaussian_xyz/case-106161/case-106161_201.59050986351986_-11.50603438629277_75.65619236542031.png,"[1: Skull, Cranium, Cranial vault, Calvarium, 11: Carina, Tracheal bifurcation, Tracheal carina, 10: T1, First thoracic vertebra, T1 vertebral body, Upper thoracic vertebra]",4.77
gaussian_xyz/case-106161/case-106161_-121.43812933422944_-62.871815773617755_-64.41041313476765.png,"[6: Right elbow, 10: T1 vertebral body, 12: Right hemidiaphragm]",2.52
gaussian_xyz/case-106161/case-106161_-111.29983753782419_-25.86177246736602_-2.232447492108655.png,"[6: Right elbow, 10: T1, 12: Right hemidiaphragm]",2.34
gaussian_xyz/case-106161/case-106161_120.46520327979084_35.15086554926406_-24.090752109871758.png,"[1: Skull, Cranium, Cranial vault, Calvarium, 2: Right humeral head, Right Proximal humerus, Head of right humerus, Right glenohumeral head, 6: Right elbow, Right olecranon, Right Cubital joint, Right Elbow joint]",5.76
gaussian_xyz/case-106161/case-106161_-29.751863212194763_15.784908732646079_-51.7202404995122.png,"[10: T1 vertebral body, 11: Carina, 6: Right elbow]",2.16
gaussian_xyz/case-106161/case-106161_-42.198500551814675_48.34156899421201_-30.934422831777148.png,"[11: Carina, 6: Right elbow, 10: T1]",1.98
gaussian_xyz/case-106161/case-106161_64.31379462104718_-13.5665665013983_-63.30415514802075.png,"[11: Carina, 10: T1, 12: Right hemidiaphragm]",2.43
gaussian_xyz/case-106161/case-106161_130.21088817837597_24.730906632363578_12.661233762919451.png,"[1: Skull, Cranium, Cranial vault, Calvarium, 6: Right elbow, Right olecranon, Right Cubital joint, Right Elbow joint, 10: T1, First thoracic vertebra, T1 vertebral body, Upper thoracic vertebra]",5.23
gaussian_xyz/case-106161/case-106161_-25.070339002464692_35.395000166062566_4.62558853895184.png,"[2: Right humeral head, 3: Left humeral head, 10: T1]",2.08
gaussian_xyz/case-106161/case-106161_132.4416858447858_97.21229516814223_-158.48920476364012.png,"[2: Right humeral head, 6: Right elbow, 10: T1]",1.99
gaussian_xyz/case-106161/case-106161_-146.71041761288274_-10.263788304161995_-27.795947659662062.png,"[6: Right elbow, 10: T1, 11: Carina]",1.98
gaussian_xyz/case-106161/case-106161_142.3681001608818_-14.068423864208638_97.6715558614429.png,"[1: Skull, Cranium, Cranial vault, Calvarium, 6: Right elbow, Right olecranon, Right Cubital joint, Right Elbow joint, 10: T1, First thoracic vertebra, T1 vertebral body, Upper thoracic vertebra]",5.22
gaussian_xyz/case-106161/case-106161_-5.662920791363945_28.160217761009942_115.8439378794006.png,"[11: Carina, 6: Right elbow, 10: T1]",1.99
gaussian_xyz/case-106161/case-106161_-11.831153623961285_-29.011362960347643_70.89912482424072.png,"[6: Right elbow, 10: T1 vertebral body, 12: Right hemidiaphragm]",2.53
gaussian_xyz/case-106161/case-106161_-29.152810092792976_-76.41465466003267_262.55393282452053.png,"[2: Right humeral head, 6: Right elbow, 10: T1]",1.99
gaussian_xyz/case-106161/case-106161_177.07233762927444_49.65830606644501_-63.01472925033407.png,"[1: Skull, Cranium, Cranial vault, Calvarium, 2: Right humeral head, Right Proximal humerus, Head of right humerus, Right glenohumeral head, 6: Right elbow, Right olecranon, Right Cubital joint, Right Elbow joint]",5.78
gaussian_xyz/case-106161/case-106161_145.44829418117968_45.62911240043909_98.40155916693023.png,"[1: Skull, Cranium, Cranial vault, Calvarium, 2: Right humeral head, Right Proximal humerus, Head of right humerus, Right glenohumeral head, 10: T1, First thoracic vertebra, T1 vertebral body, Upper thoracic vertebra]",5.78
gaussian_xyz/case-106161/case-106161_105.81461759570874_-108.02149948271996_105.96253583197166.png,"[1: Skull, Cranium, Cranial vault, Calvarium, 2: Right humeral head, Right Proximal humerus, Head of right humerus, Right glenohumeral head, 6: Right elbow, Right olecranon, Right Cubital joint, Right Elbow joint]",5.77
gaussian_xyz/case-106161/case-106161_182.58029851922282_-45.572890519115816_-6.378507708394167.png,"[1: Skull, Cranium, Cranial vault, Calvarium, 2: Right humeral head, Right Proximal humerus, Head of right humerus, Right glenohumeral head, 10: T1, First thoracic vertebra, T1 vertebral body, Upper thoracic vertebra]",5.78
gaussian_xyz/case-106161/case-106161_-16.300775219556016_65.91176321604428_60.144526487641315.png,"[2: Right humeral head, 4: Right scapular inferior angle, 10: T1]",2.26
gaussian_xyz/case-106161/case-106161_-84.99381153835891_49.623308990006485_54.31704769664339.png,"[1: Skull, Cranium, Cranial vault, Calvarium, 10: T1, First thoracic vertebra, T1 vertebral body, Upper thoracic vertebra, 12: Right hemidiaphragm, Right Diaphragmatic dome, Right Diaphragmatic crus]",5.69
gaussian_xyz/case-106161/case-106161_166.6938441126029_-7.106053396273596_-325.0447726452089.png,"[1: Skull, Cranium, Cranial vault, Calvarium, 11: Carina, Tracheal bifurcation, Tracheal carina, 10: T1, First thoracic vertebra, T1 vertebral body, Upper thoracic vertebra]",4.78
gaussian_xyz/case-106161/case-106161_-154.21685668007783_-74.38120145621392_-183.78716833433526.png,"[6: Right elbow, 2: Right humeral head, 10: T1]",1.99
gaussian_xyz/case-106161/case-106161_-145.24670119718007_-39.539259406383984_165.86267407087843.png,"[6: Right elbow, 10: T1, 12: Right hemidiaphragm]",2.35
gaussian_xyz/case-106161/case-106161_26.074542291448353_-43.28600971301624_0.5206462980995595.png,"[10: T1 vertebral body, 11: Carina, 12: Right hemidiaphragm]",2.62
gaussian_xyz/case-106161/case-106161_-37.46381671411282_80.15147197091936_45.408289188631926.png,"[2: Right humeral head, 4: Right scapular inferior angle, 6: Right elbow]",2.17
gaussian_xyz/case-106161/case-106161_135.15469394281888_-27.415830179569788_-118.56096607485335.png,"[1: Skull, Cranium, Cranial vault, Calvarium, 10: T1, First thoracic vertebra, T1 vertebral body, Upper thoracic vertebra, 12: Right hemidiaphragm, Right Diaphragmatic dome, Right Diaphragmatic crus]",5.68
gaussian_xyz/case-106161/case-106161_7.862177237545666_88.91307904491599_-61.47893489304669.png,"[2: Right humeral head, 6: Right elbow, 4: Right scapular inferior angle]",2.17
gaussian_xyz/case-106161/case-106161_193.39837111439795_2.045970384134648_161.831134779935.png,"[1: Skull, Cranium, Cranial vault, Calvarium, 6: Right elbow, Right olecranon, Right Cubital joint, Right Elbow joint, 10: T1, First thoracic vertebra, T1 vertebral body, Upper thoracic vertebra]",5.24
gaussian_xyz/case-106161/case-106161_-112.67649957594288_88.51028373511264_51.27119152169271.png,"[6: Right elbow, 10: T1, 12: Right hemidiaphragm]",2.35
gaussian_xyz/case-106161/case-106161_76.9403000840706_-6.6607329443998_-9.087578794966253.png,"[1: Skull, Cranium, Cranial vault, Calvarium, 10: T1, First thoracic vertebra, T1 vertebral body, Upper thoracic vertebra, 11: Carina, Tracheal bifurcation, Tracheal carina]",4.78
gaussian_xyz/case-106161/case-106161_182.9466814628762_-44.09240990599036_110.50680973385094.png,"[1: Skull, Cranium, Cranial vault, Calvarium, 10: T1, First thoracic vertebra, T1 vertebral body, Upper thoracic vertebra, 11: Carina, Tracheal bifurcation, Tracheal carina]",4.78
gaussian_xyz/case-106161/case-106161_-95.53264772628422_-30.165421070200505_11.754678556977641.png,"[6: Right elbow, 10: T1, 12: Right hemidiaphragm]",2.35
gaussian_xyz/case-106161/case-106161_-89.09690335371862_-65.12462578917467_27.636352367027705.png,"[6: Right elbow, 10: T1, 12: Right hemidiaphragm]",2.35
gaussian_xyz/case-106161/case-106161_-172.56616143033543_14.761623925275678_-101.22961586952768.png,"[10: T1 vertebral body, 11: Carina, 12: Right hemidiaphragm]",2.62
gaussian_xyz/case-106161/case-106161_138.62521060067496_40.08343749048081_-35.828630719038195.png,"[1: Skull, Cranium, Cranial vault, Calvarium, 6: Right elbow, Right olecranon, Right Cubital joint, Right Elbow joint, 10: T1, First thoracic vertebra, T1 vertebral body, Upper thoracic vertebra]",5.24
gaussian_xyz/case-106161/case-106161_-120.50618525122012_-17.587732447816713_31.717778018445102.png,"[10: T1 vertebral body, 11: Carina, 12: Right hemidiaphragm]",2.62
gaussian_xyz/case-106161/case-106161_-117.35236736725552_40.09577283927737_-57.945325910018994.png,"[2: Right humeral head, 3: Left humeral head, 10: T1]",2.08
gaussian_xyz/case-106161/case-106161_126.76791234320962_35.215537887532136_-12.497252763749959.png,"[1: Skull, Cranium, Cranial vault, Calvarium, 2: Right humeral head, Right Proximal humerus, Head of right humerus, Right glenohumeral head, 10: T1, First thoracic vertebra, T1 vertebral body, Upper thoracic vertebra]",5.78
gaussian_xyz/case-106161/case-106161_179.82442544568704_89.21820874904951_-54.71697194254308.png,"[1: Skull, Cranium, Cranial vault, Calvarium, 2: Right humeral head, Right Proximal humerus, Head of right humerus, Right glenohumeral head, 10: T1, First thoracic vertebra, T1 vertebral body, Upper thoracic vertebra]",5.78
gaussian_xyz/case-106161/case-106161_-10.014037147830408_-7.145803429782309_-22.84071088732647.png,"[11: Carina, 10: T1, 12: Right hemidiaphragm]",2.44
gaussian_xyz/case-106161/case-106161_-166.00593329461498_-37.059525973920394_-101.40547404492236.png,"[10: T1 vertebral body, 11: Carina, 6: Right elbow]",2.17
gaussian_xyz/case-106161/case-106161_99.03869259165003_19.45892991787894_-6.004948983093613.png,"[1: Skull, Cranium, Cranial vault, Calvarium, 10: T1, First thoracic vertebra, T1 vertebral body, Upper thoracic vertebra, 11: Carina, Tracheal bifurcation, Tracheal carina]",4.79
gaussian_xyz/case-106161/case-106161_-23.1921679949115_-69.12199260658623_-90.12414954437618.png,"[2: Right proximal humerus, 6: Right elbow, 10: T1]",2.08
gaussian_xyz/case-106161/case-106161_77.77827599875326_-83.6953425054266_-24.509756964511535.png,"[2: Right humeral head, 6: Right elbow, 10: T1]",1.99
gaussian_xyz/case-106161/case-106161_161.81387815902298_24.675134212777646_10.393405913130756.png,"[1: Skull, Cranium, Cranial vault, Calvarium, 6: Right elbow, Right olecranon, Right Cubital joint, Right Elbow joint, 11: Carina, Tracheal bifurcation, Tracheal carina]",4.78
gaussian_xyz/case-106161/case-106161_-201.71247663053828_-36.61966980896834_-18.842536633471603.png,"[6: Right elbow, 10: T1, 12: Right hemidiaphragm]",2.35
gaussian_xyz/case-106161/case-106161_-1.5089435247907659_-0.8937820748578121_98.81075026214312.png,"[11: Carina, 10: T1, 12: Right hemidiaphragm]",2.44
gaussian_xyz/case-106161/case-106161_-148.23940576373522_-84.66686553620197_33.57614419022396.png,"[2: Right humeral head, 6: Right elbow, 10: T1]",1.98
gaussian_xyz/case-106161/case-106161_58.75671279233512_15.097256928482102_76.33293209666365.png,"[1: Skull, Cranium, Cranial vault, Calvarium, 10: T1 vertebral body, 11: Carina, Tracheal bifurcation, Tracheal carina]",3.78
gaussian_xyz/case-106161/case-106161_-127.21606965412822_-12.100064592044426_-82.75588479982298.png,"[6: Right elbow, 10: T1, 12: Right hemidiaphragm]",2.35
gaussian_xyz/case-106161/case-106161_-60.45161360183016_35.13950415725355_60.98486612439352.png,"[2: Right humeral head, 6: Right elbow, 10: T1]",1.98
gaussian_xyz/case-106161/case-106161_150.45057948957526_70.77336866737178_42.88662239917521.png,"[1: Skull, Cranium, Cranial vault, Calvarium, 2: Right humeral head, Right Proximal humerus, Head of right humerus, Right glenohumeral head, 10: T1, First thoracic vertebra, T1 vertebral body, Upper thoracic vertebra]",5.77
gaussian_xyz/case-106161/case-106161_-113.5258695065491_-48.110522990959595_-38.68662554379329.png,"[6: Right elbow, 10: T1, 12: Right hemidiaphragm]",2.35
gaussian_xyz/case-106161/case-106161_-11.712509790070897_-19.081257325381813_5.527881091095338.png,"[2: Right humeral head, 6: Right elbow, 10: T1]",1.98
gaussian_xyz/case-106161/case-106161_192.07109339651004_-33.51614973738466_27.296673805556182.png,"[1: Skull, Cranium, Cranial vault, Calvarium, 2: Right humeral head, Right Proximal humerus, Head of right humerus, Right glenohumeral head, 10: T1, First thoracic vertebra, T1 vertebral body, Upper thoracic vertebra]",5.77
gaussian_xyz/case-106161/case-106161_106.28908158896871_-22.03834859779731_-20.861473391587047.png,"[1: Skull, Cranium, Cranial vault, Calvarium, 10: T1 vertebral body, 11: Carina, Tracheal bifurcation, Tracheal carina]",3.79
gaussian_xyz/case-106161/case-106161_51.25667200575671_-4.9467715416575615_-17.806220923910196.png,"[10: T1 vertebral body, 11: Carina, 6: Right elbow]",2.17
gaussian_xyz/case-106161/case-106161_19.704395394532128_25.657125793729808_-14.405215452093175.png,"[11: Carina, 10: T1 vertebral body, 12: Right hemidiaphragm]",2.62
gaussian_xyz/case-106161/case-106161_150.94167720000132_-104.57586582659438_-155.82166959659088.png,"[1: Skull, Cranium, Cranial vault, Calvarium, 2: Right humeral head, Right Proximal humerus, Head of right humerus, Right glenohumeral head, 6: Right elbow, Right olecranon, Right Cubital joint, Right Elbow joint]",5.76
gaussian_xyz/case-106161/case-106161_151.1697241226545_5.2326352697947565_36.06317203992105.png,"[1: Skull, Cranium, Cranial vault, Calvarium, 6: Right elbow, Right olecranon, Right Cubital joint, Right Elbow joint, 11: Carina, Tracheal bifurcation, Tracheal carina]",4.78
gaussian_xyz/case-106161/case-106161_-117.14983978107288_9.366846318832431_-37.58936982045601.png,"[6: Right elbow, 10: T1 vertebral body, 12: Right hemidiaphragm]",2.53
gaussian_xyz/case-106161/case-106161_-116.10554745110426_59.4598085927441_171.398286076076.png,"[10: T1 vertebral body, 11: Carina, 6: Right elbow]",2.17
gaussian_xyz/case-106161/case-106161_-38.938165537975635_-15.03549944559968_-99.40907553004702.png,"[2: Right humeral head, 6: Right elbow, 10: T1]",1.99
gaussian_xyz/case-106161/case-106161_10.908031245096453_63.37424133307795_-72.29778829530296.png,"[2: Right humeral head, 6: Right elbow, 10: T1]",1.99
gaussian_xyz/case-106161/case-106161_118.41132103990475_-116.2525204239874_-52.887300702696095.png,"[2: Right humeral head, 6: Right elbow, 10: T1]",1.99
gaussian_xyz/case-106161/case-106161_131.3851616239911_-79.77127148671399_210.8338726259905.png,"[1: Skull, Cranium, Cranial vault, Calvarium, 10: T1, First thoracic vertebra, T1 vertebral body, Upper thoracic vertebra, 11: Carina, Tracheal bifurcation, Tracheal carina]",4.77
gaussian_xyz/case-106161/case-106161_39.174942991603245_-3.0728766355208657_-38.81225427931332.png,"[10: T1 vertebral body, 11: Carina, 6: Right elbow]",2.17
gaussian_xyz/case-106161/case-106161_108.45719890728657_60.769328883576286_-31.820326895952896.png,"[1: Skull, Cranium, Cranial vault, Calvarium, 2: Right humeral head, Right Proximal humerus, Head of right humerus, Right glenohumeral head, 10: T1, First thoracic vertebra, T1 vertebral body, Upper thoracic vertebra]",5.77
gaussian_xyz/case-106161/case-106161_153.60680695399992_77.56618104209852_-42.854730038192216.png,"[1: Skull, Cranium, Cranial vault, Calvarium, 2: Right humeral head, Right Proximal humerus, Head of right humerus, Right glenohumeral head, 6: Right elbow, Right olecranon, Right Cubital joint, Right Elbow joint]",5.77
gaussian_xyz/case-106161/case-106161_-21.036236786605542_13.373897480607926_41.986516680884876.png,"[11: Carina, 10: T1, 12: Right hemidiaphragm]",2.44
gaussian_xyz/case-106161/case-106161_-43.71691295936802_38.19967318587084_68.59732870829912.png,"[10: T1 vertebral body, 11: Carina, 6: Right elbow]",2.17
gaussian_xyz/case-106161/case-106161_-95.98850359737946_62.59405050745804_162.012954364406.png,"[10: T1 vertebral body, 11: Carina, 6: Right elbow]",2.17
gaussian_xyz/case-106161/case-106161_-135.12492938408099_9.767880864156728_-22.008951956065783.png,"[2: Right humeral head, 3: Left humeral head, 10: T1]",2.08
gaussian_xyz/case-106161/case-106161_-183.4070695892785_38.951949669126265_66.0879206883799.png,"[10: T1 vertebral body, 11: Carina, 6: Right elbow]",2.17
gaussian_xyz/case-106161/case-106161_-163.7148063082629_-34.6978229595912_-159.8121245880454.png,"[2: Right humeral head, 6: Right elbow, 10: T1]",1.99
gaussian_xyz/case-106161/case-106161_7.704727565828904_-89.54196858913892_84.84461689201949.png,"[2: Right humeral head, 6: Right elbow, 10: T1]",1.99
gaussian_xyz/case-106161/case-106161_65.13141485541036_45.73783734011956_5.118734268381269.png,"[2: Right humeral head, 6: Right elbow, 10: T1]",1.99
gaussian_xyz/case-106161/case-106161_179.6874535734147_50.88661588523287_6.372254848975397.png,"[1: Skull, Cranium, Cranial vault, Calvarium, 2: Right humeral head, Right Proximal humerus, Head of right humerus, Right glenohumeral head, 10: T1, First thoracic vertebra, T1 vertebral body, Upper thoracic vertebra]",5.77
gaussian_xyz/case-106161/case-106161_-30.268143364718043_17.6284456715582_-169.5630331378087.png,"[6: Right elbow, 10: T1, 12: Right hemidiaphragm]",2.35
gaussian_xyz/case-106161/case-106161_74.4125016593714_-56.2407396313358_-62.63141614586356.png,"[2: Right humeral head, 6: Right elbow, 10: T1]",1.99
gaussian_xyz/case-106161/case-106161_10.344526854910868_19.23782662078027_-164.4024272049143.png,"[10: T1 vertebral body, 11: Carina, 12: Right hemidiaphragm]",2.61
gaussian_xyz/case-106161/case-106161_35.93117268387212_-6.20579849444511_64.89901933489072.png,"[11: Carina, 10: T1, 3: Left humeral head]",2.07
gaussian_xyz/case-106161/case-106161_-73.27881208558554_6.432001061264111_-112.0972648645868.png,"[6: Right elbow, 10: T1, 11: Carina]",1.99
gaussian_xyz/case-106161/case-106161_-182.12711132655085_-4.333088506612915_-85.57915878583702.png,"[6: Right elbow, 2: Right humeral head, 10: T1]",1.99
gaussian_xyz/case-106161/case-106161_152.24138027184318_62.58391613047804_-188.11528135685643.png,"[1: Skull, Cranium, Cranial vault, Calvarium, 2: Right humeral head, Right Proximal humerus, Head of right humerus, Right glenohumeral head, 10: T1, First thoracic vertebra, T1 vertebral body, Upper thoracic vertebra]",5.77
gaussian_xyz/case-106161/case-106161_-172.59740535111027_-30.003317037090508_-17.20007378108038.png,"[6: Right elbow, 2: Right humeral head, 10: T1]",1.99
gaussian_xyz/case-106161/case-106161_113.66906547292251_82.54774750762427_44.91113823669875.png,"[1: Skull, Cranium, Cranial vault, Calvarium, 2: Right humeral head, Right Proximal humerus, Head of right humerus, Right glenohumeral head, 10: T1, First thoracic vertebra, T1 vertebral body, Upper thoracic vertebra]",5.77
gaussian_xyz/case-106161/case-106161_-91.07976871018565_29.96378179374437_-196.92407020616795.png,"[10: T1 vertebral body, 6: Right elbow, 12: Right hemidiaphragm]",2.52
gaussian_xyz/case-106161/case-106161_131.62308999238184_14.1511759395463_77.4418140805281.png,"[1: Skull, Cranium, Cranial vault, Calvarium, 10: T1, First thoracic vertebra, T1 vertebral body, Upper thoracic vertebra, 11: Carina, Tracheal bifurcation, Tracheal carina]",4.77
gaussian_xyz/case-106161/case-106161_-171.87416758325506_54.728476147158666_183.56055089347947.png,"[2: Right humeral head, 6: Right elbow, 10: T1]",1.99
gaussian_xyz/case-106161/case-106161_92.97846784221935_-29.374913630602443_52.477128855238284.png,"[1: Skull, Cranium, Cranial vault, Calvarium, 10: T1, First thoracic vertebra, T1 vertebral body, Upper thoracic vertebra, 11: Carina, Tracheal bifurcation, Tracheal carina]",4.78
gaussian_xyz/case-106161/case-106161_-30.18474945641637_-17.219718756156663_-235.6635007670497.png,"[10: T1 vertebral body, 11: Carina, 6: Right elbow]",2.17
gaussian_xyz/case-106161/case-106161_-26.844766582371307_59.0629468095382_13.907545755810737.png,"[2: Right humeral head, 4: Right scapular inferior angle, 6: Right elbow]",2.17
gaussian_xyz/case-106161/case-106161_-129.94300415488408_-13.835217608578942_29.7041378963267.png,"[11: Carina, 10: T1, 12: Right hemidiaphragm]",2.44
gaussian_xyz/case-106161/case-106161_56.292349375552135_79.66618590532732_-199.06508557203296.png,"[2: Right humeral head, 6: Right elbow, 10: T1]",1.99
gaussian_xyz/case-106161/case-106161_-149.63862441342994_-25.67497945730174_-135.79858917349378.png,"[6: Right elbow, 2: Right humeral head, 10: T1]",1.98
gaussian_xyz/case-106161/case-106161_45.07227200109185_37.02669427284299_96.8733076901993.png,"[11: Carina, 2: Right humeral head, 10: T1]",2.07
gaussian_xyz/case-106161/case-106161_136.64867617663168_13.811009331979172_55.0551079884088.png,"[1: Skull, Cranium, Cranial vault, Calvarium, 3: Left humeral head, Left Proximal humerus, Head of left humerus, Left glenohumeral head, 10: T1, First thoracic vertebra, T1 vertebral body, Upper thoracic vertebra]",5.76
gaussian_xyz/case-106161/case-106161_-46.937764250929035_26.873230503844027_40.22453892988644.png,"[11: Carina, 10: T1, 6: Right elbow]",1.99
gaussian_xyz/case-106161/case-106161_-132.8267973608812_104.29401381690823_90.25198599748765.png,"[2: Right humeral head, 6: Right elbow, 10: T1]",1.99
gaussian_xyz/case-106161/case-106161_79.17623848664601_-1.3301507656806735_32.45725243096253.png,"[1: Skull, Cranium, Cranial vault, Calvarium, 10: T1, First thoracic vertebra, T1 vertebral body, Upper thoracic vertebra, 11: Carina, Tracheal bifurcation, Tracheal carina]",4.78
gaussian_xyz/case-106161/case-106161_163.66193231231978_-59.12488429102502_-21.406720195982647.png,"[1: Skull, Cranium, Cranial vault, Calvarium, 6: Right elbow, Right olecranon, Right Cubital joint, Right Elbow joint, 10: T1, First thoracic vertebra, T1 vertebral body, Upper thoracic vertebra]",5.23
gaussian_xyz/case-106161/case-106161_168.36749796780407_87.25930451779121_133.77455990624668.png,"[1: Skull, Cranium, Cranial vault, Calvarium, 2: Right humeral head, Right Proximal humerus, Head of right humerus, Right glenohumeral head, 10: T1, First thoracic vertebra, T1 vertebral body, Upper thoracic vertebra]",5.77
gaussian_xyz/case-106161/case-106161_-177.28178842190846_-36.73464345348478_-78.55412175796012.png,"[6: Right elbow, 10: T1 vertebral body, 12: Right hemidiaphragm]",2.97
gaussian_xyz/case-106161/case-106161_53.560002316559746_-18.152361954376758_-175.99728319135696.png,"[10: T1 vertebral body, 11: Carina, 6: Right elbow]",2.16
gaussian_xyz/case-106161/case-106161_50.57604195030564_-86.81919711441121_138.4735144418202.png,"[2: Right humeral head, 6: Right elbow, 10: T1]",1.98
gaussian_xyz/case-106161/case-106161_157.46335159747753_-65.33271748152026_3.135036778722123.png,"[1: Skull, Cranium, Cranial vault, Calvarium, 2: Right humeral head, Right Proximal humerus, Head of right humerus, Right glenohumeral head, 10: T1, First thoracic vertebra, T1 vertebral body, Upper thoracic vertebra]",5.75
gaussian_xyz/case-106161/case-106161_3.265357305553721_-10.839978234191374_-127.8203926677143.png,"[11: Carina, 10: T1, 12: Right hemidiaphragm]",2.43
gaussian_xyz/case-106161/case-106161_-201.21092708476687_31.542307606257157_-73.32222922052316.png,"[10: T1 vertebral body, 11: Carina, 6: Right elbow]",2.17
gaussian_xyz/case-106161/case-106161_94.06332239110031_125.30160942370415_-15.494962979572719.png,"[2: Right humeral head, 6: Right elbow, 10: T1]",1.98
gaussian_xyz/case-106161/case-106161_-156.19017168696556_21.581531001846084_-228.55793997848278.png,"[6: Right elbow, 10: T1, 12: Right hemidiaphragm]",2.34
gaussian_xyz/case-106161/case-106161_201.07940841031802_27.882307956789518_208.83552647016162.png,"[1: Skull, Cranium, Cranial vault, Calvarium, 2: Right humeral head, Right Proximal humerus, Head of right humerus, Right glenohumeral head, 10: T1, First thoracic vertebra, T1 vertebral body, Upper thoracic vertebra]",5.76
gaussian_xyz/case-106161/case-106161_-74.63520340140442_-65.72412568696542_-10.073058815896683.png,"[11: Carina, 10: T1, 6: Right elbow]",1.98
gaussian_xyz/case-106161/case-106161_-2.9380291424870393_-93.96212490903781_-76.07146364616597.png,"[2: Right humeral head, 6: Right elbow, 10: T1]",1.98
gaussian_xyz/case-106161/case-106161_-51.107839439921236_-25.029628230219014_177.09333126477125.png,"[10: T1 vertebral body, 11: Carina, 6: Right elbow]",2.16
gaussian_xyz/case-106161/case-106161_-154.82657801925313_43.04557029554308_31.43692433608949.png,"[10: T1 vertebral body, 11: Carina, 6: Right elbow]",2.17
gaussian_xyz/case-106161/case-106161_63.91335947184484_-10.79726659346226_-78.91691946172757.png,"[10: T1 vertebral body, 11: Carina, 6: Right elbow]",2.16
gaussian_xyz/case-106161/case-106161_100.34106920981549_-13.438146571841544_114.91087337470003.png,"[1: Skull, Cranium, Cranial vault, Calvarium, 10: T1, First thoracic vertebra, T1 vertebral body, Upper thoracic vertebra, 11: Carina, Tracheal bifurcation, Tracheal carina]",4.75
gaussian_xyz/case-106161/case-106161_-179.0452052716583_11.032025268626358_92.65810909238911.png,"[10: T1 vertebral body, 11: Carina, 6: Right elbow]",2.14
gaussian_xyz/case-106161/case-106161_128.20161636179387_27.495922089800136_-49.3696004087074.png,"[1: Skull, Cranium, Cranial vault, Calvarium, 3: Left humeral head, Left Proximal humerus, Head of left humerus, Left glenohumeral head, 10: T1, First thoracic vertebra, T1 vertebral body, Upper thoracic vertebra]",5.72
gaussian_xyz/case-106161/case-106161_-78.14340939958593_79.65286323746874_145.7816242779751.png,"[2: Right humeral head, 6: Right elbow, 10: T1]",1.97
gaussian_xyz/case-106161/case-106161_195.74127294694125_26.39064836248663_-60.575985988587874.png,"[1: Skull, Cranium, Cranial vault, Calvarium, 11: Carina, Tracheal bifurcation, Tracheal carina, 10: T1, First thoracic vertebra, T1 vertebral body, Upper thoracic vertebra]",4.71
gaussian_xyz/case-106161/case-106161_-3.85258811629447_34.70127845022161_-201.71052210343464.png,"[2: Right humeral head, 6: Right elbow, 10: T1]",1.97
gaussian_xyz/case-106161/case-106161_-148.80709910340406_64.19209878026355_27.49979551198566.png,"[6: Right elbow, 2: Right humeral head, 10: T1]",1.97
gaussian_xyz/case-106161/case-106161_-181.69400680940694_-1.1300920277384685_90.48884322487216.png,"[6: Right elbow, 10: T1 vertebral body, 12: Right hemidiaphragm]",2.51
gaussian_xyz/case-106161/case-106161_41.77344860539034_-53.25807346802211_140.0246923432472.png,"[1: Skull, Cranium, Cranial vault, Calvarium, 2: Right humeral head, Right Proximal humerus, Head of right humerus, Right glenohumeral head, 10: T1, First thoracic vertebra, T1 vertebral body, Upper thoracic vertebra]",5.75
gaussian_xyz/case-106161/case-106161_-110.03164350055862_19.92637511034685_-239.7959075510339.png,"[6: Right elbow, 10: T1, 12: Right hemidiaphragm]",2.34
gaussian_xyz/case-106161/case-106161_-79.20041134455494_25.30117165838112_231.50638420486933.png,"[2: Right humeral head, 6: Right elbow, 10: T1]",1.98
gaussian_xyz/case-106161/case-106161_-176.06407312723942_-57.19666796605101_-4.14448196217425.png,"[6: Right elbow, 2: Right humeral head, 10: T1]",1.99
gaussian_xyz/case-106161/case-106161_68.58820989382326_-64.7092653238388_-151.90405835767928.png,"[2: Right humeral head, 6: Right elbow, 10: T1]",1.98
gaussian_xyz/case-106161/case-106161_147.3624097024844_-54.05529639453822_132.79925548283455.png,"[1: Skull, Cranium, Cranial vault, Calvarium, 2: Right humeral head, Right Proximal humerus, Head of right humerus, Right glenohumeral head, 10: T1, First thoracic vertebra, T1 vertebral body, Upper thoracic vertebra]",5.76
gaussian_xyz/case-106161/case-106161_-97.09125348781538_60.08070370489742_233.67245506196937.png,"[2: Right humeral head, 6: Right elbow, 10: T1]",1.99
gaussian_xyz/case-106161/case-106161_-80.3346616795955_46.72578165935769_118.13927107776561.png,"[2: Right humeral head, 3: Left humeral head, 10: T1]",2.08
gaussian_xyz/case-106161/case-106161_177.17636019172767_45.17500889492507_-91.39899400062549.png,"[1: Skull, Cranium, Cranial vault, Calvarium, 2: Right humeral head, Right Proximal humerus, Head of right humerus, Right glenohumeral head, 10: T1, First thoracic vertebra, T1 vertebral body, Upper thoracic vertebra]",5.78
gaussian_xyz/case-106161/case-106161_173.00387775717297_42.05734267821801_-24.14143751243818.png,"[1: Skull, Cranium, Cranial vault, Calvarium, 2: Right humeral head, Right Proximal humerus, Head of right humerus, Right glenohumeral head, 10: T1, First thoracic vertebra, T1 vertebral body, Upper thoracic vertebra]",5.78
gaussian_xyz/case-106161/case-106161_-99.88453418439664_7.235731513115575_-110.28071233732916.png,"[6: Right elbow, 10: T1 vertebral body, 12: Right hemidiaphragm]",2.53
gaussian_xyz/case-106161/case-106161_128.1292359161905_-37.48333092593355_-13.175656693683344.png,"[1: Skull, Cranium, Cranial vault, Calvarium, 6: Right elbow, Right olecranon, Right Cubital joint, Right Elbow joint, 10: T1, First thoracic vertebra, T1 vertebral body, Upper thoracic vertebra]",5.24
gaussian_xyz/case-106161/case-106161_-102.92533946225255_-2.4324208516424655_134.70781922542054.png,"[10: T1 vertebral body, 11: Carina, 12: Right hemidiaphragm]",2.62
gaussian_xyz/case-106161/case-106161_-24.416031439841902_34.00274907018345_2.49826850552731.png,"[1: Skull, Cranium, Cranial vault, Calvarium, 11: Carina, Tracheal bifurcation, Tracheal carina, 10: T1, First thoracic vertebra, T1 vertebral body, Upper thoracic vertebra]",4.78
gaussian_xyz/case-106161/case-106161_-141.02502240511149_18.574704894418165_99.38230185401984.png,"[10: T1 vertebral body, 11: Carina, 6: Right elbow]",2.17
gaussian_xyz/case-106161/case-106161_39.251845342275914_-23.308989749386345_86.44273193243217.png,"[10: T1 vertebral body, 11: Carina, 12: Right hemidiaphragm]",2.62
gaussian_xyz/case-106161/case-106161_-95.96666453845313_40.24019798473614_-67.02250827472.png,"[10: T1 vertebral body, 11: Carina, 12: Right hemidiaphragm]",2.62
gaussian_xyz/case-106161/case-106161_-69.94341446903124_34.18111282450731_-100.36832340061808.png,"[6: Right elbow, 10: T1, 12: Right hemidiaphragm]",2.35
gaussian_xyz/case-106161/case-106161_-110.64115910955101_56.80613339874063_28.114924279410054.png,"[10: T1 vertebral body, 11: Carina, 6: Right elbow]",2.17
gaussian_xyz/case-106161/case-106161_-97.68382398921281_-12.452829362372428_-73.01426407294403.png,"[6: Right elbow, 10: T1 vertebral body, 12: Right hemidiaphragm]",2.53
gaussian_xyz/case-106161/case-106161_198.59827517467454_69.02257198185386_-185.9791455537124.png,"[1: Skull, Cranium, Cranial vault, Calvarium, 2: Right humeral head, Right Proximal humerus, Head of right humerus, Right glenohumeral head, 10: T1, First thoracic vertebra, T1 vertebral body, Upper thoracic vertebra]",5.78
gaussian_xyz/case-106161/case-106161_-67.19550527714972_14.522611810757176_-267.21215736180017.png,"[6: Right elbow, 10: T1, 12: Right hemidiaphragm]",2.35
gaussian_xyz/case-106161/case-106161_2.3011964674887224_81.24582529198234_134.58463151301174.png,"[2: Right humeral head, 4: Right scapular inferior angle, 10: T1]",2.27
gaussian_xyz/case-106161/case-106161_54.304615271464684_-3.601410590659715_13.861385649305886.png,"[10: T1 vertebral body, 11: Carina, 12: Right hemidiaphragm]",2.62
gaussian_xyz/case-106161/case-106161_45.45857791009948_3.178461543460596_108.86959939935149.png,"[11: Carina, 10: T1, 12: Right hemidiaphragm]",2.44
gaussian_xyz/case-106161/case-106161_-93.43153640178488_26.94700799771937_-13.624723115092541.png,"[11: Carina, 10: T1, 5: Left scapular inferior angle]",2.26
gaussian_xyz/case-106161/case-106161_82.19987358467262_31.737481730613265_-66.48324857158808.png,"[2: Right proximal humerus, 6: Right elbow, 10: T1]",2.09
gaussian_xyz/case-106161/case-106161_-6.521448328970166_-9.446679892899319_136.2457514714232.png,"[11: Carina, 10: T1, 12: Right hemidiaphragm]",2.45
gaussian_xyz/case-106161/case-106161_135.65321492407406_-17.222307645519265_81.59762228811029.png,"[1: Skull, Cranium, Cranial vault, Calvarium, 10: T1, First thoracic vertebra, T1 vertebral body, Upper thoracic vertebra, 12: Right hemidiaphragm, Right Diaphragmatic dome, Right Diaphragmatic crus]",5.67
gaussian_xyz/case-106161/case-106161_161.51655159221593_42.519019088201595_-83.49767931184432.png,"[1: Skull, Cranium, Cranial vault, Calvarium, 2: Right humeral head, Right Proximal humerus, Head of right humerus, Right glenohumeral head, 10: T1, First thoracic vertebra, T1 vertebral body, Upper thoracic vertebra]",5.77
gaussian_xyz/case-106161/case-106161_75.0614436674357_-0.7631252661796545_121.43687210316756.png,"[1: Skull, Cranium, Cranial vault, Calvarium, 10: T1 vertebral body, 11: Carina, Tracheal bifurcation, Tracheal carina]",3.79
gaussian_xyz/case-106161/case-106161_137.78246154134433_2.6550961989963384_-65.3076174317398.png,"[1: Skull, Cranium, Cranial vault, Calvarium, 6: Right elbow, Right olecranon, Right Cubital joint, Right Elbow joint, 10: T1, First thoracic vertebra, T1 vertebral body, Upper thoracic vertebra]",5.24
gaussian_xyz/case-106161/case-106161_-117.05843592664262_-59.212420850689405_6.850075539132849.png,"[6: Right elbow, 10: T1 vertebral body, 11: Carina]",2.17
gaussian_xyz/case-106161/case-106161_-21.92519958248667_-39.21613590964122_12.266641612986206.png,"[6: Right elbow, 2: Right humeral head, 10: T1]",1.99
gaussian_xyz/case-106161/case-106161_-95.08159936808507_32.09031812378199_-24.121609457383432.png,"[10: T1 vertebral body, 11: Carina, 6: Right elbow]",2.17
gaussian_xyz/case-106161/case-106161_-29.455375120498132_-25.68586774189345_189.30243071641718.png,"[11: Carina, 10: T1, 12: Right hemidiaphragm]",2.45
gaussian_xyz/case-106161/case-106161_197.10908329913735_-38.50226380465025_-92.61003581306348.png,"[1: Skull, Cranium, Cranial vault, Calvarium, 6: Right elbow, Right olecranon, Right Cubital joint, Right Elbow joint, 11: Carina, Tracheal bifurcation, Tracheal carina]",4.79
gaussian_xyz/case-106161/case-106161_155.46131394742548_-12.386869784187198_-80.15035893479268.png,"[1: Skull, Cranium, Cranial vault, Calvarium, 11: Carina, Tracheal bifurcation, Tracheal carina, 10: T1, First thoracic vertebra, T1 vertebral body, Upper thoracic vertebra]",4.79
gaussian_xyz/case-106161/case-106161_-93.56441595653823_21.01197297147603_24.432341053998666.png,"[10: T1 vertebral body, 11: Carina, 6: Right elbow]",2.17
gaussian_xyz/case-106161/case-106161_-122.49443103557988_-85.72577813131079_-20.59919986352025.png,"[2: Right proximal humerus, 6: Right elbow, 10: T1]",2.08
gaussian_xyz/case-106161/case-106161_-168.60913120504134_-42.4484773658118_26.69593604161961.png,"[6: Right elbow, 10: T1, 12: Right hemidiaphragm]",2.35
gaussian_xyz/case-106161/case-106161_-133.83225140109533_-9.41994631116803_16.592973198878965.png,"[6: Right elbow, 10: T1, 12: Right hemidiaphragm]",2.35
gaussian_xyz/case-106161/case-106161_56.457885316646866_-32.78039317414303_-47.874954487509456.png,"[10: T1 vertebral body, 11: Carina, 6: Right elbow]",2.17
gaussian_xyz/case-106161/case-106161_-113.3943527934952_24.592590937766328_60.54199398613639.png,"[10: T1 vertebral body, 11: Carina, 12: Right hemidiaphragm]",2.62
gaussian_xyz/case-106161/case-106161_-84.34796032853953_53.71885836352355_-28.583913420910807.png,"[6: Right elbow, 10: T1, 12: Right hemidiaphragm]",2.35
gaussian_xyz/case-106161/case-106161_-56.67648517846885_-14.036183347905936_-85.90492822471447.png,"[6: Right elbow, 2: Right humeral head, 10: T1]",1.99
gaussian_xyz/case-106161/case-106161_65.8155169471375_98.45705730975021_6.322571054269872.png,"[2: Right humeral head, 6: Right elbow, 10: T1]",1.99
gaussian_xyz/case-106161/case-106161_102.99412740379643_-91.38389014135083_-31.879381521699074.png,"[2: Right humeral head, 6: Right elbow, 10: T1]",1.99
gaussian_xyz/case-106161/case-106161_-189.21664170029206_44.84724758385834_-11.703131328685643.png,"[10: T1 vertebral body, 11: Carina, 12: Right hemidiaphragm]",2.62
gaussian_xyz/case-106161/case-106161_-18.647633455652397_-35.04565363657973_-203.67762829889136.png,"[2: Right humeral head, 6: Right elbow, 10: T1]",1.99
gaussian_xyz/case-106161/case-106161_-129.72810100148348_44.744745984137865_-51.52540718634662.png,"[6: Right elbow, 10: T1, 12: Right hemidiaphragm]",2.35
gaussian_xyz/case-106161/case-106161_-61.84294685559411_26.906816685374093_342.6650491927035.png,"[2: Right humeral head, 4: Right scapular inferior angle, 10: T1]",2.26
gaussian_xyz/case-106161/case-106161_-35.920677076752014_0.4623517121411575_-3.106361506069247.png,"[11: Carina, 10: T1, 12: Right hemidiaphragm]",2.44
gaussian_xyz/case-106161/case-106161_141.30649537593092_-2.038487720326332_-0.09921975653096642.png,"[1: Skull, Cranium, Cranial vault, Calvarium, 11: Carina, Tracheal bifurcation, Tracheal carina, 10: T1, First thoracic vertebra, T1 vertebral body, Upper thoracic vertebra]",4.79
gaussian_xyz/case-106161/case-106161_42.2350491904067_24.468557405737293_9.178426747114116.png,"[10: T1 vertebral body, 11: Carina, 3: Left humeral head]",2.26
gaussian_xyz/case-106161/case-106161_65.51402050822816_-10.099019684347796_271.25061008444834.png,"[1: Skull, Cranium, Cranial vault, Calvarium, 11: Carina, Tracheal bifurcation, Tracheal carina, 10: T1, First thoracic vertebra, T1 vertebral body, Upper thoracic vertebra]",4.79
gaussian_xyz/case-106161/case-106161_-140.45483205489708_43.38477016838894_79.86369449606552.png,"[10: T1 vertebral body, 11: Carina, 6: Right elbow]",2.17
gaussian_xyz/case-106161/case-106161_-87.32905087177245_34.122278109930484_-38.76550655954993.png,"[11: Carina, 10: T1, 6: Right elbow]",1.99
gaussian_xyz/case-106161/case-106161_132.85891636338152_-9.434716991108703_-58.07609736112255.png,"[1: Skull, Cranium, Cranial vault, Calvarium, 3: Left humeral head, Left Proximal humerus, Head of left humerus, Left glenohumeral head, 10: T1, First thoracic vertebra, T1 vertebral body, Upper thoracic vertebra]",5.78
gaussian_xyz/case-106161/case-106161_-126.72134210447305_5.474847934872232_210.07785836217064.png,"[10: T1 vertebral body, 11: Carina, 6: Right elbow]",2.18
gaussian_xyz/case-106161/case-106161_49.57409859859348_8.168776000635171_91.00312772976777.png,"[2: Right humeral head, 3: Left humeral head, 10: T1]",2.08
gaussian_xyz/case-106161/case-106161_77.18772394037751_99.48583703222363_60.13352837464034.png,"[2: Right humeral head, 3: Left humeral head, 10: T1]",2.08
gaussian_xyz/case-106161/case-106161_-13.861814952375624_-13.491677666066783_-21.650481726169176.png,"[11: Carina, 10: T1, 12: Right hemidiaphragm]",2.44
gaussian_xyz/case-106161/case-106161_-104.65125755252774_-29.422998943028105_-17.632088939183063.png,"[6: Right elbow, 10: T1, 12: Right hemidiaphragm]",2.35
gaussian_xyz/case-106161/case-106161_148.30190402650027_2.1561527192970016_-22.412573887009827.png,"[1: Skull, Cranium, Cranial vault, Calvarium, 6: Right elbow, Right olecranon, Right Cubital joint, Right Elbow joint, 11: Carina, Tracheal bifurcation, Tracheal carina]",4.79
gaussian_xyz/case-106161/case-106161_148.73980526826682_-84.08119134261791_172.73617676938494.png,"[1: Skull, Cranium, Cranial vault, Calvarium, 2: Right humeral head, Right Proximal humerus, Head of right humerus, Right glenohumeral head, 10: T1, First thoracic vertebra, T1 vertebral body, Upper thoracic vertebra]",5.78
gaussian_xyz/case-106161/case-106161_-132.64049595346967_-95.75663566737055_-89.20972346207563.png,"[2: Right humeral head, 6: Right elbow, 10: T1]",1.99
gaussian_xyz/case-106161/case-106161_133.82907357799678_38.459203279800825_41.73138004097747.png,"[1: Skull, Cranium, Cranial vault, Calvarium, 3: Left humeral head, Left Proximal humerus, Head of left humerus, Left glenohumeral head, 10: T1, First thoracic vertebra, T1 vertebral body, Upper thoracic vertebra]",5.77
gaussian_xyz/case-106161/case-106161_-112.36770116668505_74.74498975607796_3.6731539033020586.png,"[6: Right elbow, 2: Right humeral head, 10: T1]",1.99
gaussian_xyz/case-106161/case-106161_-76.23557551342118_46.55213260616972_71.11440427863214.png,"[1: Skull, Cranium, Cranial vault, Calvarium, 6: Right elbow, Right olecranon, Right Cubital joint, Right Elbow joint, 11: Carina, Tracheal bifurcation, Tracheal carina]",4.79
gaussian_xyz/case-106161/case-106161_199.29270586101455_61.67591063649383_-27.376961859741822.png,"[1: Skull, Cranium, Cranial vault, Calvarium, 2: Right humeral head, Right Proximal humerus, Head of right humerus, Right glenohumeral head, 10: T1, First thoracic vertebra, T1 vertebral body, Upper thoracic vertebra]",5.78
gaussian_xyz/case-106161/case-106161_126.15059931643214_1.1955379110184108_-177.77938551569176.png,"[1: Skull, Cranium, Cranial vault, Calvarium, 2: Right humeral head, Right Proximal humerus, Head of right humerus, Right glenohumeral head, 10: T1, First thoracic vertebra, T1 vertebral body, Upper thoracic vertebra]",5.78
gaussian_xyz/case-106161/case-106161_-81.40572776623364_110.46821151597177_-51.49365830508875.png,"[2: Right humeral head, 6: Right elbow, 10: T1]",1.99
gaussian_xyz/case-106161/case-106161_-127.5148115105191_56.26743515330367_65.14034250020073.png,"[2: Right humeral head, 6: Right elbow, 10: T1]",1.99
gaussian_xyz/case-106161/case-106161_112.90000576442299_65.42625713056248_-53.6551915480383.png,"[1: Skull, Cranium, Cranial vault, Calvarium, 2: Right humeral head, Right Proximal humerus, Head of right humerus, Right glenohumeral head, 10: T1, First thoracic vertebra, T1 vertebral body, Upper thoracic vertebra]",5.79
gaussian_xyz/case-106161/case-106161_129.44095064292395_-122.77600653342846_-166.54787540865382.png,"[2: Right humeral head, 6: Right elbow, 10: T1]",1.99
gaussian_xyz/case-106161/case-106161_12.145354356621539_35.94417107427436_39.49117336825057.png,"[11: Carina, 10: T1, 6: Right elbow]",1.99
gaussian_xyz/case-106161/case-106161_188.99567996067896_-92.07712148731648_82.57910015705119.png,"[1: Skull, Cranium, Cranial vault, Calvarium, 6: Right elbow, Right olecranon, Right Cubital joint, Right Elbow joint, 10: T1, First thoracic vertebra, T1 vertebral body, Upper thoracic vertebra]",5.24
gaussian_xyz/case-106161/case-106161_142.77376720981033_14.794129629859862_-119.02746840450308.png,"[1: Skull, Cranium, Cranial vault, Calvarium, 6: Right elbow, Right olecranon, Right Cubital joint, Right Elbow joint, 11: Carina, Tracheal bifurcation, Tracheal carina]",4.79
gaussian_xyz/case-106161/case-106161_58.877549354237544_27.69253497196444_-149.28636107323493.png,"[6: Right elbow, 2: Right humeral head, 10: T1]",1.99
gaussian_xyz/case-106161/case-106161_-80.7909244578495_-44.926477397858534_168.98506666266667.png,"[2: Right humeral head, 3: Left humeral head, 10: T1]",2.08
gaussian_xyz/case-106161/case-106161_-12.368523550389426_26.736005317264915_-13.114204518521353.png,"[1: Skull, Cranium, Cranial vault, Calvarium, 11: Carina, Tracheal bifurcation, Tracheal carina, 10: T1, First thoracic vertebra, T1 vertebral body, Upper thoracic vertebra]",4.79
gaussian_xyz/case-106161/case-106161_69.98009903061535_60.70142684870125_-49.74155646429226.png,"[2: Right humeral head, 6: Right elbow, 10: T1]",1.99
gaussian_xyz/case-106161/case-106161_-157.41710608750768_-87.82970128403338_145.06262970369127.png,"[2: Right humeral head, 4: Right scapular inferior angle, 10: T1]",2.26
gaussian_xyz/case-106161/case-106161_76.83765464199593_-25.8209995932284_58.902743297471446.png,"[1: Skull, Cranium, Cranial vault, Calvarium, 3: Left humeral head, Left Proximal humerus, Head of left humerus, Left glenohumeral head, 10: T1, First thoracic vertebra, T1 vertebral body, Upper thoracic vertebra]",5.79
gaussian_xyz/case-106161/case-106161_87.52516488997207_10.542885457188815_10.025349560014291.png,"[1: Skull, Cranium, Cranial vault, Calvarium, 10: T1, First thoracic vertebra, T1 vertebral body, Upper thoracic vertebra, 11: Carina, Tracheal bifurcation, Tracheal carina]",4.79
gaussian_xyz/case-106161/case-106161_-81.92454552105137_-135.57961203746768_-32.52276944323797.png,"[2: Right humeral head, 3: Left humeral head, 10: T1]",2.08
gaussian_xyz/case-107230/case-107230_-50.86395347590803_-58.55664093839984_-141.3780435238561.png,"[6: Right elbow, 2: Right humeral head, 10: T1]",2.45
gaussian_xyz/case-107230/case-107230_-216.59029206439718_29.748566771496577_80.21452997665924.png,"[1: Skull, Cranium, Cranial vault, Calvarium, 2: Right humeral head, Right Proximal humerus, Head of right humerus, Right glenohumeral head, 10: T1, First thoracic vertebra, T1 vertebral body, Upper thoracic vertebra]",5.76
gaussian_xyz/case-107230/case-107230_170.28493437877654_78.55446572807942_19.0405377098873.png,"[1: Skull, Cranium, Cranial vault, Calvarium, 2: Right humeral head, Right Proximal humerus, Head of right humerus, Right glenohumeral head, 6: Right elbow, Right olecranon, Right Cubital joint, Right Elbow joint]",5.77
gaussian_xyz/case-107230/case-107230_-156.87877391770286_-91.15632744761989_81.74525299166643.png,"[2: Right humeral head, 3: Left humeral head, 10: T1]",2.08
gaussian_xyz/case-107230/case-107230_-161.06424832028648_-3.9672192540563067_-23.205896190144188.png,"[10: T1 vertebral body, 11: Carina, 6: Right elbow]",2.16
gaussian_xyz/case-107230/case-107230_145.68063367080225_146.2129733315657_-153.15653719010353.png,"[6: Right elbow, 2: Right humeral head, 10: T1]",1.98
gaussian_xyz/case-107230/case-107230_9.306903605263898_0.6714296689933629_-53.199376707224154.png,"[2: Right humeral head, 6: Right elbow, 10: T1]",1.99
gaussian_xyz/case-107230/case-107230_-156.6987235286523_41.179394764387716_81.10243182876302.png,"[2: Right humeral head, 6: Right elbow, 10: T1]",1.98
gaussian_xyz/case-107230/case-107230_-166.7722221696335_-73.3822118546764_-34.808281818829634.png,"[2: Right humeral head, 6: Right elbow, 10: T1]",1.99
gaussian_xyz/case-107230/case-107230_-50.40735823643516_-10.798958161062476_148.43126124342822.png,"[2: Right humeral head, 6: Right elbow, 10: T1]",1.98
gaussian_xyz/case-107230/case-107230_196.61425267598094_14.64470429741181_-115.65699414865367.png,"[1: Skull, Cranium, Cranial vault, Calvarium, 6: Right elbow, Right olecranon, Right Cubital joint, Right Elbow joint, 10: T1, First thoracic vertebra, T1 vertebral body, Upper thoracic vertebra]",5.23
gaussian_xyz/case-107230/case-107230_119.26335878182613_-103.2562523804719_-67.27393116247649.png,"[2: Right humeral head, 6: Right elbow, 10: T1]",1.99
gaussian_xyz/case-107230/case-107230_-83.13043677172416_46.18666035199017_37.18690875763718.png,"[2: Right humeral head, 3: Left humeral head, 10: T1]",2.07
gaussian_xyz/case-107230/case-107230_119.98050494463234_-61.916916023766035_20.486427820288796.png,"[2: Right humeral head, 6: Right elbow, 10: T1]",1.99
gaussian_xyz/case-107230/case-107230_-76.23616160547058_-15.717480817837412_-133.60194355241703.png,"[10: T1 vertebral body, 6: Right elbow, 4: Right scapular inferior angle]",2.36
gaussian_xyz/case-107230/case-107230_-93.14258041325309_61.52229941729294_-57.33826911782327.png,"[6: Right elbow, 2: Right humeral head, 10: T1]",1.99
gaussian_xyz/case-107230/case-107230_15.217623056497303_-68.6622524213518_-22.71321458623983.png,"[2: Right humeral head, 6: Right elbow, 10: T1]",1.99
gaussian_xyz/case-107230/case-107230_-85.83106785432912_8.007520508550614_10.70739299107703.png,"[6: Right elbow, 10: T1, 12: Right hemidiaphragm]",2.35
gaussian_xyz/case-107230/case-107230_-112.34467487309881_21.02216718781068_146.21994670633478.png,"[2: Right humeral head, 6: Right elbow, 10: T1]",1.99
gaussian_xyz/case-107230/case-107230_-76.6651202835832_13.565484572205069_-25.1189702491959.png,"[6: Right elbow, 10: T1 vertebral body, 12: Right hemidiaphragm]",2.53
gaussian_xyz/case-107230/case-107230_23.125884575753133_88.13698521564766_44.770837169656744.png,"[2: Right humeral head, 6: Right elbow, 10: T1]",1.99
gaussian_xyz/case-107230/case-107230_10.6811646122747_33.33076263077032_-31.40329311643464.png,"[11: Carina, 10: T1, 6: Right elbow]",1.99
gaussian_xyz/case-107230/case-107230_186.71234625242033_57.91501159845976_-190.80337598971337.png,"[1: Skull, Cranium, Cranial vault, Calvarium, 11: Carina, Tracheal bifurcation, Tracheal carina, 10: T1, First thoracic vertebra, T1 vertebral body, Upper thoracic vertebra]",4.78
gaussian_xyz/case-107230/case-107230_164.13380928396742_-13.807266524607236_61.31419998851824.png,"[1: Skull, Cranium, Cranial vault, Calvarium, 2: Right humeral head, Right Proximal humerus, Head of right humerus, Right glenohumeral head, 10: T1, First thoracic vertebra, T1 vertebral body, Upper thoracic vertebra]",5.77
gaussian_xyz/case-107230/case-107230_56.789508469403586_-2.2949323165109305_41.228130539612.png,"[2: Right humeral head, 6: Right elbow, 10: T1]",1.99
gaussian_xyz/case-107230/case-107230_168.94025789898893_-33.245401197990056_77.80068008885775.png,"[1: Skull, Cranium, Cranial vault, Calvarium, 2: Right humeral head, Right Proximal humerus, Head of right humerus, Right glenohumeral head, 10: T1, First thoracic vertebra, T1 vertebral body, Upper thoracic vertebra]",5.78
gaussian_xyz/case-107230/case-107230_114.71582306767232_40.62649217424225_-3.7690816061703374.png,"[11: Carina, 10: T1, 6: Right elbow]",1.99
gaussian_xyz/case-107230/case-107230_-157.4116120042878_26.188457863016232_139.21627351605005.png,"[2: Right humeral head, 6: Right elbow, 10: T1]",1.99
gaussian_xyz/case-107230/case-107230_-49.93392596374645_-15.052159897095695_-27.762619836611385.png,"[6: Right elbow, 10: T1, 12: Right hemidiaphragm]",2.35
gaussian_xyz/case-107230/case-107230_-94.52318456696469_33.008605892466825_36.44443216708227.png,"[6: Right elbow, 8: Right wrist, 10: T1]",1.9
gaussian_xyz/case-107230/case-107230_123.37037252072383_-46.34538226163027_-14.451950843947472.png,"[2: Right humeral head, 6: Right elbow, 10: T1]",1.99
gaussian_xyz/case-107230/case-107230_54.32716273703926_104.69767593783897_-169.71394812289836.png,"[2: Right humeral head, 6: Right elbow, 10: T1]",1.99
gaussian_xyz/case-107230/case-107230_113.57272492334363_-41.539995721392586_-63.73108755410709.png,"[2: Right humeral head, 6: Right elbow, 10: T1]",1.99
gaussian_xyz/case-107230/case-107230_106.86542919133569_46.996348914614124_0.5295803447736577.png,"[11: Carina, 10: T1 vertebral body, 12: Right hemidiaphragm]",2.62
gaussian_xyz/case-107230/case-107230_-4.461877794201797_-110.52394627182123_46.626789517063436.png,"[2: Right humeral head, 6: Right elbow, 10: T1]",1.99
gaussian_xyz/case-107230/case-107230_143.96811748903508_-113.31482418643762_72.59287868744329.png,"[2: Right humeral head, 6: Right elbow, 10: T1]",1.99
gaussian_xyz/case-107230/case-107230_171.53443931100526_14.173555925845385_31.35597460846271.png,"[1: Skull, Cranium, Cranial vault, Calvarium, 10: T1, First thoracic vertebra, T1 vertebral body, Upper thoracic vertebra, 11: Carina, Tracheal bifurcation, Tracheal carina]",4.79
gaussian_xyz/case-107230/case-107230_-147.5844320057093_21.789398965098385_-7.08740037581406.png,"[6: Right elbow, 2: Right humeral head, 10: T1]",1.99
gaussian_xyz/case-107230/case-107230_113.90733288949059_-68.7009623412465_-64.98169586123798.png,"[2: Right humeral head, 6: Right elbow, 4: Right scapular inferior angle]",2.17
gaussian_xyz/case-107230/case-107230_-196.11650695703264_-28.472124556748746_154.1403783031994.png,"[2: Right humeral head, 3: Left humeral head, 10: T1]",2.08
gaussian_xyz/case-107230/case-107230_116.3602366537047_-26.183840811892836_120.10710768153258.png,"[2: Right humeral head, 6: Right elbow, 10: T1]",1.99
gaussian_xyz/case-107230/case-107230_-108.90801850987297_-1.3724455638220845_94.12882682927642.png,"[6: Right elbow, 2: Right humeral head, 10: T1]",1.99
gaussian_xyz/case-107230/case-107230_-83.8882002617085_-42.4090338356466_68.90264065577792.png,"[6: Right elbow, 2: Right humeral head, 10: T1]",1.99
gaussian_xyz/case-107230/case-107230_210.72332822350802_144.34895662732768_38.450608205467105.png,"[1: Skull, Cranium, Cranial vault, Calvarium, 2: Right humeral head, Right Proximal humerus, Head of right humerus, Right glenohumeral head, 10: T1, First thoracic vertebra, T1 vertebral body, Upper thoracic vertebra]",5.79
gaussian_xyz/case-107230/case-107230_-137.89990857221812_-38.29761203324704_-66.04323232750245.png,"[6: Right elbow, 8: Right wrist, 10: T1]",1.9
gaussian_xyz/case-107230/case-107230_97.4709156984722_80.98460405999649_-161.25728875671626.png,"[2: Right humeral head, 6: Right elbow, 10: T1]",1.99
gaussian_xyz/case-107230/case-107230_138.66052298142137_-9.58505789338343_85.73241765866248.png,"[2: Right humeral head, 10: T1, 12: Right hemidiaphragm]",2.44
gaussian_xyz/case-107230/case-107230_-182.23464574786433_-33.05632600290262_152.89554228806475.png,"[10: T1 vertebral body, 11: Carina, 12: Right hemidiaphragm]",2.62
gaussian_xyz/case-107230/case-107230_-149.4143930860797_-6.731245557492204_3.667822626491165.png,"[2: Right humeral head, 6: Right elbow, 10: T1]",1.99
gaussian_xyz/case-107230/case-107230_-179.27536415613702_-63.81038445949062_-24.674917864460728.png,"[2: Right humeral head, 6: Right elbow, 10: T1]",1.99
gaussian_xyz/case-107230/case-107230_214.06643128716365_48.87459628341921_134.156513263962.png,"[1: Skull, Cranium, Cranial vault, Calvarium, 10: T1, First thoracic vertebra, T1 vertebral body, Upper thoracic vertebra, 11: Carina, Tracheal bifurcation, Tracheal carina]",4.78
gaussian_xyz/case-107230/case-107230_125.6026731993519_121.31876041986214_-168.23924186810723.png,"[2: Right humeral head, 6: Right elbow, 10: T1]",1.99
gaussian_xyz/case-107230/case-107230_131.31613474295528_-9.818957798393008_-14.545615777174833.png,"[2: Right humeral head, 6: Right elbow, 10: T1]",1.98
gaussian_xyz/case-107230/case-107230_-77.09958233790567_4.753062738657529_-113.53242380767223.png,"[6: Right elbow, 10: T1 vertebral body, 12: Right hemidiaphragm]",2.53
gaussian_xyz/case-107230/case-107230_180.99423952790028_-2.939328159937876_26.83678783668439.png,"[1: Skull, Cranium, Cranial vault, Calvarium, 2: Right humeral head, Right Proximal humerus, Head of right humerus, Right glenohumeral head, 10: T1, First thoracic vertebra, T1 vertebral body, Upper thoracic vertebra]",5.78
gaussian_xyz/case-107230/case-107230_-73.38188219820364_42.63714577396299_-20.061038925228637.png,"[2: Right humeral head, 6: Right elbow, 10: T1]",1.99
gaussian_xyz/case-107230/case-107230_84.75159896850312_-13.587554206300426_-1.9859193331831968.png,"[2: Right humeral head, 6: Right elbow, 10: T1]",1.99
gaussian_xyz/case-107230/case-107230_-33.23249233181437_41.9664895399023_-16.592424867579876.png,"[10: T1 vertebral body, 11: Carina, 6: Right elbow]",2.17
gaussian_xyz/case-107230/case-107230_-22.063510745970405_-12.088687976338008_-56.669244760872736.png,"[6: Right elbow, 10: T1 vertebral body, 12: Right hemidiaphragm]",2.53
gaussian_xyz/case-107230/case-107230_-170.72677075116326_20.20196190899526_-41.364071288517785.png,"[6: Right elbow, 2: Right humeral head, 10: T1]",1.99
gaussian_xyz/case-107230/case-107230_-161.87053093169942_46.99274984798219_1.1596220332579836.png,"[2: Right humeral head, 6: Right elbow, 10: T1]",1.99
gaussian_xyz/case-107230/case-107230_-150.65492365705168_-22.827018647096914_-96.06685917127666.png,"[6: Right elbow, 10: T1, 12: Right hemidiaphragm]",2.35
gaussian_xyz/case-107230/case-107230_41.44743592525185_-31.674255393992592_-36.957747876633285.png,"[6: Right elbow, 2: Right humeral head, 10: T1]",1.99
gaussian_xyz/case-107230/case-107230_-92.07871795578885_-76.32327576033697_57.22678884812902.png,"[6: Right elbow, 10: T1 vertebral body, 11: Carina]",2.17
gaussian_xyz/case-107230/case-107230_-52.24437691414633_-80.06979472039973_-145.82394873956318.png,"[6: Right elbow, 2: Right humeral head, 10: T1]",1.99
gaussian_xyz/case-107230/case-107230_-87.15699846280361_-35.991113510821265_59.869535900428836.png,"[2: Right humeral head, 6: Right elbow, 10: T1]",1.99
gaussian_xyz/case-107230/case-107230_37.16240946477359_64.2463459192861_-4.3486707136533616.png,"[2: Right humeral head, 6: Right elbow, 10: T1]",1.99
gaussian_xyz/case-107230/case-107230_138.85671541924768_21.007179049926396_-178.55894963064077.png,"[6: Right elbow, 10: T1, 11: Carina]",1.99
gaussian_xyz/case-107230/case-107230_168.78226230906495_5.834201476177813_65.21325174070155.png,"[1: Skull, Cranium, Cranial vault, Calvarium, 6: Right elbow, Right olecranon, Right Cubital joint, Right Elbow joint, 10: T1, First thoracic vertebra, T1 vertebral body, Upper thoracic vertebra]",5.24
gaussian_xyz/case-107230/case-107230_-175.23108133815555_-58.4878544999288_91.2578231409327.png,"[1: Skull, Cranium, Cranial vault, Calvarium, 2: Right humeral head, Right Proximal humerus, Head of right humerus, Right glenohumeral head, 10: T1, First thoracic vertebra, T1 vertebral body, Upper thoracic vertebra]",5.78
gaussian_xyz/case-107230/case-107230_162.33612421184256_-46.306177959270165_-48.11363754055812.png,"[1: Skull, Cranium, Cranial vault, Calvarium, 2: Right humeral head, Right Proximal humerus, Head of right humerus, Right glenohumeral head, 10: T1, First thoracic vertebra, T1 vertebral body, Upper thoracic vertebra]",5.78
gaussian_xyz/case-107230/case-107230_-195.6550547417653_22.599736970525445_-20.3230933302527.png,"[6: Right elbow, 2: Right humeral head, 10: T1]",1.99
gaussian_xyz/case-107230/case-107230_21.76696429052558_56.61600203054549_220.55099606011606.png,"[2: Right humeral head, 6: Right elbow, 10: T1]",1.99
gaussian_xyz/case-107230/case-107230_187.95849209682365_-0.400525122309799_-58.139810140516815.png,"[1: Skull, Cranium, Cranial vault, Calvarium, 2: Right humeral head, Right Proximal humerus, Head of right humerus, Right glenohumeral head, 10: T1, First thoracic vertebra, T1 vertebral body, Upper thoracic vertebra]",5.78
gaussian_xyz/case-107230/case-107230_-52.08714404008586_-33.4065192792181_58.001707783189694.png,"[6: Right elbow, 2: Right humeral head, 10: T1]",1.99
gaussian_xyz/case-107230/case-107230_223.09706914656562_-41.899573451876854_-25.42094347146906.png,"[1: Skull, Cranium, Cranial vault, Calvarium, 2: Right humeral head, Right Proximal humerus, Head of right humerus, Right glenohumeral head, 10: T1, First thoracic vertebra, T1 vertebral body, Upper thoracic vertebra]",5.79
gaussian_xyz/case-107230/case-107230_160.8862854357962_63.052066638220005_131.55193471498225.png,"[1: Skull, Cranium, Cranial vault, Calvarium, 11: Carina, Tracheal bifurcation, Tracheal carina, 10: T1, First thoracic vertebra, T1 vertebral body, Upper thoracic vertebra]",4.79
gaussian_xyz/case-107230/case-107230_-142.61650800594478_30.23577303448865_136.83334503949717.png,"[2: Right humeral head, 6: Right elbow, 10: T1]",1.99
gaussian_xyz/case-107230/case-107230_-99.2395841411583_-25.916721832600903_-58.86357859988654.png,"[2: Right humeral head, 6: Right elbow, 10: T1]",1.99
gaussian_xyz/case-107230/case-107230_103.14360430017803_-35.882234734317535_29.32988386954925.png,"[2: Right humeral head, 6: Right elbow, 10: T1]",1.99
gaussian_xyz/case-107230/case-107230_-76.32016256761287_43.46742050773014_-166.55435055213243.png,"[6: Right elbow, 2: Right humeral head, 10: T1]",1.99
gaussian_xyz/case-107230/case-107230_-167.0614263051311_63.7899667748112_118.28803576964768.png,"[2: Right humeral head, 6: Right elbow, 10: T1]",1.99
gaussian_xyz/case-107230/case-107230_-191.037961497673_24.216689298708147_-85.72424105531992.png,"[6: Right elbow, 10: T1, 12: Right hemidiaphragm]",2.35
gaussian_xyz/case-107230/case-107230_-168.69037387740562_59.80952270153591_65.45300833083223.png,"[2: Right humeral head, 6: Right elbow, 10: T1]",1.99
gaussian_xyz/case-107230/case-107230_193.17483854637362_-11.524172513786331_-83.6638751522357.png,"[1: Skull, Cranium, Cranial vault, Calvarium, 6: Right elbow, Right olecranon, Right Cubital joint, Right Elbow joint, 10: T1, First thoracic vertebra, T1 vertebral body, Upper thoracic vertebra]",5.24
gaussian_xyz/case-107230/case-107230_-136.0628339142179_-48.54516806604723_2.6831547251650627.png,"[10: T1 vertebral body, 12: Right hemidiaphragm, 6: Right elbow]",2.53
gaussian_xyz/case-107230/case-107230_-81.20176744772544_-7.791443609857308_-34.28462109101768.png,"[2: Right humeral head, 6: Right elbow, 10: T1]",1.99
gaussian_xyz/case-107230/case-107230_-122.48616054497917_-5.826728785904046_69.81215275141449.png,"[2: Right humeral head, 6: Right elbow, 10: T1]",1.99
gaussian_xyz/case-107230/case-107230_7.16273178212154_-6.139118328779422_54.40815468989052.png,"[6: Right elbow, 10: T1, 11: Carina]",1.99
gaussian_xyz/case-107230/case-107230_-29.378563728434273_-49.52429371683851_-37.976146456946026.png,"[6: Right elbow, 2: Right humeral head, 10: T1]",1.99
gaussian_xyz/case-107230/case-107230_46.10023860029503_49.54092102859103_-210.63027891009352.png,"[6: Right elbow, 2: Right humeral head, 10: T1]",1.99
gaussian_xyz/case-107230/case-107230_208.96163963469075_25.245852886365306_90.96894614945691.png,"[1: Skull, Cranium, Cranial vault, Calvarium, 2: Right humeral head, Right Proximal humerus, Head of right humerus, Right glenohumeral head, 10: T1, First thoracic vertebra, T1 vertebral body, Upper thoracic vertebra]",5.78
gaussian_xyz/case-107230/case-107230_-37.96997093345931_-53.653451948780116_214.94673144155976.png,"[2: Right humeral head, 6: Right elbow, 10: T1]",1.99
gaussian_xyz/case-107230/case-107230_152.39222332018596_-14.19794014795493_195.7667713482617.png,"[1: Skull, Cranium, Cranial vault, Calvarium, 2: Left humeral head, Left Proximal humerus, Head of left humerus, Left glenohumeral head, 6: Right elbow, Right olecranon, Right Cubital joint, Right Elbow joint]",5.79
gaussian_xyz/case-107230/case-107230_16.10933289814895_27.991333665874475_-59.469729502984755.png,"[6: Right elbow, 2: Right humeral head, 10: T1]",1.99
gaussian_xyz/case-107230/case-107230_98.84879263923511_52.82360694961309_-45.91553098751641.png,"[11: Carina, 10: T1, 12: Right hemidiaphragm]",2.44
gaussian_xyz/case-107230/case-107230_-132.80150529874476_58.01489312955799_-116.71565394852293.png,"[2: Right humeral head, 6: Right elbow, 10: T1]",1.99
gaussian_xyz/case-107230/case-107230_-222.26521224089026_20.906400360762344_-71.66347340891829.png,"[6: Right elbow, 10: T1, 12: Right hemidiaphragm]",2.35
gaussian_xyz/case-107230/case-107230_-196.24503673141135_-165.5126557806943_-39.33342637392548.png,"[2: Right humeral head, 6: Right elbow, 10: T1]",1.99
gaussian_xyz/case-107230/case-107230_-169.8866447132234_36.882316642046746_-106.60533105706685.png,"[2: Right humeral head, 6: Right elbow, 10: T1]",1.99
gaussian_xyz/case-107230/case-107230_-6.406131591181179_-27.79661839340546_99.97641774378388.png,"[6: Right elbow, 10: T1, 12: Right hemidiaphragm]",2.35
gaussian_xyz/case-107230/case-107230_169.95408463821195_23.524399499027695_68.62426966363891.png,"[1: Skull, Cranium, Cranial vault, Calvarium, 2: Right humeral head, Right Proximal humerus, Head of right humerus, Right glenohumeral head, 10: T1, First thoracic vertebra, T1 vertebral body, Upper thoracic vertebra]",5.78
gaussian_xyz/case-107230/case-107230_-111.3282764413974_-56.895327143353676_-7.85692396888642.png,"[2: Right humeral head, 6: Right elbow, 10: T1]",1.99
gaussian_xyz/case-107230/case-107230_110.16988653757852_81.0302065825051_100.21513704484164.png,"[2: Right humeral head, 6: Right elbow, 10: T1]",1.99
gaussian_xyz/case-107230/case-107230_101.44204465338169_51.44742700921261_77.3847702934399.png,"[11: Carina, 10: T1, 3: Left humeral head]",2.08
gaussian_xyz/case-107230/case-107230_-166.30189959682357_3.8431902457319707_47.11429122989288.png,"[6: Right elbow, 10: T1, 12: Right hemidiaphragm]",2.35
gaussian_xyz/case-107230/case-107230_-97.11453313897724_40.162877157528264_-83.45968352046498.png,"[6: Right elbow, 10: T1, 12: Right hemidiaphragm]",2.35
gaussian_xyz/case-107230/case-107230_137.98622342179272_-70.91415315200808_207.3142864782537.png,"[2: Right humeral head, 6: Right elbow, 10: T1]",1.99
gaussian_xyz/case-107230/case-107230_-76.78797601972278_60.43987857501199_-196.39481730074664.png,"[2: Right humeral head, 6: Right elbow, 10: T1]",1.99
gaussian_xyz/case-107230/case-107230_67.65103687565318_23.891276004855555_66.50512031705206.png,"[11: Carina, 10: T1, 12: Right hemidiaphragm]",2.44
gaussian_xyz/case-107230/case-107230_-104.15427659197493_12.848746426247427_1.9110481599390283.png,"[2: Right humeral head, 6: Right elbow, 10: T1]",1.99
gaussian_xyz/case-107230/case-107230_-206.26589169621525_-16.102143178826104_-74.93432415737702.png,"[2: Right humeral head, 6: Right elbow, 10: T1]",1.99
gaussian_xyz/case-107230/case-107230_9.763991548634692_-39.77778500724228_-31.4211655651648.png,"[6: Right elbow, 10: T1 vertebral body, 12: Right hemidiaphragm]",2.54
gaussian_xyz/case-107230/case-107230_6.624991939134333_-2.38197527659366_28.289056088631238.png,"[6: Right elbow, 10: T1, 12: Right hemidiaphragm]",2.35
gaussian_xyz/case-107230/case-107230_-159.60722328415628_-25.462593668815956_-34.080529950484774.png,"[1: Skull, Cranium, Cranial vault, Calvarium, 2: Right humeral head, Right Proximal humerus, Head of right humerus, Right glenohumeral head, 10: T1, First thoracic vertebra, T1 vertebral body, Upper thoracic vertebra]",5.78
gaussian_xyz/case-107230/case-107230_189.29097609299447_-7.072669028825186_-90.4426731102599.png,"[1: Skull, Cranium, Cranial vault, Calvarium, 2: Right humeral head, Right Proximal humerus, Head of right humerus, Right glenohumeral head, 10: T1, First thoracic vertebra, T1 vertebral body, Upper thoracic vertebra]",5.79
gaussian_xyz/case-107230/case-107230_-123.41309323610385_83.68114833515291_-206.13163029137533.png,"[6: Right elbow, 2: Right humeral head, 10: T1]",1.99
gaussian_xyz/case-107230/case-107230_-58.777566055663925_-55.15860214575175_-191.9292889042344.png,"[6: Right elbow, 2: Right humeral head, 10: T1]",1.99
gaussian_xyz/case-107230/case-107230_-52.23614596648028_15.491729526124436_36.77274753208694.png,"[6: Right elbow, 2: Right humeral head, 10: T1]",1.99
gaussian_xyz/case-107230/case-107230_85.97748769413971_-28.241406660174643_-78.32238038113692.png,"[2: Right humeral head, 6: Right elbow, 10: T1]",1.99
gaussian_xyz/case-107230/case-107230_170.01931008462424_-112.81425714224511_156.41816973818229.png,"[2: Right humeral head, 6: Right elbow, 10: T1]",1.99
gaussian_xyz/case-107230/case-107230_-149.45518900340795_78.72987609710101_-12.34370797662239.png,"[2: Right humeral head, 6: Right elbow, 10: T1]",1.99
gaussian_xyz/case-107230/case-107230_-115.28031470631574_86.22478824784439_-28.963851739158763.png,"[6: Right elbow, 2: Right humeral head, 10: T1]",1.99
gaussian_xyz/case-107230/case-107230_-13.704942798998246_55.159784775450156_-116.96168448787148.png,"[10: T1 vertebral body, 11: Carina, 12: Right hemidiaphragm]",2.62
gaussian_xyz/case-107230/case-107230_18.856640228175678_-9.377930472330496_10.14354883255953.png,"[6: Right elbow, 10: T1, 11: Carina]",2.44
gaussian_xyz/case-107230/case-107230_170.72343295995313_46.606490938890566_68.88650870227832.png,"[1: Skull, Cranium, Cranial vault, Calvarium, 10: T1, First thoracic vertebra, T1 vertebral body, Upper thoracic vertebra, 11: Carina, Tracheal bifurcation, Tracheal carina]",4.78
gaussian_xyz/case-107230/case-107230_94.56973264758153_-74.40408063357273_-142.05237285139253.png,"[2: Right humeral head, 6: Right elbow, 10: T1]",1.98
gaussian_xyz/case-107230/case-107230_-1.691320529524944_-22.446692762248556_69.44061841829814.png,"[2: Right humeral head, 6: Right elbow, 10: T1]",1.99
gaussian_xyz/case-107230/case-107230_214.68564145499477_78.26690509629172_112.75521027326762.png,"[1: Skull, Cranium, Cranial vault, Calvarium, 6: Right elbow, Right olecranon, Right Cubital joint, Right Elbow joint, 10: T1, First thoracic vertebra, T1 vertebral body, Upper thoracic vertebra]",5.22
gaussian_xyz/case-107230/case-107230_-180.33675526741163_-10.059674920505362_-91.61802243177404.png,"[6: Right elbow, 10: T1, 12: Right hemidiaphragm]",2.35
gaussian_xyz/case-107230/case-107230_-160.59747032442763_61.06737808273263_-8.609572050130234.png,"[2: Right humeral head, 6: Right elbow, 10: T1]",1.99
gaussian_xyz/case-107230/case-107230_-116.27599547938428_59.640397634628485_147.43645296430964.png,"[2: Right humeral head, 6: Right elbow, 10: T1]",1.99
gaussian_xyz/case-107230/case-107230_155.3249161915772_-114.98898075618216_-225.1257511558643.png,"[2: Right humeral head, 6: Right elbow, 10: T1]",1.99
gaussian_xyz/case-107230/case-107230_170.2076897919713_35.367569684691574_-184.34047005478254.png,"[1: Skull, Cranium, Cranial vault, Calvarium, 11: Carina, Tracheal bifurcation, Tracheal carina, 10: T1, First thoracic vertebra, T1 vertebral body, Upper thoracic vertebra]",4.78
gaussian_xyz/case-107230/case-107230_49.65515349575509_77.24283802663615_1.1945573608047546.png,"[2: Right humeral head, 4: Right scapular inferior angle, 6: Right elbow]",2.17
gaussian_xyz/case-107230/case-107230_-74.97635559991014_12.120911512754732_64.3960032989696.png,"[2: Right humeral head, 6: Right elbow, 10: T1]",1.99
gaussian_xyz/case-107230/case-107230_133.37113191342092_63.53305661479393_-63.2154754809946.png,"[1: Skull, Cranium, Cranial vault, Calvarium, 10: T1, First thoracic vertebra, T1 vertebral body, Upper thoracic vertebra, 11: Carina, Tracheal bifurcation, Tracheal carina]",4.78
gaussian_xyz/case-107230/case-107230_212.95087755691077_16.88773201682959_-43.10028580832543.png,"[1: Skull, Cranium, Cranial vault, Calvarium, 6: Right elbow, Right olecranon, Right Cubital joint, Right Elbow joint, 10: T1, First thoracic vertebra, T1 vertebral body, Upper thoracic vertebra]",5.24
gaussian_xyz/case-107230/case-107230_44.96888969264734_-68.76782812464312_-28.25995117886369.png,"[2: Right humeral head, 4: Right scapular inferior angle, 6: Right elbow]",2.17
gaussian_xyz/case-107230/case-107230_65.47054727941878_-33.19202094099894_10.050931277113653.png,"[2: Right humeral head, 4: Right scapular inferior angle, 10: T1]",2.26
gaussian_xyz/case-107230/case-107230_35.134357881256506_5.202548431433505_175.2269116941981.png,"[11: Carina, 2: Right humeral head, 10: T1]",2.08
gaussian_xyz/case-107230/case-107230_-174.86212880574357_44.190716232484846_124.87540406863371.png,"[2: Right humeral head, 6: Right elbow, 10: T1]",1.99
gaussian_xyz/case-107230/case-107230_-195.26196860671547_-0.3142927599759873_-4.178239045044858.png,"[6: Right elbow, 2: Right humeral head, 10: T1]",1.99
gaussian_xyz/case-107230/case-107230_-215.10950383879702_41.79364068894592_-39.1820184461549.png,"[6: Right elbow, 10: T1, 12: Right hemidiaphragm]",2.34
gaussian_xyz/case-107230/case-107230_121.95085656336892_-55.03809208067952_16.44222368207295.png,"[2: Right humeral head, 6: Right elbow, 10: T1]",1.98
gaussian_xyz/case-107230/case-107230_-19.959060975753687_23.12948823776013_152.4691358387932.png,"[10: T1 vertebral body, 11: Carina, 6: Right elbow]",2.16
gaussian_xyz/case-107230/case-107230_-140.303011733674_24.944819797033233_-99.14956692633251.png,"[10: T1 vertebral body, 12: Right hemidiaphragm, 11: Carina]",2.61
gaussian_xyz/case-107230/case-107230_-108.76446228740859_-3.7421299717650234_69.90464654724602.png,"[6: Right elbow, 2: Right humeral head, 10: T1]",1.98
gaussian_xyz/case-107230/case-107230_68.52769559960916_89.39699087798049_85.14033528402382.png,"[2: Right humeral head, 3: Left humeral head, 10: T1]",2.07
gaussian_xyz/case-107230/case-107230_-217.93682168650088_29.713163390397366_-66.33519576224262.png,"[6: Right elbow, 10: T1, 12: Right hemidiaphragm]",2.34
gaussian_xyz/case-107230/case-107230_-7.987899402599538_63.46993364954728_-43.343052069886554.png,"[10: T1 vertebral body, 11: Carina, 6: Right elbow]",2.16
gaussian_xyz/case-107230/case-107230_53.54084867756211_-34.335100536332455_-47.23088090644777.png,"[6: Right elbow, 2: Right humeral head, 10: T1]",1.99
gaussian_xyz/case-107230/case-107230_12.085383587441015_18.73478177939814_56.63539729159037.png,"[11: Carina, 10: T1, 6: Right elbow]",1.98
gaussian_xyz/case-107230/case-107230_-126.14927215451645_-41.20902671921415_-13.982428499687117.png,"[10: T1 vertebral body, 11: Carina, 6: Right elbow]",2.16
gaussian_xyz/case-107230/case-107230_105.03107477305821_22.448891042093926_23.009506102855823.png,"[10: T1 vertebral body, 11: Carina, 6: Right elbow]",2.17
gaussian_xyz/case-107230/case-107230_212.3084917282876_44.699211508308245_67.08526020669483.png,"[1: Skull, Cranium, Cranial vault, Calvarium, 6: Right elbow, Right olecranon, Right Cubital joint, Right Elbow joint, 10: T1, First thoracic vertebra, T1 vertebral body, Upper thoracic vertebra]",5.22
gaussian_xyz/case-107230/case-107230_-186.52853264366775_28.346508129037257_48.266282392385385.png,"[2: Right humeral head, 6: Right elbow, 10: T1]",1.98
gaussian_xyz/case-107230/case-107230_116.82067092199827_37.419216864086_77.77235157887684.png,"[1: Skull, Cranium, Cranial vault, Calvarium, 11: Carina, Tracheal bifurcation, Tracheal carina, 10: T1, First thoracic vertebra, T1 vertebral body, Upper thoracic vertebra]",4.78
gaussian_xyz/case-107230/case-107230_-85.19376535042954_-22.702706814124728_34.4341952645233.png,"[2: Right humeral head, 6: Right elbow, 10: T1]",1.99
gaussian_xyz/case-107230/case-107230_196.8709832777526_24.82581198092836_101.89841714735262.png,"[1: Skull, Cranium, Cranial vault, Calvarium, 10: T1 vertebral body, 11: Carina, Tracheal bifurcation, Tracheal carina]",3.78
gaussian_xyz/case-107230/case-107230_107.25655055230084_37.21994716166769_-77.80356154659039.png,"[1: Skull, Cranium, Cranial vault, Calvarium, 10: T1, First thoracic vertebra, T1 vertebral body, Upper thoracic vertebra, 11: Carina, Tracheal bifurcation, Tracheal carina]",4.77
gaussian_xyz/case-107230/case-107230_148.7779149618387_45.570416603591084_66.99999051544624.png,"[1: Skull, Cranium, Cranial vault, Calvarium, 10: T1, First thoracic vertebra, T1 vertebral body, Upper thoracic vertebra, 12: Right hemidiaphragm, Right Diaphragmatic dome, Right Diaphragmatic crus]",5.68
gaussian_xyz/case-107230/case-107230_50.7070289925731_50.40670541741864_-33.45652041756707.png,"[10: T1 vertebral body, 11: Carina, 6: Right elbow]",2.17
gaussian_xyz/case-107230/case-107230_-97.31819483352834_-93.33958770667596_18.363530577578853.png,"[2: Right humeral head, 6: Right elbow, 10: T1]",1.99
gaussian_xyz/case-107230/case-107230_217.54244291225837_-25.41835355297951_9.925230569316447.png,"[1: Skull, Cranium, Cranial vault, Calvarium, 2: Right humeral head, Right Proximal humerus, Head of right humerus, Right glenohumeral head, 10: T1, First thoracic vertebra, T1 vertebral body, Upper thoracic vertebra]",5.77
gaussian_xyz/case-107230/case-107230_11.404868066976803_33.32389290020549_-84.88277806515602.png,"[6: Right elbow, 10: T1, 11: Carina]",1.99
gaussian_xyz/case-107230/case-107230_-143.74933584124562_26.419472014629065_-8.785879589347436.png,"[2: Right humeral head, 6: Right elbow, 10: T1]",1.99
gaussian_xyz/case-107230/case-107230_203.50732687801172_-13.433369673357017_194.0995745117358.png,"[1: Skull, Cranium, Cranial vault, Calvarium, 10: T1 vertebral body, T1 vertebral body, Upper thoracic vertebra, 12: Right hemidiaphragm, Right Diaphragmatic dome, Right Diaphragmatic crus]",5.51
gaussian_xyz/case-107230/case-107230_181.5408849322411_-10.956179017374277_151.28659546647862.png,"[1: Skull, Cranium, Cranial vault, Calvarium, 2: Right humeral head, Right Proximal humerus, Head of right humerus, Right glenohumeral head, 10: T1, First thoracic vertebra, T1 vertebral body, Upper thoracic vertebra]",5.78
gaussian_xyz/case-107230/case-107230_-73.32489335477743_35.078061760056336_-89.0509568938176.png,"[11: Carina, 10: T1, 6: Right elbow]",1.99
gaussian_xyz/case-107230/case-107230_58.02863760799363_-8.345037166858036_-74.23191696348043.png,"[2: Right humeral head, 6: Right elbow, 10: T1]",1.99
gaussian_xyz/case-107230/case-107230_218.07218412667487_-7.739300453109631_-233.85865102704759.png,"[1: Skull, Cranium, Cranial vault, Calvarium, 2: Right humeral head, Right Proximal humerus, Head of right humerus, Right glenohumeral head, 10: T1, First thoracic vertebra, T1 vertebral body, Upper thoracic vertebra]",5.78
gaussian_xyz/case-107230/case-107230_-45.71541390485643_-73.94044274471129_-49.51588161062562.png,"[2: Right proximal humerus, 6: Right elbow, 10: T1]",2.08
gaussian_xyz/case-107230/case-107230_-19.07986596919983_-48.46369159845639_110.78289625876539.png,"[6: Right elbow, 10: T1, 12: Right hemidiaphragm]",2.35
gaussian_xyz/case-107230/case-107230_-49.49361039876902_-93.9962233774293_299.55434580273965.png,"[2: Right humeral head, 6: Right elbow, 10: T1]",1.99
gaussian_xyz/case-107230/case-107230_161.34361102747187_47.32532952746355_-71.60649072870024.png,"[1: Skull, Cranium, Cranial vault, Calvarium, 10: T1, First thoracic vertebra, T1 vertebral body, Upper thoracic vertebra, 11: Carina, Tracheal bifurcation, Tracheal carina]",4.78
gaussian_xyz/case-107230/case-107230_42.78161251948137_21.911166465109424_296.87093425826595.png,"[2: Right humeral head, 6: Right elbow, 10: T1]",1.98
gaussian_xyz/case-107230/case-107230_-172.08979424422773_-11.027081423167624_39.26602958662751.png,"[1: Skull, Cranium, Cranial vault, Calvarium, 2: Right humeral head, Right Proximal humerus, Head of right humerus, Right glenohumeral head, 10: T1, First thoracic vertebra, T1 vertebral body, Upper thoracic vertebra]",5.76
gaussian_xyz/case-107230/case-107230_-97.92615197207212_3.153478931042892_-84.30900065105882.png,"[2: Right humeral head, 6: Right elbow, 10: T1]",1.98
gaussian_xyz/case-107230/case-107230_-78.60685214674041_35.12967722973892_118.377177943179.png,"[10: T1 vertebral body, 11: Carina, 6: Right elbow]",2.16
gaussian_xyz/case-107230/case-107230_175.79409623118124_-17.27090624808591_-110.17911532773645.png,"[6: Right elbow, 2: Right humeral head, 10: T1]",1.99
gaussian_xyz/case-107230/case-107230_34.75701490118814_-84.36670120366065_-13.839233848699301.png,"[2: Right humeral head, 4: Right scapular inferior angle, 6: Right elbow]",2.16
gaussian_xyz/case-107230/case-107230_-157.70768553754652_43.17123837535956_200.61430216246924.png,"[2: Right humeral head, 6: Right elbow, 10: T1]",1.98
gaussian_xyz/case-107230/case-107230_-156.50829546518787_63.29646371005223_57.03393335224056.png,"[2: Right humeral head, 6: Right elbow, 10: T1]",1.98
gaussian_xyz/case-107230/case-107230_-181.20052164993888_-17.985144025633357_3.2483670709166015.png,"[2: Right humeral head, 6: Right elbow, 10: T1]",1.98
gaussian_xyz/case-107230/case-107230_170.7765850564794_20.137925905383618_9.083746491059287.png,"[1: Skull, Cranium, Cranial vault, Calvarium, 2: Right humeral head, Right Proximal humerus, Head of right humerus, Right glenohumeral head, 10: T1, First thoracic vertebra, T1 vertebral body, Upper thoracic vertebra]",5.77
gaussian_xyz/case-107230/case-107230_-34.601847780202576_-8.860435444493497_21.95029220982506.png,"[6: Right elbow, 10: T1, 12: Right hemidiaphragm]",2.35
gaussian_xyz/case-107230/case-107230_-201.3929784256883_10.705083120310691_73.26693068368097.png,"[6: Right elbow, 2: Right humeral head, 10: T1]",1.99
gaussian_xyz/case-107230/case-107230_-131.9013356024721_-58.83139242291556_90.75295927838096.png,"[2: Right humeral head, 6: Right elbow, 10: T1]",1.99
gaussian_xyz/case-107230/case-107230_105.50291264908816_47.31686329925068_-266.90363389095614.png,"[6: Right elbow, 10: T1 vertebral body, 12: Right hemidiaphragm]",2.52
gaussian_xyz/case-107230/case-107230_-50.95072710109491_-100.75137169094532_28.541718494908114.png,"[2: Right humeral head, 6: Right elbow, 10: T1]",1.98
gaussian_xyz/case-107230/case-107230_38.591302717445444_41.85634059659479_35.20097817314575.png,"[11: Carina, 10: T1, 2: Right humeral head]",2.08
gaussian_xyz/case-107230/case-107230_-26.432279936322175_62.640818968892326_163.3547005135694.png,"[11: Carina, 3: Left humeral head, 10: T1]",2.07
gaussian_xyz/case-107230/case-107230_56.287527418130026_65.29536412164849_60.37514073387547.png,"[2: Right humeral head, 6: Right elbow, 10: T1]",1.99
gaussian_xyz/case-107230/case-107230_99.84183956845067_23.844713948135375_-140.61804724283763.png,"[10: T1 vertebral body, 11: Carina, 12: Right hemidiaphragm]",2.61
gaussian_xyz/case-107230/case-107230_-91.36521844599307_40.69146414667691_103.7664999451678.png,"[2: Right humeral head, 6: Right elbow, 10: T1]",1.98
gaussian_xyz/case-107230/case-107230_-26.774237432452026_-23.052645383831383_-311.81750997861315.png,"[6: Right elbow, 10: T1, 12: Right hemidiaphragm]",2.34
gaussian_xyz/case-107230/case-107230_137.24218688804768_18.476258389860686_-129.94016240379952.png,"[6: Right elbow, 10: T1, 11: Carina]",1.98
gaussian_xyz/case-107230/case-107230_-173.91694613819718_-52.54678603564485_-161.28561817607357.png,"[6: Right elbow, 2: Right humeral head, 10: T1]",1.98
gaussian_xyz/case-107230/case-107230_-155.76314730685715_21.757353241930577_-36.41018302843138.png,"[2: Right humeral head, 6: Right elbow, 10: T1]",1.99
gaussian_xyz/case-107230/case-107230_-23.18720760000656_-23.303768386425048_-5.497222070771305.png,"[6: Right elbow, 10: T1, 11: Carina]",1.99
gaussian_xyz/case-107230/case-107230_-218.02205614340895_-15.720937985438182_8.776241764458236.png,"[6: Right elbow, 10: T1, 12: Right hemidiaphragm]",2.35
gaussian_xyz/case-107230/case-107230_136.97368382191212_54.04345804106901_-105.3891517670095.png,"[11: Carina, 3: Left humeral head, 10: T1]",2.07
gaussian_xyz/case-107230/case-107230_151.56651950561394_-45.876130723251784_77.42984889150736.png,"[2: Right humeral head, 6: Right elbow, 10: T1]",1.99
gaussian_xyz/case-107230/case-107230_-60.53326681095217_85.18019547606603_109.09860862197883.png,"[2: Right humeral head, 6: Right elbow, 10: T1]",1.99
gaussian_xyz/case-107230/case-107230_-79.62304567240017_-95.20368757436977_-131.6782455209312.png,"[2: Right humeral head, 6: Right elbow, 10: T1]",1.98
gaussian_xyz/case-107230/case-107230_112.43230258807415_-24.201891020341243_-245.88482965789518.png,"[2: Right humeral head, 6: Right elbow, 10: T1]",1.99
gaussian_xyz/case-107230/case-107230_-36.74549453273349_30.39882969447955_59.09041234477552.png,"[10: T1 vertebral body, 11: Carina, 6: Right elbow]",2.16
gaussian_xyz/case-107230/case-107230_120.25901843738353_-39.081608961585225_-33.276979957291736.png,"[2: Right humeral head, 6: Right elbow, 10: T1]",1.99
gaussian_xyz/case-107230/case-107230_134.64943915080295_-9.373534630766363_231.77338117660634.png,"[1: Skull, Cranium, Cranial vault, Calvarium, 6: Right elbow, Right olecranon, Right Cubital joint, Right Elbow joint, 10: T1, First thoracic vertebra, T1 vertebral body, Upper thoracic vertebra]",5.24
gaussian_xyz/case-107230/case-107230_-4.565833222050713_-55.46478276614133_4.2569458404045575.png,"[2: Right humeral head, 6: Right elbow, 10: T1]",1.99
gaussian_xyz/case-107230/case-107230_-205.90086679254037_21.55787126601087_10.837355388762534.png,"[6: Right elbow, 10: T1, 11: Carina]",1.99
gaussian_xyz/case-107230/case-107230_151.80133892006705_75.99497775913225_-97.55077453970216.png,"[2: Right humeral head, 6: Right elbow, 10: T1]",1.98
gaussian_xyz/case-107230/case-107230_202.64872662641602_-26.029456729005737_-144.1231310155238.png,"[1: Skull, Cranium, Cranial vault, Calvarium, 2: Right humeral head, Right Proximal humerus, Head of right humerus, Right glenohumeral head, 10: T1, First thoracic vertebra, T1 vertebral body, Upper thoracic vertebra]",5.76
gaussian_xyz/case-107230/case-107230_137.2117083957852_-69.36238379144682_7.406009062074126.png,"[2: Right humeral head, 6: Right elbow, 10: T1]",1.99
gaussian_xyz/case-107230/case-107230_-160.2494148288476_-95.15024782106237_-39.557934553102356.png,"[2: Right humeral head, 6: Right elbow, 10: T1]",1.98
gaussian_xyz/case-107230/case-107230_-186.3594206193192_-25.990761797157088_-186.05280640574512.png,"[2: Right humeral head, 6: Right elbow, 10: T1]",1.99
gaussian_xyz/case-107230/case-107230_-11.799381485741407_57.93328407895755_-35.527389442241336.png,"[6: Right elbow, 10: T1 vertebral body, 12: Right hemidiaphragm]",2.52
gaussian_xyz/case-107230/case-107230_-2.8503221705701947_60.081716372244_-35.34482009862072.png,"[6: Right elbow, 10: T1, 11: Carina]",1.99
gaussian_xyz/case-107230/case-107230_-90.43051690048517_-3.3127272826767147_-65.88305689472409.png,"[6: Right elbow, 10: T1, 12: Right hemidiaphragm]",2.35
gaussian_xyz/case-107230/case-107230_-116.48081981658001_-95.03248687805525_-50.00004969150042.png,"[6: Right elbow, 2: Right humeral head, 10: T1]",1.99
gaussian_xyz/case-107230/case-107230_-70.40673394322619_-39.75024806088553_-55.66807491154627.png,"[6: Right elbow, 10: T1 vertebral body, 12: Right hemidiaphragm]",2.53
gaussian_xyz/case-107230/case-107230_35.83985444146964_-8.532106069167433_45.33641044502886.png,"[11: Carina, 10: T1, 12: Right hemidiaphragm]",2.44
gaussian_xyz/case-107230/case-107230_41.04801511429184_-19.82347265289439_261.62635497973633.png,"[2: Right humeral head, 4: Right scapular inferior angle, 10: T1]",2.26
gaussian_xyz/case-107230/case-107230_226.95434779111343_-94.98932596077428_147.27807217742907.png,"[1: Skull, Cranium, Cranial vault, Calvarium, 2: Right humeral head, Right Proximal humerus, Head of right humerus, Right glenohumeral head, 10: T1, First thoracic vertebra, T1 vertebral body, Upper thoracic vertebra]",5.77
gaussian_xyz/case-107230/case-107230_-23.133436253698306_-47.58286477543023_-157.3876220381343.png,"[2: Right humeral head, 6: Right elbow, 10: T1]",1.99
gaussian_xyz/case-107230/case-107230_96.98432668679482_8.676742255567257_56.79346076023274.png,"[6: Right elbow, 11: Carina, 10: T1]",1.99
gaussian_xyz/case-107230/case-107230_-110.49371550544268_-86.69148232768372_134.92347556217766.png,"[2: Right humeral head, 6: Right elbow, 10: T1]",1.99
gaussian_xyz/case-107230/case-107230_-218.03993815393255_50.47679955976581_19.597048179187933.png,"[2: Right humeral head, 6: Right elbow, 10: T1]",1.99
gaussian_xyz/case-107230/case-107230_-34.20901659722466_7.48851755898822_69.85036703735639.png,"[6: Right elbow, 10: T1 vertebral body, 12: Right hemidiaphragm]",2.53
gaussian_xyz/case-107230/case-107230_73.35855133929618_49.78238541348002_-73.45858773134174.png,"[1: Skull, Cranium, Cranial vault, Calvarium, 11: Carina, Tracheal bifurcation, Tracheal carina, 10: T1, First thoracic vertebra, T1 vertebral body, Upper thoracic vertebra]",4.8
gaussian_xyz/case-107230/case-107230_203.37818011079372_-55.51546378676187_-149.32820214637644.png,"[1: Skull, Cranium, Cranial vault, Calvarium, 2: Right humeral head, Right Proximal humerus, Head of right humerus, Right glenohumeral head, 10: T1, First thoracic vertebra, T1 vertebral body, Upper thoracic vertebra]",5.8
gaussian_xyz/case-107230/case-107230_-141.447625702122_-39.65075328141809_115.76426144616916.png,"[2: Right humeral head, 6: Right elbow, 10: T1]",1.99
gaussian_xyz/case-107230/case-107230_-226.57924666672824_-17.89726966564038_-104.85978453758686.png,"[6: Right elbow, 10: T1, 12: Right hemidiaphragm]",2.35
gaussian_xyz/case-107230/case-107230_157.5026560176621_-18.62435547281883_-59.704799068355044.png,"[1: Skull, Cranium, Cranial vault, Calvarium, 2: Right humeral head, Right Proximal humerus, Head of right humerus, Right glenohumeral head, 10: T1, First thoracic vertebra, T1 vertebral body, Upper thoracic vertebra]",5.79
gaussian_xyz/case-107230/case-107230_134.346613982389_-23.448483586470484_82.11018078509402.png,"[1: Skull, Cranium, Cranial vault, Calvarium, 2: Right humeral head, Right Proximal humerus, Head of right humerus, Right glenohumeral head, 10: T1, First thoracic vertebra, T1 vertebral body, Upper thoracic vertebra]",5.8
gaussian_xyz/case-107230/case-107230_-96.98944916604023_-15.159833489237764_150.19727217875877.png,"[6: Right elbow, 2: Right humeral head, 10: T1]",2.0
gaussian_xyz/case-107230/case-107230_-186.4793952683017_-16.025133308060287_49.204981548783884.png,"[2: Right humeral head, 6: Right elbow, 10: T1]",1.99
gaussian_xyz/case-107230/case-107230_-170.16070587621084_30.03500814483263_-25.53798609114764.png,"[2: Right humeral head, 6: Right elbow, 10: T1]",1.99
gaussian_xyz/case-107230/case-107230_122.7808842437525_22.57976880347004_-32.977857197677785.png,"[11: Carina, 10: T1, 12: Right hemidiaphragm]",2.44
gaussian_xyz/case-107230/case-107230_-86.63767480768499_43.67083484416317_-53.6749795439899.png,"[2: Right humeral head, 6: Right elbow, 10: T1]",1.99
gaussian_xyz/case-107230/case-107230_196.0438367740764_-50.06517589132972_-51.404337247040644.png,"[1: Skull, Cranium, Cranial vault, Calvarium, 2: Right humeral head, Right Proximal humerus, Head of right humerus, Right glenohumeral head, 10: T1, First thoracic vertebra, T1 vertebral body, Upper thoracic vertebra]",5.8
gaussian_xyz/case-107230/case-107230_83.45611162345995_-37.02579592516204_101.05938188103974.png,"[2: Right humeral head, 6: Right elbow, 10: T1]",2.0
gaussian_xyz/case-107230/case-107230_-3.8522703876860476_38.31472248378678_9.184714332597629.png,"[11: Carina, 10: T1, 12: Right hemidiaphragm]",2.45
gaussian_xyz/case-107230/case-107230_-120.20619259089428_-84.6075501513183_-125.84778444323412.png,"[6: Right elbow, 10: T1, 12: Right hemidiaphragm]",2.81
gaussian_xyz/case-107230/case-107230_224.2986385183035_74.88246875301911_54.46954264671137.png,"[1: Skull, Cranium, Cranial vault, Calvarium, 6: Right elbow, Right olecranon, Right Cubital joint, Right Elbow joint, 11: Carina, Tracheal bifurcation, Tracheal carina]",4.79
gaussian_xyz/case-107230/case-107230_-58.55087069144804_78.62024151953206_201.78416666647684.png,"[2: Right humeral head, 6: Right elbow, 10: T1]",2.0
gaussian_xyz/case-107230/case-107230_31.385942231909837_-46.68643888188926_30.37119892276023.png,"[2: Right humeral head, 6: Right elbow, 10: T1]",1.99
gaussian_xyz/case-107230/case-107230_104.5527928049471_-80.57328999810812_-0.36444551932484454.png,"[2: Right humeral head, 6: Right elbow, 4: Right scapular inferior angle]",2.17
gaussian_xyz/case-107230/case-107230_102.2872813878966_-42.822559195638355_-101.65670766787586.png,"[2: Right humeral head, 6: Right elbow, 10: T1]",1.99
gaussian_xyz/case-107230/case-107230_168.922988291082_6.011347579554038_23.624804211811885.png,"[1: Skull, Cranium, Cranial vault, Calvarium, 2: Right humeral head, Right Proximal humerus, Head of right humerus, Right glenohumeral head, 10: T1, First thoracic vertebra, T1 vertebral body, Upper thoracic vertebra]",5.77
gaussian_xyz/case-107230/case-107230_-116.16368107951081_56.053314207203854_-70.43277828994836.png,"[2: Right humeral head, 6: Right elbow, 10: T1]",1.96
gaussian_xyz/case-107230/case-107230_39.26309141315636_-64.75745768535802_-39.297820003024235.png,"[2: Right humeral head, 6: Right elbow, 10: T1]",1.97
gaussian_xyz/case-107230/case-107230_196.01699276936165_16.196535255727053_172.26664906508645.png,"[1: Skull, Cranium, Cranial vault, Calvarium, 6: Right elbow, Right olecranon, Right Cubital joint, Right Elbow joint, 10: T1, First thoracic vertebra, T1 vertebral body, Upper thoracic vertebra]",5.21
gaussian_xyz/case-107230/case-107230_-58.99576302928844_-22.951149744508555_19.327896829761414.png,"[6: Right elbow, 10: T1 vertebral body, 12: Right hemidiaphragm]",2.52
gaussian_xyz/case-107230/case-107230_5.569113751775717_-18.614708154098448_77.07290382276724.png,"[6: Right elbow, 4: Right scapular inferior angle, 10: T1]",2.14
gaussian_xyz/case-110399/case-110399_233.7488068174848_6.285024876889408_-54.633395432776425.png,"[1: Skull, Cranium, Cranial vault, Calvarium, 2: Right humeral head, Right Proximal humerus, Head of right humerus, Right glenohumeral head, 3: Left humeral head, Left Proximal humerus, Head of left humerus, Left glenohumeral head]",6.29
gaussian_xyz/case-110399/case-110399_-189.90280743927497_24.476329633968014_60.47139972641084.png,"[2: Right humeral head, 6: Right elbow, 10: T1]",1.98
gaussian_xyz/case-110399/case-110399_-225.67497699178526_13.710363477551953_-105.75254546964538.png,"[6: Right elbow, 2: Right humeral head, 10: T1]",1.99
gaussian_xyz/case-110399/case-110399_-71.54410083930216_1.8392723062097964_-44.476864967459875.png,"[10: T1 vertebral body, 11: Carina, 12: Right hemidiaphragm]",2.6
gaussian_xyz/case-110399/case-110399_217.10920730608498_84.44947120459301_-144.24284899344994.png,"[6: Right elbow, 2: Right humeral head, 10: T1]",1.96
gaussian_xyz/case-110399/case-110399_-210.74238785991446_20.307989249271532_-124.9433181031928.png,"[10: T1 vertebral body, 12: Right hemidiaphragm, 6: Right elbow]",2.47
gaussian_xyz/case-110399/case-110399_-13.823417387991213_57.622625743139054_26.680771767770068.png,"[10: T1 vertebral body, 11: Carina, 6: Right elbow]",2.14
gaussian_xyz/case-110399/case-110399_-203.69456391912206_-12.112782211321695_155.35482473991945.png,"[2: Right humeral head, 10: T1 vertebral body, 12: Right hemidiaphragm]",2.62
gaussian_xyz/case-110399/case-110399_23.969355148481014_158.22897180355045_199.40108241079403.png,"[2: Right humeral head, 6: Right elbow, 4: Right scapular inferior angle]",2.17
gaussian_xyz/case-110399/case-110399_-26.55474086424374_4.463207896101594_141.85687349615986.png,"[2: Right humeral head, 6: Right elbow, 10: T1]",1.98
gaussian_xyz/case-110399/case-110399_181.26087642333002_-5.095602797835094_-0.5012703966734037.png,"[1: Skull, Cranium, Cranial vault, Calvarium, 2: Right humeral head, Right Proximal humerus, Head of right humerus, Right glenohumeral head, 10: T1, First thoracic vertebra, T1 vertebral body, Upper thoracic vertebra]",5.77
gaussian_xyz/case-110399/case-110399_-159.56507167648684_27.89411980653042_-24.918487801422813.png,"[6: Right elbow, 10: T1, 12: Right hemidiaphragm]",2.35
gaussian_xyz/case-110399/case-110399_-69.31967195356088_12.57797181971104_71.50176245006169.png,"[2: Right humeral head, 6: Right elbow, 10: T1]",1.99
gaussian_xyz/case-110399/case-110399_48.55741197207155_-35.35743122784535_103.2561537948399.png,"[2: Right humeral head, 10: T1 vertebral body, 11: Carina]",2.25
gaussian_xyz/case-110399/case-110399_68.77050189252228_63.556530087082116_94.26584259853648.png,"[2: Right humeral head, 6: Right elbow, 10: T1]",1.98
gaussian_xyz/case-110399/case-110399_-99.5649128715288_91.61589947637755_-123.95556603295492.png,"[2: Right humeral head, 6: Right elbow, 10: T1]",1.98
gaussian_xyz/case-110399/case-110399_-193.8017442247853_-20.21852941527794_146.20136741979678.png,"[10: T1 vertebral body, 11: Carina, 12: Right hemidiaphragm]",2.61
gaussian_xyz/case-110399/case-110399_108.7747275420127_-43.58109542173441_-4.212231139980881.png,"[2: Right humeral head, 1: Skull, Cranium, Cranial vault, Calvarium, 10: T1, First thoracic vertebra, T1 vertebral body, Upper thoracic vertebra]",4.06
gaussian_xyz/case-110399/case-110399_156.1184564165886_-48.8266039625457_61.096797037221236.png,"[1: Skull, Cranium, Cranial vault, Calvarium, 2: Right humeral head, Right Proximal humerus, Head of right humerus, Right glenohumeral head, 6: Right elbow, Right olecranon, Right Cubital joint, Right Elbow joint]",5.78
gaussian_xyz/case-110399/case-110399_-215.77658621224012_31.49454161247015_-98.73953777308866.png,"[10: T1 vertebral body, 11: Carina, 6: Right elbow]",2.17
gaussian_xyz/case-110399/case-110399_125.11798968382604_-15.223418345551359_-44.287625157455835.png,"[2: Right humeral head, 3: Left humeral head, 10: T1]",2.08
gaussian_xyz/case-110399/case-110399_-215.34895839527707_76.63051896614841_127.34325204764816.png,"[2: Right humeral head, 6: Right elbow, 12: Right hemidiaphragm]",2.34
gaussian_xyz/case-110399/case-110399_138.2400673369879_-64.3558859195543_112.22369173013271.png,"[2: Right humeral head, 3: Left humeral head, 10: T1]",2.07
gaussian_xyz/case-110399/case-110399_-99.68551275432054_1.2133387492613457_119.47687428063563.png,"[10: T1 vertebral body, 11: Carina, 6: Right elbow]",2.17
gaussian_xyz/case-110399/case-110399_-68.45383597687749_-65.02184382033087_-89.67646510062906.png,"[6: Right elbow, 10: T1, 12: Right hemidiaphragm]",2.34
gaussian_xyz/case-110399/case-110399_-41.40890490514738_-14.621886565654155_-27.849433784109273.png,"[10: T1 vertebral body, 11: Carina, 12: Right hemidiaphragm]",2.62
gaussian_xyz/case-110399/case-110399_-181.33795299418753_-81.65631157456397_-98.26758059557771.png,"[2: Right humeral head, 6: Right elbow, 10: T1]",1.99
gaussian_xyz/case-110399/case-110399_124.40602220859327_-16.57518027076657_-108.6899027522393.png,"[2: Right humeral head, 3: Left humeral head, 10: T1]",2.08
gaussian_xyz/case-110399/case-110399_-165.3435732683423_121.88796934068645_-120.44864948710841.png,"[2: Right humeral head, 6: Right elbow, 10: T1]",1.99
gaussian_xyz/case-110399/case-110399_-25.942671313606326_1.8383971916295654_21.038063632124633.png,"[10: T1 vertebral body, 11: Carina, 12: Right hemidiaphragm]",2.62
gaussian_xyz/case-110399/case-110399_-26.445894860568444_-47.20081978035416_78.26951941214762.png,"[10: T1 vertebral body, 11: Carina, 6: Right elbow]",2.17
gaussian_xyz/case-110399/case-110399_197.8931191769154_-25.507487288539455_-174.4250693396209.png,"[1: Skull, Cranium, Cranial vault, Calvarium, 2: Right humeral head, Right Proximal humerus, Head of right humerus, Right glenohumeral head, 10: T1, First thoracic vertebra, T1 vertebral body, Upper thoracic vertebra]",5.79
gaussian_xyz/case-110399/case-110399_-74.02918415995524_28.30531129705547_-96.86538435011526.png,"[2: Right humeral head, 6: Right elbow, 10: T1]",1.98
gaussian_xyz/case-110399/case-110399_26.88530295207724_-35.41839825575231_-150.96787048850038.png,"[2: Right humeral head, 6: Right elbow, 10: T1]",1.99
gaussian_xyz/case-110399/case-110399_-178.94465626783142_-46.89497439215997_117.11465715511031.png,"[6: Right elbow, 10: T1 vertebral body, 12: Right hemidiaphragm]",2.53
gaussian_xyz/case-110399/case-110399_-138.21921541855374_-50.40019076739647_-11.321605622290003.png,"[2: Right humeral head, 6: Right elbow, 10: T1]",1.99
gaussian_xyz/case-110399/case-110399_-87.88864761763617_-23.24218114796932_16.152827342108004.png,"[6: Right elbow, 10: T1 vertebral body, 12: Right hemidiaphragm]",2.52
gaussian_xyz/case-110399/case-110399_-37.26051815803555_12.695919200083512_20.36922500194971.png,"[10: T1 vertebral body, 11: Carina, 6: Right elbow]",2.17
gaussian_xyz/case-110399/case-110399_133.04211038259328_1.1627205851185842_68.67740672131126.png,"[2: Right humeral head, 3: Left humeral head, 10: T1]",2.08
gaussian_xyz/case-110399/case-110399_157.67415961807612_57.26974306587255_13.426296995994102.png,"[2: Right humeral head, 6: Right elbow, 10: T1]",1.99
gaussian_xyz/case-110399/case-110399_146.11813279696722_27.155777626147984_-239.03261142793508.png,"[6: Right elbow, 10: T1, 12: Right hemidiaphragm]",2.35
gaussian_xyz/case-110399/case-110399_-182.17432734035572_1.1578730071513323_-2.4612447135353768.png,"[10: T1 vertebral body, 11: Carina, 6: Right elbow]",2.17
gaussian_xyz/case-110399/case-110399_-143.92400779032454_56.4524273720631_49.457022480397015.png,"[6: Right elbow, 10: T1 vertebral body, 12: Right hemidiaphragm]",2.53
gaussian_xyz/case-110399/case-110399_18.349772785512016_-68.51286800593896_95.99670466433456.png,"[2: Right humeral head, 6: Right elbow, 10: T1]",1.99
gaussian_xyz/case-110399/case-110399_145.52018139021985_-30.549136863735985_42.99523917002385.png,"[1: Skull, Cranium, Cranial vault, Calvarium, 10: T1, First thoracic vertebra, T1 vertebral body, Upper thoracic vertebra, 11: Carina, Tracheal bifurcation, Tracheal carina]",4.78
gaussian_xyz/case-110399/case-110399_-76.85426326014371_34.23333514543944_230.77359442914906.png,"[10: T1 vertebral body, 11: Carina, 6: Right elbow]",2.17
gaussian_xyz/case-110399/case-110399_163.95093383150268_63.47823581726082_10.08478477142081.png,"[2: Right humeral head, 3: Left humeral head, 10: T1]",2.08
gaussian_xyz/case-110399/case-110399_180.31854024208107_102.85006303743873_-85.76040985608942.png,"[2: Right humeral head, 3: Left humeral head, 10: T1]",2.08
gaussian_xyz/case-110399/case-110399_151.0067220969295_-129.3266256899875_4.40731137608813.png,"[1: Skull, Cranium, Cranial vault, Calvarium, 2: Right humeral head, Right Proximal humerus, Head of right humerus, Right glenohumeral head, 10: T1, First thoracic vertebra, T1 vertebral body, Upper thoracic vertebra]",5.78
gaussian_xyz/case-110399/case-110399_-117.95118307906162_22.10484016445729_23.995367378385684.png,"[10: T1 vertebral body, 11: Carina, 6: Right elbow]",2.17
gaussian_xyz/case-110399/case-110399_128.85411918919894_-47.075664870493156_-144.93749712355353.png,"[1: Skull, Cranium, Cranial vault, Calvarium, 2: Right humeral head, Right Proximal humerus, Head of right humerus, Right glenohumeral head, 10: T1, First thoracic vertebra, T1 vertebral body, Upper thoracic vertebra]",5.78
gaussian_xyz/case-110399/case-110399_-204.30625958775374_5.543139136291426_-46.49173417442538.png,"[2: Right humeral head, 6: Right elbow, 10: T1]",1.99
gaussian_xyz/case-110399/case-110399_166.2605461208474_3.128926953674776_111.6607470092621.png,"[1: Skull, Cranium, Cranial vault, Calvarium, 2: Right humeral head, Right Proximal humerus, Head of right humerus, Right glenohumeral head, 10: T1, First thoracic vertebra, T1 vertebral body, Upper thoracic vertebra]",5.76
gaussian_xyz/case-110399/case-110399_-214.78125036708212_-10.105847652380353_-200.20978689762052.png,"[2: Right humeral head, 6: Right elbow, 10: T1]",1.98
gaussian_xyz/case-110399/case-110399_-102.36984316278199_-16.16118180771001_77.62290795476495.png,"[10: T1 vertebral body, 11: Carina, 12: Right hemidiaphragm]",2.61
gaussian_xyz/case-110399/case-110399_22.11060896864271_-72.73337833392983_124.70904927750375.png,"[2: Right humeral head, 4: Right scapular inferior angle, 10: T1]",2.24
gaussian_xyz/case-110399/case-110399_15.991881311433872_-23.3973310865351_48.041677208833065.png,"[10: T1 vertebral body, 11: Carina, 6: Right elbow]",2.15
gaussian_xyz/case-110399/case-110399_108.03122627510177_43.46230103035113_109.46652599239857.png,"[2: Right humeral head, 6: Right elbow, 10: T1]",1.98
gaussian_xyz/case-110399/case-110399_30.331086565117317_-66.7241086966371_48.613609253411965.png,"[2: Right humeral head, 3: Left humeral head, 10: T1]",2.07
gaussian_xyz/case-110399/case-110399_-94.32564274086377_-11.445901646437713_-164.28843060441153.png,"[2: Right humeral head, 6: Right elbow, 10: T1]",1.98
gaussian_xyz/case-110399/case-110399_212.8188314687175_26.384964018120773_83.43713425948303.png,"[1: Skull, Cranium, Cranial vault, Calvarium, 2: Right humeral head, Right Proximal humerus, Head of right humerus, Right glenohumeral head, 6: Right elbow, Right olecranon, Right Cubital joint, Right Elbow joint]",5.74
gaussian_xyz/case-110399/case-110399_-57.57428387138998_-43.916406979219815_-14.737661135542297.png,"[10: T1 vertebral body, 11: Carina, 6: Right elbow]",2.16
gaussian_xyz/case-110399/case-110399_149.2137133369957_-39.881557180993184_138.86891996765516.png,"[1: Skull, Cranium, Cranial vault, Calvarium, 10: T1, First thoracic vertebra, T1 vertebral body, Upper thoracic vertebra, 11: Carina, Tracheal bifurcation, Tracheal carina]",4.75
gaussian_xyz/case-110399/case-110399_-81.49367088046975_-18.362295649828035_-125.56582626592557.png,"[2: Right humeral head, 6: Right elbow, 10: T1]",1.98
gaussian_xyz/case-110399/case-110399_26.771120254442536_-2.2779165920876605_2.546086781873706.png,"[10: T1 vertebral body, 11: Carina, 6: Right elbow]",2.16
gaussian_xyz/case-110399/case-110399_-202.7041885337163_1.1581750209848505_56.595986559942844.png,"[2: Right humeral head, 6: Right elbow, 10: T1]",1.97
gaussian_xyz/case-110399/case-110399_-159.29002390887888_-1.3048039464879466_195.95425065935947.png,"[10: T1 vertebral body, 11: Carina, 6: Right elbow]",2.15
gaussian_xyz/case-110399/case-110399_185.63021620352598_-39.474812910035894_245.87621086222651.png,"[1: Skull, Cranium, Cranial vault, Calvarium, 2: Right humeral head, Right Proximal humerus, Head of right humerus, Right glenohumeral head, 10: T1, First thoracic vertebra, T1 vertebral body, Upper thoracic vertebra]",5.74
gaussian_xyz/case-110399/case-110399_-236.05917491347353_-55.92630737497529_184.05424687317623.png,"[2: Right humeral head, 6: Right elbow, 10: T1]",1.97
gaussian_xyz/case-110399/case-110399_-33.12368024089167_-31.369516452213738_-10.69555819710892.png,"[2: Right proximal humerus, 3: Left humeral head, 10: T1]",2.15
gaussian_xyz/case-110399/case-110399_206.71354794871027_25.326159838189977_-45.872367009736905.png,"[1: Skull, Cranium, Cranial vault, Calvarium, 2: Right humeral head, Right Proximal humerus, Head of right humerus, Right glenohumeral head, 6: Right elbow, Right olecranon, Right Cubital joint, Right Elbow joint]",5.75
gaussian_xyz/case-110399/case-110399_-217.45126983331707_-42.51440657667013_100.98933043810747.png,"[6: Right elbow, 10: T1, 12: Right hemidiaphragm]",2.33
gaussian_xyz/case-110399/case-110399_-95.71333591191362_-70.91660429084324_99.60129418637969.png,"[2: Right humeral head, 6: Right elbow, 10: T1]",1.98
gaussian_xyz/case-110399/case-110399_-181.38778399596072_-25.826956877477734_-30.36032580550834.png,"[6: Right elbow, 10: T1, 12: Right hemidiaphragm]",2.33
gaussian_xyz/case-110399/case-110399_21.28607879159128_-75.67404861619661_-48.70245898660416.png,"[2: Right humeral head, 6: Right elbow, 10: T1]",1.98
gaussian_xyz/case-110399/case-110399_121.67612561807678_-39.886092829546925_-70.03671480528928.png,"[2: Right humeral head, 3: Left humeral head, 10: T1]",2.07
gaussian_xyz/case-110399/case-110399_178.53455970337913_-97.03187829726753_-79.53910561776453.png,"[1: Skull, Cranium, Cranial vault, Calvarium, 2: Right humeral head, Right Proximal humerus, Head of right humerus, Right glenohumeral head, 10: T1, First thoracic vertebra, T1 vertebral body, Upper thoracic vertebra]",5.75
gaussian_xyz/case-110399/case-110399_-55.07232838973502_-50.26352549072196_56.31905525394188.png,"[10: T1 vertebral body, 11: Carina, 6: Right elbow]",2.16
gaussian_xyz/case-110399/case-110399_-234.89585411118605_60.41685988643513_120.30172609277447.png,"[2: Right humeral head, 6: Right elbow, 10: T1]",1.98
gaussian_xyz/case-110399/case-110399_-140.36927278694571_23.827542936642143_9.265557347036726.png,"[6: Right elbow, 10: T1, 12: Right hemidiaphragm]",2.34
gaussian_xyz/case-110399/case-110399_52.354028482932364_90.32337557230612_289.7441778563779.png,"[2: Right humeral head, 4: Right scapular inferior angle, 6: Right elbow]",2.16
gaussian_xyz/case-110399/case-110399_-187.04236413842227_-46.57200828969119_56.32353016649302.png,"[6: Right elbow, 10: T1, 12: Right hemidiaphragm]",2.34
gaussian_xyz/case-110399/case-110399_12.800550540197463_2.601394429224358_82.3433519040915.png,"[6: Right elbow, 10: T1, 11: Carina]",1.97
gaussian_xyz/case-110399/case-110399_-211.77437636818487_13.344208376834976_-38.00092884393245.png,"[6: Right elbow, 2: Right humeral head, 10: T1]",1.98
gaussian_xyz/case-110399/case-110399_3.2656850312629047_58.027936834714566_-247.53434325198805.png,"[6: Right elbow, 10: T1, 12: Right hemidiaphragm]",2.33
gaussian_xyz/case-110399/case-110399_31.892652663236362_-17.12798578171138_-87.5978748436782.png,"[10: T1 vertebral body, 11: Carina, 12: Right hemidiaphragm]",2.6
gaussian_xyz/case-110399/case-110399_-58.650002104549316_75.89625557648854_19.960281846553826.png,"[6: Right elbow, 10: T1 vertebral body, 12: Right hemidiaphragm]",2.52
gaussian_xyz/case-110399/case-110399_-226.95611736286085_-114.07738561751594_129.6425994630508.png,"[2: Right humeral head, 6: Right elbow, 10: T1]",1.97
gaussian_xyz/case-110399/case-110399_85.8823776131184_-35.31171017406633_-198.90581121272328.png,"[1: Skull, Cranium, Cranial vault, Calvarium, 10: T1, First thoracic vertebra, T1 vertebral body, Upper thoracic vertebra, 11: Carina, Tracheal bifurcation, Tracheal carina]",4.75
gaussian_xyz/case-110399/case-110399_128.01761643482112_70.21936905203383_29.990159087847807.png,"[2: Right humeral head, 3: Left humeral head, 10: T1]",2.06
gaussian_xyz/case-110399/case-110399_-99.50514749656472_-15.850439824821056_29.013258480565778.png,"[10: T1 vertebral body, 11: Carina, 12: Right hemidiaphragm]",2.61
gaussian_xyz/case-110399/case-110399_-59.8041622602498_1.345236122730568_-126.21151344435908.png,"[10: T1 vertebral body, 11: Carina, 6: Right elbow]",2.16
gaussian_xyz/case-110399/case-110399_190.15303198564132_30.626043964269833_3.9055136034026328.png,"[1: Skull, Cranium, Cranial vault, Calvarium, 2: Right humeral head, Right Proximal humerus, Head of right humerus, Right glenohumeral head, 10: T1, First thoracic vertebra, T1 vertebral body, Upper thoracic vertebra]",5.74
gaussian_xyz/case-110399/case-110399_167.61191163800763_-9.069904202859634_11.586996330788047.png,"[1: Skull, Cranium, Cranial vault, Calvarium, 2: Right humeral head, Right Proximal humerus, Head of right humerus, Right glenohumeral head, 10: T1, First thoracic vertebra, T1 vertebral body, Upper thoracic vertebra]",5.74
gaussian_xyz/case-110399/case-110399_130.5366610147665_13.547807065542367_-18.123926333394984.png,"[2: Right proximal humerus, 3: Left humeral head, 10: T1]",2.16
gaussian_xyz/case-110399/case-110399_53.116402505903494_43.12155026053801_18.701787361149794.png,"[2: Right humeral head, 6: Right elbow, 10: T1]",1.98
gaussian_xyz/case-110399/case-110399_-218.9714105982682_-52.93800820297708_-11.067279846063482.png,"[2: Right humeral head, 6: Right elbow, 10: T1]",1.98
gaussian_xyz/case-110399/case-110399_-164.06489228701395_27.49198995895645_38.77949864280734.png,"[6: Right elbow, 2: Right humeral head, 10: T1]",1.98
gaussian_xyz/case-110399/case-110399_40.002428130357_-52.1116810255447_-177.24779684171713.png,"[1: Skull, Cranium, Cranial vault, Calvarium, 10: T1, First thoracic vertebra, T1 vertebral body, Upper thoracic vertebra, 11: Carina, Tracheal bifurcation, Tracheal carina]",4.75
gaussian_xyz/case-110399/case-110399_118.15096959495312_43.89782303398657_51.34362856967414.png,"[2: Right humeral head, 6: Right elbow, 10: T1]",1.98
gaussian_xyz/case-110399/case-110399_82.54301034860893_0.3669780373806837_-118.99901554005908.png,"[10: T1 vertebral body, 11: Carina, 6: Right elbow]",2.15
gaussian_xyz/case-110399/case-110399_209.17597357643282_-6.705509708140438_-109.31115770300327.png,"[1: Skull, Cranium, Cranial vault, Calvarium, 6: Right elbow, Right olecranon, Right Cubital joint, Right Elbow joint, 10: T1, First thoracic vertebra, T1 vertebral body, Upper thoracic vertebra]",5.2
gaussian_xyz/case-110399/case-110399_-45.1016331057229_46.3071388401082_-97.20082827892203.png,"[2: Right humeral head, 6: Right elbow, 10: T1]",1.98
gaussian_xyz/case-110399/case-110399_158.79667344843094_-48.25020444705859_48.1170057222818.png,"[2: Right humeral head, 3: Left humeral head, 1: Skull, Cranium, Cranial vault, Calvarium]",2.88
gaussian_xyz/case-110399/case-110399_145.57247434513934_15.873959823058206_37.72768746531629.png,"[2: Right humeral head, 3: Left humeral head, 10: T1]",2.06
gaussian_xyz/case-110399/case-110399_-236.71947585240272_-0.9746238214966672_-296.46014733829395.png,"[6: Right elbow, 10: T1, 12: Right hemidiaphragm]",2.33
gaussian_xyz/case-110399/case-110399_135.80102319795836_-15.735786476857092_104.52571175983505.png,"[1: Skull, Cranium, Cranial vault, Calvarium, 11: Carina, Tracheal bifurcation, Tracheal carina, 10: T1, First thoracic vertebra, T1 vertebral body, Upper thoracic vertebra]",4.76
gaussian_xyz/case-110399/case-110399_-195.54446805271044_42.384862835165265_80.84674958503389.png,"[6: Right elbow, 8: Right wrist, 10: T1]",1.89
gaussian_xyz/case-110399/case-110399_-149.99199333820883_-8.583945936354104_117.851802197234.png,"[10: T1 vertebral body, 11: Carina, 6: Right elbow]",2.6
gaussian_xyz/case-110399/case-110399_121.5719115378192_-120.2398128735056_-89.81445590615269.png,"[2: Right humeral head, 6: Right elbow, 10: T1]",1.97
gaussian_xyz/case-110399/case-110399_-77.47256747906161_6.525811428898735_43.512031872089466.png,"[10: T1 vertebral body, 11: Carina, 6: Right elbow]",2.15
gaussian_xyz/case-110399/case-110399_-234.88712027411793_-18.269424872346512_-71.93112018022521.png,"[6: Right elbow, 2: Right humeral head, 10: T1]",1.97
gaussian_xyz/case-110399/case-110399_-237.02946430519424_78.25551141633397_9.852127528991064.png,"[2: Right humeral head, 6: Right elbow, 10: T1]",1.98
gaussian_xyz/case-110399/case-110399_-140.8816999016322_13.286159444766593_-148.25185695715356.png,"[2: Right humeral head, 6: Right elbow, 10: T1]",1.97
gaussian_xyz/case-110399/case-110399_234.02217525851867_-22.212252647834777_50.06916854021062.png,"[1: Skull, Cranium, Cranial vault, Calvarium, 2: Right humeral head, Right Proximal humerus, Head of right humerus, Right glenohumeral head, 10: T1, First thoracic vertebra, T1 vertebral body, Upper thoracic vertebra]",5.73
gaussian_xyz/case-110399/case-110399_79.09023228253014_3.4938391493273833_32.37865416647545.png,"[2: Right humeral head, 3: Left humeral head, 10: T1]",2.06
gaussian_xyz/case-110399/case-110399_74.20384426823253_-33.582570225313226_3.4575362416957267.png,"[10: T1 vertebral body, 11: Carina, 12: Right hemidiaphragm]",2.6
gaussian_xyz/case-110399/case-110399_49.31786101112513_-19.84297163402584_52.86525251681636.png,"[10: T1 vertebral body, 11: Carina, 12: Right hemidiaphragm]",2.6
gaussian_xyz/case-110399/case-110399_1.071054710142306_-48.03456246161341_-15.619775888721632.png,"[6: Right elbow, 10: T1 vertebral body, 12: Right hemidiaphragm]",2.51
gaussian_xyz/case-110399/case-110399_40.02268345512746_-45.16653812108414_124.6655914233475.png,"[2: Right humeral head, 3: Left humeral head, 10: T1]",2.06
gaussian_xyz/case-110399/case-110399_-63.11848685633552_-28.751451523580748_-124.0572641650257.png,"[6: Right elbow, 10: T1, 12: Right hemidiaphragm]",2.33
gaussian_xyz/case-110399/case-110399_218.67829692295712_1.582367410269587_5.468192408868334.png,"[1: Skull, Cranium, Cranial vault, Calvarium, 2: Right humeral head, Right Proximal humerus, Head of right humerus, Right glenohumeral head, 6: Right elbow, Right olecranon, Right Cubital joint, Right Elbow joint]",5.74
gaussian_xyz/case-110399/case-110399_-22.16268480362001_-4.317871729599357_-52.91633884782724.png,"[10: T1 vertebral body, 11: Carina, 6: Right elbow]",2.16
gaussian_xyz/case-110399/case-110399_29.431798749581645_-19.590879178291097_-20.9146888731735.png,"[10: T1 vertebral body, 11: Carina, 12: Right hemidiaphragm]",2.6
gaussian_xyz/case-110399/case-110399_-172.08469451670683_-23.906017128891488_-2.539446607012367.png,"[11: Carina, 10: T1, 12: Right hemidiaphragm]",2.42
gaussian_xyz/case-110399/case-110399_-113.11708709807881_72.02370974597449_-104.01296081704021.png,"[6: Right elbow, 10: T1, 12: Right hemidiaphragm]",2.33
gaussian_xyz/case-110399/case-110399_115.85689230222974_-64.68225909437992_70.69598679766933.png,"[1: Skull, Cranium, Cranial vault, Calvarium, 2: Right humeral head, Right Proximal humerus, Head of right humerus, Right glenohumeral head, 10: T1, First thoracic vertebra, T1 vertebral body, Upper thoracic vertebra]",5.74
gaussian_xyz/case-110399/case-110399_-201.62678206353053_-77.48134116557034_244.30090537561546.png,"[6: Right elbow, 2: Right humeral head, 8: Right wrist]",1.89
gaussian_xyz/case-110399/case-110399_-61.52625874266022_-35.72840398138654_-81.73188696134424.png,"[10: T1 vertebral body, 6: Right elbow, 12: Right hemidiaphragm]",2.52
gaussian_xyz/case-110399/case-110399_-0.7870127963986135_-2.6203897366952176_-36.552718004409215.png,"[10: T1 vertebral body, 11: Carina, 6: Right elbow]",2.16
gaussian_xyz/case-110399/case-110399_-183.9734137655954_15.516866018316398_96.9764929280797.png,"[10: T1 vertebral body, 11: Carina, 6: Right elbow]",2.16
gaussian_xyz/case-110399/case-110399_-184.42810886828005_19.42114811359303_-35.92557966142545.png,"[6: Right elbow, 8: Right wrist, 10: T1]",1.89
gaussian_xyz/case-110399/case-110399_-72.50183631272105_-0.6127035219664393_-15.521106535265302.png,"[6: Right elbow, 10: T1 vertebral body, 12: Right hemidiaphragm]",2.52
gaussian_xyz/case-110399/case-110399_38.781957341687956_-43.46203488539945_-58.0155714911111.png,"[1: Skull, Cranium, Cranial vault, Calvarium, 3: Left humeral head, Left Proximal humerus, Head of left humerus, Left glenohumeral head, 10: T1, First thoracic vertebra, T1 vertebral body, Upper thoracic vertebra]",5.76
gaussian_xyz/case-110399/case-110399_-205.66001098566693_26.301050671783287_-33.642028188057715.png,"[10: T1 vertebral body, 11: Carina, 6: Right elbow]",2.17
gaussian_xyz/case-110399/case-110399_46.88729140056071_-104.5712197415209_-35.17172401918916.png,"[2: Right humeral head, 6: Right elbow, 10: T1]",1.98
gaussian_xyz/case-110399/case-110399_109.38776036670995_-61.40539685735126_-50.232463464011836.png,"[2: Right humeral head, 6: Right elbow, 10: T1]",1.98
gaussian_xyz/case-110399/case-110399_229.87487366681486_53.4193835882005_23.943166503712156.png,"[2: Right humeral head, 3: Left humeral head, 6: Right elbow]",1.98
gaussian_xyz/case-110399/case-110399_-96.49406524453201_-0.5230775689732242_4.742910788245719.png,"[10: T1 vertebral body, 11: Carina, 12: Right hemidiaphragm]",2.61
gaussian_xyz/case-110399/case-110399_202.72602438929724_-12.859080779026344_-9.8063238449019.png,"[1: Skull, Cranium, Cranial vault, Calvarium, 2: Right humeral head, Right Proximal humerus, Head of right humerus, Right glenohumeral head, 6: Right elbow, Right olecranon, Right Cubital joint, Right Elbow joint]",5.76
gaussian_xyz/case-110399/case-110399_-4.422273287888004_26.43676658302569_153.11257499160618.png,"[2: Right humeral head, 6: Right elbow, 10: T1]",1.98
gaussian_xyz/case-110399/case-110399_95.4971229414625_-56.045868080908406_90.47013171692944.png,"[2: Right humeral head, 3: Left humeral head, 10: T1]",2.08
gaussian_xyz/case-110399/case-110399_-153.96085325648676_-31.74752285630603_92.97287808342037.png,"[6: Right elbow, 10: T1, 12: Right hemidiaphragm]",2.34
gaussian_xyz/case-110399/case-110399_-64.1799898192028_-28.110728963112443_194.07007485806506.png,"[10: T1 vertebral body, 11: Carina, 12: Right hemidiaphragm]",2.62
gaussian_xyz/case-110399/case-110399_-111.0166904281883_-7.867858143882232_-13.393776320184076.png,"[10: T1 vertebral body, 11: Carina, 6: Right elbow]",2.16
gaussian_xyz/case-110399/case-110399_-202.4546830137189_-91.4984147732195_-147.3608172732188.png,"[6: Right elbow, 2: Right humeral head, 10: T1]",1.98
gaussian_xyz/case-110399/case-110399_-193.63912156220198_-22.549704740418417_59.10360148278768.png,"[6: Right elbow, 10: T1, 12: Right hemidiaphragm]",2.34
gaussian_xyz/case-110399/case-110399_95.70262178167988_-52.64965584086535_-202.94685138777004.png,"[11: Carina, 10: T1, 6: Right elbow]",1.99
gaussian_xyz/case-110399/case-110399_220.50116121402576_43.525597956578245_26.487653938008126.png,"[1: Skull, Cranium, Cranial vault, Calvarium, 2: Right humeral head, Right Proximal humerus, Head of right humerus, Right glenohumeral head, 10: T1, First thoracic vertebra, T1 vertebral body, Upper thoracic vertebra]",5.76
gaussian_xyz/case-110399/case-110399_-207.15772855733303_15.039995060230723_115.42085275938558.png,"[2: Right proximal humerus, 6: Right elbow, 10: T1]",2.07
gaussian_xyz/case-110399/case-110399_228.01004866767207_31.56170458486617_-92.64429097483739.png,"[1: Skull, Cranium, Cranial vault, Calvarium, 2: Right humeral head, Right Proximal humerus, Head of right humerus, Right glenohumeral head, 10: T1, First thoracic vertebra, T1 vertebral body, Upper thoracic vertebra]",5.76
gaussian_xyz/case-110399/case-110399_145.56923797904707_-30.858352759673235_-8.0803361084756.png,"[1: Skull, Cranium, Cranial vault, Calvarium, 3: Left humeral head, Left Proximal humerus, Head of left humerus, Left glenohumeral head, 10: T1, First thoracic vertebra, T1 vertebral body, Upper thoracic vertebra]",5.76
gaussian_xyz/case-110399/case-110399_-117.7287419201199_-7.837505234500838_-60.0587232158056.png,"[10: T1 vertebral body, 11: Carina, 12: Right hemidiaphragm]",2.62
gaussian_xyz/case-110399/case-110399_-77.26189977238445_-10.318636016937857_47.72767033004966.png,"[10: T1 vertebral body, 11: Carina, 6: Right elbow]",2.16
gaussian_xyz/case-110399/case-110399_67.93680068704967_32.086538837613105_237.12122009512458.png,"[2: Right humeral head, 3: Left humeral head, 10: T1]",2.07
gaussian_xyz/case-110399/case-110399_92.48330262320368_23.09681403390527_-23.40818844440685.png,"[2: Right humeral head, 6: Right elbow, 10: T1]",1.99
gaussian_xyz/case-110399/case-110399_215.246907100112_-18.578601519385913_-49.216007900807305.png,"[1: Skull, Cranium, Cranial vault, Calvarium, 4: Right scapular inferior angle, Lower tip of right scapula, Right shoulder blade tip, 6: Right elbow, Right olecranon, Right Cubital joint, Right Elbow joint]",5.32
gaussian_xyz/case-110399/case-110399_-145.51870383684832_35.15819404100175_192.60423576806795.png,"[6: Right elbow, 2: Right humeral head, 10: T1]",1.98
gaussian_xyz/case-110399/case-110399_173.36813698990014_40.680262868745366_-81.58612734395518.png,"[2: Right humeral head, 6: Right elbow, 10: T1]",1.98
gaussian_xyz/case-110399/case-110399_-77.89368919050835_55.53390977703096_-15.06214180658643.png,"[6: Right elbow, 10: T1, 11: Carina]",1.99
gaussian_xyz/case-110399/case-110399_152.76556187188154_-16.12699419654438_76.66848492971204.png,"[1: Skull, Cranium, Cranial vault, Calvarium, 3: Left humeral head, Left Proximal humerus, Head of left humerus, Left glenohumeral head, 10: T1, First thoracic vertebra, T1 vertebral body, Upper thoracic vertebra]",5.77
gaussian_xyz/case-110399/case-110399_186.56462927503063_-23.038763616242854_32.14186561280265.png,"[2: Right humeral head, 3: Left humeral head, 10: T1]",2.08
gaussian_xyz/case-110399/case-110399_73.25184833645542_116.49986147015694_103.93177403141298.png,"[2: Right humeral head, 4: Right scapular inferior angle, 6: Right elbow]",2.17
gaussian_xyz/case-110399/case-110399_-193.00009388946685_95.84046811535808_127.42571285389468.png,"[2: Right humeral head, 6: Right elbow, 10: T1]",1.99
gaussian_xyz/case-110399/case-110399_-2.0181638639152197_42.03741116157323_19.929589674367882.png,"[6: Right elbow, 10: T1 vertebral body, 11: Carina]",2.17
gaussian_xyz/case-110399/case-110399_168.63427898765948_45.07510709901978_112.42275832296684.png,"[1: Skull, Cranium, Cranial vault, Calvarium, 2: Right humeral head, Right Proximal humerus, Head of right humerus, Right glenohumeral head, 10: T1, First thoracic vertebra, T1 vertebral body, Upper thoracic vertebra]",5.78
gaussian_xyz/case-110399/case-110399_159.0962811462742_-7.563043684905715_-28.303715938501238.png,"[1: Skull, Cranium, Cranial vault, Calvarium, 10: T1, First thoracic vertebra, T1 vertebral body, Upper thoracic vertebra, 11: Carina, Tracheal bifurcation, Tracheal carina]",4.79
gaussian_xyz/case-110399/case-110399_-104.26836847097604_45.25220322875715_-144.87400463247914.png,"[2: Right humeral head, 6: Right elbow, 10: T1]",1.99
gaussian_xyz/case-110399/case-110399_-211.61797999314302_-60.415307738055375_-106.02813949740515.png,"[6: Right elbow, 2: Right humeral head, 10: T1]",1.99
gaussian_xyz/case-110399/case-110399_-35.7317852438089_9.942832245123862_-30.544194024445925.png,"[10: T1 vertebral body, 11: Carina, 6: Right elbow]",2.17
gaussian_xyz/case-110399/case-110399_-1.7619319597333742_-10.06278029995492_211.08483536970485.png,"[10: T1 vertebral body, 11: Carina, 6: Right elbow]",2.17
gaussian_xyz/case-110399/case-110399_-19.229769642981665_92.4951998541477_59.709070145155174.png,"[2: Right humeral head, 4: Right scapular inferior angle, 10: T1]",2.26
gaussian_xyz/case-110399/case-110399_-190.60908246943708_60.44090469375987_-44.67330868381046.png,"[6: Right elbow, 2: Right humeral head, 10: T1]",1.99
gaussian_xyz/case-110399/case-110399_64.24257905987596_25.61828234494828_146.55913495647454.png,"[2: Right humeral head, 3: Left humeral head, 10: T1]",2.08
gaussian_xyz/case-110399/case-110399_-67.06104005575492_-43.474819926475305_-61.74517215314638.png,"[10: T1 vertebral body, 11: Carina, 6: Right elbow]",2.17
gaussian_xyz/case-110399/case-110399_-201.68031521946955_16.351896335023273_38.70265046083256.png,"[6: Right elbow, 2: Right humeral head, 10: T1]",1.99
gaussian_xyz/case-110399/case-110399_-172.63077831645543_82.44244468996513_-45.92801546938024.png,"[2: Right humeral head, 6: Right elbow, 12: Right hemidiaphragm]",2.35
gaussian_xyz/case-110399/case-110399_96.77827112817172_26.646391648997344_-21.113528911994017.png,"[2: Right humeral head, 4: Right scapular inferior angle, 10: T1]",2.26
gaussian_xyz/case-110399/case-110399_-171.88224687075729_-45.57174678242023_-68.05026907551118.png,"[6: Right elbow, 10: T1, 12: Right hemidiaphragm]",2.35
gaussian_xyz/case-110399/case-110399_54.7946655734373_-12.591682096630123_-48.82933926211635.png,"[10: T1 vertebral body, 11: Carina, 12: Right hemidiaphragm]",2.62
gaussian_xyz/case-110399/case-110399_64.27244173014978_18.688136740263012_-27.17493321452229.png,"[2: Right humeral head, 3: Left humeral head, 10: T1]",2.08
gaussian_xyz/case-110399/case-110399_32.13570240793635_131.7762027033985_-58.55649129461323.png,"[2: Right humeral head, 4: Right scapular inferior angle, 6: Right elbow]",2.17
gaussian_xyz/case-110399/case-110399_2.944104740364935_-36.153588631540735_92.19536234551434.png,"[2: Right humeral head, 6: Right elbow, 10: T1]",1.99
gaussian_xyz/case-110399/case-110399_-129.2871810787264_25.905338927444078_68.58960303165786.png,"[10: T1 vertebral body, 11: Carina, 6: Right elbow]",2.17
gaussian_xyz/case-110399/case-110399_8.50987655239416_33.392566183327766_21.82898924895749.png,"[2: Right humeral head, 6: Right elbow, 10: T1]",1.98
gaussian_xyz/case-110399/case-110399_-145.03922213933828_60.893692605839384_-87.47264920046628.png,"[6: Right elbow, 10: T1, 11: Carina]",1.98
gaussian_xyz/case-110399/case-110399_118.67961565708433_24.422442305913325_95.72637502694857.png,"[2: Right humeral head, 6: Right elbow, 10: T1]",1.98
gaussian_xyz/case-110399/case-110399_36.21578033217034_104.20274772743925_41.97991294103166.png,"[2: Right humeral head, 4: Right scapular inferior angle, 6: Right elbow]",2.16
gaussian_xyz/case-110399/case-110399_235.09235260289242_31.654087789223006_-7.367286911049719.png,"[1: Skull, Cranium, Cranial vault, Calvarium, 2: Right humeral head, Right Proximal humerus, Head of right humerus, Right glenohumeral head, 10: T1, First thoracic vertebra, T1 vertebral body, Upper thoracic vertebra]",5.76
gaussian_xyz/case-110399/case-110399_37.79220115288959_21.7082043903188_129.2982513353901.png,"[2: Right humeral head, 6: Right elbow, 10: T1]",1.98
gaussian_xyz/case-110399/case-110399_223.8804286223366_-63.51890608871356_141.54880477380163.png,"[1: Skull, Cranium, Cranial vault, Calvarium, 2: Right humeral head, Right Proximal humerus, Head of right humerus, Right glenohumeral head, 10: T1, First thoracic vertebra, T1 vertebral body, Upper thoracic vertebra]",5.76
gaussian_xyz/case-110399/case-110399_87.25218089137186_8.901918105529212_-35.880417280453884.png,"[2: Right humeral head, 3: Left humeral head, 10: T1]",2.07
gaussian_xyz/case-110399/case-110399_-208.69151158914207_24.25317878794246_-107.51911940655519.png,"[2: Right humeral head, 6: Right elbow, 10: T1]",1.98
gaussian_xyz/case-110399/case-110399_-153.39850265369154_24.80450643542505_16.694359764733694.png,"[6: Right elbow, 2: Right humeral head, 10: T1]",1.98
gaussian_xyz/case-110399/case-110399_35.374080980950424_-24.697017378517533_-31.246388063101687.png,"[11: Carina, 10: T1, 12: Right hemidiaphragm]",2.43
gaussian_xyz/case-110399/case-110399_201.26146316949152_59.61760303651676_23.866121867729326.png,"[1: Skull, Cranium, Cranial vault, Calvarium, 2: Right humeral head, Right Proximal humerus, Head of right humerus, Right glenohumeral head, 10: T1, First thoracic vertebra, T1 vertebral body, Upper thoracic vertebra]",5.76
gaussian_xyz/case-110399/case-110399_56.422362206835516_56.71611499205386_-131.60762769108305.png,"[2: Right proximal humerus, 6: Right elbow, 10: T1]",2.07
gaussian_xyz/case-110399/case-110399_-78.43734527859456_-13.534061916071565_-1.9732052018720647.png,"[2: Right humeral head, 6: Right elbow, 10: T1]",1.98
gaussian_xyz/case-110399/case-110399_-190.24735322190293_2.5461793759990816_31.8308264199215.png,"[6: Right elbow, 10: T1 vertebral body, 12: Right hemidiaphragm]",2.52
gaussian_xyz/case-110399/case-110399_123.42285941687007_75.41956569594919_44.80774087822923.png,"[2: Right humeral head, 6: Right elbow, 10: T1]",1.98
gaussian_xyz/case-110399/case-110399_227.71598484713863_-9.690363242549305_-83.81849769512449.png,"[1: Skull, Cranium, Cranial vault, Calvarium, 2: Right humeral head, Right Proximal humerus, Head of right humerus, Right glenohumeral head, 10: T1, First thoracic vertebra, T1 vertebral body, Upper thoracic vertebra]",5.76
gaussian_xyz/case-110399/case-110399_-25.822586542225366_-54.09262627602542_93.34246144155827.png,"[10: T1 vertebral body, 11: Carina, 6: Right elbow]",2.16
gaussian_xyz/case-110399/case-110399_28.51551145694762_-78.64877505722451_59.77500845751157.png,"[6: Right elbow, 11: Carina, 10: T1]",1.98
gaussian_xyz/case-110399/case-110399_86.77670269015576_20.272542634754952_15.820930415757656.png,"[2: Right humeral head, 3: Left humeral head, 10: T1]",2.07
gaussian_xyz/case-110399/case-110399_-95.9019918311404_-50.00967966310373_46.989064045024804.png,"[10: T1 vertebral body, 11: Carina, 6: Right elbow]",2.16
gaussian_xyz/case-110399/case-110399_150.78367135056217_104.80368181278266_96.01842332199763.png,"[2: Right humeral head, 6: Right elbow, 10: T1]",1.98
gaussian_xyz/case-110399/case-110399_49.496424411666936_-44.047250284451835_-104.30505356600376.png,"[6: Right elbow, 10: T1, 12: Right hemidiaphragm]",2.34
gaussian_xyz/case-110399/case-110399_-156.668897304173_11.426779420330107_159.9042623135329.png,"[6: Right elbow, 8: Right wrist, 10: T1]",1.89
gaussian_xyz/case-110399/case-110399_116.85738333164872_-0.4523683532305771_-134.1479649999669.png,"[6: Right elbow, 10: T1, 11: Carina]",1.98
gaussian_xyz/case-110399/case-110399_76.67084624683636_-37.89945010260387_-207.2947291435554.png,"[10: T1 vertebral body, 11: Carina, 12: Right hemidiaphragm]",2.61
gaussian_xyz/case-110399/case-110399_-40.26650341263837_7.581472915700637_-61.27130854792349.png,"[10: T1 vertebral body, 11: Carina, 6: Right elbow]",2.16
gaussian_xyz/case-110399/case-110399_32.86922532156089_71.41167757114103_-120.51107859469843.png,"[2: Right humeral head, 6: Right elbow, 10: T1]",1.98
gaussian_xyz/case-110399/case-110399_229.20894280161397_-76.30423705414618_-19.59322879206274.png,"[1: Skull, Cranium, Cranial vault, Calvarium, 6: Right elbow, Right olecranon, Right Cubital joint, Right Elbow joint, 11: Carina, Tracheal bifurcation, Tracheal carina]",4.77
gaussian_xyz/case-110399/case-110399_78.52648016950528_20.393559320349897_53.94998405613703.png,"[2: Right humeral head, 3: Left humeral head, 10: T1]",2.07
gaussian_xyz/case-110399/case-110399_173.6946924519368_72.34363468002756_-53.15976045977361.png,"[2: Right humeral head, 6: Right elbow, 10: T1]",1.98
gaussian_xyz/case-110399/case-110399_52.012715536126024_42.715855978033716_-39.7143509289096.png,"[2: Right humeral head, 6: Right elbow, 10: T1]",1.98
gaussian_xyz/case-110399/case-110399_177.48382081907332_-26.94596661023302_-69.40804180198543.png,"[2: Right humeral head, 3: Left humeral head, 1: Skull, Cranium, Cranial vault, Calvarium]",2.88
gaussian_xyz/case-110399/case-110399_159.29636221175784_17.355269439210666_57.89819852702587.png,"[1: Skull, Cranium, Cranial vault, Calvarium, 2: Right humeral head, Right Proximal humerus, Head of right humerus, Right glenohumeral head, 10: T1, First thoracic vertebra, T1 vertebral body, Upper thoracic vertebra]",5.76
gaussian_xyz/case-110399/case-110399_222.75663620656226_-25.179986853005627_3.0742080762467454.png,"[1: Skull, Cranium, Cranial vault, Calvarium, 2: Right humeral head, Right Proximal humerus, Head of right humerus, Right glenohumeral head, 10: T1, First thoracic vertebra, T1 vertebral body, Upper thoracic vertebra]",5.77
gaussian_xyz/case-110399/case-110399_-61.53902400594012_-7.688907971238431_-203.26161613274814.png,"[10: T1 vertebral body, 11: Carina, 12: Right hemidiaphragm]",2.62
gaussian_xyz/case-110399/case-110399_25.46918619571025_-78.95826585621388_-47.88683902078066.png,"[2: Right humeral head, 10: T1 vertebral body, 11: Carina]",2.26
gaussian_xyz/case-110399/case-110399_46.35945963952557_-24.254880545768017_30.017261020982367.png,"[11: Carina, 10: T1, 12: Right hemidiaphragm]",2.43
gaussian_xyz/case-110399/case-110399_52.116958822370776_59.194248085610916_98.17059082149584.png,"[2: Right humeral head, 6: Right elbow, 10: T1]",1.99
gaussian_xyz/case-110399/case-110399_-114.69204947180371_73.17487307240594_33.18034762719281.png,"[6: Right elbow, 2: Right humeral head, 10: T1]",1.98
gaussian_xyz/case-110399/case-110399_-203.45076264292462_38.29757019219693_58.145009029854876.png,"[2: Right humeral head, 6: Right elbow, 10: T1]",1.99
gaussian_xyz/case-110399/case-110399_-198.57274087802867_16.580748677379383_12.450124952982671.png,"[6: Right elbow, 8: Right wrist, 10: T1]",1.89
gaussian_xyz/case-110399/case-110399_47.771448847470225_36.205996796447636_51.37198867167867.png,"[2: Right humeral head, 6: Right elbow, 10: T1]",1.98
gaussian_xyz/case-110399/case-110399_6.219867629058285_7.939209863772118_31.419439069215194.png,"[2: Right humeral head, 6: Right elbow, 10: T1]",1.98
gaussian_xyz/case-110399/case-110399_-219.82318562212984_-60.01358456783195_-83.98053737986132.png,"[2: Right humeral head, 3: Left humeral head, 10: T1]",2.07
gaussian_xyz/case-110399/case-110399_200.3391409620501_43.23564938145511_-75.11559741639078.png,"[1: Skull, Cranium, Cranial vault, Calvarium, 2: Right humeral head, Right Proximal humerus, Head of right humerus, Right glenohumeral head, 10: T1, First thoracic vertebra, T1 vertebral body, Upper thoracic vertebra]",5.76
gaussian_xyz/case-110399/case-110399_208.9210679005109_138.33336741591324_47.391006349726986.png,"[6: Right elbow, 10: T1 vertebral body, 11: Carina]",2.6
gaussian_xyz/case-110399/case-110399_-96.81166283049285_-37.510173299323505_31.456645037290055.png,"[6: Right elbow, 10: T1, 12: Right hemidiaphragm]",2.34
gaussian_xyz/case-110399/case-110399_-66.04694377414634_48.94340645377978_-95.10119317037501.png,"[6: Right elbow, 10: T1, 11: Carina]",1.98
gaussian_xyz/case-110399/case-110399_101.63484108595455_28.39422614439437_48.203254992359376.png,"[2: Right humeral head, 3: Left humeral head, 10: T1]",2.07
gaussian_xyz/case-110399/case-110399_-122.82154580483481_74.36426743649665_-100.13697112770363.png,"[2: Right humeral head, 6: Right elbow, 10: T1]",1.98
gaussian_xyz/case-110399/case-110399_33.1874281964418_31.239643349949866_75.88979270618316.png,"[2: Right humeral head, 4: Right scapular inferior angle, 6: Right elbow]",2.16
gaussian_xyz/case-110399/case-110399_-111.23405109422683_38.5855616597556_44.78620546996341.png,"[6: Right elbow, 10: T1, 12: Right hemidiaphragm]",2.35
gaussian_xyz/case-110399/case-110399_206.49587897528912_29.343368663004384_96.40744897380942.png,"[1: Skull, Cranium, Cranial vault, Calvarium, 2: Right humeral head, Right Proximal humerus, Head of right humerus, Right glenohumeral head, 10: T1, First thoracic vertebra, T1 vertebral body, Upper thoracic vertebra]",5.76
gaussian_xyz/case-110399/case-110399_-214.8689202336106_33.56514671261991_3.70037233565597.png,"[2: Right humeral head, 6: Right elbow, 10: T1]",1.98
gaussian_xyz/case-110399/case-110399_-1.2285421077131105_17.75123369115719_73.5890794552026.png,"[6: Right elbow, 10: T1, 11: Carina]",1.98
gaussian_xyz/case-110399/case-110399_-29.637293382048227_2.815334762406665_69.38920581177692.png,"[10: T1 vertebral body, 11: Carina, 6: Right elbow]",2.16
gaussian_xyz/case-110399/case-110399_158.76100964390335_3.37514833790214_-75.62160389627994.png,"[2: Right humeral head, 3: Left humeral head, 10: T1]",2.07
gaussian_xyz/case-110399/case-110399_172.98026220319886_94.33763550025775_-15.270678135973329.png,"[2: Right humeral head, 6: Right elbow, 10: T1]",1.98
gaussian_xyz/case-110399/case-110399_-151.85548106189464_-9.809220222163693_33.183636769764355.png,"[2: Right humeral head, 6: Right elbow, 10: T1]",1.98
gaussian_xyz/case-110399/case-110399_139.79619731030752_3.9167197541365293_-111.723266261049.png,"[2: Right humeral head, 3: Left humeral head, 10: T1]",2.07
gaussian_xyz/case-110399/case-110399_67.59801109503016_-2.8239700724681756_13.502429908281638.png,"[10: T1 vertebral body, 11: Carina, 6: Right elbow]",2.16
gaussian_xyz/case-110399/case-110399_-116.3009518797966_-6.9848181085683665_-48.560287405815835.png,"[10: T1 vertebral body, 11: Carina, 12: Right hemidiaphragm]",2.61
gaussian_xyz/case-110399/case-110399_188.43219051054749_20.684833954877135_-71.01398662265554.png,"[1: Skull, Cranium, Cranial vault, Calvarium, 2: Right humeral head, Right Proximal humerus, Head of right humerus, Right glenohumeral head, 10: T1, First thoracic vertebra, T1 vertebral body, Upper thoracic vertebra]",5.75
gaussian_xyz/case-110399/case-110399_-52.77686086484536_-65.70984418997614_-53.11171773204709.png,"[2: Right humeral head, 6: Right elbow, 10: T1]",1.98
gaussian_xyz/case-110399/case-110399_199.88218888187598_37.11719291057748_104.42142116176795.png,"[1: Skull, Cranium, Cranial vault, Calvarium, 2: Right humeral head, Right Proximal humerus, Head of right humerus, Right glenohumeral head, 10: T1, First thoracic vertebra, T1 vertebral body, Upper thoracic vertebra]",5.76
gaussian_xyz/case-110399/case-110399_-235.62405915480912_15.74106413345201_85.72642947163779.png,"[2: Right humeral head, 6: Right elbow, 10: T1]",1.98
gaussian_xyz/case-110399/case-110399_-114.54483022175116_22.585461020493376_-3.232078604825708.png,"[2: Right humeral head, 6: Right elbow, 10: T1]",1.98
gaussian_xyz/case-110399/case-110399_50.08733828904022_-8.157891993294083_23.13253766875681.png,"[11: Carina, 10: T1, 12: Right hemidiaphragm]",2.43
gaussian_xyz/case-110399/case-110399_-3.4532837966157217_-55.448361584859185_13.41225115379123.png,"[2: Right humeral head, 6: Right elbow, 10: T1]",1.98
gaussian_xyz/case-110399/case-110399_-187.05107019254473_1.6098375475776403_34.95503554612306.png,"[6: Right elbow, 10: T1, 11: Carina]",1.98
gaussian_xyz/case-110399/case-110399_-198.6624294474703_-25.28376876567477_-129.2212757372452.png,"[6: Right elbow, 10: T1, 12: Right hemidiaphragm]",2.34
gaussian_xyz/case-110869/case-110869_137.4286699370947_31.572663527238976_-36.6839533855796.png,"[1: Skull, Cranium, Cranial vault, Calvarium, 2: Right humeral head, Right Proximal humerus, Head of right humerus, Right glenohumeral head, 10: T1, First thoracic vertebra, T1 vertebral body, Upper thoracic vertebra]",5.76
gaussian_xyz/case-110869/case-110869_-65.00929715788135_-48.80685827240152_84.95753760636711.png,"[2: Right humeral head, 6: Right elbow, 10: T1]",1.98
gaussian_xyz/case-110869/case-110869_-54.25956955510364_-10.434015239550982_-53.1514001611913.png,"[10: T1 vertebral body, 11: Carina, 6: Right elbow]",2.16
gaussian_xyz/case-110869/case-110869_-177.5055333628632_85.51704909535577_-145.5567076879865.png,"[2: Right humeral head, 6: Right elbow, 10: T1]",1.98
gaussian_xyz/case-110869/case-110869_139.28617756758547_14.445875235860447_-223.1155400304283.png,"[6: Right elbow, 2: Right humeral head, 10: T1]",1.98
gaussian_xyz/case-110869/case-110869_207.5761197919697_-49.944153678891794_-34.70565403588074.png,"[1: Skull, Cranium, Cranial vault, Calvarium, 2: Right humeral head, Right Proximal humerus, Head of right humerus, Right glenohumeral head, 10: T1, First thoracic vertebra, T1 vertebral body, Upper thoracic vertebra]",5.75
gaussian_xyz/case-110869/case-110869_113.63807682190509_51.193827138847055_-74.71808681893768.png,"[6: Right elbow, 2: Right humeral head, 10: T1]",1.98
gaussian_xyz/case-110869/case-110869_146.9079787009835_-58.06984329460174_49.347391815593035.png,"[1: Skull, Cranium, Cranial vault, Calvarium, 2: Right humeral head, Right Proximal humerus, Head of right humerus, Right glenohumeral head, 6: Right elbow, Right olecranon, Right Cubital joint, Right Elbow joint]",5.75
gaussian_xyz/case-110869/case-110869_188.79003657254043_62.84848528337861_-137.78857484351084.png,"[1: Skull, Cranium, Cranial vault, Calvarium, 2: Right humeral head, Right Proximal humerus, Head of right humerus, Right glenohumeral head, 10: T1, First thoracic vertebra, T1 vertebral body, Upper thoracic vertebra]",5.76
gaussian_xyz/case-110869/case-110869_-149.07157435974483_10.625648232639865_112.91676858685615.png,"[2: Right humeral head, 10: T1, 12: Right hemidiaphragm]",2.43
gaussian_xyz/case-110869/case-110869_-41.95023528655079_1.6976664285780216_53.395204147574695.png,"[2: Right humeral head, 6: Right elbow, 10: T1]",1.98
gaussian_xyz/case-110869/case-110869_-44.24535396215953_0.24854878375447984_-156.99231835854366.png,"[6: Right elbow, 10: T1, 11: Carina]",1.99
gaussian_xyz/case-110869/case-110869_87.38264016849178_46.096660832161284_-6.379204987701019.png,"[2: Right humeral head, 6: Right elbow, 10: T1]",1.98
gaussian_xyz/case-110869/case-110869_-181.09327785723_-1.1922784262573856_67.16186143704084.png,"[1: Skull, Cranium, Cranial vault, Calvarium, 2: Right humeral head, Right Proximal humerus, Head of right humerus, Right glenohumeral head, 10: T1, First thoracic vertebra, T1 vertebral body, Upper thoracic vertebra]",5.76
gaussian_xyz/case-110869/case-110869_-208.00888810088128_-3.9044402444853343_-88.1548740236378.png,"[2: Right humeral head, 3: Left humeral head, 10: T1]",2.07
gaussian_xyz/case-110869/case-110869_95.49204101363301_66.76715670145195_19.222571907755498.png,"[2: Right humeral head, 4: Right scapular inferior angle, 10: T1]",2.25
gaussian_xyz/case-110869/case-110869_35.31372363226791_39.32859871836941_-23.450973006040748.png,"[6: Right elbow, 4: Right scapular inferior angle, 10: T1]",2.17
gaussian_xyz/case-110869/case-110869_30.73706940354242_11.157598535501048_139.71943395674015.png,"[2: Right humeral head, 3: Left humeral head, 10: T1]",2.07
gaussian_xyz/case-110869/case-110869_-37.601430541637654_-58.48928530194317_-191.62422183635667.png,"[2: Right humeral head, 4: Right scapular inferior angle, 10: T1]",2.26
gaussian_xyz/case-110869/case-110869_-30.461997314322076_9.057169784823419_223.90628747353028.png,"[2: Right humeral head, 4: Right scapular inferior angle, 10: T1]",2.26
gaussian_xyz/case-110869/case-110869_22.872437252815814_-35.15496795278481_26.80213492651119.png,"[2: Right humeral head, 4: Right scapular inferior angle, 10: T1]",2.25
gaussian_xyz/case-110869/case-110869_-178.79001726606282_1.7056216325003584_-90.20279832556285.png,"[1: Skull, Cranium, Cranial vault, Calvarium, 2: Right humeral head, Right Proximal humerus, Head of right humerus, Right glenohumeral head, 10: T1, First thoracic vertebra, T1 vertebral body, Upper thoracic vertebra]",5.76
gaussian_xyz/case-110869/case-110869_-187.7790433007728_76.19653111844123_-92.31009069669001.png,"[6: Right elbow, 2: Right humeral head, 10: T1]",1.98
gaussian_xyz/case-110869/case-110869_-128.73782124134857_-55.53130291108427_-140.50458024615247.png,"[2: Right humeral head, 4: Right scapular inferior angle, 10: T1]",2.25
gaussian_xyz/case-110869/case-110869_183.93380119677732_7.004911934331068_-45.500893810107584.png,"[1: Skull, Cranium, Cranial vault, Calvarium, 6: Right elbow, Right olecranon, Right Cubital joint, Right Elbow joint, 10: T1, First thoracic vertebra, T1 vertebral body, Upper thoracic vertebra]",5.21
gaussian_xyz/case-110869/case-110869_49.05175740472117_-26.828971342920685_109.36316097952673.png,"[2: Right humeral head, 10: T1 vertebral body, 11: Carina]",2.25
gaussian_xyz/case-110869/case-110869_137.51017735666443_77.69329217995632_-89.3094789846884.png,"[2: Right humeral head, 4: Right scapular inferior angle, 6: Right elbow]",2.16
gaussian_xyz/case-110869/case-110869_138.79256704169796_-124.3415903630116_-57.38319683169686.png,"[1: Skull, Cranium, Cranial vault, Calvarium, 2: Right humeral head, Right Proximal humerus, Head of right humerus, Right glenohumeral head, 10: T1, First thoracic vertebra, T1 vertebral body, Upper thoracic vertebra]",5.77
gaussian_xyz/case-110869/case-110869_-142.5319147294673_-31.478476877715398_-50.82109457903425.png,"[10: T1 vertebral body, 11: Carina, 6: Right elbow]",2.17
gaussian_xyz/case-110869/case-110869_-45.225778127797014_-14.450707613130241_160.06961158807457.png,"[2: Right humeral head, 4: Right scapular inferior angle, 10: T1]",2.26
gaussian_xyz/case-110869/case-110869_105.84924617239284_-36.53306519226828_-41.457753809038095.png,"[2: Right humeral head, 3: Left humeral head, 10: T1]",2.07
gaussian_xyz/case-110869/case-110869_2.613953825113356_-59.33297942211047_-90.37590096519274.png,"[2: Right humeral head, 4: Right scapular inferior angle, 6: Right elbow]",2.16
gaussian_xyz/case-110869/case-110869_-135.98310573671142_-26.922613469115802_175.37292443593068.png,"[1: Skull, Cranium, Cranial vault, Calvarium, 2: Right humeral head, Right Proximal humerus, Head of right humerus, Right glenohumeral head, 10: T1, First thoracic vertebra, T1 vertebral body, Upper thoracic vertebra]",5.75
gaussian_xyz/case-110869/case-110869_-41.62952610542271_-92.77531756653387_78.86047929863062.png,"[2: Right humeral head, 4: Right scapular inferior angle, 6: Right elbow]",2.16
gaussian_xyz/case-110869/case-110869_-19.008999440410975_6.551826259361604_-53.0436665968396.png,"[6: Right elbow, 10: T1, 11: Carina]",1.98
gaussian_xyz/case-110869/case-110869_98.57954411467637_-51.00048443935884_-160.90376924955535.png,"[11: Carina, 10: T1, 12: Right hemidiaphragm]",2.43
gaussian_xyz/case-110869/case-110869_162.15585896430423_-43.502496368475406_23.57066910995915.png,"[1: Skull, Cranium, Cranial vault, Calvarium, 2: Right humeral head, Right Proximal humerus, Head of right humerus, Right glenohumeral head, 10: T1, First thoracic vertebra, T1 vertebral body, Upper thoracic vertebra]",5.76
gaussian_xyz/case-110869/case-110869_29.185324888457814_-75.03687342324712_-179.9295312204487.png,"[2: Right humeral head, 4: Right scapular inferior angle, 10: T1]",2.26
gaussian_xyz/case-110869/case-110869_135.78847974894012_-41.83237300655516_62.615268185628814.png,"[2: Right humeral head, 6: Right elbow, 10: T1]",1.99
gaussian_xyz/case-110869/case-110869_171.79208128740726_62.906763963484956_121.18512262985234.png,"[1: Skull, Cranium, Cranial vault, Calvarium, 2: Right humeral head, Right Proximal humerus, Head of right humerus, Right glenohumeral head, 10: T1, First thoracic vertebra, T1 vertebral body, Upper thoracic vertebra]",5.76
gaussian_xyz/case-110869/case-110869_-77.47488819996408_-20.300673307706326_67.5362166796535.png,"[6: Right elbow, 10: T1, 12: Right hemidiaphragm]",2.35
gaussian_xyz/case-110869/case-110869_-40.417669870480694_-25.481773193239377_-85.28725778387341.png,"[11: Carina, 10: T1 vertebral body, 6: Right elbow]",2.17
gaussian_xyz/case-110869/case-110869_-80.89979891241126_-22.354365699372703_46.584590836457735.png,"[6: Right elbow, 10: T1 vertebral body, 12: Right hemidiaphragm]",2.53
gaussian_xyz/case-110869/case-110869_-113.00114927679078_-54.46082918240426_-55.3386940176659.png,"[6: Right elbow, 2: Right humeral head, 10: T1]",1.98
gaussian_xyz/case-110869/case-110869_152.26999438623653_-1.0141081942978394_53.67445904240539.png,"[1: Skull, Cranium, Cranial vault, Calvarium, 6: Right elbow, Right olecranon, Right Cubital joint, Right Elbow joint, 10: T1, First thoracic vertebra, T1 vertebral body, Upper thoracic vertebra]",5.23
gaussian_xyz/case-110869/case-110869_151.95443382101178_-30.375599696505816_5.647294025033249.png,"[1: Skull, Cranium, Cranial vault, Calvarium, 3: Left humeral head, Left Proximal humerus, Head of left humerus, Left glenohumeral head, 10: T1, First thoracic vertebra, T1 vertebral body, Upper thoracic vertebra]",5.77
gaussian_xyz/case-110869/case-110869_54.1565429089066_-16.314438486909143_130.19174769796743.png,"[2: Right humeral head, 3: Left humeral head, 10: T1]",2.07
gaussian_xyz/case-110869/case-110869_-59.26257386339847_-13.24978491107485_12.873135821387216.png,"[11: Carina, 6: Right elbow, 10: T1]",1.99
gaussian_xyz/case-110869/case-110869_-79.38443890074655_-37.914534905392394_52.68442810761111.png,"[2: Right humeral head, 6: Right elbow, 10: T1]",1.99
gaussian_xyz/case-110869/case-110869_-82.86212020091315_0.41054985181857223_79.80586696607116.png,"[1: Skull, Cranium, Cranial vault, Calvarium, 6: Right elbow, Right olecranon, Right Cubital joint, Right Elbow joint, 10: T1, First thoracic vertebra, T1 vertebral body, Upper thoracic vertebra]",5.23
gaussian_xyz/case-110869/case-110869_-16.830686390539_-31.459757142336695_52.10623664968455.png,"[2: Right humeral head, 4: Right scapular inferior angle, 10: T1]",2.26
gaussian_xyz/case-110869/case-110869_-182.23312103639512_-17.31450568037427_-8.165346886495133.png,"[1: Skull, Cranium, Cranial vault, Calvarium, 6: Right elbow, Right olecranon, Right Cubital joint, Right Elbow joint, 10: T1, First thoracic vertebra, T1 vertebral body, Upper thoracic vertebra]",5.22
gaussian_xyz/case-110869/case-110869_214.4655550661456_-1.6825103935087262_-9.794894212066762.png,"[1: Skull, Cranium, Cranial vault, Calvarium, 2: Right humeral head, Right Proximal humerus, Head of right humerus, Right glenohumeral head, 10: T1, First thoracic vertebra, T1 vertebral body, Upper thoracic vertebra]",5.78
gaussian_xyz/case-110869/case-110869_-162.12423213217426_32.21742702855182_57.012201714561584.png,"[1: Skull, Cranium, Cranial vault, Calvarium, 2: Right humeral head, Right Proximal humerus, Head of right humerus, Right glenohumeral head, 10: T1, First thoracic vertebra, T1 vertebral body, Upper thoracic vertebra]",5.77
gaussian_xyz/case-110869/case-110869_176.08687865965618_74.48444879976148_15.62806218032786.png,"[2: Right humeral head, 3: Left humeral head, 10: T1]",2.08
gaussian_xyz/case-110869/case-110869_-47.89546617553398_-16.529765431062135_29.87366427224486.png,"[2: Right humeral head, 6: Right elbow, 10: T1]",1.99
gaussian_xyz/case-110869/case-110869_-114.77358705113294_-10.192418056999456_75.37502651901941.png,"[1: Skull, Cranium, Cranial vault, Calvarium, 2: Right humeral head, Right Proximal humerus, Head of right humerus, Right glenohumeral head, 10: T1, First thoracic vertebra, T1 vertebral body, Upper thoracic vertebra]",5.77
gaussian_xyz/case-110869/case-110869_36.163212216846006_-2.580987680598261_-15.949784338535638.png,"[11: Carina, 10: T1, 4: Right scapular inferior angle]",2.26
gaussian_xyz/case-110869/case-110869_152.87655255898216_-65.28915135876271_-18.18373775690867.png,"[1: Skull, Cranium, Cranial vault, Calvarium, 2: Right humeral head, Right Proximal humerus, Head of right humerus, Right glenohumeral head, 10: T1, First thoracic vertebra, T1 vertebral body, Upper thoracic vertebra]",5.78
gaussian_xyz/case-110869/case-110869_104.84139415592449_48.329537272226055_-31.717211798048027.png,"[2: Right humeral head, 6: Right elbow, 10: T1]",1.99
gaussian_xyz/case-110869/case-110869_133.25949508878318_52.831415483966076_-53.91153103047145.png,"[1: Skull, Cranium, Cranial vault, Calvarium, 2: Right humeral head, Right Proximal humerus, Head of right humerus, Right glenohumeral head, 4: Right scapular inferior angle, Lower tip of right scapula, Right shoulder blade tip]",5.86
gaussian_xyz/case-110869/case-110869_5.066313184783155_-7.968716373972613_-9.73409628957172.png,"[11: Carina, 6: Right elbow, 10: T1]",1.99
gaussian_xyz/case-110869/case-110869_-140.45799473539535_50.48645145001388_-32.73019761676379.png,"[1: Skull, Cranium, Cranial vault, Calvarium, 3: Left humeral head, Left Proximal humerus, Head of left humerus, Left glenohumeral head, 10: T1, First thoracic vertebra, T1 vertebral body, Upper thoracic vertebra]",5.77
gaussian_xyz/case-110869/case-110869_-113.28504098478837_-92.22039673945272_47.17412560206882.png,"[2: Right proximal humerus, 4: Right scapular inferior angle, 6: Right elbow]",2.26
gaussian_xyz/case-110869/case-110869_83.338392733864_30.86948283417399_-56.92835550010713.png,"[2: Right humeral head, 6: Right elbow, 10: T1]",1.99
gaussian_xyz/case-110869/case-110869_28.631067433811722_40.6243610585937_82.50985856005548.png,"[2: Right humeral head, 4: Right scapular inferior angle, 10: T1]",2.25
gaussian_xyz/case-110869/case-110869_91.37066898202221_-29.181619743675615_15.717912199216197.png,"[1: Skull, Cranium, Cranial vault, Calvarium, 2: Right humeral head, Right Proximal humerus, Head of right humerus, Right glenohumeral head, 10: T1, First thoracic vertebra, T1 vertebral body, Upper thoracic vertebra]",5.77
gaussian_xyz/case-110869/case-110869_66.02330740413328_15.908471711159352_84.36252756568122.png,"[2: Right humeral head, 6: Right elbow, 10: T1]",1.99
gaussian_xyz/case-110869/case-110869_15.203263800168003_99.61137802158679_60.54473723682363.png,"[2: Right humeral head, 4: Right scapular inferior angle, 10: T1]",2.26
gaussian_xyz/case-110869/case-110869_-75.45858218682721_60.778667187525656_71.15326878119157.png,"[2: Right humeral head, 4: Right scapular inferior angle, 10: T1]",2.26
gaussian_xyz/case-110869/case-110869_203.25804818654495_10.641046330378202_57.600756220270775.png,"[1: Skull, Cranium, Cranial vault, Calvarium, 6: Right elbow, Right olecranon, Right Cubital joint, Right Elbow joint, 10: T1, First thoracic vertebra, T1 vertebral body, Upper thoracic vertebra]",5.23
gaussian_xyz/case-110869/case-110869_-18.307055520294142_21.751002557785036_114.3692924273022.png,"[10: T1 vertebral body, 11: Carina, 6: Right elbow]",2.17
gaussian_xyz/case-110869/case-110869_26.313199656072243_82.43590533739906_104.74854723963705.png,"[2: Right humeral head, 4: Right scapular inferior angle, 6: Right elbow]",2.17
gaussian_xyz/case-110869/case-110869_-102.58438476074745_-3.9202084350901876_-134.91170856432325.png,"[1: Skull, Cranium, Cranial vault, Calvarium, 2: Right humeral head, Right Proximal humerus, Head of right humerus, Right glenohumeral head, 10: T1, First thoracic vertebra, T1 vertebral body, Upper thoracic vertebra]",5.77
gaussian_xyz/case-110869/case-110869_-205.4716708820436_-39.3432711732511_124.81484768259826.png,"[1: Skull, Cranium, Cranial vault, Calvarium, 6: Right elbow, Right olecranon, Right Cubital joint, Right Elbow joint, 10: T1, First thoracic vertebra, T1 vertebral body, Upper thoracic vertebra]",5.23
gaussian_xyz/case-110869/case-110869_203.2681872210706_-31.57025660982129_-57.21943731465856.png,"[1: Skull, Cranium, Cranial vault, Calvarium, 2: Right humeral head, Right Proximal humerus, Head of right humerus, Right glenohumeral head, 10: T1, First thoracic vertebra, T1 vertebral body, Upper thoracic vertebra]",5.77
gaussian_xyz/case-110869/case-110869_-9.179150325189994_-130.75793215106316_-146.45430731759396.png,"[2: Right humeral head, 6: Right elbow, 10: T1]",1.99
gaussian_xyz/case-110869/case-110869_109.40140480267644_41.94983696073024_193.3714511364691.png,"[2: Right humeral head, 6: Right elbow, 10: T1]",1.99
gaussian_xyz/case-110869/case-110869_206.89052369164148_-71.54195545796607_226.7523126942708.png,"[1: Skull, Cranium, Cranial vault, Calvarium, 2: Right humeral head, Right Proximal humerus, Head of right humerus, Right glenohumeral head, 10: T1, First thoracic vertebra, T1 vertebral body, Upper thoracic vertebra]",5.78
gaussian_xyz/case-110869/case-110869_121.8985945993793_73.8709640638793_5.959070411233576.png,"[2: Right humeral head, 3: Left humeral head, 10: T1]",2.08
gaussian_xyz/case-110869/case-110869_-138.51204181021706_-0.40687301196411074_-102.82287676176874.png,"[1: Skull, Cranium, Cranial vault, Calvarium, 2: Right humeral head, Right Proximal humerus, Head of right humerus, Right glenohumeral head, 10: T1, First thoracic vertebra, T1 vertebral body, Upper thoracic vertebra]",5.79
gaussian_xyz/case-110869/case-110869_202.07186936719057_44.03393858589846_-135.4341626367211.png,"[1: Skull, Cranium, Cranial vault, Calvarium, 6: Right elbow, Right olecranon, Right Cubital joint, Right Elbow joint, 11: Carina, Tracheal bifurcation, Tracheal carina]",5.22
gaussian_xyz/case-110869/case-110869_-92.44340512559857_-21.000062369303446_40.934841932272.png,"[2: Right humeral head, 6: Right elbow, 10: T1]",1.98
gaussian_xyz/case-110869/case-110869_-136.94519245680536_6.349108631334542_-84.49888393858464.png,"[1: Skull, Cranium, Cranial vault, Calvarium, 2: Right humeral head, Right Proximal humerus, Head of right humerus, Right glenohumeral head, 10: T1, First thoracic vertebra, T1 vertebral body, Upper thoracic vertebra]",5.7
gaussian_xyz/case-110869/case-110869_-57.7263062279701_-61.71895097863223_231.5275210951351.png,"[2: Right humeral head, 4: Right scapular inferior angle, 6: Right elbow]",2.15
gaussian_xyz/case-110869/case-110869_-163.9056076221596_-30.13604499531043_108.44898196367924.png,"[1: Skull, Cranium, Cranial vault, Calvarium, 2: Right humeral head, Right Proximal humerus, Head of right humerus, Right glenohumeral head, 10: T1, First thoracic vertebra, T1 vertebral body, Upper thoracic vertebra]",5.71
gaussian_xyz/case-110869/case-110869_-69.78582775437215_-26.905016677071043_120.81712813108861.png,"[2: Right humeral head, 6: Right elbow, 10: T1]",1.96
gaussian_xyz/case-110869/case-110869_202.6604959021251_-30.274150491284264_-82.88204125025632.png,"[1: Skull, Cranium, Cranial vault, Calvarium, 6: Right elbow, Right olecranon, Right Cubital joint, Right Elbow joint, 10: T1, First thoracic vertebra, T1 vertebral body, Upper thoracic vertebra]",5.2
gaussian_xyz/case-110869/case-110869_57.32450882604678_-67.62944893597665_27.50943505620238.png,"[2: Right humeral head, 6: Right elbow, 10: T1]",1.97
gaussian_xyz/case-110869/case-110869_52.07774591447708_84.5726066995025_-87.34931195829762.png,"[2: Right humeral head, 4: Right scapular inferior angle, 6: Right elbow]",2.16
gaussian_xyz/case-110869/case-110869_-105.9761748555456_0.3361744585776506_164.17975596601522.png,"[1: Skull, Cranium, Cranial vault, Calvarium, 2: Right humeral head, Right Proximal humerus, Head of right humerus, Right glenohumeral head, 10: T1, First thoracic vertebra, T1 vertebral body, Upper thoracic vertebra]",5.76
gaussian_xyz/case-110869/case-110869_-179.77400202529662_-18.361153385723462_37.152570850491564.png,"[10: T1 vertebral body, 11: Carina, 6: Right elbow]",2.16
gaussian_xyz/case-110869/case-110869_-175.52575131574906_73.67939080765582_64.0973172990163.png,"[1: Skull, Cranium, Cranial vault, Calvarium, 2: Right humeral head, Right Proximal humerus, Head of right humerus, Right glenohumeral head, 10: T1, First thoracic vertebra, T1 vertebral body, Upper thoracic vertebra]",5.77
gaussian_xyz/case-110869/case-110869_-148.55474493711347_8.553213833894107_41.167553800053184.png,"[1: Skull, Cranium, Cranial vault, Calvarium, 2: Right humeral head, Right Proximal humerus, Head of right humerus, Right glenohumeral head, 10: T1, First thoracic vertebra, T1 vertebral body, Upper thoracic vertebra]",5.77
gaussian_xyz/case-110869/case-110869_-75.80018997872182_-0.06058882269372094_-14.83705080575309.png,"[6: Right elbow, 10: T1, 12: Right hemidiaphragm]",2.34
gaussian_xyz/case-110869/case-110869_79.73986445903626_28.923808107804653_-96.11763407555625.png,"[6: Right elbow, 11: Carina, 10: T1]",1.98
gaussian_xyz/case-110869/case-110869_-161.79062758060422_98.21352197937372_-5.804410799917954.png,"[2: Right humeral head, 4: Right scapular inferior angle, 6: Right elbow]",2.16
gaussian_xyz/case-110869/case-110869_-24.48404585594838_-35.06153220945078_-78.44981326702357.png,"[10: T1 vertebral body, 11: Carina, 6: Right elbow]",2.17
gaussian_xyz/case-110869/case-110869_-152.03920317103183_-78.86810172322981_88.20297508346415.png,"[1: Skull, Cranium, Cranial vault, Calvarium, 2: Right humeral head, Right Proximal humerus, Head of right humerus, Right glenohumeral head, 6: Right elbow, Right olecranon, Right Cubital joint, Right Elbow joint]",5.77
gaussian_xyz/case-110869/case-110869_211.76360128523396_-27.667477230436525_94.0558936629659.png,"[1: Skull, Cranium, Cranial vault, Calvarium, 2: Right humeral head, Right Proximal humerus, Head of right humerus, Right glenohumeral head, 10: T1, First thoracic vertebra, T1 vertebral body, Upper thoracic vertebra]",5.77
gaussian_xyz/case-110869/case-110869_-92.87900351407382_-61.12541607153664_-112.7211245332682.png,"[2: Right humeral head, 4: Right scapular inferior angle, 6: Right elbow]",2.17
gaussian_xyz/case-110869/case-110869_52.42500731090087_41.527803764910686_174.32745802164186.png,"[2: Right humeral head, 6: Right elbow, 10: T1]",1.98
gaussian_xyz/case-110869/case-110869_188.39131420516452_58.96105750520737_144.430812405573.png,"[1: Skull, Cranium, Cranial vault, Calvarium, 2: Right humeral head, Right Proximal humerus, Head of right humerus, Right glenohumeral head, 10: T1, First thoracic vertebra, T1 vertebral body, Upper thoracic vertebra]",5.76
gaussian_xyz/case-110869/case-110869_172.34497421643675_65.20191689567875_-18.13291972222248.png,"[2: Right humeral head, 6: Right elbow, 10: T1]",1.98
gaussian_xyz/case-110869/case-110869_166.85351099445728_-106.79275332638437_-23.22210138739349.png,"[2: Right humeral head, 4: Right scapular inferior angle, 10: T1]",2.25
gaussian_xyz/case-110869/case-110869_-35.48926848409741_4.536836471613345_135.75300879798738.png,"[10: T1 vertebral body, 11: Carina, 12: Right hemidiaphragm]",2.62
gaussian_xyz/case-110869/case-110869_178.64395075554222_-37.58832521747926_-50.779364434692965.png,"[1: Skull, Cranium, Cranial vault, Calvarium, 2: Right humeral head, Right Proximal humerus, Head of right humerus, Right glenohumeral head, 10: T1, First thoracic vertebra, T1 vertebral body, Upper thoracic vertebra]",5.77
gaussian_xyz/case-110869/case-110869_-75.97196410486526_-32.59792029035362_-88.6362657499284.png,"[2: Right humeral head, 6: Right elbow, 10: T1]",1.98
gaussian_xyz/case-110869/case-110869_-148.785498264262_-198.72177795864403_-161.46497327310053.png,"[2: Right humeral head, 6: Right elbow, 10: T1]",1.99
gaussian_xyz/case-110869/case-110869_9.342966776990806_-9.74294916666303_-19.813393210499743.png,"[2: Right humeral head, 6: Right elbow, 10: T1]",1.98
gaussian_xyz/case-110869/case-110869_-152.26987821751374_-0.1155439070713913_120.30904005562712.png,"[2: Right humeral head, 10: T1 vertebral body, 12: Right hemidiaphragm]",2.61
gaussian_xyz/case-110869/case-110869_20.965283842034523_-2.5253597603650313_-34.23708707047308.png,"[2: Right humeral head, 3: Left humeral head, 10: T1]",2.08
gaussian_xyz/case-110869/case-110869_-42.39535642515372_-35.12631279126035_-59.87051015218564.png,"[11: Carina, 10: T1 vertebral body, 12: Right hemidiaphragm]",2.62
gaussian_xyz/case-110869/case-110869_-202.634108132298_-24.037142885605014_19.671702038058754.png,"[1: Skull, Cranium, Cranial vault, Calvarium, 2: Right humeral head, Right Proximal humerus, Head of right humerus, Right glenohumeral head, 10: T1, First thoracic vertebra, T1 vertebral body, Upper thoracic vertebra]",5.78
gaussian_xyz/case-110869/case-110869_-112.54306349934343_-21.275033160717918_99.70523650357882.png,"[1: Skull, Cranium, Cranial vault, Calvarium, 2: Right humeral head, Right Proximal humerus, Head of right humerus, Right glenohumeral head, 10: T1, First thoracic vertebra, T1 vertebral body, Upper thoracic vertebra]",5.76
gaussian_xyz/case-110869/case-110869_147.9833606477411_7.474517865313433_-147.56234550149622.png,"[1: Skull, Cranium, Cranial vault, Calvarium, 6: Right elbow, Right olecranon, Right Cubital joint, Right Elbow joint, 10: T1, First thoracic vertebra, T1 vertebral body, Upper thoracic vertebra]",5.23
gaussian_xyz/case-110869/case-110869_-139.06778988596432_-8.066809158634827_49.02836707260985.png,"[2: Right humeral head, 6: Right elbow, 10: T1]",1.98
gaussian_xyz/case-110869/case-110869_-69.21520504722497_-40.65693427513934_60.57606147828818.png,"[2: Right humeral head, 6: Right elbow, 10: T1]",1.99
gaussian_xyz/case-110869/case-110869_-115.02647148800322_43.013866540736075_-86.70775022777956.png,"[2: Right humeral head, 6: Right elbow, 10: T1]",1.98
gaussian_xyz/case-110869/case-110869_86.50035506360672_0.5922642145931011_-123.09124351093426.png,"[2: Right humeral head, 3: Left humeral head, 11: Carina]",2.07
gaussian_xyz/case-110869/case-110869_-211.49233748127688_-5.432611317436006_-76.7774738756061.png,"[2: Right humeral head, 6: Right elbow, 10: T1]",1.99
gaussian_xyz/case-110869/case-110869_129.41461832373784_90.10625739140815_11.394095433542557.png,"[2: Right humeral head, 6: Right elbow, 10: T1]",1.99
gaussian_xyz/case-110869/case-110869_-132.36058264359974_-7.927637770353362_-182.15882065503092.png,"[2: Right humeral head, 3: Left humeral head, 10: T1]",2.08
gaussian_xyz/case-110869/case-110869_-98.97699458623626_-29.5702500800467_-93.17173611663495.png,"[2: Right humeral head, 6: Right elbow, 10: T1]",1.98
gaussian_xyz/case-110869/case-110869_162.9083817316279_33.91328526714884_292.94029733366216.png,"[1: Skull, Cranium, Cranial vault, Calvarium, 2: Right humeral head, Right Proximal humerus, Head of right humerus, Right glenohumeral head, 10: T1, First thoracic vertebra, T1 vertebral body, Upper thoracic vertebra]",5.77
gaussian_xyz/case-110869/case-110869_-99.64002484752504_34.60187852447997_70.0108287763675.png,"[1: Skull, Cranium, Cranial vault, Calvarium, 10: T1 vertebral body, T1 vertebral body, Upper thoracic vertebra, 12: Right hemidiaphragm, Right Diaphragmatic dome, Right Diaphragmatic crus]",5.5
gaussian_xyz/case-110869/case-110869_54.299225460252956_59.75134421756737_74.82439976640345.png,"[2: Right humeral head, 4: Right scapular inferior angle, 6: Right elbow]",2.17
gaussian_xyz/case-110869/case-110869_-36.888968194506646_-15.477533344889315_-19.26739358574004.png,"[10: T1 vertebral body, 11: Carina, 6: Right elbow]",2.16
gaussian_xyz/case-110869/case-110869_-146.3035973290136_27.75665348405941_153.54108719260086.png,"[1: Skull, Cranium, Cranial vault, Calvarium, 10: T1, First thoracic vertebra, T1 vertebral body, Upper thoracic vertebra, 11: Carina, Tracheal bifurcation, Tracheal carina]",4.78
gaussian_xyz/case-110869/case-110869_195.24754281836994_17.413911592500657_-92.41328128917517.png,"[1: Skull, Cranium, Cranial vault, Calvarium, 2: Right humeral head, Right Proximal humerus, Head of right humerus, Right glenohumeral head, 10: T1, First thoracic vertebra, T1 vertebral body, Upper thoracic vertebra]",5.77
gaussian_xyz/case-110869/case-110869_197.53005370497777_-42.489027462709096_150.56512610454305.png,"[1: Skull, Cranium, Cranial vault, Calvarium, 2: Right humeral head, Right Proximal humerus, Head of right humerus, Right glenohumeral head, 10: T1, First thoracic vertebra, T1 vertebral body, Upper thoracic vertebra]",5.77
gaussian_xyz/case-110869/case-110869_174.17032327020036_57.83745591117388_-9.441116955829939.png,"[2: Right proximal humerus, 1: Skull, Cranial vault, Calvarium, 10: T1]",2.71
gaussian_xyz/case-110869/case-110869_-74.04754406602899_7.7067341443788795_-29.35765478213365.png,"[2: Right humeral head, 6: Right elbow, 10: T1]",1.98
gaussian_xyz/case-110869/case-110869_-61.87087140606522_-47.060921949005305_-126.17625708996583.png,"[2: Right humeral head, 6: Right elbow, 10: T1]",1.99
gaussian_xyz/case-110869/case-110869_-151.9982220068705_-130.02364782355392_128.9890954936463.png,"[2: Right humeral head, 6: Right elbow, 10: T1]",1.99
gaussian_xyz/case-110869/case-110869_177.77944102991768_-33.63670635753061_-74.54252055828485.png,"[1: Skull, Cranium, Cranial vault, Calvarium, 2: Right humeral head, Right Proximal humerus, Head of right humerus, Right glenohumeral head, 10: T1, First thoracic vertebra, T1 vertebral body, Upper thoracic vertebra]",5.77
gaussian_xyz/case-110869/case-110869_-75.75730483337648_30.097385214093656_-44.31310233280579.png,"[2: Right humeral head, 6: Right elbow, 10: T1]",1.98
gaussian_xyz/case-110869/case-110869_-27.786689816126852_-36.777771133071845_-113.78984462934476.png,"[11: Carina, 6: Right elbow, 10: T1]",1.99
gaussian_xyz/case-110869/case-110869_-135.93064730261761_49.39986498085432_-144.91790549240972.png,"[1: Skull, Cranium, Cranial vault, Calvarium, 2: Right humeral head, Right Proximal humerus, Head of right humerus, Right glenohumeral head, 10: T1, First thoracic vertebra, T1 vertebral body, Upper thoracic vertebra]",5.77
gaussian_xyz/case-110869/case-110869_-117.5449085869636_6.872550918898681_-197.01686097533832.png,"[2: Right humeral head, 6: Right elbow, 10: T1]",1.99
gaussian_xyz/case-110869/case-110869_43.89498044077675_4.533525018884381_-88.15440492611386.png,"[11: Carina, 10: T1, 2: Right humeral head]",2.07
gaussian_xyz/case-110869/case-110869_-50.22217960000705_47.22523939183595_109.07169482248091.png,"[6: Right elbow, 10: T1, 11: Carina]",1.98
gaussian_xyz/case-110869/case-110869_58.34115717735199_-14.973913936045346_8.81298210149639.png,"[2: Right humeral head, 6: Right elbow, 10: T1]",1.99
gaussian_xyz/case-110869/case-110869_153.7134334378681_28.17414353355679_24.79820276107937.png,"[1: Skull, Cranium, Cranial vault, Calvarium, 2: Right humeral head, Right Proximal humerus, Head of right humerus, Right glenohumeral head, 10: T1, First thoracic vertebra, T1 vertebral body, Upper thoracic vertebra]",5.77
gaussian_xyz/case-110869/case-110869_154.30279392655063_-15.543197983341852_201.40476241169347.png,"[1: Skull, Cranium, Cranial vault, Calvarium, 2: Right humeral head, Right Proximal humerus, Head of right humerus, Right glenohumeral head, 10: T1, First thoracic vertebra, T1 vertebral body, Upper thoracic vertebra]",5.77
gaussian_xyz/case-110869/case-110869_-65.19066277005345_-11.14244236886072_-121.44122161640252.png,"[6: Right elbow, 2: Right humeral head, 10: T1]",1.99
gaussian_xyz/case-110869/case-110869_155.3163619250373_-45.88729867716314_170.28524412289897.png,"[1: Skull, Cranium, Cranial vault, Calvarium, 2: Right humeral head, Right Proximal humerus, Head of right humerus, Right glenohumeral head, 10: T1, First thoracic vertebra, T1 vertebral body, Upper thoracic vertebra]",5.77
gaussian_xyz/case-110869/case-110869_-57.005249234731025_75.79073480817928_73.23215278032181.png,"[1: Skull, Cranium, Cranial vault, Calvarium, 2: Right humeral head, Right Proximal humerus, Head of right humerus, Right glenohumeral head, 10: T1, First thoracic vertebra, T1 vertebral body, Upper thoracic vertebra]",5.77
gaussian_xyz/case-110869/case-110869_-35.894959973036094_-14.114254143597641_19.903489853447695.png,"[11: Carina, 6: Right elbow, 10: T1]",1.98
gaussian_xyz/case-110869/case-110869_-47.08935531514635_67.09580743871965_-13.497203631013239.png,"[2: Right humeral head, 3: Left humeral head, 10: T1]",2.07
gaussian_xyz/case-110869/case-110869_8.70940560892987_-37.03507849061373_64.05554525544139.png,"[2: Right humeral head, 3: Left humeral head, 10: T1]",2.07
gaussian_xyz/case-110869/case-110869_-14.759264922925752_61.50937721528062_-173.0890067562891.png,"[2: Right humeral head, 6: Right elbow, 10: T1]",1.98
gaussian_xyz/case-110869/case-110869_155.02836109950562_-43.8089771713187_81.05030026095746.png,"[1: Skull, Cranium, Cranial vault, Calvarium, 2: Right humeral head, Right Proximal humerus, Head of right humerus, Right glenohumeral head, 10: T1, First thoracic vertebra, T1 vertebral body, Upper thoracic vertebra]",5.77
gaussian_xyz/case-110869/case-110869_-24.32109206284528_-42.540967207597156_-115.54743018644771.png,"[6: Right elbow, 10: T1, 11: Carina]",1.98
gaussian_xyz/case-110869/case-110869_-13.4194958072938_-24.129203165472024_25.62712251753355.png,"[6: Right elbow, 10: T1, 11: Carina]",1.99
gaussian_xyz/case-110869/case-110869_35.227200839806585_32.50344053192944_-105.87975278833.png,"[6: Right elbow, 10: T1 vertebral body, 12: Right hemidiaphragm]",2.52
gaussian_xyz/case-110869/case-110869_106.6403812432626_39.572506784371015_4.729101817051361.png,"[2: Right humeral head, 6: Right elbow, 10: T1]",1.98
gaussian_xyz/case-110869/case-110869_182.52989694365516_-1.859891027075089_110.56743745089696.png,"[1: Skull, Cranium, Cranial vault, Calvarium, 10: T1 vertebral body, T1, 11: Carina, Tracheal bifurcation, Tracheal carina]",4.06
gaussian_xyz/case-110869/case-110869_109.81205991199272_10.17560724490893_155.83857496901928.png,"[2: Right humeral head, 3: Left humeral head, 10: T1]",2.08
gaussian_xyz/case-110869/case-110869_166.68991125964357_-21.051983360581282_-161.15135264180716.png,"[1: Skull, Cranium, Cranial vault, Calvarium, 6: Right elbow, Right olecranon, Right Cubital joint, Right Elbow joint, 10: T1, First thoracic vertebra, T1 vertebral body, Upper thoracic vertebra]",5.23
gaussian_xyz/case-110869/case-110869_-4.83004219074607_24.53966675564741_6.3818471437674775.png,"[2: Right humeral head, 6: Right elbow, 10: T1]",1.99
gaussian_xyz/case-110869/case-110869_-30.87264736251157_-32.1224966268439_111.75217400793782.png,"[2: Right humeral head, 6: Right elbow, 10: T1]",1.99
gaussian_xyz/case-110869/case-110869_-95.38197499557597_-50.80142451833179_68.25136808835627.png,"[2: Right humeral head, 6: Right elbow, 10: T1]",1.99
gaussian_xyz/case-110869/case-110869_105.20853304433018_44.15422270187946_-34.74904819774113.png,"[2: Right humeral head, 6: Right elbow, 10: T1]",1.99
gaussian_xyz/case-110869/case-110869_-165.21360322651296_-68.78227528559422_-21.362633050547412.png,"[1: Skull, Cranium, Cranial vault, Calvarium, 6: Right elbow, Right olecranon, Right Cubital joint, Right Elbow joint, 10: T1, First thoracic vertebra, T1 vertebral body, Upper thoracic vertebra]",5.24
gaussian_xyz/case-110869/case-110869_-115.28669742842206_-65.59449047730352_-129.77069566219066.png,"[2: Right humeral head, 4: Right scapular inferior angle, 10: T1]",2.26
gaussian_xyz/case-110869/case-110869_-102.85785719400607_-44.799309011776586_184.13298088266478.png,"[2: Right humeral head, 6: Right elbow, 10: T1]",1.99
gaussian_xyz/case-110869/case-110869_92.06826609175249_51.47172090606499_112.97325950231243.png,"[2: Right humeral head, 3: Left humeral head, 10: T1]",2.08
gaussian_xyz/case-110869/case-110869_143.549822389108_52.84705168334434_-39.7684173537668.png,"[1: Skull, Cranium, Cranial vault, Calvarium, 2: Right humeral head, Right Proximal humerus, Head of right humerus, Right glenohumeral head, 10: T1, First thoracic vertebra, T1 vertebral body, Upper thoracic vertebra]",5.77
gaussian_xyz/case-110869/case-110869_-49.32919996900165_3.601940108886872_-172.68979432247747.png,"[2: Right humeral head, 6: Right elbow, 10: T1]",1.99
gaussian_xyz/case-110869/case-110869_39.24438887503044_52.85576779463978_-245.18434307786586.png,"[10: T1 vertebral body, 11: Carina, 6: Right elbow]",2.17
gaussian_xyz/case-110869/case-110869_-108.84706430328451_96.22511016179018_-80.06989470412896.png,"[2: Right humeral head, 6: Right elbow, 10: T1]",1.99
gaussian_xyz/case-110869/case-110869_-213.86285297952912_54.1974088871398_163.10255940810612.png,"[2: Right humeral head, 3: Left humeral head, 10: T1]",2.08
gaussian_xyz/case-110869/case-110869_-30.22212941651847_-32.03851603996061_-9.604331045871561.png,"[2: Right humeral head, 6: Right elbow, 10: T1]",1.98
gaussian_xyz/case-110869/case-110869_-52.304222824735774_24.575569567678283_-122.97542065069248.png,"[2: Right humeral head, 6: Right elbow, 10: T1]",1.99
gaussian_xyz/case-110869/case-110869_176.92308584412729_-34.18466732381853_-5.080865726652698.png,"[1: Skull, Cranium, Cranial vault, Calvarium, 2: Right humeral head, Right Proximal humerus, Head of right humerus, Right glenohumeral head, 10: T1, First thoracic vertebra, T1 vertebral body, Upper thoracic vertebra]",5.77
gaussian_xyz/case-110869/case-110869_-72.0104282364706_-26.211357057349762_-39.437671628148344.png,"[2: Right humeral head, 6: Right elbow, 10: T1]",1.99
gaussian_xyz/case-110869/case-110869_-114.96821120947509_78.08342309432697_-124.55954341939781.png,"[1: Skull, Cranium, Cranial vault, Calvarium, 2: Right humeral head, Right Proximal humerus, Head of right humerus, Right glenohumeral head, 10: T1, First thoracic vertebra, T1 vertebral body, Upper thoracic vertebra]",5.77
gaussian_xyz/case-110869/case-110869_59.32335276833777_-136.29014935142894_-54.46455158141653.png,"[2: Right humeral head, 4: Right scapular inferior angle, 10: T1]",2.26
gaussian_xyz/case-110869/case-110869_106.74382654418855_-9.188604850157047_18.378596281539338.png,"[2: Right humeral head, 6: Right elbow, 11: Carina]",1.99
gaussian_xyz/case-110869/case-110869_-59.3602967941394_34.16785211811822_-152.29548334491088.png,"[6: Right elbow, 10: T1 vertebral body, 12: Right hemidiaphragm]",2.53
gaussian_xyz/case-110869/case-110869_170.13306780244454_60.30528459646789_-151.77107140586105.png,"[2: Right humeral head, 10: T1, 12: Right hemidiaphragm]",2.44
gaussian_xyz/case-110869/case-110869_-180.36844827841654_110.91025627743497_50.743644035565474.png,"[2: Right humeral head, 6: Right elbow, 10: T1]",1.99
gaussian_xyz/case-110869/case-110869_202.0698834177769_-4.024788446373176_-18.432930488081976.png,"[1: Skull, Cranium, Cranial vault, Calvarium, 2: Right humeral head, Right Proximal humerus, Head of right humerus, Right glenohumeral head, 10: T1, First thoracic vertebra, T1 vertebral body, Upper thoracic vertebra]",5.77
gaussian_xyz/case-110869/case-110869_61.69209270182637_26.05723939240608_-59.715287552051265.png,"[2: Right humeral head, 3: Left humeral head, 10: T1]",2.08
gaussian_xyz/case-110869/case-110869_-129.81557179848716_-21.683752569319697_52.54422646207241.png,"[1: Skull, Cranium, Cranial vault, Calvarium, 2: Right humeral head, Right Proximal humerus, Head of right humerus, Right glenohumeral head, 10: T1, First thoracic vertebra, T1 vertebral body, Upper thoracic vertebra]",5.77
gaussian_xyz/case-110869/case-110869_-134.58551575452438_-9.537068185051444_92.23603191753381.png,"[1: Skull, Cranium, Cranial vault, Calvarium, 2: Right humeral head, Right Proximal humerus, Head of right humerus, Right glenohumeral head, 10: T1, First thoracic vertebra, T1 vertebral body, Upper thoracic vertebra]",5.78
gaussian_xyz/case-110869/case-110869_185.37058074820374_-65.45986291575937_3.0573787388189384.png,"[1: Skull, Cranium, Cranial vault, Calvarium, 3: Left humeral head, Left Proximal humerus, Head of left humerus, Left glenohumeral head, 10: T1, First thoracic vertebra, T1 vertebral body, Upper thoracic vertebra]",6.21
gaussian_xyz/case-110869/case-110869_-214.2503916756287_16.34925123959809_-72.23877176654265.png,"[2: Right humeral head, 6: Right elbow, 10: T1]",1.98
gaussian_xyz/case-110869/case-110869_-56.725341431541835_31.324938086270805_141.7807465829363.png,"[2: Right humeral head, 6: Right elbow, 10: T1]",1.98
gaussian_xyz/case-110869/case-110869_-136.16520877368572_-77.26046374692628_141.43043321633172.png,"[6: Right elbow, 10: T1 vertebral body, 12: Right hemidiaphragm]",2.52
gaussian_xyz/case-110869/case-110869_160.2085209906652_98.33321492059423_83.59422752439889.png,"[2: Right humeral head, 6: Right elbow, 10: T1]",1.98
gaussian_xyz/case-110869/case-110869_195.2696451191843_-61.66932590258002_-14.364386808364147.png,"[1: Skull, Cranium, Cranial vault, Calvarium, 2: Right humeral head, Right Proximal humerus, Head of right humerus, Right glenohumeral head, 10: T1, First thoracic vertebra, T1 vertebral body, Upper thoracic vertebra]",5.76
gaussian_xyz/case-110869/case-110869_150.094212287311_-4.8385792217664205_-151.6689812212075.png,"[1: Skull, Cranium, Cranial vault, Calvarium, 10: T1, First thoracic vertebra, T1 vertebral body, Upper thoracic vertebra, 12: Right hemidiaphragm, Right Diaphragmatic dome, Right Diaphragmatic crus]",5.67
gaussian_xyz/case-110869/case-110869_80.31918108043868_-17.776793105599065_-75.54137609043437.png,"[11: Carina, 10: T1, 12: Right hemidiaphragm]",2.43
gaussian_xyz/case-110869/case-110869_-186.62658369814025_-12.970961670691029_113.35773595731968.png,"[1: Skull, Cranium, Cranial vault, Calvarium, 2: Right humeral head, Right Proximal humerus, Head of right humerus, Right glenohumeral head, 10: T1, First thoracic vertebra, T1 vertebral body, Upper thoracic vertebra]",5.76
gaussian_xyz/case-110869/case-110869_-141.1272144487113_54.722015331441476_-104.31150588236736.png,"[1: Skull, Cranium, Cranial vault, Calvarium, 2: Right humeral head, Right Proximal humerus, Head of right humerus, Right glenohumeral head, 10: T1, First thoracic vertebra, T1 vertebral body, Upper thoracic vertebra]",5.77
gaussian_xyz/case-110869/case-110869_55.00165040463952_61.469880641278_-79.09263842945856.png,"[2: Right humeral head, 6: Right elbow, 4: Right scapular inferior angle]",2.16
gaussian_xyz/case-110869/case-110869_68.65266734364405_-88.71420556244571_-10.783275361621586.png,"[2: Right humeral head, 3: Left humeral head, 10: T1]",2.07
gaussian_xyz/case-110869/case-110869_213.791622655629_-66.09902835536178_53.87323524728224.png,"[1: Skull, Cranium, Cranial vault, Calvarium, 2: Right humeral head, Right Proximal humerus, Head of right humerus, Right glenohumeral head, 10: T1, First thoracic vertebra, T1 vertebral body, Upper thoracic vertebra]",5.76
gaussian_xyz/case-110869/case-110869_-8.631502738428622_56.27647927892565_142.77287946618554.png,"[2: Right humeral head, 4: Right scapular inferior angle, 10: T1]",2.26
gaussian_xyz/case-110869/case-110869_25.668568304064365_50.86939370143657_-124.32993175921474.png,"[2: Right humeral head, 6: Right elbow, 10: T1]",1.98
gaussian_xyz/case-110869/case-110869_145.87479282676708_-86.02138433517821_57.96840106708861.png,"[1: Skull, Cranium, Cranial vault, Calvarium, 2: Right humeral head, Right Proximal humerus, Head of right humerus, Right glenohumeral head, 10: T1, First thoracic vertebra, T1 vertebral body, Upper thoracic vertebra]",5.76
gaussian_xyz/case-110869/case-110869_-144.0483358012231_17.72937668444721_30.068141880453908.png,"[1: Skull, Cranium, Cranial vault, Calvarium, 2: Right humeral head, Right Proximal humerus, Head of right humerus, Right glenohumeral head, 10: T1, First thoracic vertebra, T1 vertebral body, Upper thoracic vertebra]",5.76
gaussian_xyz/case-110869/case-110869_20.955403195305195_58.26033153377747_90.7358281147304.png,"[2: Right humeral head, 4: Right scapular inferior angle, 6: Right elbow]",2.16
gaussian_xyz/case-110869/case-110869_186.9691777862693_-1.1309459527779437_1.4208301702393253.png,"[1: Skull, Cranium, Cranial vault, Calvarium, 6: Right elbow, Right olecranon, Right Cubital joint, Right Elbow joint, 10: T1, First thoracic vertebra, T1 vertebral body, Upper thoracic vertebra]",5.22
gaussian_xyz/case-110869/case-110869_150.75792917368642_32.730122761686296_-74.50342291068235.png,"[2: Right humeral head, 6: Right elbow, 10: T1]",1.98
gaussian_xyz/case-110869/case-110869_204.25267732021314_-62.32383801807776_-211.63650877157764.png,"[1: Skull, Cranium, Cranial vault, Calvarium, 2: Right humeral head, Right Proximal humerus, Head of right humerus, Right glenohumeral head, 10: T1, First thoracic vertebra, T1 vertebral body, Upper thoracic vertebra]",5.76
gaussian_xyz/case-110869/case-110869_109.38751564779449_-26.42432046467932_-133.10161844177452.png,"[2: Right humeral head, 3: Left humeral head, 10: T1]",2.07
gaussian_xyz/case-110869/case-110869_-59.03095137722667_15.620225081971624_-10.342351833526516.png,"[10: T1 vertebral body, 11: Carina, 6: Right elbow]",2.17
gaussian_xyz/case-110869/case-110869_110.61128081734836_58.95183723364121_-23.04000260858201.png,"[2: Right humeral head, 4: Right scapular inferior angle, 6: Right elbow]",2.16
gaussian_xyz/case-110869/case-110869_7.5202930618243045_54.045018401330566_31.067835835236362.png,"[2: Right humeral head, 6: Right elbow, 10: T1]",1.99
gaussian_xyz/case-110869/case-110869_138.70124902895049_-37.51299204423427_1.564037746815242.png,"[6: Right elbow, 10: T1, 12: Right hemidiaphragm]",2.34
gaussian_xyz/case-110869/case-110869_-116.68704042301316_70.75049052384836_40.98409728406146.png,"[6: Right elbow, 10: T1, 12: Right hemidiaphragm]",2.35
gaussian_xyz/case-110869/case-110869_-213.53348188789855_-32.35039387200268_21.086490520916755.png,"[6: Right elbow, 10: T1, 12: Right hemidiaphragm]",2.35
gaussian_xyz/case-110869/case-110869_-203.28025288017207_15.495067841977297_-28.4805368941753.png,"[10: T1 vertebral body, 11: Carina, 12: Right hemidiaphragm]",2.61
gaussian_xyz/case-110869/case-110869_-46.15604134055249_-32.82593263527144_114.72876266364061.png,"[2: Right humeral head, 4: Right scapular inferior angle, 6: Right elbow]",2.17
gaussian_xyz/case-110869/case-110869_-6.12438699856952_-4.805024668103586_-177.2196635115389.png,"[2: Right humeral head, 6: Right elbow, 10: T1]",1.98
gaussian_xyz/case-110869/case-110869_-191.62543485438286_25.820966847246883_-43.61088452334724.png,"[10: T1 vertebral body, 11: Carina, 6: Right elbow]",2.16
gaussian_xyz/case-110869/case-110869_-18.526257628075655_-36.80447965755529_-11.621907751005535.png,"[2: Right humeral head, 6: Right elbow, 10: T1]",1.98
gaussian_xyz/case-110869/case-110869_-39.41913232109013_58.238847617067776_103.38354198304852.png,"[2: Right humeral head, 6: Right elbow, 10: T1]",1.99
gaussian_xyz/case-110869/case-110869_-92.24091009092751_24.527242870401295_-150.55207924725607.png,"[6: Right elbow, 10: T1, 12: Right hemidiaphragm]",2.35
gaussian_xyz/case-110869/case-110869_-109.55718102910326_35.38830650204172_-49.889854453036556.png,"[10: T1 vertebral body, 11: Carina, 12: Right hemidiaphragm]",2.62
gaussian_xyz/case-110869/case-110869_70.75640228037696_129.26666601629964_103.02598499709559.png,"[2: Right humeral head, 4: Right scapular inferior angle, 6: Right elbow]",2.17
gaussian_xyz/case-110869/case-110869_67.90791545947945_-26.26318786855566_90.6431872133503.png,"[6: Right elbow, 11: Carina, 10: T1]",1.98
gaussian_xyz/case-110869/case-110869_149.15585086716737_-86.86820662159577_-218.7012053532756.png,"[2: Right humeral head, 3: Left humeral head, 10: T1]",2.07
gaussian_xyz/case-110869/case-110869_53.66459049238381_-4.858519992715821_20.468326640246122.png,"[11: Carina, 10: T1, 12: Right hemidiaphragm]",2.44
gaussian_xyz/case-110869/case-110869_-213.81389292147912_99.00659031774103_-176.9176963838541.png,"[2: Right humeral head, 3: Left scapular inferior angle, 10: T1]",2.25
gaussian_xyz/case-110869/case-110869_99.34433322318768_-58.31713681499876_247.49389022642654.png,"[2: Right humeral head, 3: Left humeral head, 10: T1]",2.08
gaussian_xyz/case-110869/case-110869_119.27232884702835_60.46651532550389_-57.790754465581315.png,"[2: Right humeral head, 4: Right scapular inferior angle, 10: T1]",2.26
gaussian_xyz/case-110869/case-110869_72.47480208351931_-62.26652771855723_98.77140456979608.png,"[2: Right humeral head, 3: Left humeral head, 10: T1]",2.07
gaussian_xyz/case-110869/case-110869_-84.48155316931275_-16.754226966240754_-141.12364608943003.png,"[2: Right humeral head, 6: Right elbow, 10: T1]",1.98
gaussian_xyz/case-110869/case-110869_185.70538647301322_-39.98405528342261_219.3241339123528.png,"[1: Skull, Cranium, Cranial vault, Calvarium, 2: Right humeral head, Right Proximal humerus, Head of right humerus, Right glenohumeral head, 10: T1, First thoracic vertebra, T1 vertebral body, Upper thoracic vertebra]",5.76
gaussian_xyz/case-110869/case-110869_-119.33977144707276_-18.624044049061173_0.4712657955787273.png,"[2: Right humeral head, 6: Right elbow, 10: T1]",1.99
gaussian_xyz/case-110869/case-110869_-104.72531237624221_-151.35006876635026_28.379656181038754.png,"[2: Right humeral head, 6: Right elbow, 10: T1]",1.98
gaussian_xyz/case-110869/case-110869_-46.11746611809889_-35.14358568850664_-146.87688078308565.png,"[2: Right humeral head, 6: Right elbow, 10: T1]",1.98
gaussian_xyz/case-110869/case-110869_-144.4854871578553_18.155799490967585_-1.192042055214881.png,"[1: Skull, Cranium, Cranial vault, Calvarium, 2: Right humeral head, Right Proximal humerus, Head of right humerus, Right glenohumeral head, 10: T1, First thoracic vertebra, T1 vertebral body, Upper thoracic vertebra]",5.76
gaussian_xyz/case-110869/case-110869_46.60622920481484_-0.005619301859353542_-101.53163250793091.png,"[11: Carina, 10: T1, 12: Right hemidiaphragm]",2.43
gaussian_xyz/case-110869/case-110869_-196.76949261131182_32.1839862458688_36.89522914002331.png,"[2: Right proximal humerus, 6: Right elbow, 10: T1]",2.07
gaussian_xyz/case-110869/case-110869_12.973828003871404_44.49722688520711_-51.284061721302756.png,"[2: Right humeral head, 6: Right elbow, 10: T1]",1.98
gaussian_xyz/case-110869/case-110869_31.90629829098404_-39.98481890206053_29.314890920790525.png,"[2: Right humeral head, 6: Right elbow, 10: T1]",1.99
gaussian_xyz/case-110869/case-110869_50.49833820599616_36.9122152507837_41.09477139111231.png,"[2: Right humeral head, 3: Left humeral head, 10: T1]",2.08
gaussian_xyz/case-110869/case-110869_-5.553056271648387_-60.5637833561588_-152.74766764272738.png,"[2: Right humeral head, 4: Right scapular inferior angle, 6: Right elbow]",2.16
gaussian_xyz/case-110869/case-110869_116.5141431532922_-14.151072549217584_69.03460162179259.png,"[1: Skull, Cranium, Cranial vault, Calvarium, 10: T1 vertebral body, 11: Carina, Tracheal bifurcation, Tracheal carina]",3.79
gaussian_xyz/case-110869/case-110869_211.58503051139502_-34.75489880031916_26.83905581315692.png,"[1: Skull, Cranium, Cranial vault, Calvarium, 2: Right humeral head, Right Proximal humerus, Head of right humerus, Right glenohumeral head, 10: T1, First thoracic vertebra, T1 vertebral body, Upper thoracic vertebra]",5.77
gaussian_xyz/case-110869/case-110869_148.01503794757963_63.36088977314726_-0.4526699690115818.png,"[2: Right humeral head, 4: Right scapular inferior angle, 10: T1]",2.25
gaussian_xyz/case-110869/case-110869_112.69238104114908_-44.801383026983494_41.536328969640685.png,"[2: Right humeral head, 3: Left humeral head, 10: T1]",2.07
gaussian_xyz/case-110869/case-110869_-81.94251007826136_4.795494583550863_-13.368275713974285.png,"[6: Right elbow, 10: T1, 12: Right hemidiaphragm]",2.35
gaussian_xyz/case-110869/case-110869_-32.790993011444556_-7.97078107889604_7.903492077032069.png,"[11: Carina, 10: T1, 12: Right hemidiaphragm]",2.43
gaussian_xyz/case-110869/case-110869_204.6807179101861_37.36619867485763_187.60368394114906.png,"[1: Skull, Cranium, Cranial vault, Calvarium, 6: Right elbow, Right olecranon, Right Cubital joint, Right Elbow joint, 10: T1, First thoracic vertebra, T1 vertebral body, Upper thoracic vertebra]",5.23
gaussian_xyz/case-110869/case-110869_-188.50455863554595_65.18166233884867_-109.47196471555985.png,"[6: Right elbow, 10: T1, 12: Right hemidiaphragm]",2.35
gaussian_xyz/case-110869/case-110869_186.5825152205117_21.801267226117968_44.48292545522724.png,"[1: Skull, Cranium, Cranial vault, Calvarium, 6: Right elbow, Right olecranon, Right Cubital joint, Right Elbow joint, 10: T1, First thoracic vertebra, T1 vertebral body, Upper thoracic vertebra]",5.23
gaussian_xyz/case-110869/case-110869_212.7066105720022_30.704059750470808_-201.05656881336293.png,"[1: Skull, Cranium, Cranial vault, Calvarium, 2: Right humeral head, Right Proximal humerus, Head of right humerus, Right glenohumeral head, 6: Right elbow, Right olecranon, Right Cubital joint, Right Elbow joint]",5.77
gaussian_xyz/case-110869/case-110869_65.1162946300422_3.1030572809565453_-148.88575163342153.png,"[6: Right elbow, 11: Carina, 10: T1]",1.99
gaussian_xyz/case-110869/case-110869_117.29907939238495_8.24443971745186_42.88113911316122.png,"[2: Right humeral head, 6: Right elbow, 10: T1]",1.99
gaussian_xyz/case-110869/case-110869_-130.81481614104484_31.568277543087632_-225.3841851324844.png,"[2: Right humeral head, 6: Right elbow, 10: T1]",1.98
gaussian_xyz/case-111039/case-111039_-34.920844414552136_-50.652957631361346_4.210060538062725.png,"[2: Right humeral head, 6: Right elbow, 10: T1]",1.99
gaussian_xyz/case-111039/case-111039_139.13568964375378_-7.358671361493341_101.22662524069395.png,"[1: Skull, Cranium, Cranial vault, Calvarium, 6: Right elbow, Right olecranon, Right Cubital joint, Right Elbow joint, 11: Carina, Tracheal bifurcation, Tracheal carina]",4.79
gaussian_xyz/case-111039/case-111039_-183.22194116151294_-4.05084656699196_61.79484293439624.png,"[6: Right elbow, 2: Right humeral head, 10: T1]",1.98
gaussian_xyz/case-111039/case-111039_-130.13186346307305_-5.354858511649362_-50.51212061809144.png,"[2: Right humeral head, 6: Right elbow, 10: T1]",1.99
gaussian_xyz/case-111039/case-111039_92.28778033552561_17.992066113755495_-155.64517244287453.png,"[1: Skull, Cranium, Cranial vault, Calvarium, 6: Right elbow, Right olecranon, Right Cubital joint, Right Elbow joint, 10: T1, First thoracic vertebra, T1 vertebral body, Upper thoracic vertebra]",5.23
gaussian_xyz/case-111039/case-111039_-15.11965754780121_-5.602188091105096_-88.6774043497738.png,"[2: Right humeral head, 6: Right elbow, 10: T1]",1.99
gaussian_xyz/case-111039/case-111039_-14.921863444635875_29.70960295033207_-37.23499211877181.png,"[11: Carina, 10: T1, 12: Right hemidiaphragm]",2.44
gaussian_xyz/case-111039/case-111039_109.26217611583843_-12.585501410032093_111.19919124641578.png,"[1: Skull, Cranium, Cranial vault, Calvarium, 2: Right humeral head, Right Proximal humerus, Head of right humerus, Right glenohumeral head, 10: T1, First thoracic vertebra, T1 vertebral body, Upper thoracic vertebra]",5.76
gaussian_xyz/case-111039/case-111039_88.74843846515967_-16.342735533472617_-113.5888735477192.png,"[1: Skull, Cranium, Cranial vault, Calvarium, 3: Left humeral head, Left Proximal humerus, Head of left humerus, Left glenohumeral head, 10: T1, First thoracic vertebra, T1 vertebral body, Upper thoracic vertebra]",5.76
gaussian_xyz/case-111039/case-111039_-116.98559657269526_26.241165345274908_-57.177889719923684.png,"[6: Right elbow, 2: Right humeral head, 10: T1]",1.98
gaussian_xyz/case-111039/case-111039_-185.31644097594702_24.381537412725617_13.810343186571997.png,"[6: Right elbow, 2: Right humeral head, 4: Right scapular inferior angle]",2.16
gaussian_xyz/case-111039/case-111039_156.9936277825421_8.8771484062277_-24.443261105595187.png,"[1: Skull, Cranium, Cranial vault, Calvarium, 6: Right elbow, Right olecranon, Right Cubital joint, Right Elbow joint, 10: T1, First thoracic vertebra, T1 vertebral body, Upper thoracic vertebra]",5.22
gaussian_xyz/case-111039/case-111039_55.31007612692767_-5.741449812307629_-63.67229261252877.png,"[1: Skull, Cranium, Cranial vault, Calvarium, 10: T1, First thoracic vertebra, T1 vertebral body, Upper thoracic vertebra, 11: Carina, Tracheal bifurcation, Tracheal carina]",4.77
gaussian_xyz/case-111039/case-111039_37.488278382942326_99.13499286139351_212.35669792603.png,"[2: Right humeral head, 4: Right scapular inferior angle, 6: Right elbow]",2.16
gaussian_xyz/case-111039/case-111039_-48.56517614970622_14.27950052749652_38.32887102667208.png,"[2: Right humeral head, 6: Right elbow, 10: T1]",1.98
gaussian_xyz/case-111039/case-111039_146.1521067953268_13.487582452422837_124.97903154174304.png,"[1: Skull, Cranium, Cranial vault, Calvarium, 2: Right humeral head, Right Proximal humerus, Head of right humerus, Right glenohumeral head, 10: T1, First thoracic vertebra, T1 vertebral body, Upper thoracic vertebra]",5.76
gaussian_xyz/case-111039/case-111039_151.7590045298776_30.553610973963636_74.85388488951544.png,"[1: Skull, Cranium, Cranial vault, Calvarium, 6: Right elbow, Right olecranon, Right Cubital joint, Right Elbow joint, 11: Carina, Tracheal bifurcation, Tracheal carina]",4.77
gaussian_xyz/case-111039/case-111039_104.71625393761866_20.277789148119105_-49.0650080869491.png,"[1: Skull, Cranium, Cranial vault, Calvarium, 6: Right elbow, Right olecranon, Right Cubital joint, Right Elbow joint, 11: Carina, Tracheal bifurcation, Tracheal carina]",4.77
gaussian_xyz/case-111039/case-111039_-83.85356516273002_-30.457000566170304_-5.47619950246165.png,"[6: Right elbow, 8: Right wrist, 10: T1]",1.89
gaussian_xyz/case-111039/case-111039_-65.6786740478249_0.7907513051368166_-56.39293795543844.png,"[6: Right elbow, 10: T1 vertebral body, 12: Right hemidiaphragm]",2.52
gaussian_xyz/case-111039/case-111039_-73.66988322488363_3.8330714030209423_-181.31994386028947.png,"[6: Right elbow, 8: Right wrist, 10: T1]",1.9
gaussian_xyz/case-111039/case-111039_80.23393653407732_-36.57045922435958_105.67485227190967.png,"[1: Skull, Cranium, Cranial vault, Calvarium, 2: Right humeral head, Right Proximal humerus, Head of right humerus, Right glenohumeral head, 6: Right elbow, Right olecranon, Right Cubital joint, Right Elbow joint]",5.76
gaussian_xyz/case-111039/case-111039_179.96354834685417_-76.01561688691595_116.47395040611457.png,"[1: Skull, Cranium, Cranial vault, Calvarium, 2: Right humeral head, Right Proximal humerus, Head of right humerus, Right glenohumeral head, 10: T1, First thoracic vertebra, T1 vertebral body, Upper thoracic vertebra]",5.76
gaussian_xyz/case-111039/case-111039_88.37514501057859_67.31571055928848_188.74850454452482.png,"[2: Right humeral head, 1: Skull, Cranium, Cranial vault, Calvarium, 10: T1, First thoracic vertebra, T1 vertebral body, Upper thoracic vertebra]",4.05
gaussian_xyz/case-111039/case-111039_-71.25237514430485_39.157995820088004_132.15019812276861.png,"[2: Right humeral head, 6: Right elbow, 10: T1]",1.98
gaussian_xyz/case-111039/case-111039_-36.2425709572627_62.46388391058414_190.02973072110169.png,"[2: Right humeral head, 4: Right scapular inferior angle, 10: T1]",2.26
gaussian_xyz/case-111039/case-111039_170.352378749989_50.8366194577258_-11.036826961155686.png,"[1: Skull, Cranium, Cranial vault, Calvarium, 2: Right humeral head, Right Proximal humerus, Head of right humerus, Right glenohumeral head, 10: T1, First thoracic vertebra, T1 vertebral body, Upper thoracic vertebra]",5.76
gaussian_xyz/case-111039/case-111039_29.339900261611973_68.17747021009845_-66.37697829997286.png,"[2: Right humeral head, 6: Right elbow, 4: Right scapular inferior angle]",2.16
gaussian_xyz/case-111039/case-111039_71.10646747061918_15.518851747406137_-59.40638063300581.png,"[1: Skull, Cranium, Cranial vault, Calvarium, 10: T1, First thoracic vertebra, T1 vertebral body, Upper thoracic vertebra, 11: Carina, Tracheal bifurcation, Tracheal carina]",4.77
gaussian_xyz/case-111039/case-111039_66.71517515052261_-27.68802067573026_-75.71606918001824.png,"[1: Skull, Cranium, Cranial vault, Calvarium, 2: Right humeral head, Right Proximal humerus, Head of right humerus, Right glenohumeral head, 6: Right elbow, Right olecranon, Right Cubital joint, Right Elbow joint]",5.76
gaussian_xyz/case-111039/case-111039_-137.30911300787534_-26.175550674186493_24.17146159717284.png,"[6: Right elbow, 10: T1, 12: Right hemidiaphragm]",2.34
gaussian_xyz/case-111039/case-111039_178.713678573199_13.208572665136085_-39.55009025895166.png,"[1: Skull, Cranium, Cranial vault, Calvarium, 6: Right elbow, Right olecranon, Right Cubital joint, Right Elbow joint, 10: T1, First thoracic vertebra, T1 vertebral body, Upper thoracic vertebra]",5.22
gaussian_xyz/case-111039/case-111039_-52.244370214643055_22.458981006181453_-13.41094388913969.png,"[2: Right humeral head, 6: Right elbow, 10: T1]",1.98
gaussian_xyz/case-111039/case-111039_-72.30251999421583_59.019304929143075_57.32839703549244.png,"[2: Right humeral head, 6: Right elbow, 10: T1]",1.98
gaussian_xyz/case-111039/case-111039_50.32412966104769_-33.744070139778664_10.371903029464953.png,"[2: Right humeral head, 3: Left humeral head, 10: T1]",2.07
gaussian_xyz/case-111039/case-111039_-18.023432173557126_112.75655435649955_-11.688298600835115.png,"[2: Right humeral head, 4: Right scapular inferior angle, 6: Right elbow]",2.16
gaussian_xyz/case-111039/case-111039_-33.676177790950504_21.30874191157597_-81.95120826335133.png,"[2: Right humeral head, 6: Right elbow, 10: T1]",1.98
gaussian_xyz/case-111039/case-111039_-158.67601033402215_-62.07179433527027_90.4123744057889.png,"[6: Right elbow, 10: T1, 11: Carina]",1.98
gaussian_xyz/case-111039/case-111039_-105.94403705277493_-21.259601458922464_-187.33440721363093.png,"[6: Right elbow, 8: Right wrist, 10: T1]",1.9
gaussian_xyz/case-111039/case-111039_108.53844797411102_-40.26894317567173_-230.91860162604382.png,"[1: Skull, Cranium, Cranial vault, Calvarium, 2: Right humeral head, Right Proximal humerus, Head of right humerus, Right glenohumeral head, 10: T1, First thoracic vertebra, T1 vertebral body, Upper thoracic vertebra]",6.21
gaussian_xyz/case-111039/case-111039_174.98694288461667_38.59819314405651_-161.87294870166977.png,"[1: Skull, Cranium, Cranial vault, Calvarium, 2: Right humeral head, Right Proximal humerus, Head of right humerus, Right glenohumeral head, 10: T1, First thoracic vertebra, T1 vertebral body, Upper thoracic vertebra]",5.75
gaussian_xyz/case-111039/case-111039_98.91890408812719_-18.796061099503273_111.00322868564822.png,"[1: Skull, Cranium, Cranial vault, Calvarium, 3: Left humeral head, Left Proximal humerus, Head of left humerus, Left glenohumeral head, 10: T1, First thoracic vertebra, T1 vertebral body, Upper thoracic vertebra]",5.74
gaussian_xyz/case-111039/case-111039_-31.30680897048748_-58.55408051370797_-111.70870503225593.png,"[2: Right humeral head, 6: Right elbow, 10: T1]",1.98
gaussian_xyz/case-111039/case-111039_-46.54070300971253_58.774844866039075_12.786247659199447.png,"[2: Right humeral head, 6: Right elbow, 4: Right scapular inferior angle]",2.16
gaussian_xyz/case-111039/case-111039_-62.728407894925_-67.3218719622731_-14.547346776509437.png,"[2: Right proximal humerus, 6: Right elbow, 10: T1]",2.07
gaussian_xyz/case-111039/case-111039_-85.25038926816839_48.847477823174835_58.16345140602538.png,"[2: Right proximal humerus, 6: Right elbow, 10: T1]",2.07
gaussian_xyz/case-111039/case-111039_-30.532764266876995_74.49381696390515_17.476733796806442.png,"[1: Skull, Cranium, Cranial vault, Calvarium, 2: Right humeral head, Right Proximal humerus, Head of right humerus, Right glenohumeral head, 10: T1, First thoracic vertebra, T1 vertebral body, Upper thoracic vertebra]",5.75
gaussian_xyz/case-111039/case-111039_14.01983576705311_-31.70717860360545_5.997736076253043.png,"[2: Right humeral head, 6: Right elbow, 10: T1]",1.98
gaussian_xyz/case-111039/case-111039_161.69394314578165_-89.50866793261736_134.86736444667227.png,"[1: Skull, Cranium, Cranial vault, Calvarium, 6: Right elbow, Right olecranon, Right Cubital joint, Right Elbow joint, 10: T1, First thoracic vertebra, T1 vertebral body, Upper thoracic vertebra]",5.21
gaussian_xyz/case-111039/case-111039_138.26604189816686_-1.8750460208029895_-82.10393333610672.png,"[1: Skull, Cranium, Cranial vault, Calvarium, 10: T1, First thoracic vertebra, T1 vertebral body, Upper thoracic vertebra, 11: Carina, Tracheal bifurcation, Tracheal carina]",4.76
gaussian_xyz/case-111039/case-111039_66.88864780583219_-46.37887949812561_-14.735671550840712.png,"[1: Skull, Cranium, Cranial vault, Calvarium, 2: Right humeral head, Right Proximal humerus, Head of right humerus, Right glenohumeral head, 6: Right elbow, Right olecranon, Right Cubital joint, Right Elbow joint]",5.76
gaussian_xyz/case-111039/case-111039_175.49095375371923_-60.67213582676389_-5.870959885820602.png,"[1: Skull, Cranium, Cranial vault, Calvarium, 2: Right humeral head, Right Proximal humerus, Head of right humerus, Right glenohumeral head, 10: T1, First thoracic vertebra, T1 vertebral body, Upper thoracic vertebra]",5.75
gaussian_xyz/case-111039/case-111039_-137.76433561558733_-88.86806875541266_-100.495153018137.png,"[2: Right humeral head, 6: Right elbow, 10: T1]",1.98
gaussian_xyz/case-111039/case-111039_-114.54106598890678_35.99334076626272_14.202406965847377.png,"[2: Right humeral head, 6: Right elbow, 10: T1]",1.98
gaussian_xyz/case-111039/case-111039_133.91119783094905_-8.444948840516918_328.89814813974215.png,"[1: Skull, Cranium, Cranial vault, Calvarium, 6: Right elbow, Right olecranon, Right Cubital joint, Right Elbow joint, 10: T1, First thoracic vertebra, T1 vertebral body, Upper thoracic vertebra]",5.21
gaussian_xyz/case-111039/case-111039_-156.70854883989688_-77.66577718726143_236.7307248000131.png,"[2: Right humeral head, 6: Right elbow, 10: T1]",1.98
gaussian_xyz/case-111039/case-111039_97.70554148821009_-41.80235509094562_9.067064688465432.png,"[1: Skull, Cranium, Cranial vault, Calvarium, 2: Right humeral head, Right Proximal humerus, Head of right humerus, Right glenohumeral head, 6: Right elbow, Right olecranon, Right Cubital joint, Right Elbow joint]",5.75
gaussian_xyz/case-111039/case-111039_-21.178490900604572_66.52657548495722_65.70562496412892.png,"[2: Right humeral head, 3: Left humeral head, 6: Right elbow]",1.98
gaussian_xyz/case-111039/case-111039_178.72621970834706_38.67226162777115_-12.709582409221065.png,"[1: Skull, Cranium, Cranial vault, Calvarium, 2: Right humeral head, Right Proximal humerus, Head of right humerus, Right glenohumeral head, 10: T1, First thoracic vertebra, T1 vertebral body, Upper thoracic vertebra]",5.76
gaussian_xyz/case-111039/case-111039_55.27783605044053_13.000228417219077_142.0185754898862.png,"[1: Skull, Cranium, Cranial vault, Calvarium, 11: Carina, Tracheal bifurcation, Tracheal carina, 10: T1, First thoracic vertebra, T1 vertebral body, Upper thoracic vertebra]",4.76
gaussian_xyz/case-111039/case-111039_68.69698352025716_-0.22197580168971032_-97.68150998977266.png,"[1: Skull, Cranium, Cranial vault, Calvarium, 11: Carina, Tracheal bifurcation, Tracheal carina, 10: T1, First thoracic vertebra, T1 vertebral body, Upper thoracic vertebra]",4.76
gaussian_xyz/case-111039/case-111039_7.192062621812482_-29.86384580988582_-194.45102591353708.png,"[11: Carina, 6: Right elbow, 10: T1]",1.98
gaussian_xyz/case-111039/case-111039_109.51481631794917_-24.366143694728564_15.1288719077107.png,"[1: Skull, Cranium, Cranial vault, Calvarium, 6: Right elbow, Right olecranon, Right Cubital joint, Right Elbow joint, 10: T1, First thoracic vertebra, T1 vertebral body, Upper thoracic vertebra]",5.22
gaussian_xyz/case-111039/case-111039_-67.29486619048394_-73.95289389113039_105.69596349400608.png,"[6: Right elbow, 2: Right humeral head, 10: T1]",1.99
gaussian_xyz/case-111039/case-111039_118.20970146165291_60.73590607982108_42.743350916961546.png,"[1: Skull, Cranium, Cranial vault, Calvarium, 2: Right humeral head, Right Proximal humerus, Head of right humerus, Right glenohumeral head, 6: Right elbow, Right olecranon, Right Cubital joint, Right Elbow joint]",5.77
gaussian_xyz/case-111039/case-111039_-179.37708401502823_-2.9060696154245518_-42.98302699044778.png,"[2: Right humeral head, 6: Right elbow, 10: T1]",1.99
gaussian_xyz/case-111039/case-111039_94.38733811215297_-99.81504984108118_81.45089018580833.png,"[1: Skull, Cranium, Cranial vault, Calvarium, 2: Right humeral head, Right Proximal humerus, Head of right humerus, Right glenohumeral head, 6: Right elbow, Right olecranon, Right Cubital joint, Right Elbow joint]",5.76
gaussian_xyz/case-111039/case-111039_-178.56659266930092_70.32911665527713_26.501843702093037.png,"[6: Right elbow, 2: Right humeral head, 10: T1]",1.99
gaussian_xyz/case-111039/case-111039_-124.78972571783349_42.22692669659238_-35.60978967077284.png,"[6: Right elbow, 2: Right humeral head, 10: T1]",1.98
gaussian_xyz/case-111039/case-111039_-13.97349644218076_-9.144213235805438_-178.08012835497541.png,"[2: Right humeral head, 6: Right elbow, 10: T1]",1.99
gaussian_xyz/case-111039/case-111039_-1.6262161742170065_-3.9018573431713537_-44.50057665813916.png,"[6: Right elbow, 10: T1, 11: Carina]",1.99
gaussian_xyz/case-111039/case-111039_-5.333820966666565_-36.23832009573696_-66.63108807153831.png,"[2: Right humeral head, 6: Right elbow, 10: T1]",1.99
gaussian_xyz/case-111039/case-111039_-126.1711054709961_-69.57790224246173_-16.79096455488592.png,"[2: Right humeral head, 6: Right elbow, 10: T1]",1.99
gaussian_xyz/case-111039/case-111039_171.63759677559852_20.19272840484693_35.82032986452189.png,"[1: Skull, Cranium, Cranial vault, Calvarium, 6: Right elbow, Right olecranon, Right Cubital joint, Right Elbow joint, 10: T1, First thoracic vertebra, T1 vertebral body, Upper thoracic vertebra]",5.24
gaussian_xyz/case-111039/case-111039_72.51373004206545_-28.89023690852791_-31.63704877714742.png,"[1: Skull, Cranium, Cranial vault, Calvarium, 2: Right humeral head, Right Proximal humerus, Head of right humerus, Right glenohumeral head, 10: T1, First thoracic vertebra, T1 vertebral body, Upper thoracic vertebra]",5.77
gaussian_xyz/case-111039/case-111039_70.9005155688854_17.951010484448815_143.91764100388346.png,"[1: Skull, Cranium, Cranial vault, Calvarium, 3: Left humeral head, Left Proximal humerus, Head of left humerus, Left glenohumeral head, 10: T1, First thoracic vertebra, T1 vertebral body, Upper thoracic vertebra]",5.77
gaussian_xyz/case-111039/case-111039_30.948480825435126_32.84112095093133_65.17585690501477.png,"[1: Skull, Cranium, Cranial vault, Calvarium, 2: Right humeral head, Right Proximal humerus, Head of right humerus, Right glenohumeral head, 10: T1, First thoracic vertebra, T1 vertebral body, Upper thoracic vertebra]",5.76
gaussian_xyz/case-111039/case-111039_-87.10963180493097_-11.820231000920293_11.540872870924494.png,"[10: T1 vertebral body, 11: Carina, 6: Right elbow]",2.17
gaussian_xyz/case-111039/case-111039_93.02306740531179_-53.933577583030456_174.00590424555241.png,"[1: Skull, Cranium, Cranial vault, Calvarium, 2: Right humeral head, Right Proximal humerus, Head of right humerus, Right glenohumeral head, 10: T1, First thoracic vertebra, T1 vertebral body, Upper thoracic vertebra]",5.77
gaussian_xyz/case-111039/case-111039_-187.10981096899454_23.844504180704707_-16.31045670934937.png,"[6: Right elbow, 10: T1, 12: Right hemidiaphragm]",2.35
gaussian_xyz/case-111039/case-111039_-99.2646605102221_113.53719836494372_-297.50884831935633.png,"[2: Right humeral head, 6: Right elbow, 8: Right wrist]",1.9
gaussian_xyz/case-111039/case-111039_107.06489229933015_-36.942050965594014_119.77363754781783.png,"[1: Skull, Cranium, Cranial vault, Calvarium, 2: Right humeral head, Right Proximal humerus, Head of right humerus, Right glenohumeral head, 6: Right elbow, Right olecranon, Right Cubital joint, Right Elbow joint]",5.78
gaussian_xyz/case-111039/case-111039_57.994359082700015_39.419180759155054_9.338267043579945.png,"[1: Skull, Cranium, Cranial vault, Calvarium, 6: Right elbow, Right olecranon, Right Cubital joint, Right Elbow joint, 11: Carina, Tracheal bifurcation, Tracheal carina]",4.79
gaussian_xyz/case-111039/case-111039_156.34423883832312_-48.65690647680573_191.68958765120112.png,"[1: Skull, Cranium, Cranial vault, Calvarium, 2: Right humeral head, Right Proximal humerus, Head of right humerus, Right glenohumeral head, 10: T1, First thoracic vertebra, T1 vertebral body, Upper thoracic vertebra]",5.78
gaussian_xyz/case-111039/case-111039_-130.66726113925526_17.802148513253066_83.5992682012599.png,"[2: Right humeral head, 6: Right elbow, 10: T1]",2.0
gaussian_xyz/case-111039/case-111039_55.549589752596546_1.942885538396612_17.925605853737867.png,"[1: Skull, Cranium, Cranial vault, Calvarium, 10: T1 vertebral body, T1 vertebral body, Upper thoracic vertebra, 12: Right hemidiaphragm, Right Diaphragmatic dome, Right Diaphragmatic crus]",5.51
gaussian_xyz/case-111039/case-111039_-118.93857683003098_-8.013909426852488_127.92057610495841.png,"[2: Right humeral head, 6: Right elbow, 10: T1]",1.99
gaussian_xyz/case-111039/case-111039_-88.19641568691038_4.2488488918346565_-112.29268579956442.png,"[2: Right humeral head, 6: Right elbow, 10: T1]",1.99
gaussian_xyz/case-111039/case-111039_-79.1708821922095_-41.19636589222239_84.61195191698498.png,"[2: Right humeral head, 6: Right elbow, 10: T1]",1.99
gaussian_xyz/case-111039/case-111039_-1.3068403532351738_13.359600981284212_12.114612695645805.png,"[11: Carina, 10: T1, 6: Right elbow]",1.99
gaussian_xyz/case-111039/case-111039_-165.65620952228326_-17.24965902685739_-68.68620073528427.png,"[11: Carina, 10: T1, 3: Left humeral head]",2.08
gaussian_xyz/case-111039/case-111039_186.7756481652214_16.431869543880772_-89.75937310458266.png,"[1: Skull, Cranium, Cranial vault, Calvarium, 6: Right elbow, Right olecranon, Right Cubital joint, Right Elbow joint, 10: T1, First thoracic vertebra, T1 vertebral body, Upper thoracic vertebra]",5.23
gaussian_xyz/case-111039/case-111039_-48.21129048109188_64.07083400354608_91.8579525945704.png,"[2: Right humeral head, 6: Right elbow, 10: T1]",1.99
gaussian_xyz/case-111039/case-111039_25.530462951333675_57.39045301310227_60.025680454026286.png,"[2: Right humeral head, 3: Left humeral head, 10: T1]",2.08
gaussian_xyz/case-111039/case-111039_45.023320167063844_-49.91438033858909_123.7166066483089.png,"[1: Skull, Cranium, Cranial vault, Calvarium, 2: Right humeral head, Right Proximal humerus, Head of right humerus, Right glenohumeral head, 10: T1, First thoracic vertebra, T1 vertebral body, Upper thoracic vertebra]",5.77
gaussian_xyz/case-111039/case-111039_139.09912651580112_17.531703117928345_27.05771574507151.png,"[1: Skull, Cranium, Cranial vault, Calvarium, 6: Right elbow, Right olecranon, Right Cubital joint, Right Elbow joint, 11: Carina, Tracheal bifurcation, Tracheal carina]",4.79
gaussian_xyz/case-111039/case-111039_-140.9850912589861_50.49975970981981_-106.16846053622517.png,"[2: Right humeral head, 6: Right elbow, 10: T1]",1.99
gaussian_xyz/case-111039/case-111039_-143.28881398023114_95.65967644099213_-84.4121965697068.png,"[6: Right elbow, 2: Right humeral head, 10: T1]",1.99
gaussian_xyz/case-111039/case-111039_146.53321402566274_37.84737379268273_148.22790573608773.png,"[1: Skull, Cranium, Cranial vault, Calvarium, 6: Right elbow, Right olecranon, Right Cubital joint, Right Elbow joint, 10: T1, First thoracic vertebra, T1 vertebral body, Upper thoracic vertebra]",5.23
gaussian_xyz/case-111039/case-111039_8.447473665887003_27.713478639415097_-105.59734261289296.png,"[2: Right humeral head, 6: Right elbow, 10: T1]",1.99
gaussian_xyz/case-111039/case-111039_91.68458553302867_-79.20594404599814_172.8131451457779.png,"[1: Skull, Cranium, Cranial vault, Calvarium, 2: Right humeral head, Right Proximal humerus, Head of right humerus, Right glenohumeral head, 6: Right elbow, Right olecranon, Right Cubital joint, Right Elbow joint]",5.77
gaussian_xyz/case-111039/case-111039_34.11777454071333_-62.994474610123085_-78.78146641764326.png,"[2: Right humeral head, 6: Right elbow, 10: T1]",1.99
gaussian_xyz/case-111039/case-111039_-83.16763643543631_-67.39114539870438_9.987488712180278.png,"[2: Right humeral head, 6: Right elbow, 10: T1]",1.99
gaussian_xyz/case-111039/case-111039_-6.914170039730095_35.18244061240703_6.151963435132294.png,"[2: Right humeral head, 6: Right elbow, 10: T1]",1.98
gaussian_xyz/case-111039/case-111039_39.675484041187985_-70.65052977520571_-139.59869447250227.png,"[2: Right humeral head, 6: Right elbow, 10: T1]",1.99
gaussian_xyz/case-111039/case-111039_-191.18646906365495_3.3033017924576105_-61.473009443936114.png,"[6: Right elbow, 2: Right humeral head, 10: T1]",1.99
gaussian_xyz/case-111039/case-111039_-35.389664123014626_-8.912381406670534_105.03754878462352.png,"[2: Right humeral head, 6: Right elbow, 10: T1]",1.99
gaussian_xyz/case-111039/case-111039_145.80538185342118_22.13930153728559_-71.1438060446288.png,"[1: Skull, Cranium, Cranial vault, Calvarium, 2: Right humeral head, Right Proximal humerus, Head of right humerus, Right glenohumeral head, 10: T1, First thoracic vertebra, T1 vertebral body, Upper thoracic vertebra]",5.77
gaussian_xyz/case-111039/case-111039_-98.58179523941965_-48.688688270823135_-64.00752212712759.png,"[6: Right elbow, 2: Right humeral head, 10: T1]",1.99
gaussian_xyz/case-111039/case-111039_159.28707222443882_-94.46467141433436_72.99642691474315.png,"[1: Skull, Cranium, Cranial vault, Calvarium, 2: Right humeral head, Right Proximal humerus, Head of right humerus, Right glenohumeral head, 10: T1, First thoracic vertebra, T1 vertebral body, Upper thoracic vertebra]",5.78
gaussian_xyz/case-111039/case-111039_15.786487845661753_19.351261131443643_-73.45751153694906.png,"[10: T1 vertebral body, 12: Right hemidiaphragm, 11: Carina]",2.63
gaussian_xyz/case-111039/case-111039_191.84922177666107_67.39427219737915_-29.95394392929218.png,"[1: Skull, Cranium, Cranial vault, Calvarium, 2: Right humeral head, Right Proximal humerus, Head of right humerus, Right glenohumeral head, 6: Right elbow, Right olecranon, Right Cubital joint, Right Elbow joint]",5.79
gaussian_xyz/case-111039/case-111039_-150.4882163850662_-87.99557070327181_-67.78598956471195.png,"[2: Right humeral head, 6: Right elbow, 10: T1]",1.99
gaussian_xyz/case-111039/case-111039_-95.25523901355182_47.72058148359552_-10.74149413031778.png,"[2: Right humeral head, 6: Right elbow, 10: T1]",1.99
gaussian_xyz/case-111039/case-111039_158.92325778585126_-38.33874200326734_-36.89958093221492.png,"[1: Skull, Cranium, Cranial vault, Calvarium, 6: Right elbow, Right olecranon, Right Cubital joint, Right Elbow joint, 10: T1, First thoracic vertebra, T1 vertebral body, Upper thoracic vertebra]",5.24
gaussian_xyz/case-111039/case-111039_163.92672567042416_-9.370830536936001_0.14428695411599896.png,"[1: Skull, Cranium, Cranial vault, Calvarium, 10: T1, First thoracic vertebra, T1 vertebral body, Upper thoracic vertebra, 11: Carina, Tracheal bifurcation, Tracheal carina]",4.64
gaussian_xyz/case-111039/case-111039_-178.65444122210516_-3.5326968094089444_40.75309721808873.png,"[2: Right humeral head, 6: Right elbow, 10: T1]",1.99
gaussian_xyz/case-111039/case-111039_-68.55125058369731_-80.80764941676841_82.16539411523694.png,"[2: Right humeral head, 6: Right elbow, 10: T1]",1.9
gaussian_xyz/case-111039/case-111039_17.467097208160453_-46.952374997015156_-58.8300202014307.png,"[2: Right humeral head, 6: Right elbow, 10: T1]",1.92
gaussian_xyz/case-111039/case-111039_166.92157784377986_23.582577468451166_103.37059243409794.png,"[1: Skull, Cranium, Cranial vault, Calvarium, 6: Right elbow, Right olecranon, Right Cubital joint, Right Elbow joint, 10: T1, First thoracic vertebra, T1 vertebral body, Upper thoracic vertebra]",5.08
gaussian_xyz/case-111039/case-111039_97.78821285142999_-45.4652102675433_-168.77246831270642.png,"[1: Skull, Cranium, Cranial vault, Calvarium, 2: Right humeral head, Right Proximal humerus, Head of right humerus, Right glenohumeral head, 10: T1, First thoracic vertebra, T1 vertebral body, Upper thoracic vertebra]",5.61
gaussian_xyz/case-111039/case-111039_74.4771316955318_15.07792628698216_-99.29840904855683.png,"[1: Skull, Cranium, Cranial vault, Calvarium, 2: Right humeral head, Right Proximal humerus, Head of right humerus, Right glenohumeral head, 10: T1, First thoracic vertebra, T1 vertebral body, Upper thoracic vertebra]",5.57
gaussian_xyz/case-111039/case-111039_174.5179851568048_16.61837719692883_-69.09154271018932.png,"[1: Skull, Cranium, Cranial vault, Calvarium, 10: T1, First thoracic vertebra, T1 vertebral body, Upper thoracic vertebra, 12: Right hemidiaphragm, Right Diaphragmatic dome, Right Diaphragmatic crus]",5.51
gaussian_xyz/case-111039/case-111039_-190.25757139835204_-112.517934110471_11.070928581460095.png,"[2: Right humeral head, 4: Right scapular inferior angle, 10: T1]",2.18
gaussian_xyz/case-111039/case-111039_-9.693156505583943_-39.81206714587506_97.76662636086147.png,"[2: Right humeral head, 6: Right elbow, 10: T1]",1.91
gaussian_xyz/case-111039/case-111039_7.247447127661843_22.821910311494012_61.51492882386109.png,"[1: Skull, Cranium, Cranial vault, Calvarium, 3: Left humeral head, Left Proximal humerus, Head of left humerus, Left glenohumeral head, 10: T1, First thoracic vertebra, T1 vertebral body, Upper thoracic vertebra]",5.62
gaussian_xyz/case-111039/case-111039_-41.15777290153915_-97.09695409641918_145.6694984601503.png,"[2: Right humeral head, 6: Right elbow, 10: T1]",1.96
gaussian_xyz/case-111039/case-111039_-170.28164784707533_3.816854864671901_76.84290132797695.png,"[2: Right humeral head, 6: Right elbow, 10: T1]",1.94
gaussian_xyz/case-111039/case-111039_172.40417454056444_-28.752159313706763_-66.0151232566994.png,"[1: Skull, Cranium, Cranial vault, Calvarium, 6: Right elbow, Right olecranon, Right Cubital joint, Right Elbow joint, 10: T1, First thoracic vertebra, T1 vertebral body, Upper thoracic vertebra]",5.12
gaussian_xyz/case-111039/case-111039_-111.90469817393927_-10.570218176260227_129.81175948829957.png,"[6: Right elbow, 10: T1, 11: Carina]",1.88
gaussian_xyz/case-111039/case-111039_-116.86365448683767_0.894332254771329_169.7943577264577.png,"[1: Skull, Cranium, Cranial vault, Calvarium, 2: Right humeral head, Right Proximal humerus, Head of right humerus, Right glenohumeral head, 6: Right elbow, Right olecranon, Right Cubital joint, Right Elbow joint]",5.63
gaussian_xyz/case-111039/case-111039_148.60362457352556_-80.2830546808966_115.22361357515136.png,"[1: Skull, Cranium, Cranial vault, Calvarium, 2: Right humeral head, Right Proximal humerus, Head of right humerus, Right glenohumeral head, 10: T1, First thoracic vertebra, T1 vertebral body, Upper thoracic vertebra]",5.74
gaussian_xyz/case-111039/case-111039_-104.07436888464935_-86.36789178637669_34.09997640245459.png,"[6: Right elbow, 2: Right humeral head, 4: Right scapular inferior angle]",2.17
gaussian_xyz/case-111039/case-111039_-58.06432192934474_-70.67146271446069_-77.99123183863819.png,"[6: Right elbow, 2: Right humeral head, 10: T1]",1.99
gaussian_xyz/case-111039/case-111039_96.87179148825732_58.608176439052336_35.78566686984787.png,"[1: Skull, Cranium, Cranial vault, Calvarium, 2: Right humeral head, Right Proximal humerus, Head of right humerus, Right glenohumeral head, 10: T1, First thoracic vertebra, T1 vertebral body, Upper thoracic vertebra]",5.77
gaussian_xyz/case-111039/case-111039_154.0071769666651_-6.781771953997579_12.212060640476995.png,"[1: Skull, Cranium, Cranial vault, Calvarium, 11: Carina, Tracheal bifurcation, Tracheal carina, 10: T1, First thoracic vertebra, T1 vertebral body, Upper thoracic vertebra]",4.78
gaussian_xyz/case-111039/case-111039_174.45300864784116_57.45455612230318_-17.559573901050705.png,"[1: Skull, Cranium, Cranial vault, Calvarium, 2: Right humeral head, Right Proximal humerus, Head of right humerus, Right glenohumeral head, 10: T1, First thoracic vertebra, T1 vertebral body, Upper thoracic vertebra]",6.25
gaussian_xyz/case-111039/case-111039_152.02112442691595_54.08843062039667_-97.38900942001221.png,"[1: Skull, Cranium, Cranial vault, Calvarium, 2: Right humeral head, Right Proximal humerus, Head of right humerus, Right glenohumeral head, 10: T1, First thoracic vertebra, T1 vertebral body, Upper thoracic vertebra]",5.76
gaussian_xyz/case-111039/case-111039_-21.23016498294993_-7.833335988286939_-25.279665549533647.png,"[2: Right humeral head, 6: Right elbow, 10: T1]",1.98
gaussian_xyz/case-111039/case-111039_80.6913251788427_2.0850055118844186_20.28978923991282.png,"[1: Skull, Cranium, Cranial vault, Calvarium, 6: Right elbow, Right olecranon, Right Cubital joint, Right Elbow joint, 10: T1, First thoracic vertebra, T1 vertebral body, Upper thoracic vertebra]",5.2
gaussian_xyz/case-111039/case-111039_116.86658154532137_42.739692906130685_-87.34081530755834.png,"[1: Skull, Cranium, Cranial vault, Calvarium, 6: Right elbow, Right olecranon, Right Cubital joint, Right Elbow joint, 10: T1, First thoracic vertebra, T1 vertebral body, Upper thoracic vertebra]",5.19
gaussian_xyz/case-111039/case-111039_83.36797334859733_24.03401585541173_-28.13138293172778.png,"[1: Skull, Cranium, Cranial vault, Calvarium, 6: Right elbow, Right olecranon, Right Cubital joint, Right Elbow joint, 10: T1, First thoracic vertebra, T1 vertebral body, Upper thoracic vertebra]",5.18
gaussian_xyz/case-111039/case-111039_161.60306624718294_-28.577078132300954_-22.350414013723316.png,"[1: Skull, Cranium, Cranial vault, Calvarium, 6: Right elbow, Right olecranon, Right Cubital joint, Right Elbow joint, 11: Carina, Tracheal bifurcation, Tracheal carina]",4.74
gaussian_xyz/case-111039/case-111039_89.0795543520208_-39.4586524007787_31.060376507937708.png,"[1: Skull, Cranium, Cranial vault, Calvarium, 2: Right humeral head, Right Proximal humerus, Head of right humerus, Right glenohumeral head, 6: Right elbow, Right olecranon, Right Cubital joint, Right Elbow joint]",5.72
gaussian_xyz/case-111039/case-111039_-190.74758315779576_60.76521006866122_-85.03222939289607.png,"[2: Right humeral head, 6: Right elbow, 10: T1]",1.97
gaussian_xyz/case-111039/case-111039_20.65299780174422_45.10903747425751_49.98503820284011.png,"[6: Right elbow, 10: T1, 12: Right hemidiaphragm]",2.32
gaussian_xyz/case-111039/case-111039_81.78240520365233_14.48171376807234_66.07713338179609.png,"[1: Skull, Cranium, Cranial vault, Calvarium, 3: Left humeral head, Left Proximal humerus, Head of left humerus, Left glenohumeral head, 10: T1, First thoracic vertebra, T1 vertebral body, Upper thoracic vertebra]",5.73
gaussian_xyz/case-111039/case-111039_65.02356808629611_-30.272151069978836_110.56053255603298.png,"[1: Skull, Cranium, Cranial vault, Calvarium, 2: Right humeral head, Right Proximal humerus, Head of right humerus, Right glenohumeral head, 6: Right elbow, Right olecranon, Right Cubital joint, Right Elbow joint]",5.71
gaussian_xyz/case-111039/case-111039_106.6397019715672_-22.884325601837137_-57.25376186906895.png,"[1: Skull, Cranium, Cranial vault, Calvarium, 3: Left humeral head, Left Proximal humerus, Head of left humerus, Left glenohumeral head, 10: T1, First thoracic vertebra, T1 vertebral body, Upper thoracic vertebra]",5.72
gaussian_xyz/case-111039/case-111039_-188.21054404826046_-4.456780545486294_42.122604014225665.png,"[6: Right elbow, 10: T1, 11: Carina]",1.97
gaussian_xyz/case-111039/case-111039_-9.841919202822169_-2.74665438584319_0.11172587566079165.png,"[10: T1 vertebral body, 11: Carina, 12: Right hemidiaphragm]",2.59
gaussian_xyz/case-111039/case-111039_-27.188489641845564_-16.171597317988017_-64.52769328088736.png,"[6: Right elbow, 2: Right humeral head, 10: T1]",1.97
gaussian_xyz/case-111039/case-111039_156.50934457004774_29.90801008381612_57.871716515313345.png,"[1: Skull, Cranium, Cranial vault, Calvarium, 6: Right elbow, Right olecranon, Right Cubital joint, Right Elbow joint, 11: Carina, Tracheal bifurcation, Tracheal carina]",4.74
gaussian_xyz/case-111039/case-111039_146.15726359626996_-30.509810358354937_42.233891367410514.png,"[1: Skull, Cranium, Cranial vault, Calvarium, 6: Right elbow, Right olecranon, Right Cubital joint, Right Elbow joint, 10: T1, First thoracic vertebra, T1 vertebral body, Upper thoracic vertebra]",5.2
gaussian_xyz/case-111039/case-111039_88.32254014846984_18.505417061607872_125.61272743051181.png,"[1: Skull, Cranium, Cranial vault, Calvarium, 6: Right elbow, Right olecranon, Right Cubital joint, Right Elbow joint, 11: Carina, Tracheal bifurcation, Tracheal carina]",4.75
gaussian_xyz/case-111039/case-111039_-132.92449162636828_78.49511048339194_169.64426438685328.png,"[2: Right humeral head, 6: Right elbow, 10: T1]",1.97
gaussian_xyz/case-111039/case-111039_-135.5380045898359_78.46166152148577_-0.5888214256309241.png,"[2: Right humeral head, 6: Right elbow, 10: T1]",1.98
gaussian_xyz/case-111039/case-111039_25.61661003879152_22.870773525639507_65.97682818921032.png,"[1: Skull, Cranium, Cranial vault, Calvarium, 3: Left humeral head, Left Proximal humerus, Head of left humerus, Left glenohumeral head, 10: T1, First thoracic vertebra, T1 vertebral body, Upper thoracic vertebra]",5.74
gaussian_xyz/case-111039/case-111039_-24.859977038406328_105.67058366603166_14.536839016302212.png,"[2: Right humeral head, 4: Right scapular inferior angle, 6: Right elbow]",2.15
gaussian_xyz/case-111039/case-111039_-9.757296726934186_57.86022636476086_-3.974588592979194.png,"[2: Right humeral head, 6: Right elbow, 10: T1]",1.98
gaussian_xyz/case-111039/case-111039_26.083329665398765_94.06060064679052_104.70602393012378.png,"[2: Right humeral head, 4: Right scapular inferior angle, 10: T1]",2.24
gaussian_xyz/case-111039/case-111039_-39.008141070750554_-74.41349587573353_-27.25582396835076.png,"[2: Right humeral head, 6: Right elbow, 10: T1]",1.97
gaussian_xyz/case-111039/case-111039_-172.6653062404753_20.478865555971492_4.3637481724075915.png,"[10: T1 vertebral body, 11: Carina, 6: Right elbow]",2.15
gaussian_xyz/case-111039/case-111039_-183.2724683980533_48.77463841100755_-39.62549107275899.png,"[11: Carina, 10: T1, 6: Right elbow]",1.97
gaussian_xyz/case-111039/case-111039_108.39126086593689_-65.75630706249225_-152.3349484260026.png,"[1: Skull, Cranium, Cranial vault, Calvarium, 2: Right humeral head, Right Proximal humerus, Head of right humerus, Right glenohumeral head, 10: T1, First thoracic vertebra, T1 vertebral body, Upper thoracic vertebra]",5.74
gaussian_xyz/case-111039/case-111039_14.199285385159158_-26.226046672224122_-77.7199187595016.png,"[10: T1 vertebral body, 11: Carina, 6: Right elbow]",2.15
gaussian_xyz/case-111039/case-111039_-181.64980847418437_-32.94058645424005_46.90643961504359.png,"[6: Right elbow, 10: T1, 11: Carina]",1.97
gaussian_xyz/case-111039/case-111039_7.922067149613724_11.551994440276781_-10.61948904792471.png,"[10: T1 vertebral body, 11: Carina, 6: Right elbow]",2.16
gaussian_xyz/case-111039/case-111039_-183.0384621115112_-1.7785343846204065_113.76897587841843.png,"[6: Right elbow, 2: Right humeral head, 10: T1]",1.98
gaussian_xyz/case-111039/case-111039_122.0673292314936_10.463179842432467_97.96383522482776.png,"[1: Skull, Cranium, Cranial vault, Calvarium, 10: T1, First thoracic vertebra, T1 vertebral body, Upper thoracic vertebra, 11: Carina, Tracheal bifurcation, Tracheal carina]",4.75
gaussian_xyz/case-111039/case-111039_-96.90360408201629_-87.18812445565948_-45.258455492353264.png,"[6: Right elbow, 2: Right humeral head, 10: T1]",1.98
gaussian_xyz/case-111039/case-111039_-24.782741630573554_-5.092603758575004_169.17733162270048.png,"[2: Right humeral head, 6: Right elbow, 10: T1]",1.97
gaussian_xyz/case-111039/case-111039_74.4910195446198_-44.546613361429735_-44.23337058886126.png,"[1: Skull, Cranium, Cranial vault, Calvarium, 2: Right humeral head, Right Proximal humerus, Head of right humerus, Right glenohumeral head, 6: Right elbow, Right olecranon, Right Cubital joint, Right Elbow joint]",5.73
gaussian_xyz/case-111039/case-111039_152.80331824667218_-1.219777260441514_68.55565128815712.png,"[1: Skull, Cranium, Cranial vault, Calvarium, 2: Right humeral head, Right Proximal humerus, Head of right humerus, Right glenohumeral head, 10: T1, First thoracic vertebra, T1 vertebral body, Upper thoracic vertebra]",5.74
gaussian_xyz/case-111039/case-111039_69.80954901926174_-35.90287150093731_89.21381527706816.png,"[1: Skull, Cranium, Cranial vault, Calvarium, 2: Right humeral head, Right Proximal humerus, Head of right humerus, Right glenohumeral head, 6: Right elbow, Right olecranon, Right Cubital joint, Right Elbow joint]",5.73
gaussian_xyz/case-111039/case-111039_69.75933721481186_14.589149597682162_-151.43178717570663.png,"[1: Skull, Cranium, Cranial vault, Calvarium, 3: Left humeral head, Left Proximal humerus, Head of left humerus, Left glenohumeral head, 10: T1, First thoracic vertebra, T1 vertebral body, Upper thoracic vertebra]",5.74
gaussian_xyz/case-111039/case-111039_163.87577982177908_34.2610374656667_-204.48795287118025.png,"[1: Skull, Cranium, Cranial vault, Calvarium, 2: Right humeral head, Right Proximal humerus, Head of right humerus, Right glenohumeral head, 10: T1, First thoracic vertebra, T1 vertebral body, Upper thoracic vertebra]",5.73
gaussian_xyz/case-111039/case-111039_131.69301890316802_-37.53597434747308_38.6543542255502.png,"[1: Skull, Cranium, Cranial vault, Calvarium, 2: Right humeral head, Right Proximal humerus, Head of right humerus, Right glenohumeral head, 10: T1, First thoracic vertebra, T1 vertebral body, Upper thoracic vertebra]",5.74
gaussian_xyz/case-111039/case-111039_110.64700350452569_55.59182375738058_-82.17657242160575.png,"[1: Skull, Cranium, Cranial vault, Calvarium, 2: Right humeral head, Right Proximal humerus, Head of right humerus, Right glenohumeral head, 6: Right elbow, Right olecranon, Right Cubital joint, Right Elbow joint]",5.72
gaussian_xyz/case-111039/case-111039_-4.6375856079258995_-60.675613350246195_206.4537423839229.png,"[2: Right humeral head, 6: Right elbow, 10: T1]",1.98
gaussian_xyz/case-111039/case-111039_158.21443983459426_-26.142439411273156_-11.592499016138722.png,"[1: Skull, Cranium, Cranial vault, Calvarium, 2: Right humeral head, Right Proximal humerus, Head of right humerus, Right glenohumeral head, 10: T1, First thoracic vertebra, T1 vertebral body, Upper thoracic vertebra]",5.72
gaussian_xyz/case-111039/case-111039_162.1156387848626_-2.872766517693444_-26.484967014666626.png,"[1: Skull, Cranium, Cranial vault, Calvarium, 11: Carina, Tracheal bifurcation, Tracheal carina, 10: T1, First thoracic vertebra, T1 vertebral body, Upper thoracic vertebra]",4.76
gaussian_xyz/case-111039/case-111039_56.31195905693258_-27.06458626838593_11.949446666636716.png,"[2: Right humeral head, 3: Left humeral head, 10: T1]",2.06
gaussian_xyz/case-111039/case-111039_169.23692448152048_-9.987752231404317_-109.05452862207943.png,"[1: Skull, Cranium, Cranial vault, Calvarium, 2: Right humeral head, Right Proximal humerus, Head of right humerus, Right glenohumeral head, 10: T1, First thoracic vertebra, T1 vertebral body, Upper thoracic vertebra]",5.73
gaussian_xyz/case-111039/case-111039_37.18827849665337_-41.05764598893155_-119.04721543539705.png,"[2: Right humeral head, 3: Left humeral head, 10: T1]",2.06
gaussian_xyz/case-111039/case-111039_-74.88495180952926_-85.65806569146945_-44.901070148559995.png,"[2: Right humeral head, 6: Right elbow, 10: T1]",1.97
gaussian_xyz/case-111039/case-111039_108.07459262332986_-22.714854456871315_-224.6576856608935.png,"[1: Skull, Cranium, Cranial vault, Calvarium, 2: Right humeral head, Right Proximal humerus, Head of right humerus, Right glenohumeral head, 10: T1, First thoracic vertebra, T1 vertebral body, Upper thoracic vertebra]",5.73
gaussian_xyz/case-111039/case-111039_-83.40900047729423_45.83081800742485_-12.069382417853223.png,"[2: Right humeral head, 3: Left humeral head, 6: Right elbow]",1.97
gaussian_xyz/case-111039/case-111039_146.95534648575352_43.54115131449812_62.67948819960706.png,"[1: Skull, Cranium, Cranial vault, Calvarium, 2: Right humeral head, Right Proximal humerus, Head of right humerus, Right glenohumeral head, 10: T1, First thoracic vertebra, T1 vertebral body, Upper thoracic vertebra]",5.72
gaussian_xyz/case-111039/case-111039_2.993560849141687_-52.893153042379076_167.64844034613725.png,"[2: Right humeral head, 6: Right elbow, 10: T1]",1.97
gaussian_xyz/case-111039/case-111039_190.81348403752298_0.9775559830256739_47.13718311325093.png,"[1: Skull, Cranium, Cranial vault, Calvarium, 2: Right humeral head, Right Proximal humerus, Head of right humerus, Right glenohumeral head, 10: T1, First thoracic vertebra, T1 vertebral body, Upper thoracic vertebra]",5.73
gaussian_xyz/case-111039/case-111039_-58.51631613364674_48.78720152891084_200.64818464865658.png,"[2: Right humeral head, 6: Right elbow, 10: T1]",1.98
gaussian_xyz/case-111039/case-111039_-115.01499221014593_-19.61698628570739_34.68113089503756.png,"[6: Right elbow, 10: T1, 12: Right hemidiaphragm]",2.33
gaussian_xyz/case-111039/case-111039_69.74172985999633_-107.90115656834159_34.97031152365582.png,"[2: Right humeral head, 3: Left humeral head, 10: T1]",2.06
gaussian_xyz/case-111039/case-111039_25.441717428521457_26.72476272759103_38.54900747848903.png,"[2: Right humeral head, 3: Left humeral head, 10: T1]",2.06
gaussian_xyz/case-111039/case-111039_174.765072588004_40.729374384643364_5.477556442809753.png,"[1: Skull, Cranium, Cranial vault, Calvarium, 2: Right humeral head, Right Proximal humerus, Head of right humerus, Right glenohumeral head, 10: T1, First thoracic vertebra, T1 vertebral body, Upper thoracic vertebra]",5.73
gaussian_xyz/case-111039/case-111039_94.595807628165_-25.224284170794053_-127.79439103572308.png,"[1: Skull, Cranium, Cranial vault, Calvarium, 2: Right humeral head, Right Proximal humerus, Head of right humerus, Right glenohumeral head, 6: Right elbow, Right olecranon, Right Cubital joint, Right Elbow joint]",5.72
gaussian_xyz/case-111039/case-111039_93.45590835000081_61.68529789750088_-105.00297809191316.png,"[1: Skull, Cranium, Cranial vault, Calvarium, 2: Right humeral head, Right Proximal humerus, Head of right humerus, Right glenohumeral head, 10: T1, First thoracic vertebra, T1 vertebral body, Upper thoracic vertebra]",5.73
gaussian_xyz/case-111039/case-111039_-164.9715969417551_-104.2637956101669_-26.114618690564495.png,"[2: Right humeral head, 6: Right elbow, 10: T1]",1.97
gaussian_xyz/case-111039/case-111039_29.382693719833497_-39.87787019531021_13.416812484053281.png,"[2: Right humeral head, 6: Right elbow, 10: T1]",1.97
gaussian_xyz/case-111039/case-111039_-119.83668561424118_-73.57590853459838_-32.96869231286721.png,"[6: Right elbow, 2: Right humeral head, 10: T1]",1.97
gaussian_xyz/case-111039/case-111039_174.46922885273125_-30.715307040389536_-22.95859749632395.png,"[1: Skull, Cranium, Cranial vault, Calvarium, 10: T1, First thoracic vertebra, T1 vertebral body, Upper thoracic vertebra, 11: Carina, Tracheal bifurcation, Tracheal carina]",4.74
gaussian_xyz/case-111039/case-111039_76.94229774353562_25.83222601057094_75.50894837447629.png,"[1: Skull, Cranium, Cranial vault, Calvarium, 2: Right humeral head, Right Proximal humerus, Head of right humerus, Right glenohumeral head, 10: T1, First thoracic vertebra, T1 vertebral body, Upper thoracic vertebra]",5.74
gaussian_xyz/case-111039/case-111039_36.777781126232185_-32.37344617741373_-35.39952325296273.png,"[2: Right humeral head, 3: Left humeral head, 10: T1]",2.06
gaussian_xyz/case-111039/case-111039_112.8010199151471_-6.170184029808087_155.88174732047713.png,"[1: Skull, Cranium, Cranial vault, Calvarium, 6: Right elbow, Right olecranon, Right Cubital joint, Right Elbow joint, 10: T1, First thoracic vertebra, T1 vertebral body, Upper thoracic vertebra]",5.19
gaussian_xyz/case-111039/case-111039_57.99127056386379_6.44442557761593_-45.677719977122635.png,"[1: Skull, Cranium, Cranial vault, Calvarium, 10: T1, First thoracic vertebra, T1 vertebral body, Upper thoracic vertebra, 12: Right hemidiaphragm, Right Diaphragmatic dome, Right Diaphragmatic crus]",5.64
gaussian_xyz/case-111039/case-111039_43.8421171414339_-13.555915700224162_40.21003380886102.png,"[1: Skull, Cranium, Cranial vault, Calvarium, 3: Left humeral head, Left Proximal humerus, Head of left humerus, Left glenohumeral head, 10: T1, First thoracic vertebra, T1 vertebral body, Upper thoracic vertebra]",5.73
gaussian_xyz/case-111039/case-111039_-14.338196554314067_-47.75262022795862_-2.4804271268696554.png,"[2: Right humeral head, 6: Right elbow, 10: T1]",1.97
gaussian_xyz/case-111039/case-111039_114.87257675290238_-98.36906631351053_-51.2117586859562.png,"[1: Skull, Cranium, Cranial vault, Calvarium, 2: Right humeral head, Right Proximal humerus, Head of right humerus, Right glenohumeral head, 6: Right elbow, Right olecranon, Right Cubital joint, Right Elbow joint]",5.73
gaussian_xyz/case-111039/case-111039_83.96404649388978_86.44089452778725_-26.22960971846029.png,"[1: Skull, Cranium, Cranial vault, Calvarium, 2: Right humeral head, Right Proximal humerus, Head of right humerus, Right glenohumeral head, 10: T1, First thoracic vertebra, T1 vertebral body, Upper thoracic vertebra]",5.73
gaussian_xyz/case-111039/case-111039_-123.90864388829138_48.02866877983767_-167.95058439572404.png,"[2: Right humeral head, 6: Right elbow, 10: T1]",1.97
gaussian_xyz/case-111039/case-111039_15.204607223433015_-20.223201981615265_-51.479237085378784.png,"[10: T1 vertebral body, 12: Right hemidiaphragm, 13: Left hemidiaphragm]",2.95
gaussian_xyz/case-111039/case-111039_-88.89217942213307_-84.36632363341654_96.3840985218832.png,"[2: Right humeral head, 6: Right elbow, 10: T1]",1.97
gaussian_xyz/case-111039/case-111039_-58.50276847344932_-24.529806603933398_177.22290229118846.png,"[2: Right humeral head, 6: Right elbow, 10: T1]",1.97
gaussian_xyz/case-111039/case-111039_-15.533912494327694_30.83062387177873_-89.15636967667766.png,"[10: T1 vertebral body, 11: Carina, 12: Right hemidiaphragm]",2.6
gaussian_xyz/case-111039/case-111039_74.95334380451749_2.109066079887193_15.047100326313453.png,"[1: Skull, Cranium, Cranial vault, Calvarium, 10: T1, First thoracic vertebra, T1 vertebral body, Upper thoracic vertebra, 11: Carina, Tracheal bifurcation, Tracheal carina]",4.75
gaussian_xyz/case-111039/case-111039_-15.998714735146137_-51.32715066008758_65.562897450688.png,"[2: Right humeral head, 6: Right elbow, 10: T1]",1.97
gaussian_xyz/case-111039/case-111039_-161.33430956140975_34.30854271721685_93.7211610364329.png,"[2: Right humeral head, 6: Right elbow, 10: T1]",1.98
gaussian_xyz/case-111039/case-111039_-125.67334031928952_56.205745050963486_-48.98234652298761.png,"[2: Right humeral head, 6: Right elbow, 10: T1]",1.97
gaussian_xyz/case-111039/case-111039_-155.53658470972005_-14.254004405293728_-20.964002170111517.png,"[2: Right humeral head, 6: Right elbow, 10: T1]",1.97
gaussian_xyz/case-111039/case-111039_4.32919966276603_-12.828840610210717_50.60373918009802.png,"[2: Right humeral head, 6: Right elbow, 10: T1]",1.97
gaussian_xyz/case-111039/case-111039_36.94719666917703_15.780018733063123_37.65631967618525.png,"[1: Skull, Cranium, Cranial vault, Calvarium, 10: T1, First thoracic vertebra, T1 vertebral body, Upper thoracic vertebra, 12: Right hemidiaphragm, Right Diaphragmatic dome, Right Diaphragmatic crus]",5.64
gaussian_xyz/case-111039/case-111039_-95.13765168426738_-20.72304879655295_119.43601045796197.png,"[6: Right elbow, 10: T1, 11: Carina]",1.97
gaussian_xyz/case-111039/case-111039_81.91808484260918_108.89445398014492_73.6605842459918.png,"[1: Skull, Cranium, Cranial vault, Calvarium, 2: Right humeral head, Right Proximal humerus, Head of right humerus, Right glenohumeral head, 10: T1, First thoracic vertebra, T1 vertebral body, Upper thoracic vertebra]",5.74
gaussian_xyz/case-111039/case-111039_-175.16314849826335_21.446538568877376_126.49079293620487.png,"[6: Right elbow, 8: Right wrist, 10: T1]",1.88
gaussian_xyz/case-111039/case-111039_128.21184093555433_51.270572777668455_-176.81356068480082.png,"[1: Skull, Cranium, Cranial vault, Calvarium, 2: Right humeral head, Right Proximal humerus, Head of right humerus, Right glenohumeral head, 6: Right elbow, Right olecranon, Right Cubital joint, Right Elbow joint]",5.74
gaussian_xyz/case-111039/case-111039_44.68076344302034_32.410424822302836_-110.29904994330626.png,"[2: Right humeral head, 6: Right elbow, 10: T1]",1.99
gaussian_xyz/case-111039/case-111039_-113.07129141466937_-78.7721537783165_-102.85138842782493.png,"[2: Right humeral head, 6: Right elbow, 10: T1]",1.97
gaussian_xyz/case-111039/case-111039_115.14946574424152_71.50827781826918_69.88483610759211.png,"[1: Skull, Cranium, Cranial vault, Calvarium, 2: Right humeral head, Right Proximal humerus, Head of right humerus, Right glenohumeral head, 10: T1, First thoracic vertebra, T1 vertebral body, Upper thoracic vertebra]",5.73
gaussian_xyz/case-111039/case-111039_-108.54796938230369_-20.085510485736222_226.18157865885996.png,"[2: Right humeral head, 4: Right scapular inferior angle, 6: Right elbow]",2.16
gaussian_xyz/case-111039/case-111039_79.7191850036196_-8.912363691607114_-33.80108844341801.png,"[1: Skull, Cranium, Cranial vault, Calvarium, 6: Right elbow, Right olecranon, Right Cubital joint, Right Elbow joint, 10: T1, First thoracic vertebra, T1 vertebral body, Upper thoracic vertebra]",5.63
gaussian_xyz/case-111039/case-111039_163.89283895224764_-20.443074487467307_-90.36517682041585.png,"[1: Skull, Cranium, Cranial vault, Calvarium, 11: Carina, Tracheal bifurcation, Tracheal carina, 10: T1, First thoracic vertebra, T1 vertebral body, Upper thoracic vertebra]",4.73
gaussian_xyz/case-111039/case-111039_-7.711988320993697_38.97305135263688_-47.14222804815218.png,"[6: Right elbow, 2: Right humeral head, 10: T1]",1.97
gaussian_xyz/case-111039/case-111039_71.00332979594702_-74.05854602460526_20.487552528433138.png,"[2: Right humeral head, 3: Left humeral head, 10: T1]",2.06
gaussian_xyz/case-111039/case-111039_47.84240041040988_40.19947193546649_-126.0181434566662.png,"[10: T1 vertebral body, 11: Carina, 6: Right elbow]",2.15
gaussian_xyz/case-111039/case-111039_-192.807191807623_40.4033119495726_38.552899026226.png,"[2: Right humeral head, 6: Right elbow, 10: T1]",1.97
gaussian_xyz/case-111039/case-111039_-40.62378465570683_-44.85163725099615_-107.64039648797198.png,"[2: Right humeral head, 6: Right elbow, 10: T1]",1.97
gaussian_xyz/case-111039/case-111039_-9.855253022047322_-26.912687008779603_75.66263286742722.png,"[2: Right humeral head, 6: Right elbow, 10: T1]",1.97
gaussian_xyz/case-111039/case-111039_6.381326721057832_133.83170817542847_-36.19393310589985.png,"[2: Right humeral head, 4: Right scapular inferior angle, 6: Right elbow]",2.15
gaussian_xyz/case-111039/case-111039_48.60227698233501_17.36431371682479_183.30060217834597.png,"[1: Skull, Cranium, Cranial vault, Calvarium, 2: Right humeral head, Right Proximal humerus, Head of right humerus, Right glenohumeral head, 10: T1, First thoracic vertebra, T1 vertebral body, Upper thoracic vertebra]",5.72
gaussian_xyz/case-111039/case-111039_-121.67483908036316_17.538572794713975_-138.3894119416333.png,"[6: Right elbow, 12: Right hemidiaphragm, 10: T1]",2.33
gaussian_xyz/case-111039/case-111039_6.634398922959804_-2.839679058353218_-67.94256756473204.png,"[11: Carina, 10: T1, 6: Right elbow]",1.97
gaussian_xyz/case-111039/case-111039_93.46409714917945_31.454353487967037_-40.583440947102.png,"[1: Skull, Cranium, Cranial vault, Calvarium, 6: Right elbow, Right olecranon, Right Cubital joint, Right Elbow joint, 11: Carina, Tracheal bifurcation, Tracheal carina]",4.74
gaussian_xyz/case-111039/case-111039_74.58111014202933_38.38909789541458_-265.3142280883387.png,"[2: Right humeral head, 6: Right elbow, 10: T1]",1.97
gaussian_xyz/case-111039/case-111039_144.6777643616723_-15.498849134996119_-97.50869225073939.png,"[1: Skull, Cranium, Cranial vault, Calvarium, 6: Right elbow, Right olecranon, Right Cubital joint, Right Elbow joint, 11: Carina, Tracheal bifurcation, Tracheal carina]",4.74
gaussian_xyz/case-111039/case-111039_-127.06351838366895_52.00332659850735_-114.04006367880154.png,"[10: T1 vertebral body, 11: Carina, 12: Right hemidiaphragm]",2.59
gaussian_xyz/case-111039/case-111039_-44.362644631289044_25.56036850987613_266.309951321038.png,"[2: Right humeral head, 6: Right elbow, 10: T1]",1.97
gaussian_xyz/case-111039/case-111039_-50.835516121963025_48.5032857432608_-22.73767819882787.png,"[6: Right elbow, 10: T1, 12: Right hemidiaphragm]",2.33
gaussian_xyz/case-111039/case-111039_50.871693789295335_-0.670005608029841_149.55791081859053.png,"[1: Skull, Cranium, Cranial vault, Calvarium, 3: Left humeral head, Left Proximal humerus, Head of left humerus, Left glenohumeral head, 10: T1, First thoracic vertebra, T1 vertebral body, Upper thoracic vertebra]",5.72
gaussian_xyz/case-111039/case-111039_33.95594243037644_36.88865211603924_-13.349446811925489.png,"[1: Skull, Cranium, Cranial vault, Calvarium, 2: Right humeral head, Right Proximal humerus, Head of right humerus, Right glenohumeral head, 10: T1, First thoracic vertebra, T1 vertebral body, Upper thoracic vertebra]",5.72
gaussian_xyz/case-111039/case-111039_90.36091816241452_19.310916845258262_155.86834000353178.png,"[1: Skull, Cranium, Cranial vault, Calvarium, 6: Right elbow, Right olecranon, Right Cubital joint, Right Elbow joint, 10: T1, First thoracic vertebra, T1 vertebral body, Upper thoracic vertebra]",5.18
gaussian_xyz/case-111039/case-111039_102.35990285147363_-9.60426722298402_-47.74825600972355.png,"[1: Skull, Cranium, Cranial vault, Calvarium, 3: Left humeral head, Left Proximal humerus, Head of left humerus, Left glenohumeral head, 10: T1, First thoracic vertebra, T1 vertebral body, Upper thoracic vertebra]",5.72
gaussian_xyz/case-111039/case-111039_126.55807716006058_11.303751624467422_-24.683906561723973.png,"[1: Skull, Cranium, Cranial vault, Calvarium, 2: Right humeral head, Right Proximal humerus, Head of right humerus, Right glenohumeral head, 10: T1, First thoracic vertebra, T1 vertebral body, Upper thoracic vertebra]",5.72
gaussian_xyz/case-111039/case-111039_46.16696043619885_-36.376972672476015_68.44949945964699.png,"[1: Skull, Cranium, Cranial vault, Calvarium, 2: Right humeral head, Right Proximal humerus, Head of right humerus, Right glenohumeral head, 6: Right elbow, Right olecranon, Right Cubital joint, Right Elbow joint]",5.73
gaussian_xyz/case-111039/case-111039_-85.00218172472913_33.114219439879655_30.400187976859037.png,"[2: Right humeral head, 6: Right elbow, 10: T1]",1.97
gaussian_xyz/case-111039/case-111039_4.442882372659568_13.282195169672274_27.259520302323477.png,"[10: T1 vertebral body, 11: Carina, 6: Right elbow]",2.15
gaussian_xyz/case-112268/case-112268_-76.72776717953688_-43.71189622512664_-93.56024529000895.png,"[6: Right elbow, 10: T1, 11: Carina]",1.97
gaussian_xyz/case-112268/case-112268_-105.77076693245428_35.93505839825901_-66.2756924935236.png,"[2: Right humeral head, 6: Right elbow, 10: T1]",1.97
gaussian_xyz/case-112268/case-112268_106.40215985813148_21.930211793667947_-53.96768459423939.png,"[1: Skull, Cranium, Cranial vault, Calvarium, 6: Right elbow, Right olecranon, Right Cubital joint, Right Elbow joint, 11: Carina, Tracheal bifurcation, Tracheal carina]",4.75
gaussian_xyz/case-112268/case-112268_73.38139549172598_-30.339824022265866_-33.26292943695056.png,"[1: Skull, Cranium, Cranial vault, Calvarium, 11: Carina, Tracheal bifurcation, Tracheal carina, 6: Right elbow, Right olecranon, Right Cubital joint, Right Elbow joint]",4.74
gaussian_xyz/case-112268/case-112268_198.17682782430802_-37.339892351484714_98.48358296033975.png,"[1: Skull, Cranium, Cranial vault, Calvarium, 6: Right elbow, Right olecranon, Right Cubital joint, Right Elbow joint, 10: T1, First thoracic vertebra, T1 vertebral body, Upper thoracic vertebra]",5.19
gaussian_xyz/case-112268/case-112268_191.7908315335422_37.19545383675103_-24.839947486991115.png,"[1: Skull, Cranium, Cranial vault, Calvarium, 11: Carina, Tracheal bifurcation, Tracheal carina, 10: T1, First thoracic vertebra, T1 vertebral body, Upper thoracic vertebra]",4.74
gaussian_xyz/case-112268/case-112268_150.6173954240005_37.4779347715242_-62.52219326289573.png,"[1: Skull, Cranium, Cranial vault, Calvarium, 6: Right elbow, Right olecranon, Right Cubital joint, Right Elbow joint, 10: T1, First thoracic vertebra, T1 vertebral body, Upper thoracic vertebra]",5.19
gaussian_xyz/case-112268/case-112268_-136.11762037368143_-53.5691503815652_-76.63095993107274.png,"[2: Right humeral head, 6: Right elbow, 10: T1]",1.97
gaussian_xyz/case-112268/case-112268_-143.1500321786296_22.57093679340983_17.521752164385678.png,"[2: Right humeral head, 6: Right elbow, 10: T1]",1.97
gaussian_xyz/case-112268/case-112268_70.38153059539087_-40.75356184417866_39.61577270454318.png,"[1: Skull, Cranium, Cranial vault, Calvarium, 2: Right humeral head, Right Proximal humerus, Head of right humerus, Right glenohumeral head, 10: T1, First thoracic vertebra, T1 vertebral body, Upper thoracic vertebra]",5.72
gaussian_xyz/case-112268/case-112268_180.95139707741305_-48.416498071471544_109.7058746890917.png,"[1: Skull, Cranium, Cranial vault, Calvarium, 2: Right humeral head, Right Proximal humerus, Head of right humerus, Right glenohumeral head, 10: T1, First thoracic vertebra, T1 vertebral body, Upper thoracic vertebra]",5.73
gaussian_xyz/case-112268/case-112268_21.474331511034023_-106.36470164331908_-17.406167081036042.png,"[2: Right humeral head, 6: Right elbow, 10: T1]",1.97
gaussian_xyz/case-112268/case-112268_-134.66505316416922_39.67068022966766_-2.391396789673337.png,"[2: Right humeral head, 6: Right elbow, 10: T1]",1.97
gaussian_xyz/case-112268/case-112268_141.9774911765125_-111.8832063748127_73.993584969884.png,"[1: Skull, Cranium, Cranial vault, Calvarium, 2: Right humeral head, Right Proximal humerus, Head of right humerus, Right glenohumeral head, 10: T1, First thoracic vertebra, T1 vertebral body, Upper thoracic vertebra]",5.75
gaussian_xyz/case-112268/case-112268_41.53840527943191_6.499558648970385_55.835414968603615.png,"[1: Skull, Cranium, Cranial vault, Calvarium, 11: Carina, Tracheal bifurcation, Tracheal carina, 10: T1, First thoracic vertebra, T1 vertebral body, Upper thoracic vertebra]",4.75
gaussian_xyz/case-112268/case-112268_-27.677738375434473_38.23223625423975_9.690315383272253.png,"[2: Right humeral head, 3: Left humeral head, 10: T1]",2.07
gaussian_xyz/case-112268/case-112268_200.4863835107904_-72.87723823090651_-73.64241749614501.png,"[1: Skull, Cranium, Cranial vault, Calvarium, 2: Right humeral head, Right Proximal humerus, Head of right humerus, Right glenohumeral head, 10: T1, First thoracic vertebra, T1 vertebral body, Upper thoracic vertebra]",5.72
gaussian_xyz/case-112268/case-112268_81.76090682506259_41.607301860402025_-91.09055297343352.png,"[1: Skull, Cranium, Cranial vault, Calvarium, 11: Carina, Tracheal bifurcation, Tracheal carina, 6: Right elbow, Right olecranon, Right Cubital joint, Right Elbow joint]",4.75
gaussian_xyz/case-112268/case-112268_169.93271345217556_-9.574405072916795_-1.4699669685793344.png,"[1: Skull, Cranium, Cranial vault, Calvarium, 11: Carina, Tracheal bifurcation, Tracheal carina, 10: T1, First thoracic vertebra, T1 vertebral body, Upper thoracic vertebra]",4.74
gaussian_xyz/case-112268/case-112268_-71.86414930597084_13.420026974339315_173.571051290094.png,"[2: Right humeral head, 6: Right elbow, 10: T1]",1.97
gaussian_xyz/case-112268/case-112268_148.63869744485328_-43.97032065780718_1.8360071620685405.png,"[1: Skull, Cranium, Cranial vault, Calvarium, 2: Right humeral head, Right Proximal humerus, Head of right humerus, Right glenohumeral head, 10: T1, First thoracic vertebra, T1 vertebral body, Upper thoracic vertebra]",5.72
gaussian_xyz/case-112268/case-112268_-44.15272225568566_10.234271536017046_-200.65185457460944.png,"[6: Right elbow, 10: T1 vertebral body, 12: Right hemidiaphragm]",2.5
gaussian_xyz/case-112268/case-112268_-76.35517554923888_-59.85570278040871_104.0630711321769.png,"[2: Right humeral head, 6: Right elbow, 10: T1]",1.97
gaussian_xyz/case-112268/case-112268_-80.7617248839901_58.22463986527713_-53.17129603574395.png,"[6: Right elbow, 2: Right humeral head, 10: T1]",1.97
gaussian_xyz/case-112268/case-112268_11.261977612097326_-8.478464498937624_27.836128120711635.png,"[11: Carina, 10: T1, 12: Right hemidiaphragm]",2.42
gaussian_xyz/case-112268/case-112268_108.13395507325691_-15.019863267181421_-10.733024492796034.png,"[1: Skull, Cranium, Cranial vault, Calvarium, 6: Right elbow, Right olecranon, Right Cubital joint, Right Elbow joint, 10: T1, First thoracic vertebra, T1 vertebral body, Upper thoracic vertebra]",5.18
gaussian_xyz/case-112268/case-112268_-164.01557144553223_-11.942101159082947_154.46322815030285.png,"[2: Right humeral head, 6: Right elbow, 10: T1]",1.97
gaussian_xyz/case-112268/case-112268_170.06413096417072_58.23382463647247_-30.776445618676266.png,"[1: Skull, Cranium, Cranial vault, Calvarium, 2: Right humeral head, Right Proximal humerus, Head of right humerus, Right glenohumeral head, 10: T1, First thoracic vertebra, T1 vertebral body, Upper thoracic vertebra]",5.73
gaussian_xyz/case-112268/case-112268_136.22863948051753_-105.47573338285939_-13.571603574781271.png,"[1: Skull, Cranium, Cranial vault, Calvarium, 2: Right humeral head, Right Proximal humerus, Head of right humerus, Right glenohumeral head, 10: T1, First thoracic vertebra, T1 vertebral body, Upper thoracic vertebra]",5.73
gaussian_xyz/case-112268/case-112268_-132.80358649902576_70.97741077952179_160.16425588604633.png,"[2: Right humeral head, 6: Right elbow, 10: T1]",1.97
gaussian_xyz/case-112268/case-112268_-192.90486786807085_114.32591735397476_-50.806933579266826.png,"[2: Right humeral head, 6: Right elbow, 10: T1]",1.97
gaussian_xyz/case-112268/case-112268_90.33818753062434_21.58467508455742_29.72332963854046.png,"[1: Skull, Cranium, Cranial vault, Calvarium, 11: Carina, Tracheal bifurcation, Tracheal carina, 6: Right elbow, Right olecranon, Right Cubital joint, Right Elbow joint]",4.75
gaussian_xyz/case-112268/case-112268_-89.58629512871426_-11.257919129507396_90.56914314067774.png,"[6: Right elbow, 2: Right humeral head, 10: T1]",1.97
gaussian_xyz/case-112268/case-112268_179.18961471731228_81.4953792393485_328.3507968298669.png,"[1: Skull, Cranium, Cranial vault, Calvarium, 2: Right humeral head, Right Proximal humerus, Head of right humerus, Right glenohumeral head, 10: T1, First thoracic vertebra, T1 vertebral body, Upper thoracic vertebra]",5.73
gaussian_xyz/case-112268/case-112268_-62.267617322971915_30.736619561516978_23.420947033751887.png,"[2: Right humeral head, 3: Left humeral head, 10: T1]",2.06
gaussian_xyz/case-112268/case-112268_142.44478944020062_24.855937549010925_21.64630017100731.png,"[1: Skull, Cranium, Cranial vault, Calvarium, 6: Right elbow, Right olecranon, Right Cubital joint, Right Elbow joint, 10: T1, First thoracic vertebra, T1 vertebral body, Upper thoracic vertebra]",5.19
gaussian_xyz/case-112268/case-112268_142.67881193461216_-44.676120811034075_223.7334063507953.png,"[1: Skull, Cranium, Cranial vault, Calvarium, 2: Right humeral head, Right Proximal humerus, Head of right humerus, Right glenohumeral head, 10: T1, First thoracic vertebra, T1 vertebral body, Upper thoracic vertebra]",5.73
gaussian_xyz/case-112268/case-112268_-149.85392718623305_-4.255745460670185_-109.40205811497033.png,"[2: Right humeral head, 6: Right elbow, 10: T1]",1.97
gaussian_xyz/case-112268/case-112268_-99.01243993698105_39.12451607336454_-68.1645095354391.png,"[2: Right humeral head, 6: Right elbow, 10: T1]",1.97
gaussian_xyz/case-112268/case-112268_-62.6913787100801_22.76130859506698_24.720639363857497.png,"[6: Right elbow, 10: T1, 12: Right hemidiaphragm]",2.33
gaussian_xyz/case-112268/case-112268_181.10939276119916_-104.43734277304483_-127.39450538579655.png,"[1: Skull, Cranium, Cranial vault, Calvarium, 2: Right humeral head, Right Proximal humerus, Head of right humerus, Right glenohumeral head, 10: T1, First thoracic vertebra, T1 vertebral body, Upper thoracic vertebra]",5.74
gaussian_xyz/case-112268/case-112268_-145.83079936610403_-58.47843715478307_39.9789497884987.png,"[2: Right humeral head, 6: Right elbow, 10: T1]",1.97
gaussian_xyz/case-112268/case-112268_147.23881135316753_102.28147118554067_124.05470466315383.png,"[1: Skull, Cranium, Cranial vault, Calvarium, 2: Right humeral head, Right Proximal humerus, Head of right humerus, Right glenohumeral head, 10: T1, First thoracic vertebra, T1 vertebral body, Upper thoracic vertebra]",5.74
gaussian_xyz/case-112268/case-112268_-200.65022708381454_-56.63910209114458_-22.105213714326204.png,"[2: Right humeral head, 6: Right elbow, 10: T1]",1.97
gaussian_xyz/case-112268/case-112268_110.69209225776103_-94.72822907533957_-94.77027350124177.png,"[2: Right humeral head, 3: Left humeral head, 10: T1]",2.06
gaussian_xyz/case-112268/case-112268_181.5569725845849_-18.48389824677485_-70.7089397102378.png,"[1: Skull, Cranium, Cranial vault, Calvarium, 11: Carina, Tracheal bifurcation, Tracheal carina, 10: T1, First thoracic vertebra, T1 vertebral body, Upper thoracic vertebra]",4.74
gaussian_xyz/case-112268/case-112268_6.079401760469665_60.66565736133147_-107.63492707227189.png,"[2: Right humeral head, 6: Right elbow, 10: T1]",1.98
gaussian_xyz/case-112268/case-112268_-57.65020529337423_110.48564157011415_-61.01305353539816.png,"[6: Right elbow, 10: T1, 12: Right hemidiaphragm]",2.33
gaussian_xyz/case-112268/case-112268_-28.194133430422085_55.38679682448239_-38.76841246312941.png,"[11: Carina, 10: T1, 6: Right elbow]",1.97
gaussian_xyz/case-112268/case-112268_57.835459570811565_-10.133165376962896_-75.11752802233613.png,"[1: Skull, Cranium, Cranial vault, Calvarium, 11: Carina, Tracheal bifurcation, Tracheal carina, 12: Right hemidiaphragm, Right Diaphragmatic dome, Right Diaphragmatic crus]",5.2
gaussian_xyz/case-112268/case-112268_21.182300938554135_107.39387799514391_-90.2814030517839.png,"[2: Right humeral head, 6: Right elbow, 10: T1]",1.97
gaussian_xyz/case-112268/case-112268_91.84456070152072_-43.3370863959277_-79.60674801590108.png,"[1: Skull, Cranium, Cranial vault, Calvarium, 2: Right humeral head, Right Proximal humerus, Head of right humerus, Right glenohumeral head, 10: T1, First thoracic vertebra, T1 vertebral body, Upper thoracic vertebra]",5.72
gaussian_xyz/case-112268/case-112268_43.467674506928205_-83.49003645320701_-172.02145006091752.png,"[2: Right humeral head, 6: Right elbow, 10: T1]",1.97
gaussian_xyz/case-112268/case-112268_-84.6620505998264_27.665806872722992_-179.4392168031272.png,"[6: Right elbow, 2: Right humeral head, 10: T1]",1.97
gaussian_xyz/case-112268/case-112268_-55.693584845096865_-10.815234944243747_128.98547720786695.png,"[6: Right elbow, 2: Right humeral head, 10: T1]",1.97
gaussian_xyz/case-112268/case-112268_-52.49594649452601_87.98395937090285_-152.1344951591368.png,"[2: Right humeral head, 6: Right elbow, 10: T1]",1.97
gaussian_xyz/case-112268/case-112268_-159.7294546280274_11.920143305248786_-97.04469164837886.png,"[2: Right humeral head, 6: Right elbow, 10: T1]",1.97
gaussian_xyz/case-112268/case-112268_1.4054517136508196_58.3501148711063_84.97638359165781.png,"[1: Skull, Cranium, Cranial vault, Calvarium, 10: T1, First thoracic vertebra, T1 vertebral body, Upper thoracic vertebra, 11: Carina, Tracheal bifurcation, Tracheal carina]",4.75
gaussian_xyz/case-112268/case-112268_113.28302534114613_-21.11491686172836_27.607439684144097.png,"[1: Skull, Cranium, Cranial vault, Calvarium, 6: Right elbow, Right olecranon, Right Cubital joint, Right Elbow joint, 10: T1, First thoracic vertebra, T1 vertebral body, Upper thoracic vertebra]",5.19
gaussian_xyz/case-112268/case-112268_166.4632411336841_1.2512984442014519_-35.4069694297501.png,"[1: Skull, Cranium, Cranial vault, Calvarium, 11: Carina, Tracheal bifurcation, Tracheal carina, 10: T1, First thoracic vertebra, T1 vertebral body, Upper thoracic vertebra]",4.75
gaussian_xyz/case-112268/case-112268_-137.9640726200173_7.9766914345763515_155.68317827947206.png,"[2: Right humeral head, 6: Right elbow, 10: T1]",1.97
gaussian_xyz/case-112268/case-112268_-153.17551686791_60.15194613146306_-58.544323496324566.png,"[10: T1 vertebral body, 11: Carina, 6: Right elbow]",2.15
gaussian_xyz/case-112268/case-112268_84.73298847412667_-32.38029957013069_231.09009898707228.png,"[1: Skull, Cranium, Cranial vault, Calvarium, 2: Right humeral head, Right Proximal humerus, Head of right humerus, Right glenohumeral head, 6: Right elbow, Right olecranon, Right Cubital joint, Right Elbow joint]",5.75
gaussian_xyz/case-112268/case-112268_-77.80100639513475_-63.993770341815065_10.032316638066558.png,"[2: Right humeral head, 6: Right elbow, 10: T1]",1.98
gaussian_xyz/case-112268/case-112268_-21.01340071141493_-35.509391772184244_-60.3085088209801.png,"[2: Right humeral head, 6: Right elbow, 10: T1]",1.98
gaussian_xyz/case-112268/case-112268_38.15401270083893_15.714524041464966_-38.95851602931158.png,"[1: Skull, Cranium, Cranial vault, Calvarium, 11: Carina, Tracheal bifurcation, Tracheal carina, 10: T1, First thoracic vertebra, T1 vertebral body, Upper thoracic vertebra]",4.75
gaussian_xyz/case-112268/case-112268_118.80357014843406_-31.997110829620173_-44.76924829639437.png,"[1: Skull, Cranium, Cranial vault, Calvarium, 2: Right humeral head, Right Proximal humerus, Head of right humerus, Right glenohumeral head, 10: T1, First thoracic vertebra, T1 vertebral body, Upper thoracic vertebra]",5.74
gaussian_xyz/case-112268/case-112268_2.175195184322149_26.570357549494094_163.08101687253142.png,"[10: T1 vertebral body, 11: Carina, 6: Right elbow]",2.16
gaussian_xyz/case-112268/case-112268_-118.39096509146928_34.77064353082168_-151.22479844572817.png,"[2: Right humeral head, 6: Right elbow, 10: T1]",1.98
gaussian_xyz/case-112268/case-112268_17.477070025412615_-66.82854908983336_67.46920884468199.png,"[2: Right humeral head, 3: Left humeral head, 10: T1]",2.07
gaussian_xyz/case-112268/case-112268_-136.39744487613518_-21.689716795630883_147.04241401810035.png,"[6: Right elbow, 2: Right humeral head, 10: T1]",1.98
gaussian_xyz/case-112268/case-112268_-0.9946294464236587_10.043667562518609_42.990840944840265.png,"[11: Carina, 10: T1, 6: Right elbow]",1.97
gaussian_xyz/case-112268/case-112268_-109.69300376064477_-19.905162627163296_46.85362290887708.png,"[2: Right humeral head, 6: Right elbow, 10: T1]",1.97
gaussian_xyz/case-112268/case-112268_119.03895381613592_-7.913112592467575_9.79503481708687.png,"[1: Skull, Cranium, Cranial vault, Calvarium, 6: Right elbow, Right olecranon, Right Cubital joint, Right Elbow joint, 11: Carina, Tracheal bifurcation, Tracheal carina]",4.75
gaussian_xyz/case-112268/case-112268_-119.03236764926139_-6.56623076819104_147.71516021733206.png,"[6: Right elbow, 2: Right humeral head, 10: T1]",1.98
gaussian_xyz/case-112268/case-112268_119.51063585130737_2.1620435204449233_-31.274639010270487.png,"[1: Skull, Cranium, Cranial vault, Calvarium, 6: Right elbow, Right olecranon, Right Cubital joint, Right Elbow joint, 10: T1, First thoracic vertebra, T1 vertebral body, Upper thoracic vertebra]",5.64
gaussian_xyz/case-112268/case-112268_187.26503834155375_-18.4476161371814_31.987095351624035.png,"[1: Skull, Cranium, Cranial vault, Calvarium, 6: Right elbow, Right olecranon, Right Cubital joint, Right Elbow joint, 11: Carina, Tracheal bifurcation, Tracheal carina]",4.74
gaussian_xyz/case-112268/case-112268_-98.07768199524172_-11.965380277650397_-90.85242860602038.png,"[10: T1 vertebral body, 11: Carina, 6: Right elbow]",2.15
gaussian_xyz/case-112268/case-112268_-103.13988011844384_-5.47455445729098_36.361789000147354.png,"[2: Right humeral head, 6: Right elbow, 10: T1]",1.97
gaussian_xyz/case-112268/case-112268_-48.37570148923447_-33.066497124988054_4.295188519358165.png,"[6: Right elbow, 10: T1, 11: Carina]",1.97
gaussian_xyz/case-112268/case-112268_-183.60890441618287_-6.666138540414725_9.193335447296683.png,"[6: Right elbow, 10: T1 vertebral body, 11: Carina]",2.15
gaussian_xyz/case-112268/case-112268_-131.5973296450779_10.93071407979628_-57.881921803287874.png,"[2: Right humeral head, 6: Right elbow, 10: T1]",1.97
gaussian_xyz/case-112268/case-112268_-188.4259842540813_-46.32508442993641_101.66545919914216.png,"[10: T1 vertebral body, 4: Right scapular inferior angle, 6: Right elbow]",2.33
gaussian_xyz/case-112268/case-112268_-140.53494266996435_21.41490523163833_102.16194545983726.png,"[2: Right humeral head, 6: Right elbow, 10: T1]",1.97
gaussian_xyz/case-112268/case-112268_191.12843700051934_40.61266244023819_140.87901077424303.png,"[1: Skull, Cranium, Cranial vault, Calvarium, 6: Right elbow, Right olecranon, Right Cubital joint, Right Elbow joint, 10: T1, First thoracic vertebra, T1 vertebral body, Upper thoracic vertebra]",5.18
gaussian_xyz/case-112268/case-112268_199.02325572318108_10.666002323748355_-174.8292241828496.png,"[1: Skull, Cranium, Cranial vault, Calvarium, 11: Carina, Tracheal bifurcation, Tracheal carina, 10: T1, First thoracic vertebra, T1 vertebral body, Upper thoracic vertebra]",4.74
gaussian_xyz/case-112268/case-112268_31.16405642488317_-85.53833539579385_270.2340552225386.png,"[2: Right humeral head, 3: Left humeral head, 6: Right elbow]",1.97
gaussian_xyz/case-112268/case-112268_144.43128066941892_16.076374001909052_-90.04271044762706.png,"[1: Skull, Cranium, Cranial vault, Calvarium, 2: Right humeral head, Right Proximal humerus, Head of right humerus, Right glenohumeral head, 10: T1, First thoracic vertebra, T1 vertebral body, Upper thoracic vertebra]",5.73
gaussian_xyz/case-112268/case-112268_-59.457732302906464_-8.232492231616272_-164.70107167729725.png,"[6: Right elbow, 2: Right humeral head, 10: T1]",1.97
gaussian_xyz/case-112268/case-112268_-197.84845694775632_-43.76464264146807_79.87527984700355.png,"[6: Right elbow, 10: T1, 12: Right hemidiaphragm]",2.33
gaussian_xyz/case-112268/case-112268_-80.24564652450684_-6.838748593603309_-162.91296096413635.png,"[2: Right humeral head, 6: Right elbow, 10: T1]",1.97
gaussian_xyz/case-112268/case-112268_202.0409003213972_56.98376522166638_-142.05216283919967.png,"[1: Skull, Cranium, Cranial vault, Calvarium, 2: Right humeral head, Right Proximal humerus, Head of right humerus, Right glenohumeral head, 10: T1, First thoracic vertebra, T1 vertebral body, Upper thoracic vertebra]",5.73
gaussian_xyz/case-112268/case-112268_-35.304285939234916_92.63163688899787_-130.5859955953065.png,"[10: T1 vertebral body, 11: Carina, 6: Right elbow]",2.15
gaussian_xyz/case-112268/case-112268_4.674281617858952_34.589287411818304_140.4660851583979.png,"[1: Skull, Cranium, Cranial vault, Calvarium, 3: Left humeral head, Left Proximal humerus, Head of left humerus, Left glenohumeral head, 11: Carina, Tracheal bifurcation, Tracheal carina]",5.28
gaussian_xyz/case-112268/case-112268_-22.44623812675559_9.861657619883664_26.68996582153447.png,"[1: Skull, Cranium, Cranial vault, Calvarium, 10: T1 vertebral body, 11: Carina]",3.05
gaussian_xyz/case-112268/case-112268_114.85602046340716_38.762979952382665_73.18339618866324.png,"[1: Skull, Cranium, Cranial vault, Calvarium, 6: Right elbow, Right olecranon, Right Cubital joint, Right Elbow joint, 10: T1, First thoracic vertebra, T1 vertebral body, Upper thoracic vertebra]",5.19
gaussian_xyz/case-112268/case-112268_-110.99425237446253_-40.67964021196364_-16.11718775637764.png,"[2: Right humeral head, 6: Right elbow, 10: T1]",1.97
gaussian_xyz/case-112268/case-112268_-158.22098310100952_55.102971139700486_0.1703649573681192.png,"[6: Right elbow, 2: Right humeral head, 10: T1]",1.97
gaussian_xyz/case-112268/case-112268_138.71308990494492_-21.742953154444542_104.44918027374126.png,"[1: Skull, Cranium, Cranial vault, Calvarium, 11: Carina, Tracheal bifurcation, Tracheal carina, 10: T1, First thoracic vertebra, T1 vertebral body, Upper thoracic vertebra]",4.75
gaussian_xyz/case-112268/case-112268_-177.29354105966573_-102.80784395558229_123.63096225897657.png,"[2: Right humeral head, 6: Right elbow, 10: T1]",1.98
gaussian_xyz/case-112268/case-112268_47.534922286398654_49.007024874986584_-30.217108548817922.png,"[2: Right humeral head, 3: Left humeral head, 10: T1]",2.06
gaussian_xyz/case-112268/case-112268_37.3315234254959_-5.253559048076043_-113.80275073328723.png,"[1: Skull, Cranium, Cranial vault, Calvarium, 3: Left humeral head, Left Proximal humerus, Head of left humerus, Left glenohumeral head, 10: T1, First thoracic vertebra, T1 vertebral body, Upper thoracic vertebra]",5.73
gaussian_xyz/case-112268/case-112268_151.2517358485784_-83.24433913047629_128.24497619167536.png,"[1: Skull, Cranium, Cranial vault, Calvarium, 2: Right humeral head, Right Proximal humerus, Head of right humerus, Right glenohumeral head, 10: T1, First thoracic vertebra, T1 vertebral body, Upper thoracic vertebra]",5.73
gaussian_xyz/case-112268/case-112268_-68.23586270822392_30.871195997466767_-82.23354157884854.png,"[6: Right elbow, 10: T1, 11: Carina]",1.97
gaussian_xyz/case-112268/case-112268_-87.5246698374052_-36.29321642105913_-73.28352115925063.png,"[6: Right elbow, 10: T1, 13: Left hemidiaphragm]",2.33
gaussian_xyz/case-112268/case-112268_150.9353430303334_-78.86125476827993_93.19025853007147.png,"[1: Skull, Cranium, Cranial vault, Calvarium, 2: Right humeral head, Right Proximal humerus, Head of right humerus, Right glenohumeral head, 6: Right elbow, Right olecranon, Right Cubital joint, Right Elbow joint]",5.73
gaussian_xyz/case-112268/case-112268_157.1244807493075_-10.313193609995_126.35454019701744.png,"[1: Skull, Cranium, Cranial vault, Calvarium, 11: Carina, Tracheal bifurcation, Tracheal carina, 10: T1, First thoracic vertebra, T1 vertebral body, Upper thoracic vertebra]",4.75
gaussian_xyz/case-112268/case-112268_-103.97440766305876_-93.7997313137824_-4.138707949379894.png,"[2: Right humeral head, 6: Right elbow, 10: T1]",1.97
gaussian_xyz/case-112268/case-112268_-143.53654928545873_72.70285905109641_112.16307953328011.png,"[2: Right humeral head, 6: Right elbow, 10: T1]",1.97
gaussian_xyz/case-112268/case-112268_-77.26932790052523_63.405330512298406_-128.40920722580705.png,"[2: Right humeral head, 6: Right elbow, 10: T1]",1.98
gaussian_xyz/case-112268/case-112268_-179.2428134283713_31.385746096218085_7.562052970676016.png,"[6: Right elbow, 2: Right humeral head, 10: T1]",1.97
gaussian_xyz/case-112268/case-112268_-30.058646256103287_29.033086012518247_-118.96635512445933.png,"[6: Right elbow, 10: T1 vertebral body, 12: Right hemidiaphragm]",2.51
gaussian_xyz/case-112268/case-112268_-61.332159679020634_-17.515761384763405_10.462632651223974.png,"[6: Right elbow, 10: T1, 11: Carina]",1.97
gaussian_xyz/case-112268/case-112268_-13.992563854912362_62.75233634705462_120.5212818873171.png,"[1: Skull, Cranium, Cranial vault, Calvarium, 2: Right humeral head, Right Proximal humerus, Head of right humerus, Right glenohumeral head, 10: T1, First thoracic vertebra, T1 vertebral body, Upper thoracic vertebra]",5.73
gaussian_xyz/case-112268/case-112268_167.03782581549086_-12.400073105539697_31.395255628092084.png,"[1: Skull, Cranium, Cranial vault, Calvarium, 6: Right elbow, Right olecranon, Right Cubital joint, Right Elbow joint, 11: Carina, Tracheal bifurcation, Tracheal carina]",4.74
gaussian_xyz/case-112268/case-112268_-34.12999444941261_6.920290094038801_73.16236291464763.png,"[6: Right elbow, 10: T1 vertebral body, 12: Right hemidiaphragm]",2.51
gaussian_xyz/case-112268/case-112268_104.94775722446383_-78.97167976219197_75.09903476213239.png,"[1: Skull, Cranium, Cranial vault, Calvarium, 2: Right humeral head, Right Proximal humerus, Head of right humerus, Right glenohumeral head, 6: Right elbow, Right olecranon, Right Cubital joint, Right Elbow joint]",5.72
gaussian_xyz/case-112268/case-112268_30.710895106556734_-64.45746047789572_-108.44584548574734.png,"[2: Right humeral head, 6: Right elbow, 10: T1]",1.97
gaussian_xyz/case-112268/case-112268_-180.4545735999775_-38.592175940023154_-28.651095116883525.png,"[10: T1 vertebral body, 11: Carina, 6: Right elbow]",2.15
gaussian_xyz/case-112268/case-112268_-16.742471487065245_36.74465894895015_79.6767071447664.png,"[1: Skull, Cranium, Cranial vault, Calvarium, 10: T1, First thoracic vertebra, T1 vertebral body, Upper thoracic vertebra, 12: Right hemidiaphragm, Right Diaphragmatic dome, Right Diaphragmatic crus]",5.64
gaussian_xyz/case-112268/case-112268_-155.91221164049352_45.14333697606899_-114.37650101423851.png,"[2: Right humeral head, 6: Right elbow, 10: T1]",1.97
gaussian_xyz/case-112268/case-112268_-149.11643104550961_-5.393329835292127_83.17092378180374.png,"[6: Right elbow, 8: Right wrist, 10: T1]",1.88
gaussian_xyz/case-112268/case-112268_-98.23479198565356_64.55766820542009_-12.298491602157133.png,"[2: Right humeral head, 6: Right elbow, 10: T1]",1.97
gaussian_xyz/case-112268/case-112268_-46.35277007155972_140.79317903621052_-6.153049498210078.png,"[2: Right humeral head, 6: Right elbow, 10: T1]",1.97
gaussian_xyz/case-112268/case-112268_190.1767709854405_-2.045133022295382_-6.841192938161377.png,"[1: Skull, Cranium, Cranial vault, Calvarium, 11: Carina, Tracheal bifurcation, Tracheal carina, 10: T1, First thoracic vertebra, T1 vertebral body, Upper thoracic vertebra]",4.75
gaussian_xyz/case-112268/case-112268_163.66160558264022_-0.24359030558992137_-170.68610458058595.png,"[1: Skull, Cranium, Cranial vault, Calvarium, 10: T1 vertebral body, T1 vertebral body, Upper thoracic vertebra, 11: Carina, Tracheal bifurcation, Tracheal carina]",4.56
gaussian_xyz/case-112268/case-112268_9.358479712286226_8.713781273623429_167.50728656021406.png,"[11: Carina, 10: T1, 1: Skull, Cranium, Cranial vault, Calvarium]",2.87
gaussian_xyz/case-112268/case-112268_-53.48754974867134_3.4137950021059678_-226.31110156730637.png,"[2: Right humeral head, 6: Right elbow, 10: T1]",1.97
gaussian_xyz/case-112268/case-112268_22.17062809707977_26.437980653293387_-39.243730171555065.png,"[1: Skull, Cranium, Cranial vault, Calvarium, 11: Carina, Tracheal bifurcation, Tracheal carina, 10: T1, First thoracic vertebra, T1 vertebral body, Upper thoracic vertebra]",4.74
gaussian_xyz/case-112268/case-112268_-90.3578577715672_-74.6530663938629_-78.44440527938353.png,"[6: Right elbow, 2: Right humeral head, 10: T1]",1.97
gaussian_xyz/case-112268/case-112268_101.44504185628091_86.25228836543879_-85.48335447931365.png,"[1: Skull, Cranium, Cranial vault, Calvarium, 2: Right humeral head, Right Proximal humerus, Head of right humerus, Right glenohumeral head, 10: T1, First thoracic vertebra, T1 vertebral body, Upper thoracic vertebra]",5.73
gaussian_xyz/case-112268/case-112268_88.85845508647151_-71.14487956286077_-142.002172116562.png,"[2: Right humeral head, 3: Left humeral head, 10: T1]",2.06
gaussian_xyz/case-112268/case-112268_153.85360323533945_-64.32655195509325_55.2543154058297.png,"[1: Skull, Cranium, Cranial vault, Calvarium, 2: Right humeral head, Right Proximal humerus, Head of right humerus, Right glenohumeral head, 10: T1, First thoracic vertebra, T1 vertebral body, Upper thoracic vertebra]",5.73
gaussian_xyz/case-112268/case-112268_-124.29551325331315_-19.529188117495952_96.91505999962573.png,"[6: Right elbow, 2: Right humeral head, 10: T1]",1.97
gaussian_xyz/case-112268/case-112268_36.92076146201515_30.84456239196087_-104.7432026799689.png,"[11: Carina, 2: Right humeral head, 10: T1]",2.06
gaussian_xyz/case-112268/case-112268_110.02488073222958_-47.51260244937349_-129.1626131518354.png,"[1: Skull, Cranium, Cranial vault, Calvarium, 2: Right humeral head, Right Proximal humerus, Head of right humerus, Right glenohumeral head, 10: T1, First thoracic vertebra, T1 vertebral body, Upper thoracic vertebra]",5.73
gaussian_xyz/case-112268/case-112268_-56.198914175944395_89.14054451729149_208.64765239260657.png,"[2: Right humeral head, 3: Left humeral head, 10: T1]",2.07
gaussian_xyz/case-112268/case-112268_-52.084896893000234_39.01192437265279_68.17359256328255.png,"[2: Right humeral head, 6: Right elbow, 10: T1]",1.99
gaussian_xyz/case-112268/case-112268_58.65140161384113_-44.73260471666634_-90.76558610964166.png,"[2: Right humeral head, 3: Left humeral head, 10: T1]",2.06
gaussian_xyz/case-112268/case-112268_152.7961240503081_21.920200806893863_-24.80938097490057.png,"[1: Skull, Cranium, Cranial vault, Calvarium, 11: Carina, Tracheal bifurcation, Tracheal carina, 10: T1, First thoracic vertebra, T1 vertebral body, Upper thoracic vertebra]",4.75
gaussian_xyz/case-112268/case-112268_-195.85168636351324_53.97787592997288_-91.95220425090498.png,"[2: Right humeral head, 6: Right elbow, 10: T1]",1.97
gaussian_xyz/case-112268/case-112268_182.45224117519905_16.0661802788551_-141.74287823207536.png,"[1: Skull, Cranium, Cranial vault, Calvarium, 11: Carina, Tracheal bifurcation, Tracheal carina, 10: T1, First thoracic vertebra, T1 vertebral body, Upper thoracic vertebra]",4.75
gaussian_xyz/case-112268/case-112268_-49.57208579697584_-70.92818068500321_-49.172092854978914.png,"[2: Right humeral head, 6: Right elbow, 10: T1]",1.97
gaussian_xyz/case-112268/case-112268_-90.13864821110643_51.814899224169835_107.48561252544503.png,"[2: Right humeral head, 6: Right elbow, 10: T1]",1.97
gaussian_xyz/case-112268/case-112268_-107.47061084404648_24.206663503916097_-23.84720675080068.png,"[2: Right humeral head, 6: Right elbow, 10: T1]",1.97
gaussian_xyz/case-112268/case-112268_-106.39100199126125_55.417552702301315_-82.11431695263042.png,"[2: Right humeral head, 6: Right elbow, 10: T1]",1.97
gaussian_xyz/case-112268/case-112268_5.929250597256356_-24.181448615961358_-110.24314207600092.png,"[6: Right elbow, 2: Right humeral head, 10: T1]",1.97
gaussian_xyz/case-112268/case-112268_-7.695738227748848_-52.61641273420951_-85.32504397376512.png,"[2: Right humeral head, 6: Right elbow, 10: T1]",1.97
gaussian_xyz/case-112268/case-112268_-56.00284770584551_-34.94692796088445_105.56858276653554.png,"[6: Right elbow, 2: Right humeral head, 10: T1]",1.97
gaussian_xyz/case-112268/case-112268_25.607284953131455_-100.17947732455215_-27.58484186612572.png,"[11: Carina, 10: T1, 12: Right hemidiaphragm]",2.42
gaussian_xyz/case-112268/case-112268_-153.22865747358333_-26.291726332966576_-74.86855076368371.png,"[2: Right humeral head, 6: Right elbow, 10: T1]",1.97
gaussian_xyz/case-112268/case-112268_165.65175422838138_67.17228407053123_-272.76239863453713.png,"[1: Skull, Cranium, Cranial vault, Calvarium, 6: Right elbow, Right olecranon, Right Cubital joint, Right Elbow joint, 10: T1, First thoracic vertebra, T1 vertebral body, Upper thoracic vertebra]",5.19
gaussian_xyz/case-112268/case-112268_-23.191626850711287_-11.214522160085087_37.89999650560233.png,"[2: Right humeral head, 6: Right elbow, 11: Carina]",1.96
gaussian_xyz/case-112268/case-112268_122.83967189861403_14.449965098197252_110.26639607582294.png,"[1: Skull, Cranium, Cranial vault, Calvarium, 6: Right elbow, Right olecranon, Right Cubital joint, Right Elbow joint, 10: T1, First thoracic vertebra, T1 vertebral body, Upper thoracic vertebra]",5.14
gaussian_xyz/case-112268/case-112268_180.89173578799785_-52.386327114589825_66.27005935866508.png,"[1: Skull, Cranium, Cranial vault, Calvarium, 2: Right humeral head, Right Proximal humerus, Head of right humerus, Right glenohumeral head, 10: T1, First thoracic vertebra, T1 vertebral body, Upper thoracic vertebra]",5.69
gaussian_xyz/case-112268/case-112268_166.99633469184505_-11.856709193730696_108.55133905068311.png,"[1: Skull, Cranium, Cranial vault, Calvarium, 11: Carina, Tracheal bifurcation, Tracheal carina, 10: T1, First thoracic vertebra, T1 vertebral body, Upper thoracic vertebra]",4.7
gaussian_xyz/case-112268/case-112268_196.18617667787407_-35.230323569342765_40.486010002638416.png,"[1: Skull, Cranium, Cranial vault, Calvarium, 6: Right elbow, Right olecranon, Right Cubital joint, Right Elbow joint, 10: T1, First thoracic vertebra, T1 vertebral body, Upper thoracic vertebra]",5.16
gaussian_xyz/case-112268/case-112268_92.94177177682337_33.64268407143365_-95.97366837671527.png,"[1: Skull, Cranium, Cranial vault, Calvarium, 11: Carina, Tracheal bifurcation, Tracheal carina, 6: Right elbow, Right olecranon, Right Cubital joint, Right Elbow joint]",4.74
gaussian_xyz/case-112268/case-112268_119.50193851667609_-19.25871903362738_70.14807630528881.png,"[1: Skull, Cranium, Cranial vault, Calvarium, 6: Right elbow, Right olecranon, Right Cubital joint, Right Elbow joint, 11: Carina, Tracheal bifurcation, Tracheal carina]",4.75
gaussian_xyz/case-112268/case-112268_115.3583212479362_-101.37309658529892_20.01123228517329.png,"[2: Right humeral head, 3: Left humeral head, 10: T1]",2.07
gaussian_xyz/case-112268/case-112268_182.0508775540476_20.239080958204383_70.53843865288172.png,"[1: Skull, Cranium, Cranial vault, Calvarium, 2: Right humeral head, Right Proximal humerus, Head of right humerus, Right glenohumeral head, 10: T1, First thoracic vertebra, T1 vertebral body, Upper thoracic vertebra]",5.73
gaussian_xyz/case-112268/case-112268_-96.56046467457396_35.13367687632115_-73.69423670967491.png,"[2: Right humeral head, 6: Right elbow, 10: T1]",1.98
gaussian_xyz/case-112268/case-112268_-156.92571406980764_1.5368680858657573_-66.94864619151501.png,"[2: Right humeral head, 6: Right elbow, 10: T1]",1.97
gaussian_xyz/case-112268/case-112268_148.28559572386615_-6.9304188870668_-136.54812530528787.png,"[1: Skull, Cranium, Cranial vault, Calvarium, 6: Right elbow, Right olecranon, Right Cubital joint, Right Elbow joint, 11: Carina, Tracheal bifurcation, Tracheal carina]",4.75
gaussian_xyz/case-112268/case-112268_1.433420107738442_87.89402702189793_-84.27024816387255.png,"[2: Right humeral head, 3: Left humeral head, 10: T1]",2.06
gaussian_xyz/case-112268/case-112268_22.318433445747047_13.889963395140834_25.159861455513.png,"[1: Skull, Cranium, Cranial vault, Calvarium, 11: Carina, Tracheal bifurcation, Tracheal carina, 10: T1, First thoracic vertebra, T1 vertebral body, Upper thoracic vertebra]",4.75
gaussian_xyz/case-112268/case-112268_-7.535658421274945_-10.683959932657215_25.5328703692228.png,"[2: Right humeral head, 6: Right elbow, 10: T1]",1.97
gaussian_xyz/case-112268/case-112268_-145.78468413119262_123.35536164929326_103.10723931538791.png,"[2: Right humeral head, 6: Right elbow, 10: T1]",1.97
gaussian_xyz/case-112268/case-112268_-47.44262649651213_78.15074773137837_231.52750368056613.png,"[2: Right humeral head, 3: Left humeral head, 10: T1]",2.06
gaussian_xyz/case-112268/case-112268_183.36387209302904_-40.07393400568094_62.039338101063954.png,"[1: Skull, Cranium, Cranial vault, Calvarium, 11: Carina, Tracheal bifurcation, Tracheal carina, 10: T1, First thoracic vertebra, T1 vertebral body, Upper thoracic vertebra]",4.75
gaussian_xyz/case-112268/case-112268_-105.72805781737465_80.10425403001565_-0.017787729692858734.png,"[1: Skull, Cranium, Cranial vault, Calvarium, 2: Right humeral head, Right Proximal humerus, Head of right humerus, Right glenohumeral head, 10: T1, First thoracic vertebra, T1 vertebral body, Upper thoracic vertebra]",5.74
gaussian_xyz/case-112268/case-112268_-179.95968090527975_27.533024595873005_62.90012432068709.png,"[2: Right humeral head, 6: Right elbow, 10: T1]",1.98
gaussian_xyz/case-112268/case-112268_99.80211481785778_-72.54127584734113_191.8115838424344.png,"[1: Skull, Cranium, Cranial vault, Calvarium, 2: Right humeral head, Right Proximal humerus, Head of right humerus, Right glenohumeral head, 10: T1, First thoracic vertebra, T1 vertebral body, Upper thoracic vertebra]",5.75
gaussian_xyz/case-112268/case-112268_-119.03847603357214_-7.375438115805107_65.32753494504367.png,"[2: Right humeral head, 6: Right elbow, 10: T1]",1.98
gaussian_xyz/case-112268/case-112268_-175.83346898666346_-22.133943659289713_-154.25071268007636.png,"[2: Right humeral head, 3: Left humeral head, 10: T1]",2.07
gaussian_xyz/case-112268/case-112268_114.3519288007289_-32.098201865832976_-2.8635188392178774.png,"[1: Skull, Cranium, Cranial vault, Calvarium, 6: Right elbow, Right olecranon, Right Cubital joint, Right Elbow joint, 10: T1, First thoracic vertebra, T1 vertebral body, Upper thoracic vertebra]",5.21
gaussian_xyz/case-112268/case-112268_53.09351198057962_-6.255769918847657_139.2798441765607.png,"[1: Skull, Cranium, Cranial vault, Calvarium, 2: Right humeral head, Right Proximal humerus, Head of right humerus, Right glenohumeral head, 11: Carina, Tracheal bifurcation, Tracheal carina]",5.3
gaussian_xyz/case-112268/case-112268_-186.2668483785275_-48.12914138970692_-15.337749225867864.png,"[10: T1 vertebral body, 11: Carina, 12: Right hemidiaphragm]",2.6
gaussian_xyz/case-112268/case-112268_-196.39314723148692_8.013392562326775_-57.9485641853416.png,"[10: T1 vertebral body, 11: Carina, 6: Right elbow]",2.16
gaussian_xyz/case-112268/case-112268_201.51712326169087_-43.36743755572706_65.40916285353838.png,"[1: Skull, Cranium, Cranial vault, Calvarium, 2: Right humeral head, Right Proximal humerus, Head of right humerus, Right glenohumeral head, 10: T1, First thoracic vertebra, T1 vertebral body, Upper thoracic vertebra]",6.18
gaussian_xyz/case-112268/case-112268_129.47940527817627_29.60280781336088_86.77494748213266.png,"[1: Skull, Cranium, Cranial vault, Calvarium, 6: Right elbow, Right olecranon, Right Cubital joint, Right Elbow joint, 10: T1, First thoracic vertebra, T1 vertebral body, Upper thoracic vertebra]",5.2
gaussian_xyz/case-112268/case-112268_-22.29317738827575_34.34232798549379_212.99695806990044.png,"[1: Skull, Cranium, Cranial vault, Calvarium, 11: Carina, Tracheal bifurcation, Tracheal carina, 10: T1, First thoracic vertebra, T1 vertebral body, Upper thoracic vertebra]",4.75
gaussian_xyz/case-112268/case-112268_-148.01924874850656_-12.683389444521262_48.693206312333324.png,"[2: Right humeral head, 6: Right elbow, 10: T1]",1.97
gaussian_xyz/case-112268/case-112268_110.9718831117325_-103.86283190564677_-50.56445638856284.png,"[2: Right humeral head, 6: Right elbow, 10: T1]",1.98
gaussian_xyz/case-112268/case-112268_-69.91105926838455_-73.63487183337426_-78.96290813442226.png,"[6: Right elbow, 11: Carina, 10: T1]",1.97
gaussian_xyz/case-112268/case-112268_-181.1546313336958_-31.435988345909376_100.88941736364193.png,"[6: Right elbow, 10: T1, 11: Carina]",1.97
gaussian_xyz/case-112268/case-112268_-17.228055019721182_-69.97412210691155_-13.71197287653175.png,"[2: Right humeral head, 4: Right scapular inferior angle, 10: T1]",2.24
gaussian_xyz/case-112268/case-112268_112.3786944935951_-54.28188001461312_9.176489529202737.png,"[1: Skull, Cranium, Cranial vault, Calvarium, 2: Right humeral head, Right Proximal humerus, Head of right humerus, Right glenohumeral head, 10: T1, First thoracic vertebra, T1 vertebral body, Upper thoracic vertebra]",5.74
gaussian_xyz/case-112268/case-112268_147.51921241207629_-25.530348944519442_102.76458531349064.png,"[1: Skull, Cranium, Cranial vault, Calvarium, 6: Right elbow, Right olecranon, Right Cubital joint, Right Elbow joint, 10: T1, First thoracic vertebra, T1 vertebral body, Upper thoracic vertebra]",5.2
gaussian_xyz/case-112268/case-112268_1.004726531292249_2.6758791024605393_127.34380396315879.png,"[1: Skull, Cranium, Cranial vault, Calvarium, 11: Carina, Tracheal bifurcation, Tracheal carina, 10: T1, First thoracic vertebra, T1 vertebral body, Upper thoracic vertebra]",4.75
gaussian_xyz/case-112268/case-112268_73.07942122178241_-68.27097143166_163.92446352117773.png,"[1: Skull, Cranium, Cranial vault, Calvarium, 2: Right humeral head, Right Proximal humerus, Head of right humerus, Right glenohumeral head, 6: Right elbow, Right olecranon, Right Cubital joint, Right Elbow joint]",5.74
gaussian_xyz/case-112268/case-112268_-140.95398759857594_-64.84270723973293_155.63418695266748.png,"[2: Right humeral head, 3: Left humeral head, 10: T1]",2.06
gaussian_xyz/case-112268/case-112268_-166.4517135389089_-38.86450659435581_-158.7498759794708.png,"[2: Right humeral head, 3: Left humeral head, 10: T1]",2.06
gaussian_xyz/case-112268/case-112268_-135.79128234229492_-24.089932773057857_86.1708985909774.png,"[6: Right elbow, 2: Right humeral head, 10: T1]",1.97
gaussian_xyz/case-112268/case-112268_71.61316093030638_-97.45201990015363_36.96734370246949.png,"[2: Right humeral head, 3: Left humeral head, 10: T1]",2.06
gaussian_xyz/case-112268/case-112268_165.9704690891594_-51.02726310275593_-78.43204755186018.png,"[1: Skull, Cranium, Cranial vault, Calvarium, 2: Right humeral head, Right Proximal humerus, Head of right humerus, Right glenohumeral head, 10: T1, First thoracic vertebra, T1 vertebral body, Upper thoracic vertebra]",5.73
gaussian_xyz/case-112268/case-112268_62.62546609695545_11.30177996962883_28.333212899656502.png,"[1: Skull, Cranium, Cranial vault, Calvarium, 11: Carina, Tracheal bifurcation, Tracheal carina, 6: Right elbow, Right olecranon, Right Cubital joint, Right Elbow joint]",4.76
gaussian_xyz/case-112268/case-112268_23.778609249133893_16.396030727104318_-179.63445770107398.png,"[6: Right elbow, 10: T1, 11: Carina]",1.98
gaussian_xyz/case-112268/case-112268_-166.27008638283928_-28.52376536580042_72.08954410464791.png,"[6: Right elbow, 2: Right humeral head, 10: T1]",1.98
gaussian_xyz/case-112268/case-112268_69.4048726516649_17.79569412298856_-82.35237351580085.png,"[1: Skull, Cranium, Cranial vault, Calvarium, 11: Carina, Tracheal bifurcation, Tracheal carina, 12: Right hemidiaphragm, Right Diaphragmatic dome, Right Diaphragmatic crus]",5.2
gaussian_xyz/case-112268/case-112268_160.07285471244967_66.39028909097031_-23.06221156512605.png,"[1: Skull, Cranium, Cranial vault, Calvarium, 2: Right humeral head, Right Proximal humerus, Head of right humerus, Right glenohumeral head, 10: T1, First thoracic vertebra, T1 vertebral body, Upper thoracic vertebra]",5.74
gaussian_xyz/case-112268/case-112268_-80.99362775853947_43.35063716269431_66.86128151308489.png,"[2: Right humeral head, 6: Right elbow, 10: T1]",1.98
gaussian_xyz/case-112268/case-112268_-152.08052799140162_29.858729390661644_-52.19456840795824.png,"[2: Right humeral head, 6: Right elbow, 10: T1]",1.97
gaussian_xyz/case-112268/case-112268_-45.22687231991924_-12.984187926886424_-95.0219806212872.png,"[6: Right elbow, 11: Carina, 10: T1]",1.98
gaussian_xyz/case-112268/case-112268_145.58400391166776_-25.961181355100774_-72.75728225906516.png,"[1: Skull, Cranium, Cranial vault, Calvarium, 6: Right elbow, Right olecranon, Right Cubital joint, Right Elbow joint, 10: T1, First thoracic vertebra, T1 vertebral body, Upper thoracic vertebra]",5.21
gaussian_xyz/case-112268/case-112268_-196.06353976320298_0.09765423748088801_-158.4726796976731.png,"[6: Right elbow, 10: T1, 11: Carina]",1.98
gaussian_xyz/case-112268/case-112268_201.34450521758214_-122.56402064754408_25.321226510874624.png,"[1: Skull, Cranium, Cranial vault, Calvarium, 2: Right humeral head, Right Proximal humerus, Head of right humerus, Right glenohumeral head, 10: T1, First thoracic vertebra, T1 vertebral body, Upper thoracic vertebra]",5.73
gaussian_xyz/case-112268/case-112268_-22.31515995431232_-40.261787813661314_-54.41965130816637.png,"[2: Right humeral head, 6: Right elbow, 10: T1]",1.98
gaussian_xyz/case-112268/case-112268_-143.32374848110783_4.4183757035508116_-34.39285580777411.png,"[6: Right elbow, 10: T1 vertebral body, 12: Right hemidiaphragm]",2.51
gaussian_xyz/case-112268/case-112268_-57.745019216409105_34.03691348948796_96.34904010553561.png,"[2: Right humeral head, 3: Left humeral head, 10: T1]",2.07
gaussian_xyz/case-112268/case-112268_195.46727817347244_-5.2201274260993555_48.98283040365352.png,"[1: Skull, Cranium, Cranial vault, Calvarium, 11: Carina, Tracheal bifurcation, Tracheal carina, 10: T1, First thoracic vertebra, T1 vertebral body, Upper thoracic vertebra]",4.75
gaussian_xyz/case-112268/case-112268_-75.95915143924556_38.490777530730824_127.27206091768839.png,"[1: Skull, Cranium, Cranial vault, Calvarium, 6: Right elbow, Right olecranon, Right Cubital joint, Right Elbow joint, 10: T1, First thoracic vertebra, T1 vertebral body, Upper thoracic vertebra]",5.2
gaussian_xyz/case-112268/case-112268_-149.3688325242261_-63.968191447696334_-164.12673008478848.png,"[6: Right elbow, 10: T1 vertebral body, 12: Right hemidiaphragm]",2.51
gaussian_xyz/case-112268/case-112268_-29.888908294052754_8.289573295354893_134.06603743417492.png,"[2: Right humeral head, 3: Left humeral head, 10: T1]",2.07
gaussian_xyz/case-112268/case-112268_-177.8406683380245_-32.693327467438735_-14.580741107153141.png,"[2: Right humeral head, 6: Right elbow, 10: T1]",1.97
gaussian_xyz/case-112268/case-112268_-154.77168879018268_35.134081692554915_-75.25254232453214.png,"[2: Right humeral head, 6: Right elbow, 10: T1]",1.97
gaussian_xyz/case-112268/case-112268_-35.43937576145356_-44.81521118067558_130.38585430109597.png,"[2: Right proximal humerus, 6: Right elbow, 10: T1]",2.06
gaussian_xyz/case-112268/case-112268_116.78648062815171_9.179146066051294_-106.46332424579852.png,"[1: Skull, Cranium, Cranial vault, Calvarium, 6: Right elbow, Right olecranon, Right Cubital joint, Right Elbow joint, 11: Carina, Tracheal bifurcation, Tracheal carina]",4.76
gaussian_xyz/case-112268/case-112268_164.04260491221447_7.341982610040696_80.60505724894807.png,"[1: Skull, Cranium, Cranial vault, Calvarium, 6: Right elbow, Right olecranon, Right Cubital joint, Right Elbow joint, 10: T1, First thoracic vertebra, T1 vertebral body, Upper thoracic vertebra]",5.2
gaussian_xyz/case-112268/case-112268_160.8496796178842_-14.503212235484693_96.28620611398495.png,"[1: Skull, Cranium, Cranial vault, Calvarium, 11: Carina, Tracheal bifurcation, Tracheal carina, 10: T1, First thoracic vertebra, T1 vertebral body, Upper thoracic vertebra]",4.76
gaussian_xyz/case-112268/case-112268_-148.34194664931846_51.409963522478655_-12.119195701536926.png,"[2: Right humeral head, 4: Right scapular inferior angle, 10: T1]",2.24
gaussian_xyz/case-112268/case-112268_133.83933819482627_41.03432112461362_-74.70421722578939.png,"[1: Skull, Cranium, Cranial vault, Calvarium, 2: Right humeral head, Right Proximal humerus, Head of right humerus, Right glenohumeral head, 6: Right elbow, Right olecranon, Right Cubital joint, Right Elbow joint]",5.74
gaussian_xyz/case-112268/case-112268_64.71489419072361_-51.96558622682492_-66.21305976233941.png,"[1: Skull, Cranium, Cranial vault, Calvarium, 6: Right elbow, Right olecranon, Right Cubital joint, Right Elbow joint, 10: T1, First thoracic vertebra, T1 vertebral body, Upper thoracic vertebra]",5.21
gaussian_xyz/case-112268/case-112268_-147.64267872306863_22.076566734980766_17.73111747209311.png,"[2: Right humeral head, 6: Right elbow, 10: T1]",1.98
gaussian_xyz/case-112268/case-112268_-42.943863205669885_-39.438913459353294_85.29663282700878.png,"[6: Right elbow, 10: T1, 11: Carina]",1.98
gaussian_xyz/case-112268/case-112268_163.3720462026812_-13.741658477056937_-73.65684713725199.png,"[1: Skull, Cranium, Cranial vault, Calvarium, 2: Right humeral head, Right Proximal humerus, Head of right humerus, Right glenohumeral head, 10: T1, First thoracic vertebra, T1 vertebral body, Upper thoracic vertebra]",5.74
gaussian_xyz/case-112268/case-112268_-63.79705202085751_-92.77311136657117_-1.4786053714343965.png,"[6: Right elbow, 2: Right humeral head, 10: T1]",1.98
gaussian_xyz/case-112268/case-112268_14.784054878262253_-1.6530459804752438_-11.359708560918538.png,"[11: Carina, 2: Right humeral head, 10: T1]",2.07
gaussian_xyz/case-112268/case-112268_-76.59229246617906_59.74170120438266_183.24270457960304.png,"[2: Right humeral head, 6: Right elbow, 10: T1]",1.98
gaussian_xyz/case-112268/case-112268_78.16369218147707_-8.459589982365358_72.94131518817493.png,"[1: Skull, Cranium, Cranial vault, Calvarium, 6: Right elbow, Right olecranon, Right Cubital joint, Right Elbow joint, 11: Carina, Tracheal bifurcation, Tracheal carina]",4.76
gaussian_xyz/case-112268/case-112268_-173.72219074649303_-2.3885729038162378_-41.01185998722266.png,"[6: Right elbow, 10: T1, 11: Carina]",1.98
gaussian_xyz/case-112268/case-112268_-42.169713258951674_-45.61297222901901_-23.3292484730137.png,"[2: Right humeral head, 6: Right elbow, 10: T1]",1.98
gaussian_xyz/case-112268/case-112268_-163.23106482040896_26.737359299995322_50.86999768127875.png,"[2: Right humeral head, 6: Right elbow, 10: T1]",1.97
gaussian_xyz/case-112268/case-112268_-154.11354545997125_89.95074962284714_81.91642268109925.png,"[2: Right humeral head, 3: Left humeral head, 10: T1]",2.07
gaussian_xyz/case-112268/case-112268_108.39754861805994_-3.3698397927759594_26.010672187442736.png,"[1: Skull, Cranium, Cranial vault, Calvarium, 6: Right elbow, Right olecranon, Right Cubital joint, Right Elbow joint, 10: T1, First thoracic vertebra, T1 vertebral body, Upper thoracic vertebra]",5.21
gaussian_xyz/case-112268/case-112268_-165.56685927912807_18.235927528874992_124.87169136046674.png,"[2: Right humeral head, 6: Right elbow, 10: T1]",1.97
gaussian_xyz/case-112268/case-112268_46.22962469404061_-38.961637869444424_81.4897621327765.png,"[11: Carina, 10: T1, 12: Right hemidiaphragm]",2.43
gaussian_xyz/case-112268/case-112268_139.98364405580656_16.933450855234845_147.37239830767416.png,"[1: Skull, Cranium, Cranial vault, Calvarium, 6: Right elbow, Right olecranon, Right Cubital joint, Right Elbow joint, 11: Carina, Tracheal bifurcation, Tracheal carina]",4.75
gaussian_xyz/case-112268/case-112268_-83.80566672478776_-9.233952498926403_79.93094494404488.png,"[2: Right humeral head, 6: Right elbow, 10: T1]",1.98
gaussian_xyz/case-112268/case-112268_175.38535619324733_-40.91369374094498_92.13018408575444.png,"[1: Skull, Cranium, Cranial vault, Calvarium, 2: Right humeral head, Right Proximal humerus, Head of right humerus, Right glenohumeral head, 10: T1, First thoracic vertebra, T1 vertebral body, Upper thoracic vertebra]",5.74
gaussian_xyz/case-112268/case-112268_175.393012366537_-67.21191373657439_0.9512112301105509.png,"[1: Skull, Cranium, Cranial vault, Calvarium, 2: Right humeral head, Right Proximal humerus, Head of right humerus, Right glenohumeral head, 10: T1, First thoracic vertebra, T1 vertebral body, Upper thoracic vertebra]",5.74
gaussian_xyz/case-112268/case-112268_-151.0764929823077_32.30242904942573_-84.98413952520312.png,"[2: Right humeral head, 6: Right elbow, 10: T1]",1.97
gaussian_xyz/case-112268/case-112268_24.296375378739356_83.55217504128805_64.92730844780021.png,"[1: Skull, Cranium, Cranial vault, Calvarium, 2: Right humeral head, Right Proximal humerus, Head of right humerus, Right glenohumeral head, 10: T1, First thoracic vertebra, T1 vertebral body, Upper thoracic vertebra]",5.74
gaussian_xyz/case-112268/case-112268_131.71251872870909_-18.632008353292328_-87.60392628864791.png,"[1: Skull, Cranium, Cranial vault, Calvarium, 2: Right humeral head, Right Proximal humerus, Head of right humerus, Right glenohumeral head, 10: T1, First thoracic vertebra, T1 vertebral body, Upper thoracic vertebra]",5.72
gaussian_xyz/case-112268/case-112268_1.4243981380628838_58.64188564266378_-99.86493554369325.png,"[2: Right proximal humerus, 6: Right elbow, 10: T1]",2.06
gaussian_xyz/case-112268/case-112268_102.39634434664265_18.239372545669845_312.7859608165875.png,"[1: Skull, Cranium, Cranial vault, Calvarium, 6: Right elbow, Right olecranon, Right Cubital joint, Right Elbow joint, 10: T1, First thoracic vertebra, T1 vertebral body, Upper thoracic vertebra]",5.2
gaussian_xyz/case-112268/case-112268_186.37157938687437_37.33429270340223_-67.00975203653773.png,"[1: Skull, Cranium, Cranial vault, Calvarium, 6: Right elbow, Right olecranon, Right Cubital joint, Right Elbow joint, 10: T1, First thoracic vertebra, T1 vertebral body, Upper thoracic vertebra]",5.19
gaussian_xyz/case-112268/case-112268_-11.918020586628984_-63.40246517902611_15.453597416271817.png,"[2: Right humeral head, 4: Right scapular inferior angle, 6: Right elbow]",2.15
gaussian_xyz/case-112268/case-112268_-45.59628161185526_-58.48273992266746_-30.293415662889323.png,"[2: Right humeral head, 6: Right elbow, 10: T1]",1.97
gaussian_xyz/case-112268/case-112268_22.06624197585856_-27.171406864440144_41.9995609504858.png,"[11: Carina, 10: T1, 3: Left humeral head]",2.06
gaussian_xyz/case-112268/case-112268_67.39058231738426_52.12160036235515_-110.75680566319117.png,"[1: Skull, Cranium, Cranial vault, Calvarium, 11: Carina, Tracheal bifurcation, Tracheal carina, 6: Right elbow, Right olecranon, Right Cubital joint, Right Elbow joint]",4.75
gaussian_xyz/case-112268/case-112268_-8.269027588209582_-4.5658282987443215_-59.186689786033654.png,"[11: Carina, 2: Right humeral head, 10: T1]",2.06
gaussian_xyz/case-112268/case-112268_126.18579876537382_47.659542022811834_-75.79891590678271.png,"[1: Skull, Cranium, Cranial vault, Calvarium, 10: T1, First thoracic vertebra, T1 vertebral body, Upper thoracic vertebra, 12: Right hemidiaphragm, Right Diaphragmatic dome, Right Diaphragmatic crus]",5.64
gaussian_xyz/case-112268/case-112268_-41.61279733729964_-43.73125085438127_-3.2608654264169945.png,"[2: Right humeral head, 6: Right elbow, 10: T1]",1.97
gaussian_xyz/case-112268/case-112268_-82.96587945624302_-25.50394173962577_20.641103924292846.png,"[2: Right humeral head, 6: Right elbow, 10: T1]",1.98
gaussian_xyz/case-112268/case-112268_186.08419518116312_-49.41795895653559_-82.70518106572106.png,"[1: Skull, Cranium, Cranial vault, Calvarium, 6: Right elbow, Right olecranon, Right Cubital joint, Right Elbow joint, 10: T1, First thoracic vertebra, T1 vertebral body, Upper thoracic vertebra]",5.21