filename,output,inference_time_sec,target
/gpfs1/home/j/j/jjung2/scratch/vlm_finetuning/regenerated_new/8/H/case-100114_JAY_ANNOTATION.png,"```xml
<response>
    <visual_reasoning>
        The image is centered on the thoracic and lumbar spine, with multiple vertebral bodies visible. Ribs cross the image horizontally, obscuring some of the underlying structures. The T12 vertebral body is clearly identifiable, and the hemidiaphragms are partially visible inferiorly. The patient is supine with arms crossed over the abdomen, making it difficult to precisely identify the humeral heads or scapular tips. Based on these cues, the closest landmarks are T12 and the lower ribs.
    </visual_reasoning>
    <landmarks>[14,12]</landmarks>
</response>
```",18.69,8
/gpfs1/home/j/j/jjung2/scratch/vlm_finetuning/regenerated_new/9/H/case-100114_JAY_ANNOTATION.png,"```xml
<response>
    <visual_reasoning>
        The image is centered on the lumbar spine and lower thoracic region, with crossed arms obscuring much of the view. T12 is clearly visible, and the distal ends of the arms are also present. Ribs are superimposed on the vertebral bodies, making precise vertebral level identification challenging. The patient is supine, and the arms are crossed over the abdomen, further complicating landmark localization. Based on these cues, the closest landmarks are T12 and the distal portion of the right arm.
    </visual_reasoning>
    <landmarks>[14,8]</landmarks>
</response>
```",17.96,9
/gpfs1/home/j/j/jjung2/scratch/vlm_finetuning/regenerated_new/14/H/case-100114_JAY_ANNOTATION.png,"```xml
<response>
    <visual_reasoning>
        The image is centered on the lower thoracic and upper abdominal region. T12 is clearly visible and centrally located, with the carina slightly above it. Ribs are crossing the image, and the wrists are also present, indicating the patient is supine with arms crossed. The vertebral bodies are well-defined, and the hemidiaphragms are partially visible inferiorly. Based on these cues, the closest landmarks are T12 and the right wrist.
    </visual_reasoning>
    <landmarks>[14,8]</landmarks>
</response>
```",17.33,14
/gpfs1/home/j/j/jjung2/scratch/vlm_finetuning/regenerated_new/9/H/case-100129_JAY_ANNOTATION.png,"```xml
<response>
    <visual_reasoning>
        The image is centered on the lower abdomen and right lower limb, with the right wrist and T12 vertebral body being prominent. We can see the bony structures of the wrist and hand, as well as the ribs overlying the T12. The right hemidiaphragm is partially visible, curving upwards towards the right hemidiaphragm. The patient is supine with arms crossed, and the field of view includes the distal portion of the right arm and the lower thoracic and lumbar spine.
    </visual_reasoning>
    <landmarks>[8,14]</landmarks>
</response>
```",18.33,9
/gpfs1/home/j/j/jjung2/scratch/vlm_finetuning/regenerated_new/7/H/case-100164_JAY_ANNOTATION.png,"```xml
<response>
    <visual_reasoning>
        The image is centered on the left upper abdomen and lower thorax, showing the left hemidiaphragm and left scapular inferior angle. We can clearly see the curved edge of the left hemidiaphragm dome and the bony structures of the ribs. The left elbow is also prominent, with the humeral head visible distally. The patient is supine with arms crossed, and the field of view includes the lateral chest wall. Based on these visual cues, the closest landmarks are the left hemidiaphragm and the left elbow.
    </visual_reasoning>
    <landmarks>[13,7]</landmarks>
</response>
```",19.34,7
/gpfs1/home/j/j/jjung2/scratch/vlm_finetuning/regenerated_new/9/H/case-100164_JAY_ANNOTATION.png,"```xml
<response>
    <visual_reasoning>
        The image is centered on the right upper abdomen and right thorax. We can clearly see the right hemidiaphragm dome and several ribs crossing the image. The right scapular inferior angle is also prominent, overlapping the hemidiaphragm. The humeral head is partially visible, indicating the right arm is crossed over the abdomen. Based on these cues, the image center is best defined by the right hemidiaphragm and the right scapular inferior angle.
    </visual_reasoning>
    <landmarks>[12,4]</landmarks>
</response>
```",17.47,9
/gpfs1/home/j/j/jjung2/scratch/vlm_finetuning/regenerated_new/6/H/case-100229_JAY_ANNOTATION.png,"```xml
<response>
    <visual_reasoning>
        The image is a lateral view, showing the right side of the patient's torso and lower abdomen. We can clearly see the right hemidiaphragm dome and several vertebral bodies. The patient's arms are crossed over the abdomen, obscuring some of the lower body structures. The T12 vertebral body is visible, and the right hemidiaphragm is also prominent. Based on these cues, the image center is closest to the lower chest and abdominal region.
    </visual_reasoning>
    <landmarks>[12,14]</landmarks>
</response>
```",17.93,6
/gpfs1/home/j/j/jjung2/scratch/vlm_finetuning/regenerated_new/7/H/case-100229_JAY_ANNOTATION.png,"```xml
<response>
    <visual_reasoning>
        The image is a right lateral view, primarily showing the lower abdomen and right lower limb. The patient is supine with arms crossed. We can clearly see the right hemidiaphragm dome and the distal portion of the right leg, including the ankle and foot. The T12 vertebral body is also visible, indicating the lower thoracic region. Based on these cues, the image center is closest to the lower abdomen and right thigh.
    </visual_reasoning>
    <landmarks>[13,14]</landmarks>
</response>
```",16.82,7
/gpfs1/home/j/j/jjung2/scratch/vlm_finetuning/regenerated_new/9/H/case-100229_JAY_ANNOTATION.png,"```xml
<response>
    <visual_reasoning>
        The image is a right lateral view, showing the patient supine with arms crossed. The central portion of the image is dominated by the right ribs and the upper abdomen. We can clearly see the curvature of the ribs and the intercostal spaces. The right hemidiaphragm is also visible, appearing as a slightly blurred, concave structure. Based on these features, the closest landmarks are T12 and 12.
    </visual_reasoning>
    <landmarks>[12,14]</landmarks>
</response>
```",16.7,9
/gpfs1/home/j/j/jjung2/scratch/vlm_finetuning/regenerated_new/9/H/case-100245_JAY_ANNOTATION.png,"```xml
<response>
    <visual_reasoning>
        The image is centered on the thoracic region, with the carina and ribs prominently displayed. We can see multiple ribs crossing the image, indicating the patient is supine with arms crossed. The carina is vertically oriented and appears central, with the vertebral bodies visible inferior to it. The humeral heads are partially obscured by the crossed arms, but are present in the upper corners of the image. Based on these features, the closest landmarks are the carina and T12.
    </visual_reasoning>
    <landmarks>[11,14]</landmarks>
</response>
```",17.33,9
/gpfs1/home/j/j/jjung2/scratch/vlm_finetuning/regenerated_new/12/H/case-100245_JAY_ANNOTATION.png,"```xml
<response>
    <visual_reasoning>
        The image is centered on the upper abdomen and chest, with the patient's arms crossed. We can clearly see multiple ribs crossing each other, and the vertebral bodies of the thoracic spine are visible. The right hemidiaphragm is partially obscured by the arms, and the right scapular inferior angle is also present. Based on these cues, the image center is between the ribs and vertebral bodies, making T12 and 4 the closest landmarks.
    </visual_reasoning>
    <landmarks>[4,14]</landmarks>
</response>
```",17.2,12
/gpfs1/home/j/j/jjung2/scratch/vlm_finetuning/regenerated_new/9/H/case-100247_JAY_ANNOTATION.png,"```xml
<response>
    <visual_reasoning>
        The image is centered on the right upper chest and arm, with significant overlap from the right scapula and humeral head. We can clearly see the rounded contour of the right humeral head and the inferior angle of the right scapula, which are prominent features. Ribs are visible crossing the image, indicating the thoracic region. The patient is supine with arms crossed, and the field of view includes the right arm and upper chest. Based on these visual cues, the closest landmarks are the right humeral head and the right scapular inferior angle.
    </visual_reasoning>
    <landmarks>[2,4]</landmarks>
</response>
```",19.1,9
/gpfs1/home/j/j/jjung2/scratch/vlm_finetuning/regenerated_new/6/H/case-100254_JAY_ANNOTATION.png,"```xml
<response>
    <visual_reasoning>
        The image is heavily cropped, showing primarily the right forearm and upper arm. The right elbow (landmark 6) is centrally located, with the distal radius and ulna visible. The humeral head (landmark 2) is also partially visible in the lower left corner. Due to the limited field of view, it's difficult to assess other structures, but the patient appears supine with arms crossed.
    </visual_reasoning>
    <landmarks>[6,2]</landmarks>
</response>
```",15.69,6
/gpfs1/home/j/j/jjung2/scratch/vlm_finetuning/regenerated_new/8/H/case-100254_JAY_ANNOTATION.png,"```xml
<response>
    <visual_reasoning>
        The image is centered on the right upper arm and chest wall. We can clearly see the right humeral head and the right scapular inferior angle overlapping. Ribs are visible crossing the image, indicating the patient is supine with arms crossed. The right wrist is also partially visible in the lower right corner. Based on these landmarks, the image center is best described by the right humeral head and the right scapular inferior angle.
    </visual_reasoning>
    <landmarks>[2,4]</landmarks>
</response>
```",16.18,8
/gpfs1/home/j/j/jjung2/scratch/vlm_finetuning/regenerated_new/9/H/case-100254_JAY_ANNOTATION.png,"```xml
<response>
    <visual_reasoning>
        The image is centered on the upper abdomen and chest, with the right hemidiaphragm and ribs prominently displayed. We can see the carina (11) and the right hemidiaphragm dome (12) are close to the center. The patient is supine with arms crossed, obscuring the lower abdomen. Ribs are clearly visible, intersecting with the hemidiaphragm, and the T12 vertebral body (14) is also present.
    </visual_reasoning>
    <landmarks>[12,14]</landmarks>
</response>
```",17.96,9
/gpfs1/home/j/j/jjung2/scratch/vlm_finetuning/regenerated_new/6/H/case-100265_JAY_ANNOTATION.png,"```xml
<response>
    <visual_reasoning>
        The image is a right lateral view, primarily showing the right lower leg and knee joint. The distal portion of the right femur and tibia are clearly visible, with the knee joint itself centrally located. There are no visible vertebral bodies or ribs in the field of view, suggesting the patient is supine with arms crossed. The patient's right leg is extended, and the foot is partially visible at the image's lower right corner. Based on these cues, the closest landmarks are the right knee (index 6) and the distal tibia/fibula.
    </visual_reasoning>
    <landmarks>[6,14]</landmarks>
</response>
```",19.73,6
/gpfs1/home/j/j/jjung2/scratch/vlm_finetuning/regenerated_new/8/H/case-100265_JAY_ANNOTATION.png,"```xml
<response>
    <visual_reasoning>
        The image is centered on the lower abdomen and right lower limb, with the arms crossed. We can clearly see the right wrist (9) and the right hemidiaphragm dome (12) are prominent. The patient is supine, and the arms are folded across the abdomen, obscuring the lower ribs. T12 is also visible inferiorly, indicating the lower thoracic region.
    </visual_reasoning>
    <landmarks>[9,14]</landmarks>
</response>
```",15.68,8
/gpfs1/home/j/j/jjung2/scratch/vlm_finetuning/regenerated_new/9/H/case-100265_JAY_ANNOTATION.png,"```xml
<response>
    <visual_reasoning>
        The image is centered on the lower chest and upper abdomen, with the right wrist and T12 vertebral body being prominent. Ribs are clearly visible crossing the image, and the right hemidiaphragm is partially seen. The patient's arms are crossed over the abdomen, obscuring some of the underlying structures. T12 is more central than the wrist, making it the primary landmark, with the wrist being a secondary landmark.
    </visual_reasoning>
    <landmarks>[14,8]</landmarks>
</response>
```",16.81,9
/gpfs1/home/j/j/jjung2/scratch/vlm_finetuning/regenerated_new/6/H/case-100304_JAY_ANNOTATION.png,"```xml
<response>
    <visual_reasoning>
        The image is a mostly full-body X-ray, but heavily cropped on the left side. The central region of the image shows the lower leg and foot, with the distal tibia and fibula clearly visible. The patient is supine, and the arms are crossed over the abdomen, though only the very edge of the right arm is visible. Due to the cropping, vertebral bodies are not well visualized, but the lower leg and foot are prominent. We can confidently identify the distal lower limb, ruling out the skull and T12.
    </visual_reasoning>
    <landmarks>[14,1]</landmarks>
</response>
```",19.33,6
/gpfs1/home/j/j/jjung2/scratch/vlm_finetuning/regenerated_new/7/H/case-100304_JAY_ANNOTATION.png,"```xml
<response>
    <visual_reasoning>
        The image is a lateral view of the torso and lower limbs. The T12 vertebral body is clearly visible and centered, with the ribs overlying it. The right humeral head is partially visible on the left edge of the image. The patient is supine with arms crossed, and the field of view is limited to the right side of the body.
    </visual_reasoning>
    <landmarks>[12,14]</landmarks>
</response>
```",14.53,7
/gpfs1/home/j/j/jjung2/scratch/vlm_finetuning/regenerated_new/9/H/case-100304_JAY_ANNOTATION.png,"```xml
<response>
    <visual_reasoning>
        The image is centered on the lower abdomen and right leg, with the right forearm crossing the center. We can clearly see the right wrist (8) and the distal portion of the right forearm. T12 is also visible, with the vertebral bodies stacked above it. The patient is supine with arms crossed, and the right hemidiaphragm is partially visible inferiorly. Therefore, the closest landmarks are the right wrist and T12.
    </visual_reasoning>
    <landmarks>[8,14]</landmarks>
</response>
```",17.07,9
/gpfs1/home/j/j/jjung2/scratch/vlm_finetuning/regenerated_new/9/H/case-100308_JAY_ANNOTATION.png,"```xml
<response>
    <visual_reasoning>
        The image is centered on the lower ribs and wrists, with the T12 vertebral body clearly visible. The patient's arms are crossed over the abdomen, obscuring the lower abdominal region. Ribs are easily counted, showing multiple costal segments. The distal phalanges of the hands are also prominent, indicating wrist and hand positioning. Based on these features, the closest landmarks are T12 and 8.
    </visual_reasoning>
    <landmarks>[14,8]</landmarks>
</response>
```",16.18,9
/gpfs1/home/j/j/jjung2/scratch/vlm_finetuning/regenerated_new/9/H/case-100359_JAY_ANNOTATION.png,"```xml
<response>
    <visual_reasoning>
        The image is centered on the lower chest and upper abdomen, with the right hemidiaphragm and ribs prominently displayed. We can see the bony structures of the ribs and intercostal spaces, along with the right wrist and portions of the right humeral head. The patient is supine with arms crossed, obscuring the lower abdomen. Based on the rib cage and humeral head visibility, the image is best localized between the right scapular inferior angle and the right wrist.
    </visual_reasoning>
    <landmarks>[4,8]</landmarks>
</response>
```",17.45,9
/gpfs1/home/j/j/jjung2/scratch/vlm_finetuning/regenerated_new/6/H/case-100366_JAY_ANNOTATION.png,"```xml
<response>
    <visual_reasoning>
        The image is heavily cropped, showing primarily the right lower arm and distal humerus. The right elbow joint is clearly visible, with the humeral head partially obscured by the edge of the image. No other anatomical structures are well-defined, making precise localization difficult. Based on the visible structures, the closest landmarks are the right elbow and the distal portion of the right humeral head. The patient is supine with arms crossed.
    </visual_reasoning>
    <landmarks>[7,2]</landmarks>
</response>
```",16.08,6
/gpfs1/home/j/j/jjung2/scratch/vlm_finetuning/regenerated_new/8/H/case-100366_JAY_ANNOTATION.png,"```xml
<response>
    <visual_reasoning>
        The image is centered on the thoracic region, with the right hemidiaphragm and ribs prominently displayed. We can see the vertebral bodies of the thoracic spine, and the right scapular inferior angle is also visible. The lung fields are partially obscured by the crossed arms, but the carina is faintly visible. Based on these landmarks, the image is best centered between the ribs and the right hemidiaphragm.
    </visual_reasoning>
    <landmarks>[12,4]</landmarks>
</response>
```",16.21,8
/gpfs1/home/j/j/jjung2/scratch/vlm_finetuning/regenerated_new/9/H/case-100366_JAY_ANNOTATION.png,"```xml
<response>
    <visual_reasoning>
        The image is centered on the T12 vertebral body and the right wrist. We can see the full width of T12, with adjacent ribs clearly visible. The right wrist is also prominent, with bony structures easily identifiable. The patient is supine with arms crossed, obscuring the lower abdomen. Therefore, the closest landmarks are T12 and the right wrist.
    </visual_reasoning>
    <landmarks>[14,8]</landmarks>
</response>
```",15.07,9
/gpfs1/home/j/j/jjung2/scratch/vlm_finetuning/regenerated_new/13/H/case-100366_JAY_ANNOTATION.png,"```xml
<response>
    <visual_reasoning>
        The image is centered on the upper chest and arms, with the humeral heads and ribs prominently displayed. We can see the right humeral head (2) and the right scapular inferior angle (4) are close to the image center. Ribs are clearly visible crossing the field of view, and the patient's arms are crossed over the abdomen. The T1 vertebral body (10) is also visible inferiorly, suggesting the patient is supine. Therefore, the closest landmarks are the right humeral head and the right scapular inferior angle.
    </visual_reasoning>
    <landmarks>[2,4]</landmarks>
</response>
```",19.34,13
/gpfs1/home/j/j/jjung2/scratch/vlm_finetuning/regenerated_new/7/H/case-100369_JAY_ANNOTATION.png,"```xml
<response>
    <visual_reasoning>
        The image is a lateral view of the torso and upper arm, with the field of view primarily focused on the right side of the patient. We can clearly see the right hemidiaphragm dome and the right scapular inferior angle, indicating a supine position with arms crossed. Ribs are visible, curving around the right scapula and hemidiaphragm. The humeral head is also partially visible, further confirming the patient's supine position. Based on these cues, the image center is closest to the right hemidiaphragm and the right scapular inferior angle.
    </visual_reasoning>
    <landmarks>[13,5]</landmarks>
</response>
```",20.61,7
/gpfs1/home/j/j/jjung2/scratch/vlm_finetuning/regenerated_new/8/H/case-100369_JAY_ANNOTATION.png,"```xml
<response>
    <visual_reasoning>
        The image is centered on the lower torso and right arm, showing the patient supine with arms crossed. We can clearly see the right hemidiaphragm dome and the right scapular inferior angle, with the humeral head partially visible. Ribs are also prominent, curving around the right side of the chest. The patient is lying on their back, and the field of view includes the lower abdomen and right thigh. Based on these visual cues, the closest landmarks are the right hemidiaphragm and the right wrist.
    </visual_reasoning>
    <landmarks>[13,9]</landmarks>
</response>
```",18.98,8
/gpfs1/home/j/j/jjung2/scratch/vlm_finetuning/regenerated_new/9/H/case-100369_JAY_ANNOTATION.png,"```xml
<response>
    <visual_reasoning>
        The image is centered on the right upper abdomen and thorax. We can clearly see the right hemidiaphragm dome and the inferior tip of the right scapula, indicating the patient is supine with arms crossed. The right humeral head is also visible, overlapping the right hemidiaphragm. Ribs are visible throughout the image, further confirming the thoracic location. Based on these cues, the closest landmarks are the right hemidiaphragm and the right scapular inferior angle.
    </visual_reasoning>
    <landmarks>[12,4]</landmarks>
</response>
```",18.1,9
/gpfs1/home/j/j/jjung2/scratch/vlm_finetuning/regenerated_new/7/H/case-100371_JAY_ANNOTATION.png,"```xml
<response>
    <visual_reasoning>
        The image is a right lateral view, showing the patient supine with arms crossed. The distal portion of the right arm and shoulder are prominently displayed, with the humeral head and scapular inferior angle visible. The patient is lying on their side, with the edge of the image frame cutting off part of the right scapula. No vertebral bodies or lung fields are clearly visible, suggesting the image is focused on the upper limb. Based on these cues, the closest landmarks are the right humeral head and right scapular inferior angle.
    </visual_reasoning>
    <landmarks>[2,5]</landmarks>
</response>
```",19.24,7
/gpfs1/home/j/j/jjung2/scratch/vlm_finetuning/regenerated_new/9/H/case-100371_JAY_ANNOTATION.png,"```xml
<response>
    <visual_reasoning>
        The image is centered on the lower abdomen and pelvis, with the patient supine and arms crossed. We can clearly see the T12 vertebral body and the iliac crests, indicating the lower thoracic and upper abdominal region. The right humeral head is partially visible on the left side of the image, and the right wrist is also present. Ribs are superimposed over the abdominal region, making precise landmark identification challenging. Based on these cues, the image center is closest to the pelvic region and lower ribs.
    </visual_reasoning>
    <landmarks>[2,14]</landmarks>
</response>
```",18.44,9
/gpfs1/home/j/j/jjung2/scratch/vlm_finetuning/regenerated_new/6/H/case-100515_JAY_ANNOTATION.png,"```xml
<response>
    <visual_reasoning>
        The image is centered on the right upper abdomen and thorax. We can clearly see the right hemidiaphragm dome and the humeral head overlapping. Ribs are visible crossing the image, and the right scapular inferior angle is partially obscured by the patient's crossed arms. The T12 vertebral body is also present, contributing to the central location. Based on these cues, the image is best centered between the hemidiaphragm and the humeral head.
    </visual_reasoning>
    <landmarks>[12,2]</landmarks>
</response>
```",17.43,6
/gpfs1/home/j/j/jjung2/scratch/vlm_finetuning/regenerated_new/8/H/case-100515_JAY_ANNOTATION.png,"```xml
<response>
    <visual_reasoning>
        The image is centered on the right upper arm and chest wall. We can clearly see the right scapular inferior angle and the humeral head overlapping the right hemidiaphragm. Ribs are visible crossing the image, and the patient's arms are crossed over the abdomen. The field of view includes the distal portion of the right arm and the lateral chest wall, with no vertebral bodies or carina visible. Therefore, the closest landmarks are the right scapular inferior angle and the right humeral head.
    </visual_reasoning>
    <landmarks>[4,2]</landmarks>
</response>
```",18.09,8
/gpfs1/home/j/j/jjung2/scratch/vlm_finetuning/regenerated_new/9/H/case-100515_JAY_ANNOTATION.png,"```xml
<response>
    <visual_reasoning>
        The image is centered on the lower abdomen and pelvis, with the lumbar spine and right iliac wing prominently displayed. Ribs are visible crossing the image, and the T12 vertebral body is clearly identifiable. The right hemidiaphragm dome is also present, curving upwards. The patient is supine with arms crossed, obscuring the lower abdominal region. Based on these features, the closest landmarks are T12 and the right iliac wing.
    </visual_reasoning>
    <landmarks>[14,12]</landmarks>
</response>
```",17.31,9
/gpfs1/home/j/j/jjung2/scratch/vlm_finetuning/regenerated_new/5/H/case-100518_JAY_ANNOTATION.png,"```xml
<response>
    <visual_reasoning>
        The image is centered on the right lower chest and arm, showing several ribs and the distal portion of the right arm. The right hemidiaphragm is visible as a curved structure inferior to the ribs. The right scapular inferior angle is prominent, overlapping the lower ribs. The humeral head is also visible, indicating the patient's arms are crossed over the abdomen.
    </visual_reasoning>
    <landmarks>[4,8]</landmarks>
</response>
```",14.93,5
/gpfs1/home/j/j/jjung2/scratch/vlm_finetuning/regenerated_new/8/H/case-100518_JAY_ANNOTATION.png,"```xml
<response>
    <visual_reasoning>
        The image is centered on the patient's abdomen and lower chest, with the arms crossed. We can clearly see the left wrist (9) and the left hemidiaphragm dome (13) are prominent. The T12 vertebral body (14) is also visible, lying inferior to the patient's abdomen. The patient is supine, and the arms are folded across the torso, obscuring the lower abdominal region. Based on these cues, the closest landmarks are the left wrist and T12.
    </visual_reasoning>
    <landmarks>[9,14]</landmarks>
</response>
```",19.09,8
/gpfs1/home/j/j/jjung2/scratch/vlm_finetuning/regenerated_new/6/H/case-100541_JAY_ANNOTATION.png,"```xml
<response>
    <visual_reasoning>
        The image is a right lateral view, showing the distal humerus and right scapular inferior angle prominently. The humeral head is rounded and sits above the right scapula. Ribs are visible crossing the right side of the image, and the patient's arm is flexed at the elbow. The field of view is limited to the right upper arm and shoulder region, with the distal portion of the right forearm also visible. Based on these cues, the closest landmarks are the right humeral head and the right scapular inferior angle.
    </visual_reasoning>
    <landmarks>[2,4]</landmarks>
</response>
```",18.86,6
/gpfs1/home/j/j/jjung2/scratch/vlm_finetuning/regenerated_new/7/H/case-100541_JAY_ANNOTATION.png,"```xml
<response>
    <visual_reasoning>
        The image is centered on the lower abdomen and right flank, with the patient supine and arms crossed. We can clearly see the right hemidiaphragm dome and the inferior angle of the right scapula. The T12 vertebral body is also visible, partially obscured by the ribs. The patient's arms are crossed over the abdomen, making it difficult to precisely identify the wrist landmarks. Based on these cues, the image center is best characterized by the right hemidiaphragm and the lower ribs.
    </visual_reasoning>
    <landmarks>[13,14]</landmarks>
</response>
```",18.85,7
/gpfs1/home/j/j/jjung2/scratch/vlm_finetuning/regenerated_new/8/H/case-100541_JAY_ANNOTATION.png,"```xml
<response>
    <visual_reasoning>
        The image is centered on the right upper abdomen and thorax. We can clearly see the right hemidiaphragm dome and several ribs, indicating the lower chest and upper abdominal region. The right humeral head is partially visible in the left of the image, and the right scapular inferior angle is also present. The patient is supine with arms crossed, and the field of view includes the right side of the torso. Based on these visual cues, the closest landmarks are the right hemidiaphragm and the right humeral head.
    </visual_reasoning>
    <landmarks>[12,2]</landmarks>
</response>
```",19.1,8
/gpfs1/home/j/j/jjung2/scratch/vlm_finetuning/regenerated_new/9/H/case-100541_JAY_ANNOTATION.png,"```xml
<response>
    <visual_reasoning>
        The image is centered on the right upper arm and chest wall. We can clearly see the right humeral head and the right scapular inferior angle, with the right wrist also visible distally. Ribs are superimposed on the right arm, obscuring some of the underlying soft tissue. The patient is supine with arms crossed, and the field of view includes the distal portion of the right arm and a significant portion of the right chest. Based on these visual cues, the closest landmarks are the humeral head and the scapular inferior angle.
    </visual_reasoning>
    <landmarks>[2,4]</landmarks>
</response>
```",18.97,9
/gpfs1/home/j/j/jjung2/scratch/vlm_finetuning/regenerated_new/6/H/case-100585_JAY_ANNOTATION.png,"```xml
<response>
    <visual_reasoning>
        The image is centered on the right upper arm and forearm, with the humeral head partially visible. The right elbow joint is clearly seen, and the distal radius and ulna are also present. Ribs are superimposed on the arm, making precise vertebral body identification difficult. The patient is supine with arms crossed, and the field of view is limited to the right side of the torso. Based on these cues, the closest landmarks are the right elbow and right humeral head.
    </visual_reasoning>
    <landmarks>[2,6]</landmarks>
</response>
```",17.34,6
/gpfs1/home/j/j/jjung2/scratch/vlm_finetuning/regenerated_new/8/H/case-100585_JAY_ANNOTATION.png,"```xml
<response>
    <visual_reasoning>
        The image is centered on the upper abdomen and mid-thoracic region. We can clearly see the T12 vertebral body and the carina, indicating the patient is supine with arms crossed. Ribs are visible crossing the image, and the left hemidiaphragm is partially seen. The left wrist (9) is also close to the image center, along with the carina (11). Therefore, the image is primarily focused on the thoracic and upper abdominal region.
    </visual_reasoning>
    <landmarks>[9,11]</landmarks>
</response>
```",17.68,8
/gpfs1/home/j/j/jjung2/scratch/vlm_finetuning/regenerated_new/9/H/case-100585_JAY_ANNOTATION.png,"```xml
<response>
    <visual_reasoning>
        The image is centered on the mid-thoracic region, with multiple ribs crossing the field of view. T12 is clearly visible in the lower center, and the carina is slightly above it. The patient's arms are crossed over the abdomen, obscuring the lower abdominal wall. Ribs are densely packed, making precise landmark identification challenging, but the T12 vertebral body is the most prominent structure. Based on these cues, the closest landmarks are T12 and the carina.
    </visual_reasoning>
    <landmarks>[12,14]</landmarks>
</response>
```",18.21,9
/gpfs1/home/j/j/jjung2/scratch/vlm_finetuning/regenerated_new/7/H/case-100591_JAY_ANNOTATION.png,"```xml
<response>
    <visual_reasoning>
        The image is a right lateral view, with the right side of the patient mostly off-screen. We can clearly see the right humeral head (2) and the right wrist (8), which are central to the image. The patient's arms are crossed over the abdomen, obscuring some of the underlying structures. Ribs are visible extending from the thoracic cage, and the distal portion of the right forearm is prominent. Based on these visual cues, the image center is closest to the right humeral head and right wrist.
    </visual_reasoning>
    <landmarks>[2,8]</landmarks>
</response>
```",18.71,7
/gpfs1/home/j/j/jjung2/scratch/vlm_finetuning/regenerated_new/8/H/case-100591_JAY_ANNOTATION.png,"```xml
<response>
    <visual_reasoning>
        The image is centered on the right arm and upper chest wall. We can clearly see the right scapular inferior angle and the distal portion of the right arm with the wrist and hand visible. Ribs are crossing the image, and the humeral head is partially obscured by the chest wall. The patient is supine with arms crossed, and the field of view includes the right side of the torso. Based on these cues, the closest landmarks are the right scapular inferior angle and the right wrist.
    </visual_reasoning>
    <landmarks>[4,9]</landmarks>
</response>
```",17.95,8
/gpfs1/home/j/j/jjung2/scratch/vlm_finetuning/regenerated_new/9/H/case-100591_JAY_ANNOTATION.png,"```xml
<response>
    <visual_reasoning>
        The image is centered on the thoracic and upper abdominal region, with the right hemidiaphragm and ribs prominently displayed. We can see the intercostal spaces and bony structures of the ribs, along with the vertebral bodies. The right hemidiaphragm is relatively flat, and the carina is visible, indicating the branching of the trachea. The patient's arms are crossed over the abdomen, obscuring some of the lower chest and abdominal structures. Based on these features, the closest landmarks are T12 and 8.
    </visual_reasoning>
    <landmarks>[12,8]</landmarks>
</response>
```",19.21,9
/gpfs1/home/j/j/jjung2/scratch/vlm_finetuning/regenerated_new/5/H/case-100702_JAY_ANNOTATION.png,"```xml
<response>
    <visual_reasoning>
        The image is centered on the lower chest and upper abdomen, with the patient supine and arms crossed. We can clearly see the ribs curving around the body, and the left wrist is prominent. The left hemidiaphragm is also visible, appearing as a curved, radiopaque structure. The patient's arms are crossed, obscuring the lower abdominal region, but the left wrist and forearm are well-defined. Based on these cues, the closest landmarks are the left wrist and the left scapular inferior angle.
    </visual_reasoning>
    <landmarks>[8,5]</landmarks>
</response>
```",18.73,5
/gpfs1/home/j/j/jjung2/scratch/vlm_finetuning/regenerated_new/7/H/case-100770_JAY_ANNOTATION.png,"```xml
<response>
    <visual_reasoning>
        The image is a lateral view, primarily showing the right side of the patient's torso and arm. We can clearly see the right hemidiaphragm dome and ribs, with the right scapular inferior angle also visible. The patient's arm is crossed over the abdomen, with the elbow joint prominent. T12 is also visible, indicating the lower thoracic region. Based on these cues, the image center is closer to the right hemidiaphragm and T12 than the left scapular inferior angle.
    </visual_reasoning>
    <landmarks>[12,14]</landmarks>
</response>
```",19.09,7
/gpfs1/home/j/j/jjung2/scratch/vlm_finetuning/regenerated_new/9/H/case-100770_JAY_ANNOTATION.png,"```xml
<response>
    <visual_reasoning>
        The image is centered on the right upper abdomen and chest, with the right hemidiaphragm and ribs prominently displayed. The right scapular inferior angle is clearly visible, overlapping the right hemidiaphragm. Ribs are easily counted, showing a dense pattern across the image. The humeral head is partially visible on the left, but further away than the scapular tip. Based on these cues, the image center is best defined by the right hemidiaphragm and the right scapular inferior angle.
    </visual_reasoning>
    <landmarks>[12,4]</landmarks>
</response>
```",18.73,9
/gpfs1/home/j/j/jjung2/scratch/vlm_finetuning/regenerated_new/7/H/case-100779_JAY_ANNOTATION.png,"```xml
<response>
    <visual_reasoning>
        The image is heavily weighted towards the left side, showing the distal portion of the left arm and shoulder. The left elbow (7) is clearly visible, with the humeral head partially obscured by the scapula. Ribs are also visible crossing the image, indicating the patient is supine with arms crossed. The inferior angle of the left scapula (5) is also prominent, further confirming the location. Based on these cues, the image center is closest to the left elbow and the left scapular inferior angle.
    </visual_reasoning>
    <landmarks>[5,7]</landmarks>
</response>
```",18.46,7
/gpfs1/home/j/j/jjung2/scratch/vlm_finetuning/regenerated_new/8/H/case-100779_JAY_ANNOTATION.png,"```xml
<response>
    <visual_reasoning>
        The image is centered on the patient's crossed arms and lower chest. We can clearly see the right wrist (8) and the distal portion of the right forearm, with the humeral head (2) also visible. The left wrist (9) is partially obscured by the arms. Ribs are prominent, and the patient is supine with arms crossed over the abdomen, making it difficult to distinguish between the hemidiaphragms. Based on these cues, the image center is best characterized by the right wrist and humeral head.
    </visual_reasoning>
    <landmarks>[2,8]</landmarks>
</response>
```",19.09,8
/gpfs1/home/j/j/jjung2/scratch/vlm_finetuning/regenerated_new/9/H/case-100779_JAY_ANNOTATION.png,"```xml
<response>
    <visual_reasoning>
        The image is centered on the lower abdomen and right thigh, with the right knee and lower leg prominently displayed. We can see the distal portion of the right femur and tibia, with subtle bone texture indicating cortical bone. The patient's arms are crossed over the abdomen, obscuring some of the underlying structures. Ribs are visible overlying the right lower quadrant, and the right hemidiaphragm is partially seen inferiorly. Based on these cues, the closest landmarks are the right knee (not explicitly listed) and the right wrist (9).
    </visual_reasoning>
    <landmarks>[9,14]</landmarks>
</response>
```",19.49,9
/gpfs1/home/j/j/jjung2/scratch/vlm_finetuning/regenerated_new/6/H/case-100863_JAY_ANNOTATION.png,"```xml
<response>
    <visual_reasoning>
        The image is centered on the lower thoracic region and upper abdomen, with the right humeral head partially visible on the left. T10 and T11 vertebral bodies are clearly seen, and the carina is also prominent. The right humeral head obscures part of the view, but the central focus is on the thoracic spine and carina. The patient is supine with arms crossed, contributing to the overlapping anatomy. Therefore, the closest landmarks are T10 and the right humeral head.
    </visual_reasoning>
    <landmarks>[10,2]</landmarks>
</response>
```",17.71,6
/gpfs1/home/j/j/jjung2/scratch/vlm_finetuning/regenerated_new/7/H/case-100863_JAY_ANNOTATION.png,"```xml
<response>
    <visual_reasoning>
        The image is a right lateral view, primarily showing the distal forearm and right scapula. The humeral head is partially visible, curving distally towards the right shoulder. Ribs are clearly visible crossing the image, and the right elbow joint is prominent. The patient is supine with arms crossed, and the field of view is limited to the right side of the torso. Based on these cues, the closest landmarks are the right scapular inferior angle and the right elbow.
    </visual_reasoning>
    <landmarks>[4,7]</landmarks>
</response>
```",17.33,7
/gpfs1/home/j/j/jjung2/scratch/vlm_finetuning/regenerated_new/9/H/case-100863_JAY_ANNOTATION.png,"```xml
<response>
    <visual_reasoning>
        The image is centered on the lower abdomen and right flank, showing multiple vertebral bodies and ribs. We can clearly see the T12 vertebral body and the right hemidiaphragm dome, indicating the patient is supine with arms crossed. The right hemidiaphragm is prominent, curving upwards and outwards. The patient's right arm is also visible, with the wrist and forearm crossing the abdomen. Based on these cues, the closest landmarks are T12 and the right wrist.
    </visual_reasoning>
    <landmarks>[14,9]</landmarks>
</response>
```",18.22,9
/gpfs1/home/j/j/jjung2/scratch/vlm_finetuning/regenerated_new/8/H/case-100915_JAY_ANNOTATION.png,"```xml
<response>
    <visual_reasoning>
        The image is centered on the lower abdomen and lumbar spine, with the right hip and lower ribs visible. T12 is clearly identifiable by its vertebral body shape and position. The right hemidiaphragm is also visible as a curved structure inferior to the ribs. The patient is supine with arms crossed, obscuring the lower abdominal region; the right iliac crest is also visible.
    </visual_reasoning>
    <landmarks>[14,7]</landmarks>
</response>
```",15.58,8
/gpfs1/home/j/j/jjung2/scratch/vlm_finetuning/regenerated_new/9/H/case-100915_JAY_ANNOTATION.png,"```xml
<response>
    <visual_reasoning>
        The image is centered on the right upper abdomen and thorax. We can clearly see the right hemidiaphragm dome and the right scapular inferior angle, indicating a supine patient with arms crossed. Ribs are visible throughout the image, overlapping the hemidiaphragm. The humeral head is also partially visible on the left side of the image. Based on these landmarks, the image center is best described by the right hemidiaphragm and the right scapular inferior angle.
    </visual_reasoning>
    <landmarks>[12,4]</landmarks>
</response>
```",18.1,9
/gpfs1/home/j/j/jjung2/scratch/vlm_finetuning/regenerated_new/6/H/case-100917_JAY_ANNOTATION.png,"```xml
<response>
    <visual_reasoning>
        The image is a right anterior thorax with the patient supine and arms crossed. The right hemidiaphragm is clearly visible, curving upwards and outwards. The humeral head is also prominent, overlapping the right hemidiaphragm. Ribs are visible radiating from the thorax, and the patient is lying on their side, with the edge of the body cut off. Based on these features, the image center is best characterized by the right hemidiaphragm and humeral head.
    </visual_reasoning>
    <landmarks>[12,2]</landmarks>
</response>
```",17.98,6
/gpfs1/home/j/j/jjung2/scratch/vlm_finetuning/regenerated_new/9/H/case-100917_JAY_ANNOTATION.png,"```xml
<response>
    <visual_reasoning>
        The image is a right lateral view, centered on the right upper arm and chest wall. We can clearly see the rounded contour of the right humeral head and the overlapping ribs. The right scapular inferior angle is also prominent, with its sharp edge extending downwards. The patient's arms are crossed over the abdomen, obscuring some of the lower abdominal structures. Based on these visual cues, the closest landmarks are the right humeral head and the right scapular inferior angle.
    </visual_reasoning>
    <landmarks>[2,4]</landmarks>
</response>
```",17.34,9
/gpfs1/home/j/j/jjung2/scratch/vlm_finetuning/regenerated_new/7/H/case-101045_JAY_ANNOTATION.png,"```xml
<response>
    <visual_reasoning>
        The image is a right lateral view, showing the right humeral head and upper ribs. The patient's arms are crossed over the abdomen, obscuring the lower body. We can clearly see the rounded contour of the right humeral head (index 2) and the adjacent ribs. Index 1 (Skull) is also visible in the upper left corner, but the image is primarily focused on the proximal right arm and chest wall.
    </visual_reasoning>
    <landmarks>[1,2]</landmarks>
</response>
```",16.33,7
/gpfs1/home/j/j/jjung2/scratch/vlm_finetuning/regenerated_new/9/H/case-101045_JAY_ANNOTATION.png,"```xml
<response>
    <visual_reasoning>
        The image is centered on the right lower abdomen and thigh, with significant overlap from the right hemidiaphragm and right lower limb. We can clearly see the rounded contour of the right femoral head and the overlying soft tissues. The right hemidiaphragm dome is visible, curving upwards towards the ribs. The patient is supine with arms crossed, obscuring the abdominal wall. Based on these visual cues, the closest landmarks are the right femoral head and the right hemidiaphragm.
    </visual_reasoning>
    <landmarks>[12,2]</landmarks>
</response>
```",18.85,9
/gpfs1/home/j/j/jjung2/scratch/vlm_finetuning/regenerated_new/6/H/case-101074_JAY_ANNOTATION.png,"```xml
<response>
    <visual_reasoning>
        The image is a right lateral view, with the right humeral head and right scapular inferior angle prominently displayed. The patient's arms are crossed over the abdomen, obscuring the lower body. The right hemidiaphragm dome is faintly visible inferiorly, curving upwards towards the ribs. The vertebral bodies are also visible, suggesting the patient is supine. Based on these cues, the image center is closest to the right humeral head and the right scapular inferior angle.
    </visual_reasoning>
    <landmarks>[2,4]</landmarks>
</response>
```",17.56,6
/gpfs1/home/j/j/jjung2/scratch/vlm_finetuning/regenerated_new/9/H/case-101074_JAY_ANNOTATION.png,"```xml
<response>
    <visual_reasoning>
        The image is centered on the thoracic region, with the T12 vertebral body prominently displayed. Ribs are crossing the image, and the carina is visible just above the T12. The patient's arms are crossed over the abdomen, obscuring the lower abdominal region. Based on the vertebral body and rib cage, the image center is primarily within the thoracic cavity. Therefore, the closest landmarks are T12 and the carina.
    </visual_reasoning>
    <landmarks>[12,14]</landmarks>
</response>
```",16.81,9
/gpfs1/home/j/j/jjung2/scratch/vlm_finetuning/regenerated_new/6/H/case-101133_JAY_ANNOTATION.png,"```xml
<response>
    <visual_reasoning>
        The image is a right lateral view, with the patient supine and arms crossed. The right humeral head (2) is prominently visible, overlapping the right hemidiaphragm. The T1 vertebral body (10) is also clearly seen, positioned inferior to the humeral head. Ribs are visible radiating from the chest wall, further confirming the location. The field of view is limited to the upper abdomen and right thorax.
    </visual_reasoning>
    <landmarks>[10,2]</landmarks>
</response>
```",16.55,6
/gpfs1/home/j/j/jjung2/scratch/vlm_finetuning/regenerated_new/7/H/case-101133_JAY_ANNOTATION.png,"```xml
<response>
    <visual_reasoning>
        The image is heavily weighted towards the right side of the patient, with the left side mostly obscured by the folded arms. We can clearly see the right scapular inferior angle and the distal portion of the left arm. Ribs are visible crossing the image, and the humeral head is partially seen. The patient is supine, and the field of view is limited to the torso and right arm. Based on these cues, the closest landmarks are the right scapular inferior angle and the right wrist.
    </visual_reasoning>
    <landmarks>[4,9]</landmarks>
</response>
```",17.94,7
/gpfs1/home/j/j/jjung2/scratch/vlm_finetuning/regenerated_new/9/H/case-101133_JAY_ANNOTATION.png,"```xml
<response>
    <visual_reasoning>
        The image is centered on the right upper abdomen and lower thorax, with the right wrist and hemidiaphragm visible. We can see the bony structures of the wrist and forearm, along with the ribs curving around the right side of the torso. The right hemidiaphragm dome is clearly visible, appearing relatively flat. The patient is supine with arms crossed, and the field of view includes the distal portion of the right arm and a portion of the right flank. Based on these cues, the closest landmarks are the right wrist and T12.
    </visual_reasoning>
    <landmarks>[8,14]</landmarks>
</response>
```",19.85,9
/gpfs1/home/j/j/jjung2/scratch/vlm_finetuning/regenerated_new/9/H/case-101195_JAY_ANNOTATION.png,"```xml
<response>
    <visual_reasoning>
        The image is centered on the right upper abdomen and thorax. We can clearly see the right hemidiaphragm dome and multiple ribs crossing the image. The right humeral head is also visible, partially obscured by the ribs. The patient is supine with arms crossed, and the field of view includes the lower chest and upper abdomen. Based on these cues, the closest landmarks are the right hemidiaphragm and the right humeral head.
    </visual_reasoning>
    <landmarks>[12,2]</landmarks>
</response>
```",16.83,9
/gpfs1/home/j/j/jjung2/scratch/vlm_finetuning/regenerated_new/9/H/case-101206_JAY_ANNOTATION.png,"```xml
<response>
    <visual_reasoning>
        The image is centered on the lower thoracic region and upper abdominal region. We can clearly see the ribs and intercostal spaces crossing the image, with the right hemidiaphragm dome visible inferiorly. The T12 vertebral body is also prominent, along with the adjacent vertebral bodies. The right scapular inferior angle is partially visible in the left upper corner, and the right wrist is also present. Based on these cues, the image center is best characterized by T12 and the right hemidiaphragm.
    </visual_reasoning>
    <landmarks>[14,12]</landmarks>
</response>
```",19.1,9
/gpfs1/home/j/j/jjung2/scratch/vlm_finetuning/regenerated_new/9/H/case-101362_JAY_ANNOTATION.png,"```xml
<response>
    <visual_reasoning>
        The image is centered on the thoracic and upper abdominal region, with the patient supine and arms crossed. We can clearly see the T12 vertebral body and the carina, indicating the lower thoracic region. The right hemidiaphragm is also visible, curving upwards. Ribs are prominent throughout the image, and the patient's hands are superimposed. Based on these features, the image center is best characterized by the lower thoracic and upper abdominal structures.
    </visual_reasoning>
    <landmarks>[12,14]</landmarks>
</response>
```",17.34,9
/gpfs1/home/j/j/jjung2/scratch/vlm_finetuning/regenerated_new/6/H/case-101367_JAY_ANNOTATION.png,"```xml
<response>
    <visual_reasoning>
        The image is heavily weighted towards the right side of the patient's torso, with the right arm crossed over the abdomen. We can clearly see the right humeral head and scapular inferior angle, which are prominent features. The patient is supine, and the field of view includes the lower ribs and part of the right hemidiaphragm. The right elbow is also visible, overlapping with the humeral head. Based on these cues, the image center is closest to the right scapular inferior angle and the right humeral head.
    </visual_reasoning>
    <landmarks>[2,4]</landmarks>
</response>
```",18.83,6
/gpfs1/home/j/j/jjung2/scratch/vlm_finetuning/regenerated_new/7/H/case-101367_JAY_ANNOTATION.png,"```xml
<response>
    <visual_reasoning>
        The image is heavily weighted towards the right side of the patient, with the left side mostly obscured by the folded arms. We can clearly see the right humeral head and scapular inferior angle, indicating the patient is supine with arms crossed. The right elbow is also visible, overlapping the lower ribs. Based on these cues, the image center is closest to the right upper arm and shoulder region.
    </visual_reasoning>
    <landmarks>[2,5]</landmarks>
</response>
```",15.44,7
/gpfs1/home/j/j/jjung2/scratch/vlm_finetuning/regenerated_new/8/H/case-101367_JAY_ANNOTATION.png,"```xml
<response>
    <visual_reasoning>
        The image is centered on the upper chest and neck, with the carina and humeral heads prominently displayed. The T1 vertebral body is visible inferior to the carina, and the right humeral head is also well-defined. Ribs are crossing the image, making it difficult to precisely identify the hemidiaphragms. The patient is supine with arms crossed, obscuring the lower abdomen. Based on these features, the closest landmarks are T1 and the right humeral head.
    </visual_reasoning>
    <landmarks>[10,2]</landmarks>
</response>
```",17.71,8
/gpfs1/home/j/j/jjung2/scratch/vlm_finetuning/regenerated_new/9/H/case-101367_JAY_ANNOTATION.png,"```xml
<response>
    <visual_reasoning>
        The image is centered on the upper chest and neck, showing the carina and humeral heads. The carina is clearly visible, branching into the left and right main bronchi. The right humeral head is prominent on the right side of the image, with the scapular inferior angle partially visible below. T1 vertebral body is also present, just below the carina. Therefore, the image center is between the carina, humeral head and T1.
    </visual_reasoning>
    <landmarks>[2,10]</landmarks>
</response>
```",16.45,9
/gpfs1/home/j/j/jjung2/scratch/vlm_finetuning/regenerated_new/6/H/case-101409_JAY_ANNOTATION.png,"```xml
<response>
    <visual_reasoning>
        The image is heavily weighted towards the right side of the patient, with the left side mostly obscured by the patient's crossed arms. The right humeral head and right elbow are prominent, overlapping with several ribs. We can see the intercostal spaces clearly, indicating the patient is supine. The T12 vertebral body is also visible, further confirming the patient's position. Therefore, the image center is closest to the right upper arm and torso.
    </visual_reasoning>
    <landmarks>[2,14]</landmarks>
</response>
```",17.21,6
/gpfs1/home/j/j/jjung2/scratch/vlm_finetuning/regenerated_new/8/H/case-101409_JAY_ANNOTATION.png,"```xml
<response>
    <visual_reasoning>
        The image is centered on the right upper chest and abdomen, with the right hemidiaphragm and ribs prominently displayed. We can see the curved contour of the right hemidiaphragm dome and multiple ribs crossing it. The right scapular inferior angle is also clearly visible, overlapping the lower ribs. The humeral head is partially visible in the lower right quadrant, suggesting the patient's arms are crossed. Based on these cues, the image center is best characterized by the right hemidiaphragm and scapula.
    </visual_reasoning>
    <landmarks>[12,4]</landmarks>
</response>
```",18.97,8
/gpfs1/home/j/j/jjung2/scratch/vlm_finetuning/regenerated_new/9/H/case-101409_JAY_ANNOTATION.png,"```xml
<response>
    <visual_reasoning>
        The image is centered on the lower abdomen and pelvis, with the vertebral column running vertically through the right side of the frame. We can see multiple vertebral bodies, suggesting T12 is nearby. The right iliac crest is also visible, curving along the lower edge of the image. The patient's arms are crossed over the abdomen, obscuring some of the underlying structures. Based on these cues, the closest landmarks are T12 and the right iliac crest.
    </visual_reasoning>
    <landmarks>[14,12]</landmarks>
</response>
```",17.74,9
/gpfs1/home/j/j/jjung2/scratch/vlm_finetuning/regenerated_new/7/H/case-101413_JAY_ANNOTATION.png,"```xml
<response>
    <visual_reasoning>
        The image is heavily weighted towards the right side of the patient, with the left side mostly obscured by the crossed arms. We can clearly see the right humeral head and scapular inferior angle, indicating the patient is supine with arms crossed. Ribs are visible, curving around the torso, and the T12 vertebral body is also present. The image center is closest to the right upper arm and shoulder blade, with the lower ribs and T12 also contributing.
    </visual_reasoning>
    <landmarks>[2,5]</landmarks>
</response>
```",17.35,7
/gpfs1/home/j/j/jjung2/scratch/vlm_finetuning/regenerated_new/7/H/case-101447_JAY_ANNOTATION.png,"```xml
<response>
    <visual_reasoning>
        The image is heavily weighted towards the right side of the patient, with the left side mostly obscured by the folded arms. We can clearly see the right scapular inferior angle and the distal portion of the right arm, including the elbow joint. Ribs are visible crossing the image, and the humeral head is partially obscured by the scapula. The patient is supine, and the field of view is limited to the right upper quadrant and part of the torso. Based on these cues, the closest landmarks are the right scapular inferior angle and the right elbow.
    </visual_reasoning>
    <landmarks>[4,7]</landmarks>
</response>
```",19.61,7
/gpfs1/home/j/j/jjung2/scratch/vlm_finetuning/regenerated_new/9/H/case-101447_JAY_ANNOTATION.png,"```xml
<response>
    <visual_reasoning>
        The image is centered on the right upper abdomen and thorax. We can clearly see the right hemidiaphragm dome and several ribs, indicating the lower chest and upper abdominal region. The right scapular inferior angle is also prominent, overlapping the hemidiaphragm. The humeral head is partially visible in the lower left corner, suggesting the arm is crossed over the abdomen. Based on these cues, the closest landmarks are the right hemidiaphragm and the right scapular inferior angle.
    </visual_reasoning>
    <landmarks>[12,4]</landmarks>
</response>
```",18.23,9
/gpfs1/home/j/j/jjung2/scratch/vlm_finetuning/regenerated_new/8/H/case-101510_JAY_ANNOTATION.png,"```xml
<response>
    <visual_reasoning>
        The image is centered on the lumbar spine and right lower rib cage. T12 is clearly visible, with the adjacent vertebral bodies showing good alignment. The right hemidiaphragm is partially obscured by the crossed arms, but its dome is identifiable. The right scapular inferior angle is also prominent, curving outwards. Therefore, the image center is best characterized by T12 and the right scapular inferior angle.
    </visual_reasoning>
    <landmarks>[14,5]</landmarks>
</response>
```",16.2,8
/gpfs1/home/j/j/jjung2/scratch/vlm_finetuning/regenerated_new/9/H/case-101510_JAY_ANNOTATION.png,"```xml
<response>
    <visual_reasoning>
        The image is centered on the lumbar spine and lower ribs, with the T12 vertebral body clearly visible. The patient's arms are crossed over the abdomen, obscuring the lower chest and abdominal wall. We can see the right hemidiaphragm dome and portions of the right wrist and hand. The T12 vertebral body is prominent, and the ribs articulate with the vertebral bodies, providing further anatomical context. Based on these visual cues, the image center is best characterized by the lumbar spine and lower ribs.
    </visual_reasoning>
    <landmarks>[14,8]</landmarks>
</response>
```",18.85,9
/gpfs1/home/j/j/jjung2/scratch/vlm_finetuning/regenerated_new/6/H/case-101540_JAY_ANNOTATION.png,"```xml
<response>
    <visual_reasoning>
        The image is centered on the lower abdomen and right thigh, with the right hip joint prominently visible. The patient is supine with arms crossed. We can see the right femoral head and neck, along with portions of the right lower limb. The T12 vertebral body is also visible just below the abdominal wall, indicating the lower thoracic region. Based on these cues, the closest landmarks are the right hip and T12.
    </visual_reasoning>
    <landmarks>[14,2]</landmarks>
</response>
```",16.46,6
/gpfs1/home/j/j/jjung2/scratch/vlm_finetuning/regenerated_new/8/H/case-101540_JAY_ANNOTATION.png,"```xml
<response>
    <visual_reasoning>
        The image is centered on the patient's right upper arm and torso. We can clearly see the right scapular inferior angle and the humeral head, with the elbow joint also prominent. Ribs are visible crossing the image, and the lower portion of the left hemidiaphragm is also present. The patient is supine with arms crossed, and the field of view includes the right side of the chest and abdomen. Based on these cues, the closest landmarks are the right scapular inferior angle and the right humeral head.
    </visual_reasoning>
    <landmarks>[4,2]</landmarks>
</response>
```",18.84,8
/gpfs1/home/j/j/jjung2/scratch/vlm_finetuning/regenerated_new/9/H/case-101540_JAY_ANNOTATION.png,"```xml
<response>
    <visual_reasoning>
        The image is heavily cropped, showing primarily the lower abdomen and thighs. The T12 vertebral body is clearly visible, centrally located and slightly blurred due to patient positioning. The right lower leg is also prominent, with the foot rotated outwards. No other landmarks are easily discernible due to the limited field of view; the patient is supine with arms crossed. Therefore, the closest landmarks are T12 and the distal portion of the right leg.
    </visual_reasoning>
    <landmarks>[14,8]</landmarks>
</response>
```",16.82,9
/gpfs1/home/j/j/jjung2/scratch/vlm_finetuning/regenerated_new/6/H/case-101581_JAY_ANNOTATION.png,"```xml
<response>
    <visual_reasoning>
        The image is centered on the lower cervical spine and upper thoracic region. We can clearly see the vertebral bodies of T1 and T2, along with the adjacent ribs. The skull is partially visible on the left side of the image, but the primary focus is on the bony structures of the thorax. The patient is supine, and the arms are crossed over the abdomen, obscuring some of the lower chest and abdominal anatomy. Based on these visual cues, the closest landmarks are T1 and the base of the skull.
    </visual_reasoning>
    <landmarks>[1,10]</landmarks>
</response>
```",18.86,6
/gpfs1/home/j/j/jjung2/scratch/vlm_finetuning/regenerated_new/7/H/case-101581_JAY_ANNOTATION.png,"```xml
<response>
    <visual_reasoning>
        The image is a partial view, primarily showing the upper chest and shoulder. The T1 vertebral body is clearly visible, along with the right humeral head. Ribs are also prominent, curving around the right side of the torso. The patient is supine with arms crossed, and the field of view is limited to the right side of the chest and upper abdomen. Based on these cues, the image center is closest to the upper chest and right shoulder.
    </visual_reasoning>
    <landmarks>[10,2]</landmarks>
</response>
```",17.07,7
/gpfs1/home/j/j/jjung2/scratch/vlm_finetuning/regenerated_new/8/H/case-101581_JAY_ANNOTATION.png,"```xml
<response>
    <visual_reasoning>
        The image is centered on the upper chest and shoulders, with the carina clearly visible. The patient's arms are crossed over the abdomen, obscuring the lower abdominal region. We can see the right and left scapular inferior angles, and the humeral heads are also prominent. Ribs are visible radiating from the vertebral bodies, further localizing the image to the thoracic region. Based on these cues, the closest landmarks are the right scapular inferior angle and the carina.
    </visual_reasoning>
    <landmarks>[4,11]</landmarks>
</response>
```",17.49,8
/gpfs1/home/j/j/jjung2/scratch/vlm_finetuning/regenerated_new/9/H/case-101581_JAY_ANNOTATION.png,"```xml
<response>
    <visual_reasoning>
        The image is centered on the upper chest and mediastinum, with the carina clearly visible. The patient's arms are crossed over the abdomen, obscuring the lower ribs and hemidiaphragms. We can see the humeral heads and scapular tips, indicating the arms are extended across the chest. The carina bifurcates centrally, and the thoracic vertebral bodies are partially visible superiorly. Based on these cues, the closest landmarks are the right humeral head and the carina.
    </visual_reasoning>
    <landmarks>[2,11]</landmarks>
</response>
```",17.84,9
/gpfs1/home/j/j/jjung2/scratch/vlm_finetuning/regenerated_new/12/H/case-101581_JAY_ANNOTATION.png,"```xml
<response>
    <visual_reasoning>
        The image is centered on the right upper abdomen and pelvis. We can clearly see the right hemidiaphragm dome and the right iliac crest, indicating the lower chest and upper thigh. The right humeral head is also visible, partially obscured by the patient's crossed arms. Ribs are visible crossing the abdomen, and the T12 vertebral body is just below the diaphragm. Therefore, the closest landmarks are the right hemidiaphragm and the right iliac crest.
    </visual_reasoning>
    <landmarks>[12,14]</landmarks>
</response>
```",18.1,12
/gpfs1/home/j/j/jjung2/scratch/vlm_finetuning/regenerated_new/6/H/case-101599_JAY_ANNOTATION.png,"```xml
<response>
    <visual_reasoning>
        The image is centered on the lower abdomen and pelvis, with the right humeral head partially visible on the left. We can clearly see the T12 vertebral body and the adjacent ribs, indicating the lower thoracic region. The right iliac wing is also prominent, further confirming the lower abdominal location. The patient is supine with arms crossed, obscuring some of the abdominal structures. Based on these visual cues, the closest landmarks are T12 and the right humeral head.
    </visual_reasoning>
    <landmarks>[12,14]</landmarks>
</response>
```",17.72,6
/gpfs1/home/j/j/jjung2/scratch/vlm_finetuning/regenerated_new/6/H/case-101625_JAY_ANNOTATION.png,"```xml
<response>
    <visual_reasoning>
        The image is centered on the right upper abdomen and right lower thorax. We can clearly see the right hemidiaphragm dome and a portion of the right humeral head. Ribs are visible crossing the abdomen, and the patient's arms are crossed. The T12 vertebral body is also visible inferiorly, indicating the lower thoracic region. Based on these cues, the closest landmarks are the right hemidiaphragm and the right humeral head.
    </visual_reasoning>
    <landmarks>[12,2]</landmarks>
</response>
```",17.22,6
/gpfs1/home/j/j/jjung2/scratch/vlm_finetuning/regenerated_new/8/H/case-101625_JAY_ANNOTATION.png,"```xml
<response>
    <visual_reasoning>
        The image is centered on the left upper arm and shoulder. We can clearly see the rounded contour of the left humeral head (3) and the overlapping left scapular inferior angle (5). The patient is supine with arms crossed, obscuring the abdominal region. Ribs are visible radiating from the chest wall, further confirming the location in the upper torso. The field of view is limited to the left side of the patient.
    </visual_reasoning>
    <landmarks>[3,5]</landmarks>
</response>
```",16.81,8
/gpfs1/home/j/j/jjung2/scratch/vlm_finetuning/regenerated_new/9/H/case-101625_JAY_ANNOTATION.png,"```xml
<response>
    <visual_reasoning>
        The image is centered on the upper chest and arm, with the carina and ribs prominently displayed. The left hemidiaphragm is partially visible inferiorly, curving around the ribs. The left scapular inferior angle is also clearly seen, contributing to the image's focus. Ribs are crossing over the abdomen, indicating a supine patient with arms crossed. Based on these features, the closest landmarks are the left scapular inferior angle and the carina.
    </visual_reasoning>
    <landmarks>[5,11]</landmarks>
</response>
```",17.18,9
/gpfs1/home/j/j/jjung2/scratch/vlm_finetuning/regenerated_new/14/H/case-101625_JAY_ANNOTATION.png,"```xml
<response>
    <visual_reasoning>
        The image is centered on the thoracic spine, with T10 and T11 vertebral bodies clearly visible. The carina is also present, splitting the trachea. The arms are crossed over the abdomen, obscuring the lower ribs and hemidiaphragms. Based on these features, the image center is primarily within the thoracic region, making T11 and the carina the closest landmarks.
    </visual_reasoning>
    <landmarks>[11,14]</landmarks>
</response>
```",15.68,14
/gpfs1/home/j/j/jjung2/scratch/vlm_finetuning/regenerated_new/9/H/case-101641_JAY_ANNOTATION.png,"```xml
<response>
    <visual_reasoning>
        The image is centered on the right lower abdomen and includes the right iliac crest and portions of the right lower limb. We can clearly see the right wrist (8) and the right hemidiaphragm dome (12) are prominent. Ribs are visible crossing the image, indicating the patient is supine with arms crossed. The T12 vertebral body is also partially visible in the lower right quadrant. Therefore, the closest landmarks are the right wrist and the right hemidiaphragm.
    </visual_reasoning>
    <landmarks>[8,12]</landmarks>
</response>
```",18.48,9
/gpfs1/home/j/j/jjung2/scratch/vlm_finetuning/regenerated_new/9/H/case-101857_JAY_ANNOTATION.png,"```xml
<response>
    <visual_reasoning>
        The image is centered on the thoracic region, with the carina and T12 vertebral body clearly visible. The patient's arms are crossed over the abdomen, obscuring the lower abdominal region. Ribs are prominent, radiating outwards from the vertebral bodies. The left wrist (9) is also close to the image center, along with the carina (11). Based on these visual cues, the image is primarily focused on the upper abdomen and thoracic cage.
    </visual_reasoning>
    <landmarks>[11,9]</landmarks>
</response>
```",17.2,9
/gpfs1/home/j/j/jjung2/scratch/vlm_finetuning/regenerated_new/6/H/case-101860_JAY_ANNOTATION.png,"```xml
<response>
    <visual_reasoning>
        The image is a right anterior thorax, with the patient supine and arms crossed. The humeral head and right scapular inferior angle are prominent, overlapping slightly. Ribs are visible, curving around the right side of the torso. The patient is positioned such that only the right arm and upper chest are visible, with the field of view cropped on the left. Based on these cues, the image center is closest to the right humeral head and the right scapular inferior angle.
    </visual_reasoning>
    <landmarks>[2,4]</landmarks>
</response>
```",17.46,6
/gpfs1/home/j/j/jjung2/scratch/vlm_finetuning/regenerated_new/8/H/case-101860_JAY_ANNOTATION.png,"```xml
<response>
    <visual_reasoning>
        The image is centered on the lower chest and upper abdomen, with the patient supine and arms crossed. We can clearly see the left hemidiaphragm dome and multiple ribs, indicating the lower thoracic region. The left scapular inferior angle is prominent, overlapping the hemidiaphragm. The left wrist is also visible, further confirming the lower chest and arm position. Based on these cues, the image center is best characterized by the left wrist and the left hemidiaphragm.
    </visual_reasoning>
    <landmarks>[7,13]</landmarks>
</response>
```",18.21,8
/gpfs1/home/j/j/jjung2/scratch/vlm_finetuning/regenerated_new/9/H/case-101860_JAY_ANNOTATION.png,"```xml
<response>
    <visual_reasoning>
        The image is centered on the upper chest and mid-thoracic region. We can clearly see the rib cage with multiple ribs crossing each other, and the lung fields are prominent. The carina is visible, branching into the left and right main bronchi. The right hemidiaphragm is also partially visible, curving upwards. Based on these features, the closest landmarks are the right hemidiaphragm and the carina.
    </visual_reasoning>
    <landmarks>[11,12]</landmarks>
</response>
```",16.44,9
/gpfs1/home/j/j/jjung2/scratch/vlm_finetuning/regenerated_new/5/H/case-101885_JAY_ANNOTATION.png,"```xml
<response>
    <visual_reasoning>
        The image is centered on the left upper arm and chest wall. We can clearly see the left scapular inferior angle (5) and the humeral head (3) overlapping. Ribs are visible crossing the image, indicating the patient is supine with arms crossed. The left wrist (9) is also partially visible in the lower left corner. Based on these landmarks, the image center is primarily within the left chest and upper arm.
    </visual_reasoning>
    <landmarks>[3,5]</landmarks>
</response>
```",16.44,5
/gpfs1/home/j/j/jjung2/scratch/vlm_finetuning/regenerated_new/6/H/case-101885_JAY_ANNOTATION.png,"```xml
<response>
    <visual_reasoning>
        The image is a right anterior thorax, with the patient supine and arms crossed. The right humeral head and right scapular inferior angle are prominent, overlapping slightly. Ribs are visible extending from the right hemidiaphragm, curving around the patient's torso. The patient is positioned such that only the right side of the body is visible, with the field of view cut off on the left. Based on these cues, the image center is closest to the right upper arm and chest wall.
    </visual_reasoning>
    <landmarks>[2,4]</landmarks>
</response>
```",18.22,6
/gpfs1/home/j/j/jjung2/scratch/vlm_finetuning/regenerated_new/8/H/case-101885_JAY_ANNOTATION.png,"```xml
<response>
    <visual_reasoning>
        The image is centered on the right upper chest and arm, with significant overlap of bony structures. We can clearly see the right scapular inferior angle and the distal portion of the right arm, including the wrist and forearm. Ribs are prominently displayed crossing the image, indicating the thoracic region. The humeral head is partially visible, further confirming the upper arm's presence. Based on these cues, the image center is best characterized by the right scapula and humeral head.
    </visual_reasoning>
    <landmarks>[4,2]</landmarks>
</response>
```",17.33,8
/gpfs1/home/j/j/jjung2/scratch/vlm_finetuning/regenerated_new/9/H/case-101885_JAY_ANNOTATION.png,"```xml
<response>
    <visual_reasoning>
        The image is centered on the thoracic inlet and upper chest, with the carina prominently displayed. Ribs are visible crossing the image, and the humeral heads are partially obscured by the scapulae. The patient's arms are crossed over the chest, making it difficult to precisely identify the wrist landmarks. Based on the relative positions of the carina, humeral heads, and scapular tips, the image center is best characterized by these structures.
    </visual_reasoning>
    <landmarks>[2,11]</landmarks>
</response>
```",16.43,9
/gpfs1/home/j/j/jjung2/scratch/vlm_finetuning/regenerated_new/7/H/case-101937_JAY_ANNOTATION.png,"```xml
<response>
    <visual_reasoning>
        The image is heavily weighted towards the right side of the patient, with the left side mostly obscured by the crossed arms. We can clearly see the right hemidiaphragm dome and ribs, indicating the lower chest and abdominal region. The patient's right arm is extended, with the wrist and elbow visible. The left scapular inferior angle is also partially visible, further confirming the lower chest and upper abdominal position. Based on these cues, the image center is closest to the right hemidiaphragm and the right wrist.
    </visual_reasoning>
    <landmarks>[12,9]</landmarks>
</response>
```",19.09,7
/gpfs1/home/j/j/jjung2/scratch/vlm_finetuning/regenerated_new/9/H/case-101937_JAY_ANNOTATION.png,"```xml
<response>
    <visual_reasoning>
        The image is centered on the right upper arm and chest wall. We can clearly see the right humeral head and the right scapular inferior angle, with the humeral head overlapping the right hemidiaphragm. Ribs are visible crossing the image, indicating the patient is supine with arms crossed. The patient's right wrist is also partially visible in the lower right corner. Based on these visual cues, the closest landmarks are the right humeral head and the right scapular inferior angle.
    </visual_reasoning>
    <landmarks>[2,4]</landmarks>
</response>
```",17.84,9
/gpfs1/home/j/j/jjung2/scratch/vlm_finetuning/regenerated_new/6/H/case-101940_JAY_ANNOTATION.png,"```xml
<response>
    <visual_reasoning>
        The image is heavily weighted towards the right arm and lower abdomen. We can clearly see the right humeral head and the right wrist, with the distal radius and ulna visible. The patient is supine with arms crossed over the abdomen, obscuring the lower torso. No vertebral bodies or lung fields are prominently displayed, making T1 and T12 less likely.
    </visual_reasoning>
    <landmarks>[2,8]</landmarks>
</response>
```",14.68,6
/gpfs1/home/j/j/jjung2/scratch/vlm_finetuning/regenerated_new/8/H/case-101940_JAY_ANNOTATION.png,"```xml
<response>
    <visual_reasoning>
        The image is centered on the right upper abdomen and lateral chest wall. We can clearly see the right hemidiaphragm dome and the right scapular inferior angle, indicating a supine patient with arms crossed. Ribs are visible, curving around the right side of the torso, and the right wrist is also prominent. The patient is lying on their back, and the field of view includes the lower ribs and right arm. Based on these cues, the closest landmarks are the right hemidiaphragm and the right scapular inferior angle.
    </visual_reasoning>
    <landmarks>[12,5]</landmarks>
</response>
```",19.48,8
/gpfs1/home/j/j/jjung2/scratch/vlm_finetuning/regenerated_new/9/H/case-101940_JAY_ANNOTATION.png,"```xml
<response>
    <visual_reasoning>
        The image is centered on the lower abdomen and pelvis, with the T12 vertebral body clearly visible and the right iliac crest extending into the lower field. The patient's arms are crossed over the abdomen, obscuring some of the underlying structures. We can see the right wrist and hand overlapping the lower ribs and pelvic bones. The T12 vertebral body is well-defined, and the iliac crest provides a clear anatomical boundary.
    </visual_reasoning>
    <landmarks>[8,14]</landmarks>
</response>
```",16.83,9
/gpfs1/home/j/j/jjung2/scratch/vlm_finetuning/regenerated_new/9/H/case-101982_JAY_ANNOTATION.png,"```xml
<response>
    <visual_reasoning>
        The image is centered on the right hemithorax and upper abdomen, with the patient supine and arms crossed. We can clearly see the right hemidiaphragm dome and multiple ribs, indicating the lower chest and upper abdominal region. The right scapular inferior angle is partially visible on the left side of the image. T12 is also visible, confirming the lower thoracic and upper abdominal region.
    </visual_reasoning>
    <landmarks>[12,14]</landmarks>
</response>
```",16.06,9
/gpfs1/home/j/j/jjung2/scratch/vlm_finetuning/regenerated_new/9/H/case-102010_JAY_ANNOTATION.png,"```xml
<response>
    <visual_reasoning>
        The image is centered on the right upper arm and chest wall. We can clearly see the rounded contour of the right humeral head (2) and the right scapular inferior angle (4) is also prominent. Ribs are visible crossing the abdomen, indicating the patient is supine with arms crossed. The right elbow (6) is also visible, but further away than the humeral head and scapular tip. Based on these landmarks, the image center is best defined by the humeral head and the inferior scapular angle.
    </visual_reasoning>
    <landmarks>[2,4]</landmarks>
</response>
```",18.61,9
/gpfs1/home/j/j/jjung2/scratch/vlm_finetuning/regenerated_new/9/H/case-102041_JAY_ANNOTATION.png,"```xml
<response>
    <visual_reasoning>
        The image is centered on the thoracic region, with the carina and vertebral bodies prominently displayed. Ribs are clearly visible crossing the image, and the lung fields extend outwards. The patient's arms are crossed over the abdomen, partially obscuring the lower chest and hemidiaphragms. T12 is also visible, indicating the lower thoracic level. Based on these features, the closest landmarks are T12 and the carina.
    </visual_reasoning>
    <landmarks>[12,11]</landmarks>
</response>
```",16.83,9
/gpfs1/home/j/j/jjung2/scratch/vlm_finetuning/regenerated_new/6/H/case-102093_JAY_ANNOTATION.png,"```xml
<response>
    <visual_reasoning>
        The image is centered on the right upper arm and chest wall. We can clearly see the right humeral head and the overlapping ribs. The patient's arms are crossed over the abdomen, with the right elbow prominently displayed. The right scapular inferior angle is also visible, contributing to the image's composition. Based on these cues, the image center is best defined by the right humeral head and the right scapular inferior angle.
    </visual_reasoning>
    <landmarks>[2,4]</landmarks>
</response>
```",16.33,6
/gpfs1/home/j/j/jjung2/scratch/vlm_finetuning/regenerated_new/7/H/case-102093_JAY_ANNOTATION.png,"```xml
<response>
    <visual_reasoning>
        The image is heavily weighted towards the left side, showing the skull and upper left arm. The humeral head (3) is clearly visible, rounded and superimposed on the skull. The inferior angle of the left scapula (5) is also prominent, extending towards the image edge. Ribs are partially visible, curving around the left side of the torso. The patient is supine with arms crossed, and the field of view is limited to the upper body.
    </visual_reasoning>
    <landmarks>[1,3]</landmarks>
</response>
```",17.08,7
/gpfs1/home/j/j/jjung2/scratch/vlm_finetuning/regenerated_new/9/H/case-102093_JAY_ANNOTATION.png,"```xml
<response>
    <visual_reasoning>
        The image is centered on the lower arm and wrist, with the T12 vertebral body visible distally. The patient's arms are crossed over the abdomen, obscuring the lower abdominal region. We can clearly see the bony structures of the wrist and hand, with the index and middle fingers flexed. The humeral head is partially visible on the left, and the distal portion of the forearm is also prominent. Based on these visual cues, the closest landmarks are the wrist and the T12 vertebral body.
    </visual_reasoning>
    <landmarks>[8,14]</landmarks>
</response>
```",18.62,9
/gpfs1/home/j/j/jjung2/scratch/vlm_finetuning/regenerated_new/8/H/case-102157_JAY_ANNOTATION.png,"```xml
<response>
    <visual_reasoning>
        The image is centered on the lower thoracic and upper abdominal region. T12 is clearly visible with its vertebral body and adjacent intercostal spaces. The right hemidiaphragm is also prominent, curving upwards towards the ribs. The patient's arms are crossed over the abdomen, obscuring the lower limbs. Based on these features, the closest landmarks are T12 and the right wrist (8).
    </visual_reasoning>
    <landmarks>[14,8]</landmarks>
</response>
```",16.09,8
/gpfs1/home/j/j/jjung2/scratch/vlm_finetuning/regenerated_new/9/H/case-102157_JAY_ANNOTATION.png,"```xml
<response>
    <visual_reasoning>
        The image is centered on the lower abdomen and right iliac crest, with the patient supine and arms crossed. We can clearly see the T12 vertebral body and the right hemidiaphragm dome, indicating the lower chest and upper abdominal region. The right humeral head is also visible, partially obscured by the patient's arms. Ribs are visible crossing the abdomen, further localizing the image. Based on these cues, the closest landmarks are T12 and the right humeral head.
    </visual_reasoning>
    <landmarks>[14,2]</landmarks>
</response>
```",18.35,9
/gpfs1/home/j/j/jjung2/scratch/vlm_finetuning/regenerated_new/7/H/case-102183_JAY_ANNOTATION.png,"```xml
<response>
    <visual_reasoning>
        The image is a right lateral view, showing the right ribs and humeral head. The patient's arms are crossed over the abdomen, obscuring much of the central anatomy. We can clearly see the right humeral head (index 2) and several ribs extending distally. The inferior tip of the right scapula (index 4) is also visible, curving along the right edge of the image.
    </visual_reasoning>
    <landmarks>[2,4]</landmarks>
</response>
```",15.69,7
/gpfs1/home/j/j/jjung2/scratch/vlm_finetuning/regenerated_new/8/H/case-102183_JAY_ANNOTATION.png,"```xml
<response>
    <visual_reasoning>
        The image is centered on the left upper abdomen and lateral chest wall. We can clearly see the left wrist (9) and the left hemidiaphragm dome (13) which are prominent. The left scapular inferior angle (5) is also visible, overlapping the wrist. Ribs are visible crossing the abdomen, indicating the patient is supine with arms crossed.
    </visual_reasoning>
    <landmarks>[9,5]</landmarks>
</response>
```",15.07,8
/gpfs1/home/j/j/jjung2/scratch/vlm_finetuning/regenerated_new/9/H/case-102183_JAY_ANNOTATION.png,"```xml
<response>
    <visual_reasoning>
        The image is centered on the right hemithorax and upper abdomen, with the patient supine and arms crossed. We can clearly see the right hemidiaphragm dome and the ribs articulating with the vertebral column. The right scapular inferior angle is also visible on the left side of the image. The T12 vertebral body is prominent on the right, and the humeral head is partially visible in the upper left corner.
    </visual_reasoning>
    <landmarks>[12,4]</landmarks>
</response>
```",16.6,9
/gpfs1/home/j/j/jjung2/scratch/vlm_finetuning/regenerated_new/8/H/case-102224_JAY_ANNOTATION.png,"```xml
<response>
    <visual_reasoning>
        The image is centered on the upper abdomen and chest wall, with the patient supine and arms crossed. We can clearly see the left scapular inferior angle (5) and the left hemidiaphragm dome (13) are prominent. Ribs are visible crossing the image, and the left wrist (9) is also close to the center. The patient's arms are crossed, obscuring the lower chest and abdominal regions. Based on these visual cues, the image center is best characterized by the left scapula and hemidiaphragm.
    </visual_reasoning>
    <landmarks>[5,13]</landmarks>
</response>
```",19.86,8
/gpfs1/home/j/j/jjung2/scratch/vlm_finetuning/regenerated_new/9/H/case-102224_JAY_ANNOTATION.png,"```xml
<response>
    <visual_reasoning>
        The image is centered on the patient's lower torso and arms, with the right wrist and forearm prominently displayed. Ribs are clearly visible crossing the image, and the right scapular inferior angle is also present. The patient's arms are crossed over the abdomen, obscuring some of the underlying structures. We can see the distal portion of the right forearm and wrist, with bony structures indicating the wrist joint. Based on these cues, the closest landmarks are the right wrist and the right scapular inferior angle.
    </visual_reasoning>
    <landmarks>[8,5]</landmarks>
</response>
```",18.47,9
/gpfs1/home/j/j/jjung2/scratch/vlm_finetuning/regenerated_new/7/H/case-102308_JAY_ANNOTATION.png,"```xml
<response>
    <visual_reasoning>
        The image is a right lateral view, showing the right side of the patient's body. The right humeral head (2) is prominently visible, with the glenohumeral joint capsule surrounding it. Distal to the humeral head are several vertebral bodies, suggesting the patient is supine with arms crossed. The T12 vertebral body (14) is also clearly seen, further confirming the patient's position. Due to the lateral view, the left side of the patient is mostly obscured.
    </visual_reasoning>
    <landmarks>[2,14]</landmarks>
</response>
```",18.33,7
/gpfs1/home/j/j/jjung2/scratch/vlm_finetuning/regenerated_new/9/H/case-102308_JAY_ANNOTATION.png,"```xml
<response>
    <visual_reasoning>
        The image is centered on the lower abdomen and pelvis, with the vertebral column running vertically on the left. T12 is clearly visible, and the iliac crests are also prominent. The patient's arms are crossed over the abdomen, obscuring some of the underlying structures. The lower ribs are also visible, curving around the patient's torso. Based on these landmarks, the image center is best characterized by T12 and the iliac crests.
    </visual_reasoning>
    <landmarks>[14,10]</landmarks>
</response>
```",17.58,9
/gpfs1/home/j/j/jjung2/scratch/vlm_finetuning/regenerated_new/7/H/case-102321_JAY_ANNOTATION.png,"```xml
<response>
    <visual_reasoning>
        The image is a right lateral view, primarily showing the right arm and torso. The humeral head (2) is prominent and rounded, overlapping the right scapular inferior angle (5). Ribs are visible crossing the image, indicating the thoracic region. The patient is supine with arms crossed, and the field of view is limited to the right side of the body. Based on these cues, the closest landmarks are the right humeral head and the right scapular inferior angle.
    </visual_reasoning>
    <landmarks>[2,5]</landmarks>
</response>
```",17.94,7
/gpfs1/home/j/j/jjung2/scratch/vlm_finetuning/regenerated_new/8/H/case-102321_JAY_ANNOTATION.png,"```xml
<response>
    <visual_reasoning>
        The image is a right lateral view, primarily showing the right thorax and upper abdomen. We can clearly see the right hemidiaphragm dome and several ribs, indicating the lower chest region. The right scapular inferior angle is also prominent, curving along the rib cage. The humeral head is partially visible, suggesting the arm is crossed over the abdomen. Based on these cues, the image center is in the lower right thorax.
    </visual_reasoning>
    <landmarks>[13,4]</landmarks>
</response>
```",16.41,8
/gpfs1/home/j/j/jjung2/scratch/vlm_finetuning/regenerated_new/9/H/case-102321_JAY_ANNOTATION.png,"```xml
<response>
    <visual_reasoning>
        The image is centered on the upper abdomen and chest, with significant overlap of thoracic and abdominal structures. We can clearly see the carina (11) and the right hemidiaphragm (12) which are prominent. The patient's arms are crossed over the abdomen, obscuring the lower ribs. Ribs are visible radiating from the sternum, and the vertebral bodies are also present in the central portion of the image. Based on these features, the closest landmarks are the carina and the right hemidiaphragm.
    </visual_reasoning>
    <landmarks>[11,12]</landmarks>
</response>
```",19.3,9
/gpfs1/home/j/j/jjung2/scratch/vlm_finetuning/regenerated_new/8/H/case-102367_JAY_ANNOTATION.png,"```xml
<response>
    <visual_reasoning>
        The image is centered on the lower lumbar spine and right hip joint. We can clearly see the T12 vertebral body and the right iliac wing. The right elbow is also visible, overlapping the lower ribs. The patient is supine with arms crossed, and the field of view is limited to the lower torso and right arm.
    </visual_reasoning>
    <landmarks>[14,7]</landmarks>
</response>
```",14.01,8
/gpfs1/home/j/j/jjung2/scratch/vlm_finetuning/regenerated_new/9/H/case-102367_JAY_ANNOTATION.png,"```xml
<response>
    <visual_reasoning>
        The image is centered on the lower abdomen and pelvis, with the T12 vertebral body clearly visible. The right hip joint is also prominent, with the femoral head articulating with the acetabulum. Ribs are superimposed on the abdominal region, and the patient's arms are crossed over the abdomen. The T12 vertebral body is well-defined, and the iliac crests are also visible, indicating the lower pelvic region. Based on these cues, the closest landmarks are T12 and the right hip joint.
    </visual_reasoning>
    <landmarks>[14,2]</landmarks>
</response>
```",18.94,9
/gpfs1/home/j/j/jjung2/scratch/vlm_finetuning/regenerated_new/8/H/case-102388_JAY_ANNOTATION.png,"```xml
<response>
    <visual_reasoning>
        The image is a right lateral view, primarily showing the lower abdomen and right lower limb. The T12 vertebral body is clearly visible and centrally located, with the right hemidiaphragm dome curving upwards adjacent to it. The right wrist (index 8) is also prominent, with bony structures overlapping. The patient is supine with arms crossed, and the field of view is limited to the lower torso and right arm. Therefore, the closest landmarks are T12 and the right wrist.
    </visual_reasoning>
    <landmarks>[14,8]</landmarks>
</response>
```",18.33,8
/gpfs1/home/j/j/jjung2/scratch/vlm_finetuning/regenerated_new/9/H/case-102388_JAY_ANNOTATION.png,"```xml
<response>
    <visual_reasoning>
        The image is centered on the right upper arm and chest wall. We can clearly see the rounded contour of the right humeral head (2) and the overlapping ribs. The right scapular inferior angle (4) is also prominent, with its sharp tip visible. The patient's arms are crossed, obscuring the lower abdominal region, but the edges of the hemidiaphragm are not well visualized. Therefore, the closest landmarks are the humeral head and the scapular tip.
    </visual_reasoning>
    <landmarks>[2,4]</landmarks>
</response>
```",17.71,9
/gpfs1/home/j/j/jjung2/scratch/vlm_finetuning/regenerated_new/6/H/case-104754_JAY_ANNOTATION.png,"```xml
<response>
    <visual_reasoning>
        The image is heavily cropped, showing primarily the right lower arm and thigh. The right humeral head (2) is partially visible, curving distally towards the elbow. The distal femur is also present, indicating the lower limb. Due to the limited field of view, it's difficult to precisely identify other structures, but the image center is closer to the right lower arm than the humeral head. The patient is supine with arms crossed.
    </visual_reasoning>
    <landmarks>[1,2]</landmarks>
</response>
```",16.58,6
/gpfs1/home/j/j/jjung2/scratch/vlm_finetuning/regenerated_new/9/H/case-104754_JAY_ANNOTATION.png,"```xml
<response>
    <visual_reasoning>
        The image is centered on the lower thoracic region and upper abdominal region. We can clearly see multiple vertebral bodies, suggesting T12 is nearby. The right hemidiaphragm is also visible, curving upwards. The patient's arms are crossed over the abdomen, obscuring some of the lower chest and abdominal structures. Based on these cues, the closest landmarks are T12 and the right scapular inferior angle.
    </visual_reasoning>
    <landmarks>[14,4]</landmarks>
</response>
```",16.33,9
/gpfs1/home/j/j/jjung2/scratch/vlm_finetuning/regenerated_new/9/H/case-104780_JAY_ANNOTATION.png,"```xml
<response>
    <visual_reasoning>
        The image is centered on the right forearm and wrist, with the distal portion of the right humerus and several ribs visible. We can clearly see the bony structures of the wrist and hand, along with the metacarpals and phalanges. The right hemidiaphragm is partially visible inferiorly, curving upwards towards the ribs. T12 is also visible, indicating the lower thoracic region. Based on these cues, the closest landmarks are the right wrist and T12.
    </visual_reasoning>
    <landmarks>[8,14]</landmarks>
</response>
```",17.87,9
/gpfs1/home/j/j/jjung2/scratch/vlm_finetuning/regenerated_new/9/H/case-104842_JAY_ANNOTATION.png,"```xml
<response>
    <visual_reasoning>
        The image is a full body X-ray with the patient supine and arms crossed. The central region of the image is dominated by the lower ribs and the pelvic region. We can clearly see the T12 vertebral body and the right humeral head is also visible in the lower right quadrant. The patient's arms are crossed over the abdomen, obscuring some of the underlying structures. Based on these visual cues, the image center is closest to the lower ribs and the right humeral head.
    </visual_reasoning>
    <landmarks>[2,14]</landmarks>
</response>
```",18.1,9
/gpfs1/home/j/j/jjung2/scratch/vlm_finetuning/regenerated_new/9/H/case-104941_JAY_ANNOTATION.png,"```xml
<response>
    <visual_reasoning>
        The image is centered on the right upper arm and chest wall. We can clearly see the right scapular inferior angle and the humeral head, with the ribs overlapping. The patient is supine with arms crossed, obscuring the abdominal region. The right hemidiaphragm is also visible, curving upwards towards the lower ribs. Based on these landmarks, the image center is best characterized by the right scapula and humeral head.
    </visual_reasoning>
    <landmarks>[2,4]</landmarks>
</response>
```",16.32,9
/gpfs1/home/j/j/jjung2/scratch/vlm_finetuning/regenerated_new/9/H/case-104979_JAY_ANNOTATION.png,"```xml
<response>
    <visual_reasoning>
        The image is heavily cropped, showing primarily the right forearm and upper thigh. The right wrist (8) is centrally located, with the humeral head (2) partially visible in the upper left corner. Ribs are visible crossing the image, indicating the patient is supine with arms crossed. The T12 vertebral body (14) is also faintly visible inferiorly, suggesting the patient is lying flat. Based on these cues, the wrist and humeral head are the closest landmarks.
    </visual_reasoning>
    <landmarks>[2,8]</landmarks>
</response>
```",17.71,9
/gpfs1/home/j/j/jjung2/scratch/vlm_finetuning/regenerated_new/4/H/case-104990_JAY_ANNOTATION.png,"```xml
<response>
    <visual_reasoning>
        The image is a right lateral view, primarily showing the right arm and upper chest. The humeral head (index 2) is prominent, curving into the thoracic cage. Index 8 (right wrist) is also clearly visible, with bony structures of the hand and wrist. The patient is supine with arms crossed, and the field of view is limited to the right side of the torso. No vertebral bodies or lung fields are well-visualized in this cropped image.
    </visual_reasoning>
    <landmarks>[2,8]</landmarks>
</response>
```",17.47,4
/gpfs1/home/j/j/jjung2/scratch/vlm_finetuning/regenerated_new/6/H/case-104990_JAY_ANNOTATION.png,"```xml
<response>
    <visual_reasoning>
        The image is centered on the right upper abdomen and thorax. We can clearly see the right hemidiaphragm dome and several ribs, indicating the lower chest region. The right scapular inferior angle is also prominent, overlapping the hemidiaphragm. The humeral head is partially visible in the left of the image, suggesting the patient's arms are crossed. Based on these cues, the image center is best characterized by the right hemidiaphragm and the right scapular inferior angle.
    </visual_reasoning>
    <landmarks>[12,4]</landmarks>
</response>
```",18.34,6
/gpfs1/home/j/j/jjung2/scratch/vlm_finetuning/regenerated_new/9/H/case-104990_JAY_ANNOTATION.png,"```xml
<response>
    <visual_reasoning>
        The image is centered on the lower thoracic and lumbar region, with the patient supine and arms crossed. We can clearly see multiple vertebral bodies, with T12 being the most prominent. The right hemidiaphragm is partially visible inferiorly, and the right wrist is also present in the lower left corner. Ribs are crossing the image, making it difficult to precisely identify structures, but the vertebral column is the most central feature. Based on these cues, the closest landmarks are T12 and the right wrist.
    </visual_reasoning>
    <landmarks>[14,9]</landmarks>
</response>
```",18.99,9
/gpfs1/home/j/j/jjung2/scratch/vlm_finetuning/regenerated_new/8/H/case-105035_JAY_ANNOTATION.png,"```xml
<response>
    <visual_reasoning>
        The image is a close-up of the lower thoracic and upper lumbar region, with the patient supine and arms crossed. T12 is clearly visible and centered, with the adjacent vertebral bodies showing good alignment. The right humeral head is also prominent, partially overlapping T12. Ribs are visible radiating from the vertebral bodies, further confirming the location. The patient's arms are crossed over the abdomen, obscuring some of the lower abdominal structures.
    </visual_reasoning>
    <landmarks>[12,14]</landmarks>
</response>
```",17.35,8
/gpfs1/home/j/j/jjung2/scratch/vlm_finetuning/regenerated_new/9/H/case-105035_JAY_ANNOTATION.png,"```xml
<response>
    <visual_reasoning>
        The image is centered on the right upper arm and chest wall. We can clearly see the right humeral head and the overlapping ribs. The right scapular inferior angle is also prominent, with its sharp contour visible. The patient is supine with arms crossed, and the field of view includes the upper abdomen and parts of the right lower chest. Based on these cues, the image center is best defined by the humeral head and the right scapular inferior angle.
    </visual_reasoning>
    <landmarks>[2,4]</landmarks>
</response>
```",16.95,9
/gpfs1/home/j/j/jjung2/scratch/vlm_finetuning/regenerated_new/9/H/case-105051_JAY_ANNOTATION.png,"```xml
<response>
    <visual_reasoning>
        The image is centered on the lower chest and upper abdomen, with the right hemidiaphragm and ribs prominently displayed. We can see the right wrist and hand overlapping the lower ribs, indicating proximity. The vertebral bodies of the thoracic and lumbar spine are also clearly visible, suggesting T12 is nearby. The patient is supine with arms crossed, and the field of view includes the entire torso.
    </visual_reasoning>
    <landmarks>[8,14]</landmarks>
</response>
```",15.82,9
/gpfs1/home/j/j/jjung2/scratch/vlm_finetuning/regenerated_new/9/H/case-105171_JAY_ANNOTATION.png,"```xml
<response>
    <visual_reasoning>
        The image is centered on the lower thoracic region and upper abdomen, with the patient supine and arms crossed. We can clearly see the T12 vertebral body and the right hemidiaphragm dome, indicating the lower chest and abdominal area. The right wrist (index 8) is also prominent in the lower left of the image. Ribs are visible crossing the body, further localizing the image to the thoracic and abdominal regions. Based on these cues, the closest landmarks are T12 and 8.
    </visual_reasoning>
    <landmarks>[12,8]</landmarks>
</response>
```",18.86,9
/gpfs1/home/j/j/jjung2/scratch/vlm_finetuning/regenerated_new/14/H/case-105171_JAY_ANNOTATION.png,"```xml
<response>
    <visual_reasoning>
        The image is centered on the lower thoracic region and upper abdomen, with the right arm crossed over the torso. We can clearly see the rounded contour of the right wrist (index 8) and the vertebral bodies of T11 and T12. Ribs are visible crossing the image, and the right hemidiaphragm is partially obscured by the arm. The patient is supine, and the arms are crossed, making it difficult to distinguish between the wrist and hemidiaphragm.
    </visual_reasoning>
    <landmarks>[8,14]</landmarks>
</response>
```",18.35,14
/gpfs1/home/j/j/jjung2/scratch/vlm_finetuning/regenerated_new/6/H/case-105177_JAY_ANNOTATION.png,"```xml
<response>
    <visual_reasoning>
        The image is heavily cropped, showing primarily the right upper arm and chest wall. The right humeral head (2) is clearly visible, rounded and overlying the right thorax. Ribs are also visible, curving around the humeral head. The patient is supine with arms crossed, and the field of view is limited to the upper right quadrant of the body. Based on these cues, the closest landmarks are the humeral head and the adjacent ribs.
    </visual_reasoning>
    <landmarks>[2,10]</landmarks>
</response>
```",16.72,6
/gpfs1/home/j/j/jjung2/scratch/vlm_finetuning/regenerated_new/7/H/case-105177_JAY_ANNOTATION.png,"```xml
<response>
    <visual_reasoning>
        The image is a right lateral view, with the patient supine and arms crossed. The right hemidiaphragm is visible as a curved structure, and the right knee joint is centrally located. Ribs are clearly visible extending from the vertebral column, overlapping the right knee. The humeral head is also present, but further away from the image center than the knee. Based on these cues, the image center is closest to the right knee and hemidiaphragm.
    </visual_reasoning>
    <landmarks>[13,7]</landmarks>
</response>
```",17.58,7
/gpfs1/home/j/j/jjung2/scratch/vlm_finetuning/regenerated_new/9/H/case-105177_JAY_ANNOTATION.png,"```xml
<response>
    <visual_reasoning>
        The image is centered on the wrists and lower arms, with T12 vertebral body visible inferiorly. The patient's arms are crossed over the abdomen, obscuring the lower abdominal wall. We can see the bony structures of the wrists and hands clearly, with the carpal bones visible. The T12 vertebral body is centrally located, and the distal ends of the humeri are also present. Based on these visual cues, the closest landmarks are the wrists and T12.
    </visual_reasoning>
    <landmarks>[8,14]</landmarks>
</response>
```",17.98,9
/gpfs1/home/j/j/jjung2/scratch/vlm_finetuning/regenerated_new/6/H/case-105234_JAY_ANNOTATION.png,"```xml
<response>
    <visual_reasoning>
        The image is a right lateral view, with the right side of the patient's body centered. We can clearly see the right humeral head and the adjacent ribs. The patient's arms are crossed over the abdomen, obscuring some of the lower abdominal structures. The right hemidiaphragm is visible as a curved, radiopaque structure. Based on these visual cues, the closest landmarks are the right humeral head and the right hemidiaphragm.
    </visual_reasoning>
    <landmarks>[2,12]</landmarks>
</response>
```",17.34,6
/gpfs1/home/j/j/jjung2/scratch/vlm_finetuning/regenerated_new/8/H/case-105234_JAY_ANNOTATION.png,"```xml
<response>
    <visual_reasoning>
        The image is centered on the lateral chest wall and upper arm. We can clearly see the ribs crossing the image, with the right hemidiaphragm dome visible inferiorly. The right scapular inferior angle is prominent, curving towards the right humeral head. The patient is supine with arms crossed, and the field of view includes the distal portion of the right arm. Based on these cues, the closest landmarks are the right scapular inferior angle and the right humeral head.
    </visual_reasoning>
    <landmarks>[4,2]</landmarks>
</response>
```",17.59,8
/gpfs1/home/j/j/jjung2/scratch/vlm_finetuning/regenerated_new/9/H/case-105234_JAY_ANNOTATION.png,"```xml
<response>
    <visual_reasoning>
        The image is centered on the lower abdomen and forearm, with the patient supine and arms crossed. We can clearly see the distal portion of the left forearm and wrist (index 9), as well as the lower ribs and T12 vertebral body (index 14). The left hemidiaphragm dome (index 13) is also visible, curving upwards. The patient's arms are crossed, obscuring the central abdominal region. Based on these cues, the closest landmarks are the wrist and T12.
    </visual_reasoning>
    <landmarks>[9,14]</landmarks>
</response>
```",19.23,9
/gpfs1/home/j/j/jjung2/scratch/vlm_finetuning/regenerated_new/6/H/case-105246_JAY_ANNOTATION.png,"```xml
<response>
    <visual_reasoning>
        The image is a close-up of the right lower leg and knee, with the distal femur and tibia visible. The patient is supine with arms crossed. The right knee joint is centrally located, and the soft tissues around it are prominent. No vertebral bodies or ribs are clearly visible in this field of view, suggesting the image is cropped. Based on these cues, the closest landmarks are the right knee (6) and the distal tibia.
    </visual_reasoning>
    <landmarks>[6,14]</landmarks>
</response>
```",16.84,6
/gpfs1/home/j/j/jjung2/scratch/vlm_finetuning/regenerated_new/9/H/case-105246_JAY_ANNOTATION.png,"```xml
<response>
    <visual_reasoning>
        The image is centered on the wrists and lower arms, with T12 vertebral body visible inferiorly. Ribs are prominently displayed crossing the image, and the carina is also visible. The patient's arms are crossed, obscuring the lower abdomen. Based on these features, the wrists (8 and 9) are the closest landmarks to the image center.
    </visual_reasoning>
    <landmarks>[8,9]</landmarks>
</response>
```",14.68,9
/gpfs1/home/j/j/jjung2/scratch/vlm_finetuning/regenerated_new/6/H/case-105257_JAY_ANNOTATION.png,"```xml
<response>
    <visual_reasoning>
        The image is centered on the right lower abdomen and thigh, with the right leg extended. We can clearly see the right humeral head and the distal portion of the right femur. The patient is supine with arms crossed over the abdomen, obscuring some of the lower torso. Ribs are visible overlaying the right thigh, and the right knee joint is prominent. Based on these cues, the closest landmarks are the right humeral head and T12.
    </visual_reasoning>
    <landmarks>[2,14]</landmarks>
</response>
```",17.08,6
/gpfs1/home/j/j/jjung2/scratch/vlm_finetuning/regenerated_new/7/H/case-105257_JAY_ANNOTATION.png,"```xml
<response>
    <visual_reasoning>
        The image is largely focused on the left side of the patient's torso and arm, with the field of view extending towards the left hemidiaphragm. We can clearly see the left scapular inferior angle and the left humeral head, which are prominent structures. The patient's arms are crossed over the abdomen, obscuring some of the lower abdominal structures. Ribs are visible, curving around the left side of the chest, and the left wrist is also partially visible. Based on these cues, the image center is closest to the left scapula and humeral head.
    </visual_reasoning>
    <landmarks>[5,2]</landmarks>
</response>
```",20.12,7
/gpfs1/home/j/j/jjung2/scratch/vlm_finetuning/regenerated_new/9/H/case-105257_JAY_ANNOTATION.png,"```xml
<response>
    <visual_reasoning>
        The image is centered on the right upper chest and arm, showing multiple ribs and the humeral head. The right scapular inferior angle is clearly visible, along with the right humeral head overlapping the chest wall. Ribs are densely packed, making precise vertebral body identification difficult, but T10 appears to be just below the image. The patient is supine with arms crossed, and the field of view includes the right arm and upper chest.
    </visual_reasoning>
    <landmarks>[2,4]</landmarks>
</response>
```",17.08,9
/gpfs1/home/j/j/jjung2/scratch/vlm_finetuning/regenerated_new/6/H/case-105288_JAY_ANNOTATION.png,"```xml
<response>
    <visual_reasoning>
        The image is a right anterior thorax with the right arm crossed over the abdomen. The humeral head (2) is prominent and centrally located, overlapping the right scapular inferior angle (4). The wrist (8) is also visible in the lower right quadrant. Ribs are partially visible, curving around the right side of the chest. Based on these landmarks, the image center is best defined by the humeral head and the wrist.
    </visual_reasoning>
    <landmarks>[2,8]</landmarks>
</response>
```",16.3,6
/gpfs1/home/j/j/jjung2/scratch/vlm_finetuning/regenerated_new/9/H/case-105288_JAY_ANNOTATION.png,"```xml
<response>
    <visual_reasoning>
        The image is centered on the right upper arm and chest wall. We can clearly see the rounded contour of the right humeral head (2) and the right scapular inferior angle (4) is also prominent. Ribs are visible crossing the image, indicating the thoracic region. The patient is supine with arms crossed, and the field of view includes the distal portion of the right arm and shoulder. Based on these cues, the closest landmarks are the humeral head and the scapular tip.
    </visual_reasoning>
    <landmarks>[2,4]</landmarks>
</response>
```",17.83,9
/gpfs1/home/j/j/jjung2/scratch/vlm_finetuning/regenerated_new/5/H/case-105318_JAY_ANNOTATION.png,"```xml
<response>
    <visual_reasoning>
        The image is centered on the right lower abdomen and thigh, with the right hemidiaphragm and right knee visible. The right scapular inferior angle is prominent, curving over the patient's abdomen. Ribs are clearly visible crossing the image, indicating the patient is supine with arms crossed. The humeral head is partially visible, but further away than the scapular tip. Based on these cues, the closest landmarks are the right scapular inferior angle and the right wrist.
    </visual_reasoning>
    <landmarks>[4,9]</landmarks>
</response>
```",17.7,5
/gpfs1/home/j/j/jjung2/scratch/vlm_finetuning/regenerated_new/6/H/case-105318_JAY_ANNOTATION.png,"```xml
<response>
    <visual_reasoning>
        The image is heavily weighted towards the right side of the patient's body, with the left arm crossed over the abdomen. The humeral head is prominent and partially obscures the right hemidiaphragm. Ribs are visible, curving around the right side of the torso. The patient is supine, and the field of view includes the lower portion of the right arm and shoulder. Based on these cues, the closest landmarks are the right humeral head and the right wrist.
    </visual_reasoning>
    <landmarks>[2,8]</landmarks>
</response>
```",17.48,6
/gpfs1/home/j/j/jjung2/scratch/vlm_finetuning/regenerated_new/9/H/case-105318_JAY_ANNOTATION.png,"```xml
<response>
    <visual_reasoning>
        The image is centered on the right upper abdomen and thorax. We can clearly see the right humeral head and the right scapular inferior angle, with the right wrist also visible. Ribs are overlapping the humeral head, and the lung fields are partially visible. The patient is supine with arms crossed, and the field of view includes the right hemidiaphragm. Based on these cues, the closest landmarks are the right humeral head and the right wrist.
    </visual_reasoning>
    <landmarks>[2,9]</landmarks>
</response>
```",17.08,9
/gpfs1/home/j/j/jjung2/scratch/vlm_finetuning/regenerated_new/6/H/case-105476_JAY_ANNOTATION.png,"```xml
<response>
    <visual_reasoning>
        The image is heavily weighted towards the right side of the patient, with the left side mostly obscured by the image border. The right humeral head and right scapular inferior angle are prominent, overlapping significantly. Ribs are visible crossing the image, indicating the thoracic region. The patient is supine with arms crossed over the abdomen, further emphasizing the right side of the torso. Based on these cues, the closest landmarks are the right humeral head and the right scapular inferior angle.
    </visual_reasoning>
    <landmarks>[2,4]</landmarks>
</response>
```",17.46,6
/gpfs1/home/j/j/jjung2/scratch/vlm_finetuning/regenerated_new/8/H/case-105476_JAY_ANNOTATION.png,"```xml
<response>
    <visual_reasoning>
        The image is centered on the right upper abdomen and lateral chest wall. We can clearly see the right hemidiaphragm dome and ribs extending downwards. The right scapular inferior angle is prominent, overlapping the hemidiaphragm. The patient's arms are crossed over the abdomen, with the right wrist visible distally. Based on these cues, the image is primarily focused on the right lower chest and upper abdomen.
    </visual_reasoning>
    <landmarks>[8,13]</landmarks>
</response>
```",16.46,8
/gpfs1/home/j/j/jjung2/scratch/vlm_finetuning/regenerated_new/9/H/case-105476_JAY_ANNOTATION.png,"```xml
<response>
    <visual_reasoning>
        The image is centered on the lower abdomen and pelvis, with the right hemidiaphragm visible inferiorly. Several ribs are crossing the image, and the right iliac crest is also prominent. T12 is just visible at the lower edge of the image, and the right hip joint is also present. The patient is supine with arms crossed, and the field of view is limited to the lower torso. Based on these cues, the closest landmarks are T12 and the right hemidiaphragm.
    </visual_reasoning>
    <landmarks>[12,14]</landmarks>
</response>
```",19.0,9
/gpfs1/home/j/j/jjung2/scratch/vlm_finetuning/regenerated_new/14/H/case-105476_JAY_ANNOTATION.png,"```xml
<response>
    <visual_reasoning>
        The image is centered on the lower thoracic and upper abdominal region, with multiple vertebral bodies visible. T12 is clearly identifiable, and the ribs are splayed outwards. The hemidiaphragms are difficult to discern due to overlapping structures, but the lower ribs are prominent. The patient is supine with arms crossed, obscuring the lower abdomen. Based on these cues, the closest landmarks are T12 and the inferior tips of the scapulae.
    </visual_reasoning>
    <landmarks>[14,5]</landmarks>
</response>
```",17.36,14
/gpfs1/home/j/j/jjung2/scratch/vlm_finetuning/regenerated_new/9/H/case-105567_JAY_ANNOTATION.png,"```xml
<response>
    <visual_reasoning>
        The image is centered on the thoracic and upper abdominal region, with the wrists and lower ribs prominently displayed. T12 is clearly visible, and the carina is also present, indicating the branching of the trachea. The patient's arms are crossed over the abdomen, obscuring some of the underlying structures. Ribs are easily counted, and the vertebral bodies are well-defined, allowing for precise anatomical localization. Based on these cues, the image center is best characterized by T12 and the wrists.
    </visual_reasoning>
    <landmarks>[12,14]</landmarks>
</response>
```",18.47,9
/gpfs1/home/j/j/jjung2/scratch/vlm_finetuning/regenerated_new/9/H/case-105579_JAY_ANNOTATION.png,"```xml
<response>
    <visual_reasoning>
        The image is centered on the right upper abdomen and lower thorax, with significant overlap from the right arm. We can clearly see the ribs and multiple vertebral bodies, indicating the patient is supine. The right humeral head is partially visible on the left edge, and the right hemidiaphragm dome is also present. The patient's arms are crossed over the abdomen, obscuring some of the underlying structures. Based on these visual cues, the closest landmarks are T12 and 8.
    </visual_reasoning>
    <landmarks>[8,14]</landmarks>
</response>
```",18.23,9
/gpfs1/home/j/j/jjung2/scratch/vlm_finetuning/regenerated_new/8/H/case-105586_JAY_ANNOTATION.png,"```xml
<response>
    <visual_reasoning>
        The image is centered on the thoracic region, with the carina and vertebral bodies prominently displayed. Ribs are clearly visible crossing the image, and the lung fields extend outwards on either side. The patient's arms are crossed over the abdomen, partially obscuring the lower chest and abdominal wall. T12 is also visible, indicating the lower thoracic region. Based on these features, the closest landmarks are T12 and the carina.
    </visual_reasoning>
    <landmarks>[11,14]</landmarks>
</response>
```",16.7,8
/gpfs1/home/j/j/jjung2/scratch/vlm_finetuning/regenerated_new/9/H/case-105586_JAY_ANNOTATION.png,"```xml
<response>
    <visual_reasoning>
        The image is centered on the mid-thoracic region, with the right hemidiaphragm and ribs prominently displayed. We can see the intercostal spaces and bony structures of the ribs, as well as the vertebral bodies. The patient's arms are crossed over the abdomen, obscuring some of the lower chest and abdominal structures. The carina is visible centrally, and the right hemidiaphragm dome is also clearly seen. Based on these features, the closest landmarks are the right hemidiaphragm and T12.
    </visual_reasoning>
    <landmarks>[12,14]</landmarks>
</response>
```",19.63,9
/gpfs1/home/j/j/jjung2/scratch/vlm_finetuning/regenerated_new/8/H/case-105592_JAY_ANNOTATION.png,"```xml
<response>
    <visual_reasoning>
        The image is centered on the thoracic region, with the vertebral column running vertically through the middle. Ribs are clearly visible, crossing the image, and the patient's arms are crossed over the abdomen. The right hemidiaphragm is partially visible inferiorly, and the scapular tips are also present on either side of the image. Based on these cues, the closest landmarks are the T12 vertebral body and the right scapular inferior angle.
    </visual_reasoning>
    <landmarks>[14,4]</landmarks>
</response>
```",17.22,8
/gpfs1/home/j/j/jjung2/scratch/vlm_finetuning/regenerated_new/9/H/case-105592_JAY_ANNOTATION.png,"```xml
<response>
    <visual_reasoning>
        The image is centered on the lower thoracic and upper abdominal region. T12 is clearly visible and centrally located, with the lumbar spine directly beneath it. Ribs are crossing the image, indicating the patient is supine with arms crossed. The hemidiaphragms are not well visualized, but the lower borders of the abdominal wall are present. Based on these cues, T12 and the lower ribs are the closest landmarks.
    </visual_reasoning>
    <landmarks>[14,12]</landmarks>
</response>
```",16.83,9
/gpfs1/home/j/j/jjung2/scratch/vlm_finetuning/regenerated_new/9/H/case-105597_JAY_ANNOTATION.png,"```xml
<response>
    <visual_reasoning>
        The image is centered on the wrist and lower thoracic region. We can clearly see the bony structures of the wrist and hand, with multiple carpal and metacarpal bones visible. T12 is also prominent, with its vertebral body clearly defined. The patient is supine with arms crossed, and the lower portion of the right lung field is also visible. Based on these cues, the closest landmarks are the right wrist and T12.
    </visual_reasoning>
    <landmarks>[8,14]</landmarks>
</response>
```",16.83,9
/gpfs1/home/j/j/jjung2/scratch/vlm_finetuning/regenerated_new/7/H/case-105602_JAY_ANNOTATION.png,"```xml
<response>
    <visual_reasoning>
        The image is heavily cropped, showing primarily the lower face and upper neck. The mandible and maxilla are clearly visible, with the dental roots and alveolar ridge prominent. The T1 vertebral body is partially visible in the upper right corner, suggesting it's just outside the main field of view. Due to the limited view, it's difficult to precisely localize other structures, but the skull and lower jaw are the most central features. The patient is supine with arms crossed.
    </visual_reasoning>
    <landmarks>[1,10]</landmarks>
</response>
```",17.72,7
/gpfs1/home/j/j/jjung2/scratch/vlm_finetuning/regenerated_new/9/H/case-105602_JAY_ANNOTATION.png,"```xml
<response>
    <visual_reasoning>
        The image is centered on the right forearm and upper abdomen, with the right humeral head and right scapular inferior angle visible in the periphery. Ribs are clearly visible crossing the image, indicating the patient is supine with arms crossed. The right elbow is also prominent, overlapping the right hemidiaphragm. The patient's positioning obscures much of the torso, making precise landmark identification challenging, but the right hemidiaphragm and humeral head are the closest structures.
    </visual_reasoning>
    <landmarks>[8,2]</landmarks>
</response>
```",17.59,9
/gpfs1/home/j/j/jjung2/scratch/vlm_finetuning/regenerated_new/7/H/case-105681_JAY_ANNOTATION.png,"```xml
<response>
    <visual_reasoning>
        The image is heavily weighted towards the right side of the patient, with the left side mostly obscured by the crossed arms. We can clearly see the right scapular inferior angle and the humeral head, indicating the patient is supine with arms crossed. The distal portion of the right arm is also visible, with the wrist and elbow clearly defined. Ribs are visible overlying the patient's abdomen, suggesting the image is taken below the level of T12. Based on these cues, the image center is closest to the right scapula and humeral head.
    </visual_reasoning>
    <landmarks>[4,2]</landmarks>
</response>
```",19.49,7
/gpfs1/home/j/j/jjung2/scratch/vlm_finetuning/regenerated_new/9/H/case-105681_JAY_ANNOTATION.png,"```xml
<response>
    <visual_reasoning>
        The image is centered on the right upper abdomen and thoracic region. We can clearly see the right hemidiaphragm dome and multiple ribs, indicating the patient is supine with arms crossed. The right scapular inferior angle is partially visible on the left side of the image, and the right wrist is also present. The lung fields are well-defined, and the patient is positioned such that the right side of the torso is more prominently displayed. Based on these cues, the closest landmarks are the right wrist and the right hemidiaphragm.
    </visual_reasoning>
    <landmarks>[8,12]</landmarks>
</response>
```",19.62,9
/gpfs1/home/j/j/jjung2/scratch/vlm_finetuning/regenerated_new/8/H/case-105704_JAY_ANNOTATION.png,"```xml
<response>
    <visual_reasoning>
        The image is centered on the right upper chest and arm, with the patient supine and arms crossed. We can clearly see the right scapular inferior angle (4) and the right wrist (8) are prominent. Ribs are visible crossing the image, and the humeral head (2) is partially obscured by the crossed arms. The left hemidiaphragm dome (13) is also visible inferiorly, suggesting the patient is lying flat.
    </visual_reasoning>
    <landmarks>[4,8]</landmarks>
</response>
```",17.06,8
/gpfs1/home/j/j/jjung2/scratch/vlm_finetuning/regenerated_new/9/H/case-105704_JAY_ANNOTATION.png,"```xml
<response>
    <visual_reasoning>
        The image is centered on the mid-thoracic region, with the patient supine and arms crossed. We can clearly see the T12 vertebral body and the adjacent ribs. The left hemidiaphragm is also visible, curving upwards. The left wrist is partially obscured by the arms, and the left scapular inferior angle is also present. Based on these landmarks, the image center is best characterized by T12 and the left hemidiaphragm.
    </visual_reasoning>
    <landmarks>[14,13]</landmarks>
</response>
```",17.71,9
/gpfs1/home/j/j/jjung2/scratch/vlm_finetuning/regenerated_new/6/H/case-105817_JAY_ANNOTATION.png,"```xml
<response>
    <visual_reasoning>
        The image is heavily weighted towards the right side of the patient, with the arms crossed over the abdomen. The right humeral head and right elbow are prominently displayed, indicating the patient is supine. Ribs are visible crossing the abdomen, and the right scapular inferior angle is partially obscured by the patient's body. The field of view is limited, but the central focus is on the right upper arm and torso. Therefore, the closest landmarks are the right humeral head and right elbow.
    </visual_reasoning>
    <landmarks>[2,6]</landmarks>
</response>
```",17.86,6
/gpfs1/home/j/j/jjung2/scratch/vlm_finetuning/regenerated_new/8/H/case-105817_JAY_ANNOTATION.png,"```xml
<response>
    <visual_reasoning>
        The image is heavily cropped, showing primarily the left side of the patient's torso and arm. We can clearly see the left wrist (9) and the left scapular inferior angle (5), which are central to the view. Ribs are visible crossing the image, and the patient's arm is crossed over the abdomen. The field of view is limited, making it difficult to identify more distant structures, but the left wrist and scapular tip are the most prominent landmarks.
    </visual_reasoning>
    <landmarks>[5,9]</landmarks>
</response>
```",17.72,8
/gpfs1/home/j/j/jjung2/scratch/vlm_finetuning/regenerated_new/9/H/case-105817_JAY_ANNOTATION.png,"```xml
<response>
    <visual_reasoning>
        The image is centered on the upper abdomen and thoracic region. We can clearly see the ribs and intercostal spaces, with the right hemidiaphragm dome visible inferiorly. The patient's arms are crossed over the abdomen, obscuring some of the lower chest and abdominal structures. T12 is also visible, indicating the lower thoracic region. Based on these cues, the closest landmarks are T12 and 4.
    </visual_reasoning>
    <landmarks>[14,4]</landmarks>
</response>
```",16.71,9
/gpfs1/home/j/j/jjung2/scratch/vlm_finetuning/regenerated_new/7/H/case-105839_JAY_ANNOTATION.png,"```xml
<response>
    <visual_reasoning>
        The image is a right lateral view, showing the lower abdomen and right leg. The T12 vertebral body is clearly visible and centered in the image, with the iliac crest partially seen below. The right hemidiaphragm is also visible, curving upwards. No arms or hands are present in the field of view, suggesting the patient is lying on their side. Therefore, the closest landmarks are T12 and the inferior aspect of the right iliac wing.
    </visual_reasoning>
    <landmarks>[14,13]</landmarks>
</response>
```",17.7,7
/gpfs1/home/j/j/jjung2/scratch/vlm_finetuning/regenerated_new/8/H/case-105839_JAY_ANNOTATION.png,"```xml
<response>
    <visual_reasoning>
        The image is centered on the right upper abdomen and thorax. We can clearly see the right hemidiaphragm dome and several vertebral bodies, indicating the patient is supine with arms crossed. The right humeral head is partially visible, overlapping the hemidiaphragm. Ribs are also prominent, radiating from the right costal margin. Based on these cues, the image center is best characterized by the right hemidiaphragm and the vertebral column.
    </visual_reasoning>
    <landmarks>[12,14]</landmarks>
</response>
```",17.45,8
/gpfs1/home/j/j/jjung2/scratch/vlm_finetuning/regenerated_new/9/H/case-105839_JAY_ANNOTATION.png,"```xml
<response>
    <visual_reasoning>
        The image is centered on the lower abdomen and right leg, with the right knee and ankle prominently displayed. Ribs are visible crossing the image, indicating the patient is supine with arms crossed. The right hemidiaphragm is partially visible inferiorly, and the distal portion of the right lower leg is also in view. The patient's right wrist and ankle are close to the image center, with the humeral head slightly further out. Based on these cues, the closest landmarks are the right wrist and the right knee.
    </visual_reasoning>
    <landmarks>[8,14]</landmarks>
</response>
```",18.98,9
/gpfs1/home/j/j/jjung2/scratch/vlm_finetuning/regenerated_new/5/H/case-105915_JAY_ANNOTATION.png,"```xml
<response>
    <visual_reasoning>
        The image is heavily weighted towards the right side of the patient, showing the right hemidiaphragm and ribs. The patient's arms are crossed over the abdomen, obscuring much of the central anatomy. We can clearly see the right scapular inferior angle and the curvature of the right hemidiaphragm. The T12 vertebral body is also visible, indicating the lower thoracic region.
    </visual_reasoning>
    <landmarks>[4,13]</landmarks>
</response>
```",15.82,5
/gpfs1/home/j/j/jjung2/scratch/vlm_finetuning/regenerated_new/6/H/case-105915_JAY_ANNOTATION.png,"```xml
<response>
    <visual_reasoning>
        The image is heavily cropped, showing primarily the lower abdomen and right leg. The patient is supine with arms crossed. We can clearly see the right knee and lower leg bones, with the distal portion of the right thigh also visible. The T12 vertebral body is partially visible on the left side of the image, and the right ankle is centered. Based on these cues, the image center is closest to the lower leg and ankle.
    </visual_reasoning>
    <landmarks>[14,8]</landmarks>
</response>
```",16.69,6
/gpfs1/home/j/j/jjung2/scratch/vlm_finetuning/regenerated_new/7/H/case-105915_JAY_ANNOTATION.png,"```xml
<response>
    <visual_reasoning>
        The image is a right lateral view, showing the lower abdomen and right arm. We can clearly see the ribs curving around the body and the distal portion of the right arm. The patient is supine with arms crossed. T12 is visible, and the right hemidiaphragm is partially seen. Based on these cues, the image center is closest to the lower ribs and right arm.
    </visual_reasoning>
    <landmarks>[8,14]</landmarks>
</response>
```",16.19,7
/gpfs1/home/j/j/jjung2/scratch/vlm_finetuning/regenerated_new/9/H/case-105915_JAY_ANNOTATION.png,"```xml
<response>
    <visual_reasoning>
        The image is a right lateral view, with the patient supine and arms crossed. The right humeral head (2) is prominent, curving over the abdomen. Distal to the humeral head is the right wrist (9), with bony structures clearly visible. The patient is lying on their side, with the field of view cut off by the image border. Based on these cues, the image center is closest to the right wrist and humeral head.
    </visual_reasoning>
    <landmarks>[2,9]</landmarks>
</response>
```",16.65,9
/gpfs1/home/j/j/jjung2/scratch/vlm_finetuning/regenerated_new/9/H/case-106012_JAY_ANNOTATION.png,"```xml
<response>
    <visual_reasoning>
        The image is centered on the lower thoracic and upper abdominal region. We can clearly see the T12 vertebral body and the ribs articulating with the costal cartilage. The patient's arms are crossed over the abdomen, with the wrists visible. The hemidiaphragms are also partially visible, suggesting the patient is supine. Based on these cues, the closest landmarks are T12 and the right wrist.
    </visual_reasoning>
    <landmarks>[14,8]</landmarks>
</response>
```",16.31,9
/gpfs1/home/j/j/jjung2/scratch/vlm_finetuning/regenerated_new/14/H/case-106012_JAY_ANNOTATION.png,"```xml
<response>
    <visual_reasoning>
        The image is centered on the thoracic spine and lower ribs, with the wrists and hands prominently displayed. We can see the bony structures of the wrists and carpal bones clearly. T12 is visible just below the wrists, and the lower ribs are also well-defined. The patient is supine with arms crossed over the abdomen, obscuring the lower abdominal region. Based on these features, the closest landmarks are T12 and the right wrist.
    </visual_reasoning>
    <landmarks>[12,14]</landmarks>
</response>
```",17.18,14
/gpfs1/home/j/j/jjung2/scratch/vlm_finetuning/regenerated_new/7/H/case-106016_JAY_ANNOTATION.png,"```xml
<response>
    <visual_reasoning>
        The image is centered on the right upper arm and chest wall. We can clearly see the right scapular inferior angle and the humeral head, with the arm crossed over the patient's abdomen. Ribs are visible, curving around the right side of the chest. The patient is supine, and the field of view includes the lateral chest and right arm. Based on these cues, the closest landmarks are the right scapular inferior angle and the right humeral head.
    </visual_reasoning>
    <landmarks>[4,2]</landmarks>
</response>
```",17.19,7
/gpfs1/home/j/j/jjung2/scratch/vlm_finetuning/regenerated_new/8/H/case-106016_JAY_ANNOTATION.png,"```xml
<response>
    <visual_reasoning>
        The image is centered on the thoracic spine and right lung field. We can clearly see the vertebral bodies of the thoracic region, with T10 and T12 being most prominent. The right hemidiaphragm is also visible, curving upwards. The right scapular inferior angle is partially obscured by the patient's crossed arms, but its position is identifiable. Based on these cues, the image center is best characterized by the thoracic spine and right lung.
    </visual_reasoning>
    <landmarks>[10,5]</landmarks>
</response>
```",17.33,8
/gpfs1/home/j/j/jjung2/scratch/vlm_finetuning/regenerated_new/9/H/case-106016_JAY_ANNOTATION.png,"```xml
<response>
    <visual_reasoning>
        The image is centered on the right upper arm and forearm, with the humeral head partially visible. Ribs are clearly visible crossing the image, indicating the patient is supine with arms crossed. The right scapular inferior angle is also present in the lower left corner. The patient's wrist is prominently displayed, and the distal portion of the humerus is also visible. Based on these cues, the image center is best characterized by the right forearm and upper chest.
    </visual_reasoning>
    <landmarks>[8,2]</landmarks>
</response>
```",17.19,9
/gpfs1/home/j/j/jjung2/scratch/vlm_finetuning/regenerated_new/14/H/case-106016_JAY_ANNOTATION.png,"```xml
<response>
    <visual_reasoning>
        The image is centered on the thoracic spine, with T10 and T11 vertebral bodies clearly visible. The carina is also prominent, crossing the image horizontally. The arms are crossed over the abdomen, partially obscuring the lower ribs. Based on these features, the image center is primarily focused on the mid-thoracic region.
    </visual_reasoning>
    <landmarks>[10,11]</landmarks>
</response>
```",14.17,14
/gpfs1/home/j/j/jjung2/scratch/vlm_finetuning/regenerated_new/7/H/case-106081_JAY_ANNOTATION.png,"```xml
<response>
    <visual_reasoning>
        The image is centered on the lower abdomen and right lower limb. We can clearly see the right hemidiaphragm dome and several vertebral bodies, indicating the patient is supine with arms crossed. The right wrist (index 8) and right elbow (index 6) are prominent, overlapping the lower ribs. The T12 vertebral body is also visible, further confirming the lower abdominal location.
    </visual_reasoning>
    <landmarks>[6,13]</landmarks>
</response>
```",15.83,7
/gpfs1/home/j/j/jjung2/scratch/vlm_finetuning/regenerated_new/9/H/case-106101_JAY_ANNOTATION.png,"```xml
<response>
    <visual_reasoning>
        The image is centered on the lower thoracic and upper abdominal region. We can clearly see the T12 vertebral body and the ribs articulating with the vertebral bodies. The right wrist (8) is also visible, partially obscured by the crossed arms. The patient is supine with arms crossed over the abdomen, and the field of view includes the lower portion of the right scapula.
    </visual_reasoning>
    <landmarks>[14,8]</landmarks>
</response>
```",15.2,9
/gpfs1/home/j/j/jjung2/scratch/vlm_finetuning/regenerated_new/6/H/case-106127_JAY_ANNOTATION.png,"```xml
<response>
    <visual_reasoning>
        The image is centered on the right upper arm and chest wall. The right humeral head is prominent, with its rounded contour clearly visible. Ribs are overlapping the right hemidiaphragm, indicating proximity to the hemidiaphragm dome. The patient is supine with arms crossed, and the right scapular inferior angle is partially visible in the lower right corner. Based on these visual cues, the closest landmarks are the humeral head and the right hemidiaphragm.
    </visual_reasoning>
    <landmarks>[2,12]</landmarks>
</response>
```",17.86,6
/gpfs1/home/j/j/jjung2/scratch/vlm_finetuning/regenerated_new/7/H/case-106127_JAY_ANNOTATION.png,"```xml
<response>
    <visual_reasoning>
        The image is heavily weighted towards the right arm and torso, with the patient supine and arms crossed. The right elbow (6) and humeral head (2) are prominently displayed, overlapping significantly. The inferior tip of the right scapula (4) is also visible, contributing to the central focus. The lower ribs are partially visible, but not as central as the arm structures. Therefore, the image center is best defined by the right arm and scapula.
    </visual_reasoning>
    <landmarks>[2,4]</landmarks>
</response>
```",17.21,7
/gpfs1/home/j/j/jjung2/scratch/vlm_finetuning/regenerated_new/8/H/case-106127_JAY_ANNOTATION.png,"```xml
<response>
    <visual_reasoning>
        The image is centered on the right upper arm and chest wall. We can clearly see the rounded contour of the right humeral head and the overlapping ribs. The right scapular inferior angle is also prominent, with its sharp tip visible. The patient's arms are crossed over the abdomen, obscuring the lower abdominal region. Based on these visual cues, the image center is best defined by the right humeral head and the right scapular inferior angle.
    </visual_reasoning>
    <landmarks>[2,5]</landmarks>
</response>
```",16.71,8
/gpfs1/home/j/j/jjung2/scratch/vlm_finetuning/regenerated_new/9/H/case-106127_JAY_ANNOTATION.png,"```xml
<response>
    <visual_reasoning>
        The image is centered on the thoracic and lumbar spine, with the lower ribs and T12 vertebral body clearly visible. The patient's arms are crossed over the abdomen, obscuring the lower abdominal region. We can see the bony structures of the ribs and vertebral bodies, with T12 being particularly prominent. The carina is also visible, indicating the branching of the trachea. Based on these cues, the closest landmarks are T12 and the lower ribs.
    </visual_reasoning>
    <landmarks>[12,14]</landmarks>
</response>
```",17.47,9
/gpfs1/home/j/j/jjung2/scratch/vlm_finetuning/regenerated_new/4/H/case-106139_JAY_ANNOTATION.png,"```xml
<response>
    <visual_reasoning>
        The image is centered on the right upper chest and arm, with the right hemidiaphragm visible inferiorly. The right humeral head is prominent, overlapping the thoracic cage. Ribs are clearly visible, radiating from the sternum, and the right scapular inferior angle is partially seen. The patient is supine with arms crossed, and the field of view includes the upper abdomen and right side of the thorax. Based on these cues, the closest landmarks are the right humeral head and the right scapular inferior angle.
    </visual_reasoning>
    <landmarks>[2,4]</landmarks>
</response>
```",18.73,4
/gpfs1/home/j/j/jjung2/scratch/vlm_finetuning/regenerated_new/6/H/case-106139_JAY_ANNOTATION.png,"```xml
<response>
    <visual_reasoning>
        The image is heavily cropped, showing primarily the right upper arm and shoulder. The right humeral head (2) is clearly visible, rounded and articulating with the glenohumeral joint. Distal to the humeral head is the right elbow (6), with the olecranon process prominent. The patient is supine with arms crossed, and the field of view is limited to the right side of the torso. Based on these cues, the closest landmarks are the humeral head and the elbow.
    </visual_reasoning>
    <landmarks>[2,6]</landmarks>
</response>
```",17.86,6
/gpfs1/home/j/j/jjung2/scratch/vlm_finetuning/regenerated_new/9/H/case-106139_JAY_ANNOTATION.png,"```xml
<response>
    <visual_reasoning>
        The image is centered on the right upper chest and arm, with the right hemidiaphragm visible inferiorly. We can see the right humeral head and scapular tip overlapping the right hemidiaphragm. The carina is also clearly visible, dividing the right and left lung fields. Ribs are prominent throughout the image, further localizing the area. Based on these cues, the image center is best described as being between the right scapular tip and the humeral head.
    </visual_reasoning>
    <landmarks>[4,2]</landmarks>
</response>
```",17.73,9
/gpfs1/home/j/j/jjung2/scratch/vlm_finetuning/regenerated_new/14/H/case-106139_JAY_ANNOTATION.png,"```xml
<response>
    <visual_reasoning>
        The image is centered on the lower thoracic region and upper abdomen, with T12 vertebral body clearly visible. The patient is supine with arms crossed, obscuring the lower abdomen. We can see the humeral heads (2 and 3) and the T1 vertebral body (10) are also present, but further away. The carina (11) is partially visible, but less central than the T12. Therefore, the closest landmarks are T12 and the right humeral head.
    </visual_reasoning>
    <landmarks>[14,2]</landmarks>
</response>
```",18.36,14
/gpfs1/home/j/j/jjung2/scratch/vlm_finetuning/regenerated_new/5/H/case-106141_JAY_ANNOTATION.png,"```xml
<response>
    <visual_reasoning>
        The image is centered on the lower abdomen and right lower chest wall. We can clearly see the right hemidiaphragm dome and the right scapular inferior angle, indicating the patient is supine with arms crossed. The right wrist and elbow are also prominent, overlapping the hemidiaphragm. Ribs are visible crossing the abdomen, further localizing the image. Based on these cues, the image center is best described by the right hemidiaphragm and the right scapular inferior angle.
    </visual_reasoning>
    <landmarks>[13,5]</landmarks>
</response>
```",18.48,5
/gpfs1/home/j/j/jjung2/scratch/vlm_finetuning/regenerated_new/6/H/case-106141_JAY_ANNOTATION.png,"```xml
<response>
    <visual_reasoning>
        The image is heavily cropped, showing primarily the right arm and lower chest. The right humeral head is prominent and centrally located, with the right elbow also visible. Ribs are partially obscured by the arm, but their curvature is apparent. The patient is supine with arms crossed, and the field of view is limited to the distal right arm and upper abdomen. Based on these cues, the closest landmarks are the right humeral head and right elbow.
    </visual_reasoning>
    <landmarks>[2,6]</landmarks>
</response>
```",16.71,6
/gpfs1/home/j/j/jjung2/scratch/vlm_finetuning/regenerated_new/9/H/case-106141_JAY_ANNOTATION.png,"```xml
<response>
    <visual_reasoning>
        The image is a right lateral view, showing the lower abdomen and portions of the ribs and pelvis. The T12 vertebral body is clearly visible and centrally located, with the iliac crests also prominent. The right hemidiaphragm is partially seen, curving upwards. The patient is supine with arms crossed over the abdomen, obscuring some of the lower chest and abdominal structures. Based on these cues, the closest landmarks are T12 and the right hemidiaphragm.
    </visual_reasoning>
    <landmarks>[12,14]</landmarks>
</response>
```",18.35,9
/gpfs1/home/j/j/jjung2/scratch/vlm_finetuning/regenerated_new/6/H/case-106172_JAY_ANNOTATION.png,"```xml
<response>
    <visual_reasoning>
        The image is heavily cropped, showing primarily the right upper arm and a portion of the patient's neck. The right humeral head is centrally located, with the distal end of the humerus visible. No vertebral bodies or ribs are clearly visible in this field of view. The patient is supine with their arms crossed over their abdomen, but only the right arm is well-seen. Therefore, the closest landmarks are the right humeral head and the skull.
    </visual_reasoning>
    <landmarks>[1,2]</landmarks>
</response>
```",16.95,6
/gpfs1/home/j/j/jjung2/scratch/vlm_finetuning/regenerated_new/7/H/case-106301_JAY_ANNOTATION.png,"```xml
<response>
    <visual_reasoning>
        The image is heavily clipped on the right, showing only the left side of the patient. The central portion of the image contains the left lower arm and wrist, with the humeral head partially visible in the upper left. Ribs are clearly visible crossing the image, and the patient is supine with arms crossed. The left wrist (9) is closest to the image center, and the left scapular inferior angle (5) is also prominent. Therefore, the image is focused on the distal left arm and shoulder.
    </visual_reasoning>
    <landmarks>[5,9]</landmarks>
</response>
```",18.48,7
/gpfs1/home/j/j/jjung2/scratch/vlm_finetuning/regenerated_new/9/H/case-106301_JAY_ANNOTATION.png,"```xml
<response>
    <visual_reasoning>
        The image is centered on the thoracic region, with the left lung field and ribs prominently displayed. We can see the carina (tracheal bifurcation) running vertically through the center of the image, and the left hemidiaphragm dome is visible inferiorly. The left scapular inferior angle is also clearly visible in the lower right quadrant. Ribs are crossing over the vertebral bodies, indicating a supine patient with arms crossed. Based on these cues, the image center is best characterized by the left lung and the carina.
    </visual_reasoning>
    <landmarks>[11,5]</landmarks>
</response>
```",18.85,9
/gpfs1/home/j/j/jjung2/scratch/vlm_finetuning/regenerated_new/7/H/case-106371_JAY_ANNOTATION.png,"```xml
<response>
    <visual_reasoning>
        The image is heavily weighted towards the left side of the patient, with the right edge mostly black. The left humeral head (3) is prominent and centrally located, overlapping with the left hemidiaphragm dome (13). The patient's arms are crossed, obscuring the lower abdomen. Ribs are visible radiating from the chest wall, further confirming the location of the hemidiaphragm.
    </visual_reasoning>
    <landmarks>[3,13]</landmarks>
</response>
```",16.07,7
/gpfs1/home/j/j/jjung2/scratch/vlm_finetuning/regenerated_new/9/H/case-106371_JAY_ANNOTATION.png,"```xml
<response>
    <visual_reasoning>
        The image is centered on the right lower chest and abdomen, with the right hemidiaphragm and ribs prominently displayed. We can see the right humeral head overlapping the thoracic cage, and the T12 vertebral body is also clearly visible. The patient's arms are crossed over the abdomen, obscuring some of the underlying structures. The right wrist is also partially visible in the lower right corner of the image. Based on these cues, the image center is best characterized by the right hemidiaphragm and T12.
    </visual_reasoning>
    <landmarks>[12,14]</landmarks>
</response>
```",19.38,9
/gpfs1/home/j/j/jjung2/scratch/vlm_finetuning/regenerated_new/9/H/case-106374_JAY_ANNOTATION.png,"```xml
<response>
    <visual_reasoning>
        The image is centered on the right lower chest and abdomen, with the right hemidiaphragm dome clearly visible. Ribs are prominent, crossing the image, and the right humeral head is partially visible in the lower left corner. The patient is supine with arms crossed, obscuring the abdominal region. T12 is also visible inferiorly, indicating the lower thoracic region. Based on these cues, the closest landmarks are the right hemidiaphragm and T12.
    </visual_reasoning>
    <landmarks>[12,14]</landmarks>
</response>
```",18.1,9
/gpfs1/home/j/j/jjung2/scratch/vlm_finetuning/regenerated_new/5/H/case-106456_JAY_ANNOTATION.png,"```xml
<response>
    <visual_reasoning>
        The image primarily shows the right upper arm and chest wall. The right humeral head is prominent and curved, overlapping with the right scapular inferior angle. Ribs are visible crossing the image, indicating the patient is supine with arms crossed. The left hemidiaphragm dome is also partially visible in the lower left quadrant. Based on these cues, the image center is best defined by the right scapular inferior angle and the right humeral head.
    </visual_reasoning>
    <landmarks>[4,2]</landmarks>
</response>
```",16.84,5
/gpfs1/home/j/j/jjung2/scratch/vlm_finetuning/regenerated_new/6/H/case-106456_JAY_ANNOTATION.png,"```xml
<response>
    <visual_reasoning>
        The image is heavily clipped, showing only the right upper arm and a portion of the torso. The right humeral head (2) is prominently visible, rounded and overlapping the right scapular border. The patient is supine with arms crossed, and the field of view is limited to the upper right quadrant. No vertebral bodies or other central structures are visible, making precise localization difficult. Based on the visible anatomy, the closest landmarks are the humeral head and the right scapular inferior angle.
    </visual_reasoning>
    <landmarks>[2,4]</landmarks>
</response>
```",17.72,6
/gpfs1/home/j/j/jjung2/scratch/vlm_finetuning/regenerated_new/13/H/case-106456_JAY_ANNOTATION.png,"```xml
<response>
    <visual_reasoning>
        The image is centered on the right upper chest and arm, showing multiple ribs and the right scapular inferior angle. We can clearly see the right humeral head and the distal portion of the right arm, with bony structures dominating the view. The carina is faintly visible, crossing the image. The patient is supine with arms crossed, and the field of view includes the right side of the thorax and upper abdomen.
    </visual_reasoning>
    <landmarks>[2,11]</landmarks>
</response>
```",15.95,13
/gpfs1/home/j/j/jjung2/scratch/vlm_finetuning/regenerated_new/7/H/case-106464_JAY_ANNOTATION.png,"```xml
<response>
    <visual_reasoning>
        The image is a right lateral view, with the patient supine and arms crossed. The T12 vertebral body is centrally located, with the right humeral head visible in the lower right quadrant. Ribs are clearly visible, curving around the patient's torso. The patient's arms are crossed, obscuring the lower abdominal region. Based on these cues, the image center is closest to T12 and the right humeral head.
    </visual_reasoning>
    <landmarks>[14,2]</landmarks>
</response>
```",16.7,7
/gpfs1/home/j/j/jjung2/scratch/vlm_finetuning/regenerated_new/9/H/case-106464_JAY_ANNOTATION.png,"```xml
<response>
    <visual_reasoning>
        The image is centered on the right upper arm and chest wall. We can clearly see the right humeral head and the right scapular inferior angle, with the ribs overlapping the humeral head. The patient's arms are crossed, obscuring the abdominal region. The right wrist is also visible, further confirming the central location of the right upper extremity. Based on these visual cues, the image is best centered on the right humeral head and the right scapular inferior angle.
    </visual_reasoning>
    <landmarks>[2,4]</landmarks>
</response>
```",17.21,9
/gpfs1/home/j/j/jjung2/scratch/vlm_finetuning/regenerated_new/6/H/case-106541_JAY_ANNOTATION.png,"```xml
<response>
    <visual_reasoning>
        The image is heavily cropped, showing primarily the right lower abdomen and thigh. The right hemidiaphragm is partially visible, curving upwards and blending with the subcutaneous fat. The right femoral head is also prominent, with its rounded contour clearly defined. Due to the limited field of view, it's difficult to precisely identify other structures, but the patient appears supine with arms crossed. We are revising the previous landmark selection as it was too far off.
    </visual_reasoning>
    <landmarks>[12,2]</landmarks>
</response>
```",17.71,6
/gpfs1/home/j/j/jjung2/scratch/vlm_finetuning/regenerated_new/8/H/case-106541_JAY_ANNOTATION.png,"```xml
<response>
    <visual_reasoning>
        The image is centered on the lower abdomen and right flank, with the patient supine and arms crossed. We can clearly see the right hemidiaphragm dome and ribs extending upwards. The right wrist (index 8) is also prominent, with bony structures visible. The patient's arms are crossed, obscuring the lower abdominal region, making precise landmark identification challenging. Based on these cues, the closest landmarks are the right wrist and the hemidiaphragm.
    </visual_reasoning>
    <landmarks>[8,12]</landmarks>
</response>
```",17.67,8
/gpfs1/home/j/j/jjung2/scratch/vlm_finetuning/regenerated_new/9/H/case-106541_JAY_ANNOTATION.png,"```xml
<response>
    <visual_reasoning>
        The image is centered on the lower thoracic and upper lumbar spine, with T12 and the lower ribs prominently displayed. The vertebral bodies are well-defined, showing intervertebral disc spaces. The patient's arms are crossed over the abdomen, obscuring some of the lower body. We can see the right wrist and the distal portion of the right forearm, indicating the patient is supine. Based on these visual cues, the closest landmarks are T12 and the right wrist.
    </visual_reasoning>
    <landmarks>[14,9]</landmarks>
</response>
```",17.93,9
/gpfs1/home/j/j/jjung2/scratch/vlm_finetuning/regenerated_new/8/H/case-106569_JAY_ANNOTATION.png,"```xml
<response>
    <visual_reasoning>
        The image is centered on the right upper arm and chest wall. We can clearly see the right scapular inferior angle and the humeral head overlapping with the ribs. Ribs are visible crossing the image, indicating the patient is supine with arms crossed. The right hemidiaphragm is also partially visible inferiorly. Based on these cues, the closest landmarks are the right scapular inferior angle and the right humeral head.
    </visual_reasoning>
    <landmarks>[4,2]</landmarks>
</response>
```",16.17,8
/gpfs1/home/j/j/jjung2/scratch/vlm_finetuning/regenerated_new/9/H/case-106569_JAY_ANNOTATION.png,"```xml
<response>
    <visual_reasoning>
        The image is centered on the lower abdomen and pelvis, with the T12 vertebral body prominently displayed. The patient's arms are crossed, obscuring the lower chest and abdominal wall. We can see the distal portion of the right arm and hand, with the wrist joint clearly visible. The lumbar spine and sacrum are also well-defined, indicating the patient is supine. Based on these visual cues, the T12 vertebral body and the distal right arm are the closest landmarks.
    </visual_reasoning>
    <landmarks>[14,8]</landmarks>
</response>
```",18.1,9
/gpfs1/home/j/j/jjung2/scratch/vlm_finetuning/regenerated_new/4/H/case-106811_JAY_ANNOTATION.png,"```xml
<response>
    <visual_reasoning>
        The image is centered on the patient's abdomen and lower chest, with the arms crossed. We can clearly see the right hemidiaphragm dome and the T12 vertebral body, indicating the lower portion of the torso. The right humeral head is also visible, partially obscured by the crossed arms. Ribs are visible throughout the image, further localizing the area. Based on these cues, the image center is best described as being between the lower chest and upper abdomen.
    </visual_reasoning>
    <landmarks>[12,14]</landmarks>
</response>
```",17.96,4
/gpfs1/home/j/j/jjung2/scratch/vlm_finetuning/regenerated_new/7/H/case-106811_JAY_ANNOTATION.png,"```xml
<response>
    <visual_reasoning>
        The image is a right lateral view, primarily showing the right arm and lower torso. The right scapular inferior angle (4) is clearly visible, curving along the rib cage. The humeral head (2) is also prominent, with the elbow joint (6) distally positioned. The patient is supine with arms crossed, and the field of view is limited to the right side of the body. Based on these cues, the image center is closest to the right arm and scapula.
    </visual_reasoning>
    <landmarks>[2,4]</landmarks>
</response>
```",17.97,7
/gpfs1/home/j/j/jjung2/scratch/vlm_finetuning/regenerated_new/9/H/case-106811_JAY_ANNOTATION.png,"```xml
<response>
    <visual_reasoning>
        The image is centered on the lower abdomen and right thigh, with significant overlap from the right hemidiaphragm and right lower limb. We can see the rounded contour of the right hemidiaphragm dome, and the right iliac crest below. The right humeral head is also visible in the upper left corner, partially obscured by the ribs. Based on these cues, the image center is best characterized by the right hemidiaphragm and the lower portion of the right arm.
    </visual_reasoning>
    <landmarks>[12,8]</landmarks>
</response>
```",18.08,9
/gpfs1/home/j/j/jjung2/scratch/vlm_finetuning/regenerated_new/8/H/case-106835_JAY_ANNOTATION.png,"```xml
<response>
    <visual_reasoning>
        The image is a lateral view, primarily showing the lower abdomen and right flank. T12 is clearly visible and centrally located, with the lower ribs curving around it. The right hemidiaphragm is also visible, appearing as a concave structure. The patient is supine with arms crossed, and the right wrist is partially visible in the lower right corner. Based on these landmarks, the image center is closest to T12 and the right wrist.
    </visual_reasoning>
    <landmarks>[14,9]</landmarks>
</response>
```",17.22,8
/gpfs1/home/j/j/jjung2/scratch/vlm_finetuning/regenerated_new/9/H/case-106835_JAY_ANNOTATION.png,"```xml
<response>
    <visual_reasoning>
        The image is centered on the right upper arm and chest wall. We can clearly see the rounded contour of the right humeral head and the overlapping ribs. The patient's arms are crossed, obscuring the abdominal region. The right scapular inferior angle is also visible, contributing to the image's composition. Based on these cues, the closest landmarks are the humeral head and the scapular tip.
    </visual_reasoning>
    <landmarks>[2,4]</landmarks>
</response>
```",15.57,9
/gpfs1/home/j/j/jjung2/scratch/vlm_finetuning/regenerated_new/6/H/case-106856_JAY_ANNOTATION.png,"```xml
<response>
    <visual_reasoning>
        The image is a right lateral view, primarily showing the right humeral head and upper ribs. The rounded contour of the right humeral head is prominent, overlapping with several ribs. The patient's arms are crossed over the abdomen, obscuring the lower body. No vertebral bodies or lung fields are clearly visible in the field of view, suggesting the image is focused on the proximal right arm and chest wall. Based on these cues, the closest landmarks are the right humeral head and the right scapular inferior angle.
    </visual_reasoning>
    <landmarks>[2,4]</landmarks>
</response>
```",18.23,6
/gpfs1/home/j/j/jjung2/scratch/vlm_finetuning/regenerated_new/7/H/case-106856_JAY_ANNOTATION.png,"```xml
<response>
    <visual_reasoning>
        The image is heavily weighted towards the right side of the patient, with the left side mostly obscured by the crossed arms. The right humeral head and scapular inferior angle are prominent, indicating the patient is supine with arms crossed. Ribs are visible, curving around the right side of the torso. The elbow joint is also clearly seen, further confirming the arm crossing the abdomen. Based on these cues, the image center is closest to the right upper arm and shoulder region.
    </visual_reasoning>
    <landmarks>[2,5]</landmarks>
</response>
```",17.45,7
/gpfs1/home/j/j/jjung2/scratch/vlm_finetuning/regenerated_new/6/H/case-106882_JAY_ANNOTATION.png,"```xml
<response>
    <visual_reasoning>
        The image is centered on the right knee and lower thigh, with the right humeral head partially visible on the left. The right knee joint is prominent, with clear visualization of the femoral condyles and tibial plateau. The distal femur and proximal tibia are well-defined, indicating the knee is the primary anatomical focus. The patient is supine with arms crossed over the abdomen, obscuring some of the lower torso. Based on these features, the closest landmarks are the right knee (6) and the right humeral head (2).
    </visual_reasoning>
    <landmarks>[6,2]</landmarks>
</response>
```",18.72,6
/gpfs1/home/j/j/jjung2/scratch/vlm_finetuning/regenerated_new/9/H/case-106882_JAY_ANNOTATION.png,"```xml
<response>
    <visual_reasoning>
        The image is centered on the upper abdomen and thoracic cage, with significant overlap from the right arm. We can clearly see the right ribs and intercostal spaces, indicating the patient is supine with arms crossed. The right hemidiaphragm is partially visible, curving upwards. The humeral head is also present, but further away than the ribs. Based on these cues, the closest landmarks are the right ribs and the humeral head.
    </visual_reasoning>
    <landmarks>[2,12]</landmarks>
</response>
```",16.69,9
/gpfs1/home/j/j/jjung2/scratch/vlm_finetuning/regenerated_new/7/H/case-106963_JAY_ANNOTATION.png,"```xml
<response>
    <visual_reasoning>
        The image is a right lateral view, primarily showing the right arm and scapula. The humeral head (index 2) is prominent and curved, overlapping with the right scapular inferior angle (index 5). The patient is supine with arms crossed, and the field of view is limited to the right side of the torso. Ribs are visible, curving around the right hemidiaphragm dome (index 12). Based on these cues, the image center is closest to the right scapular inferior angle and the humeral head.
    </visual_reasoning>
    <landmarks>[2,5]</landmarks>
</response>
```",19.36,7
/gpfs1/home/j/j/jjung2/scratch/vlm_finetuning/regenerated_new/9/H/case-106963_JAY_ANNOTATION.png,"```xml
<response>
    <visual_reasoning>
        The image is centered on the patient's torso with crossed arms. We can clearly see the T12 vertebral body and the right hemidiaphragm dome, indicating the lower chest and upper abdominal region. The patient's arms are crossed over the abdomen, obscuring the lower ribs and hemidiaphragms. Ribs are visible throughout the image, and the humeral heads are also present, but further away from the center. Based on these visual cues, the closest landmarks are T12 and 8.
    </visual_reasoning>
    <landmarks>[14,8]</landmarks>
</response>
```",19.11,9
/gpfs1/home/j/j/jjung2/scratch/vlm_finetuning/regenerated_new/6/H/case-106973_JAY_ANNOTATION.png,"```xml
<response>
    <visual_reasoning>
        The image is a right lateral view, primarily showing the lower abdomen and right leg. The right knee joint is centrally located, with the distal femur and proximal tibia visible. The patient is supine, and the arms are crossed over the abdomen. No vertebral bodies or ribs are clearly visible in this cropped view, making precise landmark identification challenging. Based on the visible anatomy, the closest landmarks are the right knee (7) and the distal portion of the right thigh (14).
    </visual_reasoning>
    <landmarks>[7,14]</landmarks>
</response>
```",17.72,6
/gpfs1/home/j/j/jjung2/scratch/vlm_finetuning/regenerated_new/9/H/case-106973_JAY_ANNOTATION.png,"```xml
<response>
    <visual_reasoning>
        The image is centered on the lower abdomen and right thigh, with the right forearm crossing the field of view. We can clearly see the bony structures of the right lower leg and foot, indicating the patient is supine. The T12 vertebral body is visible just above the right iliac crest, and the right hemidiaphragm is partially obscured by the arm. Ribs are also visible, radiating from the thoracic cage. Based on these cues, the closest landmarks are T12 and 8.
    </visual_reasoning>
    <landmarks>[12,8]</landmarks>
</response>
```",18.6,9
/gpfs1/home/j/j/jjung2/scratch/vlm_finetuning/regenerated_new/7/H/case-106991_JAY_ANNOTATION.png,"```xml
<response>
    <visual_reasoning>
        The image is heavily weighted towards the right lateral thorax and upper arm. We can clearly see the right humeral head and scapular inferior angle, with the elbow joint also visible. Ribs are crossing the image, and the patient is supine with arms crossed. The field of view is limited to the right side of the torso and upper arm. Based on these cues, the closest landmarks are the right humeral head and the right scapular inferior angle.
    </visual_reasoning>
    <landmarks>[2,5]</landmarks>
</response>
```",16.84,7
/gpfs1/home/j/j/jjung2/scratch/vlm_finetuning/regenerated_new/9/H/case-106991_JAY_ANNOTATION.png,"```xml
<response>
    <visual_reasoning>
        The image is centered on the right upper arm and shoulder, with the humeral head and scapular tip prominently displayed. Ribs are visible crossing the image, indicating the thoracic region. The right elbow is also clearly seen, with the forearm overlapping the scapular inferior angle. The patient is supine with arms crossed, and the field of view includes the distal humerus and portions of the right scapula. Based on these cues, the closest landmarks are the humeral head and the right scapular inferior angle.
    </visual_reasoning>
    <landmarks>[2,4]</landmarks>
</response>
```",18.23,9
/gpfs1/home/j/j/jjung2/scratch/vlm_finetuning/regenerated_new/9/H/case-107068_JAY_ANNOTATION.png,"```xml
<response>
    <visual_reasoning>
        The image is centered on the lower thoracic and lumbar spine, with the sacrum and lower ribs prominently displayed. T12 is clearly visible, and the iliac wings are partially seen inferiorly. The patient's arms are crossed over the abdomen, obscuring some of the lower body. The vertebral bodies are aligned, and there's no obvious rotation. Based on these features, the closest landmarks are T12 and the sacrum.
    </visual_reasoning>
    <landmarks>[14,12]</landmarks>
</response>
```",17.08,9
/gpfs1/home/j/j/jjung2/scratch/vlm_finetuning/regenerated_new/9/H/case-107184_JAY_ANNOTATION.png,"```xml
<response>
    <visual_reasoning>
        The image is centered on the right upper abdomen and lower thorax, with the right hemidiaphragm visible. We can see the curved edge of the right hemidiaphragm dome, and the patient's right arm is crossed over the abdomen. The right elbow joint is also clearly visible, with bony structures indicating the wrist. The T12 vertebral body is partially visible in the lower right corner, suggesting the patient is supine with arms crossed.
    </visual_reasoning>
    <landmarks>[7,12]</landmarks>
</response>
```",17.33,9
/gpfs1/home/j/j/jjung2/scratch/vlm_finetuning/regenerated_new/7/H/case-107267_JAY_ANNOTATION.png,"```xml
<response>
    <visual_reasoning>
        The image is centered on the thoracic region, with the carina and T3 vertebral bodies prominently displayed. Ribs are clearly visible crossing the image, and the patient's arms are crossed over the abdomen. The carina is bifurcating, indicating the level of the tracheal carina. The humeral heads are partially visible inferiorly, and the wrists are also present, but further away from the image center. Based on these cues, the image center is best characterized by the carina and T3.
    </visual_reasoning>
    <landmarks>[11,10]</landmarks>
</response>
```",18.11,7
/gpfs1/home/j/j/jjung2/scratch/vlm_finetuning/regenerated_new/8/H/case-107267_JAY_ANNOTATION.png,"```xml
<response>
    <visual_reasoning>
        The image is centered on the right upper abdomen and lower thorax, with the right hemidiaphragm and ribs prominently displayed. The right humeral head is partially visible in the left of the image, curving around the torso. We can see several ribs crossing the image, indicating the patient is supine with arms crossed. T12 is also visible, further confirming the lower abdominal location. Based on these cues, the closest landmarks are the right humeral head and T12.
    </visual_reasoning>
    <landmarks>[2,14]</landmarks>
</response>
```",17.72,8
/gpfs1/home/j/j/jjung2/scratch/vlm_finetuning/regenerated_new/9/H/case-107267_JAY_ANNOTATION.png,"```xml
<response>
    <visual_reasoning>
        The image is centered on the right upper arm and elbow region. The right humeral head is clearly visible, overlapping with the right scapular inferior angle. The patient is supine with arms crossed over the abdomen, and the right wrist is also present. Ribs are visible radiating from the thorax, and the distal portion of the right forearm is superimposed on the abdomen. Based on these cues, the closest landmarks are the right humeral head and the right scapular inferior angle.
    </visual_reasoning>
    <landmarks>[2,4]</landmarks>
</response>
```",17.35,9
/gpfs1/home/j/j/jjung2/scratch/vlm_finetuning/regenerated_new/6/H/case-107296_JAY_ANNOTATION.png,"```xml
<response>
    <visual_reasoning>
        The image is a partial view of the patient supine, with the right arm crossed over the abdomen. The humeral head is prominent and centrally located, with the distal portion of the right forearm also visible. Ribs are superimposed on the right side of the image, curving around the humeral head. The patient is lying on their back, and the field of view is limited to the right upper quadrant and part of the abdomen. Based on these visual cues, the closest landmarks are the right humeral head and the right wrist.
    </visual_reasoning>
    <landmarks>[2,8]</landmarks>
</response>
```",18.59,6
/gpfs1/home/j/j/jjung2/scratch/vlm_finetuning/regenerated_new/7/H/case-107296_JAY_ANNOTATION.png,"```xml
<response>
    <visual_reasoning>
        The image is a right lateral view, showing the patient supine with arms crossed. The central focus is on the right upper arm and torso. We can clearly see the right humeral head (2) and the right scapular inferior angle (4), which are prominent structures. Ribs are also visible, curving around the right side of the chest. The patient is positioned such that the field of view is limited to the right side of the body.
    </visual_reasoning>
    <landmarks>[2,4]</landmarks>
</response>
```",16.84,7
/gpfs1/home/j/j/jjung2/scratch/vlm_finetuning/regenerated_new/8/H/case-107296_JAY_ANNOTATION.png,"```xml
<response>
    <visual_reasoning>
        The image is centered on the lower chest and upper abdomen, with the patient supine and arms crossed. We can clearly see the ribs and multiple vertebral bodies, indicating the patient is positioned towards the lower half of the torso. The left scapular inferior angle (5) is prominent on the left side of the image, and the humeral head (3) is also visible. The patient's arms are crossed, obscuring some of the abdominal structures, but the rib cage is well-defined.
    </visual_reasoning>
    <landmarks>[5,3]</landmarks>
</response>
```",18.11,8
/gpfs1/home/j/j/jjung2/scratch/vlm_finetuning/regenerated_new/9/H/case-107296_JAY_ANNOTATION.png,"```xml
<response>
    <visual_reasoning>
        The image is centered on the right upper abdomen and thorax. We can clearly see the right hemidiaphragm dome and several ribs crossing the image. The right humeral head is partially visible on the left side of the image, and the T12 vertebral body is also present, indicating the lower thoracic region. The patient is supine with arms crossed, obscuring the abdominal wall. Based on these visual cues, the image center is best characterized by the right hemidiaphragm and the lower ribs.
    </visual_reasoning>
    <landmarks>[12,14]</landmarks>
</response>
```",18.74,9
/gpfs1/home/j/j/jjung2/scratch/vlm_finetuning/regenerated_new/12/H/case-107296_JAY_ANNOTATION.png,"```xml
<response>
    <visual_reasoning>
        The image is centered on the upper chest and right shoulder, with the right hemidiaphragm visible inferiorly. The right scapular inferior angle (4) is prominent on the left side of the image, overlapping the right lung field. The carina (11) is centrally located and clearly visible, dividing the right and left main bronchi. Ribs are also well-defined, extending inferiorly from the thoracic cage, indicating the patient is supine with arms crossed.
    </visual_reasoning>
    <landmarks>[4,11]</landmarks>
</response>
```",17.72,12
/gpfs1/home/j/j/jjung2/scratch/vlm_finetuning/regenerated_new/7/H/case-110146_JAY_ANNOTATION.png,"```xml
<response>
    <visual_reasoning>
        The image is a right lateral view, primarily showing the right lower arm and ribs. The patient is supine with arms crossed. We can clearly see the right humeral head (2) and the right scapular inferior angle (4) which are prominent. Ribs are visible extending from the vertebral column, and the distal portion of the right forearm is also present. The image center is closer to the right arm and scapula than the lower abdomen.
    </visual_reasoning>
    <landmarks>[2,4]</landmarks>
</response>
```",16.84,7
/gpfs1/home/j/j/jjung2/scratch/vlm_finetuning/regenerated_new/9/H/case-110146_JAY_ANNOTATION.png,"```xml
<response>
    <visual_reasoning>
        The image is centered on the thoracic and upper abdominal region, with the patient supine and arms crossed. We can clearly see the ribs and vertebral bodies, indicating the patient is likely in a standard supine position. The right hemidiaphragm is visible, curving upwards, and the T12 vertebral body is also prominent. The patient's arms are crossed over the abdomen, obscuring some of the lower chest and abdominal structures. Based on these visual cues, the closest landmarks are T12 and the right hemidiaphragm.
    </visual_reasoning>
    <landmarks>[14,12]</landmarks>
</response>
```",20.23,9
/gpfs1/home/j/j/jjung2/scratch/vlm_finetuning/regenerated_new/8/H/case-110184_JAY_ANNOTATION.png,"```xml
<response>
    <visual_reasoning>
        The image is centered on the right upper abdomen and thorax. We can clearly see the right humeral head and the right hemidiaphragm dome, with the right scapular inferior angle partially visible. Ribs are crossing the image, and the patient's arms are crossed over the abdomen. The T12 vertebral body is also visible inferiorly, indicating the lower thoracic region. Based on these cues, the closest landmarks are the humeral head and the hemidiaphragm.
    </visual_reasoning>
    <landmarks>[2,12]</landmarks>
</response>
```",17.82,8
/gpfs1/home/j/j/jjung2/scratch/vlm_finetuning/regenerated_new/9/H/case-110184_JAY_ANNOTATION.png,"```xml
<response>
    <visual_reasoning>
        The image is centered on the lower abdomen and right flank, with the patient supine and arms crossed. We can clearly see the right wrist (9) and the distal portion of the right forearm. The T12 vertebral body is also visible just above the right iliac crest, indicating the lower thoracic region. The patient's arms are crossed, obscuring some of the abdominal structures, but the right wrist and T12 are the most prominent landmarks.
    </visual_reasoning>
    <landmarks>[9,14]</landmarks>
</response>
```",17.32,9
/gpfs1/home/j/j/jjung2/scratch/vlm_finetuning/regenerated_new/4/H/case-110307_JAY_ANNOTATION.png,"```xml
<response>
    <visual_reasoning>
        The image is centered on the right upper chest and arm, with the humeral head and right scapular inferior angle prominently displayed. Ribs are visible crossing the image, and the right hemidiaphragm is partially seen inferiorly. The patient is supine with arms crossed, obscuring the abdominal region. Based on these features, the closest landmarks are the right humeral head and the right scapular inferior angle.
    </visual_reasoning>
    <landmarks>[2,4]</landmarks>
</response>
```",15.93,4
/gpfs1/home/j/j/jjung2/scratch/vlm_finetuning/regenerated_new/6/H/case-110307_JAY_ANNOTATION.png,"```xml
<response>
    <visual_reasoning>
        The image is centered on the right upper arm and shoulder. We can clearly see the rounded contour of the right humeral head (index 2) and the right scapular inferior angle (index 4) is partially visible on the left side of the image. The patient is supine with arms crossed over the abdomen, obscuring the lower abdominal region. Ribs are visible crossing the right upper arm, further confirming the location. Based on these visual cues, the image center is closest to the right humeral head and the right scapular inferior angle.
    </visual_reasoning>
    <landmarks>[2,4]</landmarks>
</response>
```",19.35,6
/gpfs1/home/j/j/jjung2/scratch/vlm_finetuning/regenerated_new/9/H/case-110307_JAY_ANNOTATION.png,"```xml
<response>
    <visual_reasoning>
        The image is centered on the upper chest and right shoulder region. We can clearly see the right humeral head (2) and the right scapular inferior angle (4) are prominent. The carina (11) is also visible, dividing the right and left lung fields. Ribs are overlapping the humeral head, further confirming its position. Based on these landmarks, the image center is best characterized by the right shoulder and upper chest.
    </visual_reasoning>
    <landmarks>[2,4]</landmarks>
</response>
```",16.45,9
/gpfs1/home/j/j/jjung2/scratch/vlm_finetuning/regenerated_new/4/H/case-110324_JAY_ANNOTATION.png,"```xml
<response>
    <visual_reasoning>
        The image is centered on the right upper abdomen and lower thorax, with the right arm crossing the body. We can clearly see the right humeral head and the right hemidiaphragm dome. Ribs are visible radiating from the vertebral bodies, and the patient is supine with arms crossed. The T12 vertebral body is also visible, indicating the lower thoracic region. Based on these cues, the closest landmarks are the humeral head and the hemidiaphragm.
    </visual_reasoning>
    <landmarks>[2,12]</landmarks>
</response>
```",17.59,4
/gpfs1/home/j/j/jjung2/scratch/vlm_finetuning/regenerated_new/9/H/case-110324_JAY_ANNOTATION.png,"```xml
<response>
    <visual_reasoning>
        The image is centered on the thoracic spine and lower ribs, with the carina visible in the upper portion. Ribs are clearly delineated crossing the vertebral column, indicating a central thoracic view. The patient's arms are crossed over the abdomen, obscuring the lower body. The lung fields are visible on either side of the spine, with increased opacity suggesting possible pathology. Based on these features, the closest landmarks are T12 and 11.
    </visual_reasoning>
    <landmarks>[11,14]</landmarks>
</response>
```",17.09,9
/gpfs1/home/j/j/jjung2/scratch/vlm_finetuning/regenerated_new/8/H/case-110378_JAY_ANNOTATION.png,"```xml
<response>
    <visual_reasoning>
        The image is centered on the lower abdomen and right flank, with the patient supine and arms crossed. We can clearly see the right wrist (9) and the distal portion of the right hemidiaphragm (12). The left hemidiaphragm (13) is also partially visible, along with the inferior tip of the left scapula (5). The patient's arms are crossed, obscuring the lower abdominal wall, making precise landmark identification challenging. Based on these visual cues, the closest landmarks are the right wrist and the left scapular inferior angle.
    </visual_reasoning>
    <landmarks>[9,5]</landmarks>
</response>
```",20.4,8
/gpfs1/home/j/j/jjung2/scratch/vlm_finetuning/regenerated_new/9/H/case-110378_JAY_ANNOTATION.png,"```xml
<response>
    <visual_reasoning>
        The image is centered on the lower abdomen and right leg, with the right hemidiaphragm and distal right arm visible. We can see the ribs curving around the right side of the image, and the vertebral bodies of the lumbar spine are clearly visible. The patient is supine with arms crossed, and the right wrist is partially visible at the image edge. Based on these cues, the closest landmarks are the right wrist and T12.
    </visual_reasoning>
    <landmarks>[8,14]</landmarks>
</response>
```",16.97,9
/gpfs1/home/j/j/jjung2/scratch/vlm_finetuning/regenerated_new/8/H/case-110382_JAY_ANNOTATION.png,"```xml
<response>
    <visual_reasoning>
        The image is centered on the lower thoracic region and upper abdomen, with ribs and vertebral bodies dominating the view. We can clearly see the intercostal spaces and the bony structures of the thoracic cage. The patient's arms are crossed over the abdomen, obscuring some of the underlying tissue. T12 is visible, along with the distal ends of the ribs. Based on these features, the closest landmarks are T12 and the right wrist.
    </visual_reasoning>
    <landmarks>[14,8]</landmarks>
</response>
```",17.09,8
/gpfs1/home/j/j/jjung2/scratch/vlm_finetuning/regenerated_new/9/H/case-110382_JAY_ANNOTATION.png,"```xml
<response>
    <visual_reasoning>
        The image is centered on the lower abdomen and pelvis, with T12 and the distal ends of the tibias visible. The patient is supine with arms crossed. We can see the bony structures of the feet and ankles clearly, along with the vertebral bodies of the lumbar spine. The image also includes portions of the right lower leg and foot, suggesting the patient is lying with their legs crossed. Based on these visual cues, the closest landmarks are T12 and the distal right foot.
    </visual_reasoning>
    <landmarks>[14,8]</landmarks>
</response>
```",18.1,9
/gpfs1/home/j/j/jjung2/scratch/vlm_finetuning/regenerated_new/6/H/case-110393_JAY_ANNOTATION.png,"```xml
<response>
    <visual_reasoning>
        The image is heavily cropped, showing primarily the right upper arm and shoulder. The right humeral head (2) is centrally located, with the right scapular inferior angle (4) partially visible in the lower right corner. The patient is supine with arms crossed, and the field of view is limited to the right side of the torso. No vertebral bodies or other distant landmarks are visible, making precise localization difficult. Therefore, the closest landmarks are the humeral head and the scapular tip.
    </visual_reasoning>
    <landmarks>[2,4]</landmarks>
</response>
```",17.84,6
/gpfs1/home/j/j/jjung2/scratch/vlm_finetuning/regenerated_new/9/H/case-110393_JAY_ANNOTATION.png,"```xml
<response>
    <visual_reasoning>
        The image is centered on the lower abdomen and pelvis, with the lumbar spine prominently displayed. T12 is clearly visible, and the distal portion of the right arm is also present, crossing the abdomen. Ribs are superimposed on the lumbar region, making it difficult to distinguish individual vertebral bodies. The patient is supine, and the arms are crossed over the abdomen, as is typical in this view. Based on these cues, the closest landmarks are T12 and the distal right forearm.
    </visual_reasoning>
    <landmarks>[14,8]</landmarks>
</response>
```",18.08,9
/gpfs1/home/j/j/jjung2/scratch/vlm_finetuning/regenerated_new/13/H/case-110393_JAY_ANNOTATION.png,"```xml
<response>
    <visual_reasoning>
        The image is centered on the right upper arm and chest wall. We can clearly see the right humeral head and the ribs overlying the right lung field. The patient's arms are crossed, with the right wrist and hand visible. T10 and T11 vertebral bodies are also visible inferiorly, indicating the lower thoracic region. Based on these cues, the closest landmarks are the right humeral head and T11.
    </visual_reasoning>
    <landmarks>[2,11]</landmarks>
</response>
```",16.33,13
/gpfs1/home/j/j/jjung2/scratch/vlm_finetuning/regenerated_new/6/H/case-110447_JAY_ANNOTATION.png,"```xml
<response>
    <visual_reasoning>
        The image is a right lateral view, with the patient supine and arms crossed. The right humeral head (2) is prominently visible, curving along the right upper chest wall. The T12 vertebral body (14) is also clearly seen, positioned inferiorly. Ribs are visible radiating from the vertebral body, contributing to the bony density in the lower portion of the image. Due to the lateral view, the central area is dominated by the right side of the patient's torso.
    </visual_reasoning>
    <landmarks>[2,14]</landmarks>
</response>
```",18.23,6
/gpfs1/home/j/j/jjung2/scratch/vlm_finetuning/regenerated_new/8/H/case-110447_JAY_ANNOTATION.png,"```xml
<response>
    <visual_reasoning>
        The image is centered on the left arm and chest wall, with the left wrist and forearm prominently displayed. Ribs are clearly visible crossing the image, and the left scapular inferior angle is also present. The patient is supine with arms crossed, and the field of view includes the lower chest and upper abdomen. The left hemidiaphragm is partially visible inferiorly. Based on these cues, the closest landmarks are the left wrist and the left scapular inferior angle.
    </visual_reasoning>
    <landmarks>[9,5]</landmarks>
</response>
```",17.6,8
/gpfs1/home/j/j/jjung2/scratch/vlm_finetuning/regenerated_new/9/H/case-110447_JAY_ANNOTATION.png,"```xml
<response>
    <visual_reasoning>
        The image is centered on the upper abdomen and thoracic region, with significant overlap from the ribs and lung fields. We can clearly see multiple rib pairs crossing the image, and the carina is visible centrally. The right hemidiaphragm is partially obscured by the ribs, but its dome is identifiable. The patient is supine with arms crossed, and the humeral head is partially visible on the left.
    </visual_reasoning>
    <landmarks>[11,12]</landmarks>
</response>
```",15.83,9
/gpfs1/home/j/j/jjung2/scratch/vlm_finetuning/regenerated_new/7/H/case-110519_JAY_ANNOTATION.png,"```xml
<response>
    <visual_reasoning>
        The image is a right lateral view, primarily showing the right arm and upper chest. The right scapular inferior angle (4) is prominent and extends towards the image edge. The humeral head (2) is also visible, partially obscured by the scapula. Ribs are visible crossing the image, and the patient is supine with arms crossed. Based on these cues, the image center is closest to the right scapula and upper arm.
    </visual_reasoning>
    <landmarks>[2,4]</landmarks>
</response>
```",16.71,7
/gpfs1/home/j/j/jjung2/scratch/vlm_finetuning/regenerated_new/9/H/case-110519_JAY_ANNOTATION.png,"```xml
<response>
    <visual_reasoning>
        The image is centered on the upper chest and arms, with the carina and ribs prominently displayed. The right hemidiaphragm is partially visible inferiorly, curving upwards towards the ribs. The patient's arms are crossed over the abdomen, obscuring the lower abdominal region. We can see the bony structures of the wrist and hand, along with the central portion of the ribs. Based on these features, the closest landmarks are the right wrist and the carina.
    </visual_reasoning>
    <landmarks>[8,11]</landmarks>
</response>
```",17.33,9
/gpfs1/home/j/j/jjung2/scratch/vlm_finetuning/regenerated_new/7/H/case-110588_JAY_ANNOTATION.png,"```xml
<response>
    <visual_reasoning>
        The image is a distal view of the patient, with the arms crossed over the abdomen. The lower ribs are clearly visible, curving along the patient's side. The right knee is centrally located, with the distal femur and tibia visible. The patient is supine, and the field of view is limited to the lower torso and legs. Based on these cues, the closest landmarks are the right knee and the lower ribs.
    </visual_reasoning>
    <landmarks>[7,13]</landmarks>
</response>
```",16.33,7
/gpfs1/home/j/j/jjung2/scratch/vlm_finetuning/regenerated_new/8/H/case-110588_JAY_ANNOTATION.png,"```xml
<response>
    <visual_reasoning>
        The image is centered on the left upper arm and chest wall. We can clearly see the left scapular inferior angle (5) and the left wrist (9) are prominent. Ribs are visible crossing the image, and the left hemidiaphragm is partially seen inferiorly. The humeral head is also visible, but less centrally than the other two landmarks. Therefore, the image is best characterized by the left scapular tip and wrist.
    </visual_reasoning>
    <landmarks>[5,9]</landmarks>
</response>
```",16.83,8
/gpfs1/home/j/j/jjung2/scratch/vlm_finetuning/regenerated_new/9/H/case-110588_JAY_ANNOTATION.png,"```xml
<response>
    <visual_reasoning>
        The image is centered on the lower chest and upper abdomen, with the patient supine and arms crossed. We can clearly see the ribs and intercostal spaces, indicating the thoracic region. The T12 vertebral body is visible, and the right hemidiaphragm is partially obscured by the crossed arms. The patient's arms are folded across the abdomen, making it difficult to precisely identify the hemidiaphragms. Based on these cues, the closest landmarks are T12 and 9.
    </visual_reasoning>
    <landmarks>[12,14]</landmarks>
</response>
```",18.85,9
/gpfs1/home/j/j/jjung2/scratch/vlm_finetuning/regenerated_new/6/H/case-110636_JAY_ANNOTATION.png,"```xml
<response>
    <visual_reasoning>
        The image is heavily cropped, showing the right arm and upper abdomen. The right humeral head (2) is clearly visible, overlapping the right hemidiaphragm (12). Ribs are also visible, curving around the right side of the torso. The patient is supine with arms crossed, and the field of view is limited to the right side of the body. Based on these cues, the closest landmarks are the humeral head and the hemidiaphragm.
    </visual_reasoning>
    <landmarks>[2,12]</landmarks>
</response>
```",17.71,6
/gpfs1/home/j/j/jjung2/scratch/vlm_finetuning/regenerated_new/8/H/case-110636_JAY_ANNOTATION.png,"```xml
<response>
    <visual_reasoning>
        The image is centered on the left upper arm and chest wall. We can clearly see the left scapular inferior angle and the left humeral head, with the rib cage extending across the view. The patient's arms are crossed, obscuring the abdominal region. The left wrist is also visible distally, and the lung fields are partially visible on the left side of the image. Based on these cues, the image center is best characterized by the left scapula and humeral head.
    </visual_reasoning>
    <landmarks>[5,2]</landmarks>
</response>
```",17.58,8
/gpfs1/home/j/j/jjung2/scratch/vlm_finetuning/regenerated_new/9/H/case-110636_JAY_ANNOTATION.png,"```xml
<response>
    <visual_reasoning>
        The image is centered on the lower chest and upper abdomen, with the patient supine and arms crossed. We can clearly see the ribs and intercostal spaces, as well as the left hemidiaphragm dome. The left scapular inferior angle is prominent on the right side of the image, and the vertebral bodies of the thoracic spine are visible in the lower portion. The patient's arms are crossed, obscuring the abdominal region. Based on these visual cues, the closest landmarks are the left scapular inferior angle and T12.
    </visual_reasoning>
    <landmarks>[5,14]</landmarks>
</response>
```",19.63,9
/gpfs1/home/j/j/jjung2/scratch/vlm_finetuning/regenerated_new/8/H/case-110640_JAY_ANNOTATION.png,"```xml
<response>
    <visual_reasoning>
        The image is centered on the lower chest and upper abdomen, showing multiple ribs and the distal portion of the left arm. The left scapular inferior angle (5) is prominent, with its curved inferior border clearly visible. Ribs are crossing the image, and the left wrist (9) is also present. The patient is supine with arms crossed, and the field of view includes the lateral chest wall. Based on these cues, the closest landmarks are the left scapular inferior angle and the left wrist.
    </visual_reasoning>
    <landmarks>[5,9]</landmarks>
</response>
```",18.35,8
/gpfs1/home/j/j/jjung2/scratch/vlm_finetuning/regenerated_new/9/H/case-110640_JAY_ANNOTATION.png,"```xml
<response>
    <visual_reasoning>
        The image is centered on the lower thoracic and upper abdominal region. T12 is clearly visible, with the adjacent ribs extending laterally. The patient's arms are crossed over the abdomen, with the right forearm prominently displayed. The hemidiaphragms are flattened, making it difficult to distinguish their domes. Based on these features, the closest landmarks are T12 and the right wrist.
    </visual_reasoning>
    <landmarks>[14,8]</landmarks>
</response>
```",15.69,9
/gpfs1/home/j/j/jjung2/scratch/vlm_finetuning/regenerated_new/8/H/case-110649_JAY_ANNOTATION.png,"```xml
<response>
    <visual_reasoning>
        The image is centered on the thoracic and abdominal regions, with the patient supine and arms crossed. We can clearly see the T12 vertebral body and the ribs surrounding it, indicating a lower thoracic and upper abdominal view. The carina is also visible, running vertically through the chest. The patient's arms are crossed over the abdomen, obscuring some of the lower abdominal structures. Based on these cues, the closest landmarks are T12 and the humeral heads.
    </visual_reasoning>
    <landmarks>[12,14]</landmarks>
</response>
```",17.58,8
/gpfs1/home/j/j/jjung2/scratch/vlm_finetuning/regenerated_new/9/H/case-110649_JAY_ANNOTATION.png,"```xml
<response>
    <visual_reasoning>
        The image is centered on the right upper abdomen and thorax. We can clearly see the right hemidiaphragm dome and the overlapping right scapular inferior angle. Ribs are visible crossing the image, indicating the patient is supine with arms crossed. The humeral head is partially visible, further confirming the central location. Based on these cues, the closest landmarks are the right hemidiaphragm and the right scapular inferior angle.
    </visual_reasoning>
    <landmarks>[12,4]</landmarks>
</response>
```",16.7,9
/gpfs1/home/j/j/jjung2/scratch/vlm_finetuning/regenerated_new/6/H/case-110664_JAY_ANNOTATION.png,"```xml
<response>
    <visual_reasoning>
        The image is a right lateral view, primarily showing the right upper arm and chest wall. The humeral head is prominent and rounded, overlapping the right scapular inferior angle. Ribs are visible crossing the image, indicating the thoracic region. The patient is supine with arms crossed, and the field of view is limited to the upper torso and right arm. Based on these cues, the closest landmarks are the right humeral head and the right scapular inferior angle.
    </visual_reasoning>
    <landmarks>[2,4]</landmarks>
</response>
```",17.09,6
/gpfs1/home/j/j/jjung2/scratch/vlm_finetuning/regenerated_new/7/H/case-110664_JAY_ANNOTATION.png,"```xml
<response>
    <visual_reasoning>
        The image is centered on the left elbow and lower chest wall. The left elbow joint is clearly visible, with the humeral head and forearm bones overlapping. Ribs are also prominent, curving around the left side of the torso. The patient is supine with arms crossed, and the field of view includes the distal portion of the left arm and scapula. Based on these cues, the closest landmarks are the left elbow and the left scapular inferior angle.
    </visual_reasoning>
    <landmarks>[7,5]</landmarks>
</response>
```",16.97,7
/gpfs1/home/j/j/jjung2/scratch/vlm_finetuning/regenerated_new/9/H/case-110664_JAY_ANNOTATION.png,"```xml
<response>
    <visual_reasoning>
        The image is centered on the upper chest and right arm, with significant overlap of multiple structures. We can clearly see the right humeral head (2) and the right scapular inferior angle (4) are prominent. The carina (11) is also visible, dividing the right and left lung fields. Ribs are crossing the image, making precise landmark identification challenging, but the T1 vertebral body (10) is just below the carina.
    </visual_reasoning>
    <landmarks>[2,10]</landmarks>
</response>
```",17.43,9
/gpfs1/home/j/j/jjung2/scratch/vlm_finetuning/regenerated_new/9/H/case-110831_JAY_ANNOTATION.png,"```xml
<response>
    <visual_reasoning>
        The image is heavily cropped, showing primarily the lower limbs and distal right arm. The T12 vertebral body is clearly visible, with the adjacent ribs articulating distally. The right forearm is crossed over the abdomen, with the wrist visible. The pelvic bones are also well-defined, indicating the lower portion of the torso. Based on these cues, the image center is towards the lower abdomen and right leg.
    </visual_reasoning>
    <landmarks>[8,14]</landmarks>
</response>
```",15.91,9
/gpfs1/home/j/j/jjung2/scratch/vlm_finetuning/regenerated_new/9/H/case-110870_JAY_ANNOTATION.png,"```xml
<response>
    <visual_reasoning>
        The image is centered on the patient's chest, with the carina and right wrist prominently displayed. Ribs are clearly visible crossing the image, and the right hemidiaphragm is partially seen inferiorly. The patient's arms are crossed over the chest, obscuring some of the underlying structures. Based on these features, the image center is best characterized by the carina and the right wrist.
    </visual_reasoning>
    <landmarks>[8,11]</landmarks>
</response>
```",15.79,9
/gpfs1/home/j/j/jjung2/scratch/vlm_finetuning/regenerated_new/8/H/case-111040_JAY_ANNOTATION.png,"```xml
<response>
    <visual_reasoning>
        The image is centered on the mid-thoracic region, with the left arm crossed over the abdomen. We can clearly see the left wrist (9) and the left scapular inferior angle (5), which are prominent. Ribs are visible throughout the image, and the lung fields are partially obscured by the crossed arms. The patient is supine, and the field of view includes the lower half of the torso. Based on these visual cues, the closest landmarks are the left wrist and the left scapular inferior angle.
    </visual_reasoning>
    <landmarks>[5,9]</landmarks>
</response>
```",18.71,8
/gpfs1/home/j/j/jjung2/scratch/vlm_finetuning/regenerated_new/9/H/case-111040_JAY_ANNOTATION.png,"```xml
<response>
    <visual_reasoning>
        The image is centered on the lower thoracic and lumbar spine, with the T12 vertebral body clearly visible. The right humeral head is also present, partially obscured by the ribs. Ribs are crossing the image, making it difficult to precisely identify structures. The patient is supine with arms crossed, and the field of view includes the lower abdomen and pelvis. Based on these cues, the closest landmarks are T12 and the right humeral head.
    </visual_reasoning>
    <landmarks>[14,2]</landmarks>
</response>
```",16.95,9
/gpfs1/home/j/j/jjung2/scratch/vlm_finetuning/regenerated_new/7/H/case-111057_JAY_ANNOTATION.png,"```xml
<response>
    <visual_reasoning>
        The image is heavily weighted towards the right side of the patient, with the left side mostly obscured by the crossed arms. The right elbow (6) is centrally located, with the humeral head (2) visible proximally. Ribs are also visible crossing the abdomen, suggesting the patient is supine. The inferior angle of the right scapula (4) is partially visible in the upper left corner. Based on these cues, the right elbow and humeral head are the closest landmarks to the image center.
    </visual_reasoning>
    <landmarks>[2,6]</landmarks>
</response>
```",18.23,7
/gpfs1/home/j/j/jjung2/scratch/vlm_finetuning/regenerated_new/9/H/case-111057_JAY_ANNOTATION.png,"```xml
<response>
    <visual_reasoning>
        The image is a close-up of the lower abdomen and legs, with the patient supine and arms crossed. We can clearly see the T12 vertebral body and the distal portion of the right leg. The patient's arms are folded across the abdomen, obscuring some of the underlying structures. The image center is primarily focused on the lower abdomen and right thigh. Based on these visual cues, the closest landmarks are T12 and the right knee joint.
    </visual_reasoning>
    <landmarks>[14,12]</landmarks>
</response>
```",17.59,9
/gpfs1/home/j/j/jjung2/scratch/vlm_finetuning/regenerated_new/6/H/case-111159_JAY_ANNOTATION.png,"```xml
<response>
    <visual_reasoning>
        The image is centered on the distal right arm and elbow, with the right forearm and wrist prominently displayed. The humeral head is also visible, partially obscured by the right scapula. Ribs are clearly seen crossing the image, indicating proximity to the thoracic cage. The patient is supine with arms crossed, and the field of view is limited to the lower body and arms. Based on these cues, the closest landmarks are the right elbow and the right humeral head.
    </visual_reasoning>
    <landmarks>[2,7]</landmarks>
</response>
```",17.2,6
/gpfs1/home/j/j/jjung2/scratch/vlm_finetuning/regenerated_new/9/H/case-111159_JAY_ANNOTATION.png,"```xml
<response>
    <visual_reasoning>
        The image is centered on the right elbow joint and distal humerus. The right humeral head is clearly visible, overlapping with the distal end of the right forearm. The skull is also present in the upper right corner, but is partially obscured. Ribs are visible distally, indicating the patient is supine with arms crossed. Based on these visual cues, the closest landmarks are the right elbow and the skull.
    </visual_reasoning>
    <landmarks>[7,1]</landmarks>
</response>
```",15.81,9
/gpfs1/home/j/j/jjung2/scratch/vlm_finetuning/regenerated_new/7/H/case-111162_JAY_ANNOTATION.png,"```xml
<response>
    <visual_reasoning>
        The image is a right lateral view, with the patient supine and arms crossed. The distal portion of the right arm and forearm are centrally located, with the wrist and elbow clearly visible. Ribs are overlapping the right side of the abdomen, and the iliac crest is also visible. T12 is partially seen inferiorly, and the humeral head is also present distally. Based on these cues, the closest landmarks are the right wrist and the right elbow.
    </visual_reasoning>
    <landmarks>[8,7]</landmarks>
</response>
```",17.34,7
/gpfs1/home/j/j/jjung2/scratch/vlm_finetuning/regenerated_new/8/H/case-111162_JAY_ANNOTATION.png,"```xml
<response>
    <visual_reasoning>
        The image is centered on the lower thoracic and lumbar spine, with the right hemidiaphragm visible inferiorly. T12 is clearly identifiable due to its vertebral body shape and position. The right scapular inferior angle is also prominent, overlapping the lower ribs. The patient is supine with arms crossed, obscuring the abdominal region; the right wrist is also visible.
    </visual_reasoning>
    <landmarks>[14,5]</landmarks>
</response>
```",15.17,8
/gpfs1/home/j/j/jjung2/scratch/vlm_finetuning/regenerated_new/9/H/case-111162_JAY_ANNOTATION.png,"```xml
<response>
    <visual_reasoning>
        The image is centered on the lower thoracic and upper abdominal region, with the patient supine and arms crossed. T12 is clearly visible, and the right hemidiaphragm dome is also prominent. Ribs are overlapping the vertebral bodies, making precise vertebral level identification difficult, but T12 appears to be the closest. The right wrist (8) is also very close to the image center, along with the inferior tip of the right scapula (4).
    </visual_reasoning>
    <landmarks>[4,14]</landmarks>
</response>
```",17.59,9
/gpfs1/home/j/j/jjung2/scratch/vlm_finetuning/regenerated_new/9/H/case-111165_JAY_ANNOTATION.png,"```xml
<response>
    <visual_reasoning>
        The image is centered on the thoracic spine with portions of the ribs and lung fields visible. T12 is clearly identifiable due to its vertebral body shape and position relative to the ribs. The left lung field is darker, suggesting increased opacity or fluid. The patient is supine with arms crossed over the abdomen, obscuring the lower abdominal region. Based on these cues, the closest landmarks are T12 and the right hemidiaphragm.
    </visual_reasoning>
    <landmarks>[14,11]</landmarks>
</response>
```",17.07,9
/gpfs1/home/j/j/jjung2/scratch/vlm_finetuning/regenerated_new/9/H/case-111178_JAY_ANNOTATION.png,"```xml
<response>
    <visual_reasoning>
        The image is centered on the right upper abdomen and thorax. We can clearly see the right humeral head and the right scapular inferior angle, with the right wrist also visible. Ribs are prominent, crossing the image, and the hemidiaphragm is partially visible inferiorly. The patient is supine with arms crossed, and the field of view includes the distal portion of the right arm and chest wall. Based on these cues, the closest landmarks are the right humeral head and the right wrist.
    </visual_reasoning>
    <landmarks>[2,9]</landmarks>
</response>
```",18.21,9
/gpfs1/home/j/j/jjung2/scratch/vlm_finetuning/regenerated_new/7/H/case-111246_JAY_ANNOTATION.png,"```xml
<response>
    <visual_reasoning>
        The image is heavily weighted towards the right side of the patient, with the left side mostly obscured. The right humeral head (2) is centrally located, with the right scapular inferior angle (4) visible distally. Ribs are also clearly visible crossing the image, indicating the patient is supine with arms crossed. The field of view is limited, but the overall impression is of the right upper arm and shoulder region.
    </visual_reasoning>
    <landmarks>[2,4]</landmarks>
</response>
```",16.32,7
/gpfs1/home/j/j/jjung2/scratch/vlm_finetuning/regenerated_new/9/H/case-111246_JAY_ANNOTATION.png,"```xml
<response>
    <visual_reasoning>
        The image is centered on the right upper abdomen and thorax. We can clearly see the right hemidiaphragm dome and several ribs, indicating the lower chest region. The right scapular inferior angle is also prominent, overlapping with the hemidiaphragm. The patient's arms are crossed, with the right wrist and forearm visible. Based on these cues, the image center is best characterized by the right hemidiaphragm and the right scapular inferior angle.
    </visual_reasoning>
    <landmarks>[12,4]</landmarks>
</response>
```",17.73,9
/gpfs1/home/j/j/jjung2/scratch/vlm_finetuning/regenerated_new/7/H/case-111273_JAY_ANNOTATION.png,"```xml
<response>
    <visual_reasoning>
        The image is a lateral view of the patient's lower torso and right arm, with the field of view primarily focused on the right side of the body. We can clearly see the right hemidiaphragm dome and the right scapular inferior angle, indicating the patient is supine with arms crossed. The right elbow is also prominently displayed, overlapping with the lower ribs. Ribs are visible extending from the vertebral column, and the distal portion of the right forearm is also present. Based on these cues, the image center is closest to the right elbow and the lower ribs.
    </visual_reasoning>
    <landmarks>[6,13]</landmarks>
</response>
```",20.37,7
/gpfs1/home/j/j/jjung2/scratch/vlm_finetuning/regenerated_new/9/H/case-111273_JAY_ANNOTATION.png,"```xml
<response>
    <visual_reasoning>
        The image is centered on the lower abdomen and pelvis, with the right hemidiaphragm and ribs prominently displayed. We can see multiple vertebral bodies, suggesting the patient is supine. The right wrist (8) is close to the image center, along with the T12 vertebral body (14). The arms are crossed over the abdomen, obscuring some of the underlying structures.
    </visual_reasoning>
    <landmarks>[8,14]</landmarks>
</response>
```",15.57,9
/gpfs1/home/j/j/jjung2/scratch/vlm_finetuning/regenerated_new/12/H/case-111273_JAY_ANNOTATION.png,"```xml
<response>
    <visual_reasoning>
        The image is centered on the lower ribs and wrists, with the distal portion of the right arm crossing the abdomen. We can clearly see the bony structures of the right wrist and hand, as well as multiple ribs. The T12 vertebral body is also visible, lying just below the lower ribs. The patient is supine with arms crossed, and the field of view includes the distal right arm and lower torso. Based on these visual cues, the closest landmarks are the right wrist and T12.
    </visual_reasoning>
    <landmarks>[8,14]</landmarks>
</response>
```",18.35,12
/gpfs1/home/j/j/jjung2/scratch/vlm_finetuning/regenerated_new/6/H/case-111359_JAY_ANNOTATION.png,"```xml
<response>
    <visual_reasoning>
        The image is centered on the right knee and lower thigh, with the right humeral head partially visible in the left. The right knee joint is well-defined, showing the femoral condyles and tibial plateau. The T12 vertebral body is also visible inferiorly, indicating the lower thoracic region. The patient is supine with arms crossed, obscuring the abdominal region. Based on these cues, the closest landmarks are the right knee (6) and the T12 vertebral body (14).
    </visual_reasoning>
    <landmarks>[6,14]</landmarks>
</response>
```",18.22,6
/gpfs1/home/j/j/jjung2/scratch/vlm_finetuning/regenerated_new/8/H/case-111359_JAY_ANNOTATION.png,"```xml
<response>
    <visual_reasoning>
        The image is centered on the right lower chest and upper abdomen, showing the right hemidiaphragm and ribs. The right scapular inferior angle is prominent, overlapping the hemidiaphragm. We can also see the humeral head and right elbow joint. The patient is supine with arms crossed, and the field of view includes the lower ribs and part of the right arm. Based on these cues, the closest landmarks are the right scapular inferior angle and the right elbow.
    </visual_reasoning>
    <landmarks>[4,7]</landmarks>
</response>
```",17.83,8
/gpfs1/home/j/j/jjung2/scratch/vlm_finetuning/regenerated_new/9/H/case-111359_JAY_ANNOTATION.png,"```xml
<response>
    <visual_reasoning>
        The image is centered on the lower abdomen and pelvis. We can clearly see the pelvic bones and the sacrum, with the T12 vertebral body just above. The patient's arms are crossed, with the right wrist and forearm visible in the lower left quadrant. The T12 vertebral body is a key landmark, and the sacrum is directly inferior, indicating the image is focused on the lower torso.
    </visual_reasoning>
    <landmarks>[14,8]</landmarks>
</response>
```",16.08,9
/gpfs1/home/j/j/jjung2/scratch/vlm_finetuning/regenerated_new/9/H/case-111405_JAY_ANNOTATION.png,"```xml
<response>
    <visual_reasoning>
        The image is centered on the lower thoracic and upper abdominal region. T12 is clearly visible, with the vertebral bodies stacked centrally. The left hemidiaphragm dome is also prominent, curving upwards and outwards. The patient's arms are crossed over the abdomen, obscuring the lower limbs. Based on these cues, the closest landmarks are T12 and the left wrist (9).
    </visual_reasoning>
    <landmarks>[14,9]</landmarks>
</response>
```",15.69,9
/gpfs1/home/j/j/jjung2/scratch/vlm_finetuning/regenerated_new/8/H/case-111446_JAY_ANNOTATION.png,"```xml
<response>
    <visual_reasoning>
        The image is centered on the thoracic spine and right arm, with vertebral bodies clearly visible. T10 and T11 are prominent, and the right humeral head is partially superimposed. The patient's arms are crossed, obscuring the lower abdominal region. Ribs are also visible, radiating from the thoracic spine, further confirming the central location of the upper torso. Based on these cues, the closest landmarks are T11 and the right humeral head.
    </visual_reasoning>
    <landmarks>[11,2]</landmarks>
</response>
```",17.21,8
/gpfs1/home/j/j/jjung2/scratch/vlm_finetuning/regenerated_new/9/H/case-111446_JAY_ANNOTATION.png,"```xml
<response>
    <visual_reasoning>
        The image is centered on the lower abdomen and pelvis, with the right hemidiaphragm dome visible inferiorly. The patient's arms are crossed over the abdomen, obscuring some of the underlying structures. We can see the right humeral head and right wrist, indicating the arms are folded across the body. Ribs are also visible, radiating from the thoracic cage, and the T12 vertebral body is present at the lower edge of the image. Based on these cues, the image center is primarily within the lower abdominal region.
    </visual_reasoning>
    <landmarks>[2,14]</landmarks>
</response>
```",19.25,9
/gpfs1/home/j/j/jjung2/scratch/vlm_finetuning/regenerated_new/14/H/case-111446_JAY_ANNOTATION.png,"```xml
<response>
    <visual_reasoning>
        The image is centered on the thoracic spine and lower ribs, with arms crossed over the abdomen. We can clearly see the vertebral bodies of T10, T11, and T12, along with the intercostal spaces. The humeral heads are also visible, overlapping the thoracic cage. The patient is supine, and the arms are folded across the chest, obscuring some of the underlying structures. Based on these visual cues, the closest landmarks are T12 and the right humeral head.
    </visual_reasoning>
    <landmarks>[14,2]</landmarks>
</response>
```",18.49,14
/gpfs1/home/j/j/jjung2/scratch/vlm_finetuning/regenerated_new/7/H/case-111546_JAY_ANNOTATION.png,"```xml
<response>
    <visual_reasoning>
        The image is heavily weighted towards the right side of the patient, with the left side mostly obscured by the folded arms. We can clearly see the right scapular inferior angle and the humeral head, indicating the patient is supine with arms crossed. Ribs are visible crossing the image, and the right hemidiaphragm is partially seen inferiorly. The patient is positioned such that the field of view is primarily the right upper abdomen and thorax. Based on these cues, the closest landmarks are the right scapular inferior angle and the right humeral head.
    </visual_reasoning>
    <landmarks>[4,2]</landmarks>
</response>
```",19.51,7
/gpfs1/home/j/j/jjung2/scratch/vlm_finetuning/regenerated_new/9/H/case-111546_JAY_ANNOTATION.png,"```xml
<response>
    <visual_reasoning>
        The image is centered on the patient's abdomen with the right arm crossed over. We can clearly see the right humeral head and the right wrist, indicating the arm is folded across the torso. The ribs are visible, overlapping the hemidiaphragm, and the T12 vertebral body is also present. The patient is supine, and the field of view includes the lower chest and upper abdomen. Therefore, the closest landmarks are the right humeral head and T12.
    </visual_reasoning>
    <landmarks>[2,14]</landmarks>
</response>
```",17.86,9
/gpfs1/home/j/j/jjung2/scratch/vlm_finetuning/regenerated_new/9/H/case-111573_JAY_ANNOTATION.png,"```xml
<response>
    <visual_reasoning>
        The image is centered on the right upper chest and abdomen, with the right arm crossed over the torso. We can clearly see the right humeral head and the right scapular inferior angle, which are prominent structures. Ribs are visible extending inferiorly from the right scapula, indicating the patient is supine. The patient's right wrist is also partially visible in the lower left corner of the image. Based on these visual cues, the image center is best defined by the right humeral head and the right scapular inferior angle.
    </visual_reasoning>
    <landmarks>[2,4]</landmarks>
</response>
```",18.87,9
/gpfs1/home/j/j/jjung2/scratch/vlm_finetuning/regenerated_new/9/H/case-111685_JAY_ANNOTATION.png,"```xml
<response>
    <visual_reasoning>
        The image is centered on the right upper abdomen and lower thorax. We can clearly see the right hemidiaphragm dome and several ribs crossing the image. The right humeral head is partially visible in the left upper corner, and T12 is also present. The patient is supine with arms crossed, obscuring the abdominal wall. Based on these visual cues, the closest landmarks are the right hemidiaphragm and T12.
    </visual_reasoning>
    <landmarks>[12,14]</landmarks>
</response>
```",17.09,9
/gpfs1/home/j/j/jjung2/scratch/vlm_finetuning/regenerated_new/9/H/case-111755_JAY_ANNOTATION.png,"```xml
<response>
    <visual_reasoning>
        The image is centered on the lower abdomen and pelvis, with significant portions of the ribs and vertebral bodies visible. The patient's arms are crossed, obscuring the lower chest and abdomen. We can see the T12 vertebral body clearly, and the right wrist is also prominent. The hemidiaphragms are difficult to assess due to the overlying tissue and crossed arms, but the lower ribs are well-defined.
    </visual_reasoning>
    <landmarks>[8,14]</landmarks>
</response>
```",16.45,9
/gpfs1/home/j/j/jjung2/scratch/vlm_finetuning/regenerated_new/7/H/case-111791_JAY_ANNOTATION.png,"```xml
<response>
    <visual_reasoning>
        The image is heavily weighted towards the right side of the patient, with the left side mostly obscured by the folded arms. We can clearly see the right scapular inferior angle and the humeral head, indicating the patient is supine with arms crossed. Ribs are visible crossing the abdomen, and the distal portion of the left arm is also present. The patient is lying on their back, and the field of view is limited to the right side of the torso and abdomen. Based on these cues, the closest landmarks are the right scapular inferior angle and the right humeral head.
    </visual_reasoning>
    <landmarks>[4,2]</landmarks>
</response>
```",20.48,7
/gpfs1/home/j/j/jjung2/scratch/vlm_finetuning/regenerated_new/8/H/case-111791_JAY_ANNOTATION.png,"```xml
<response>
    <visual_reasoning>
        The image is centered on the lower abdomen and lateral chest wall. We can clearly see the left wrist (9) and the left hemidiaphragm dome (13) are prominent. Ribs are visible crossing the image, and the left scapular inferior angle (5) is also present. The patient is supine with arms crossed, and the field of view includes the lower torso and part of the left arm. Therefore, the closest landmarks are the left wrist and the left hemidiaphragm.
    </visual_reasoning>
    <landmarks>[9,13]</landmarks>
</response>
```",18.7,8
/gpfs1/home/j/j/jjung2/scratch/vlm_finetuning/regenerated_new/9/H/case-111791_JAY_ANNOTATION.png,"```xml
<response>
    <visual_reasoning>
        The image is centered on the right upper abdomen and thorax. We can clearly see the right hemidiaphragm dome and ribs, with the right scapular inferior angle partially visible in the upper left. The patient's right arm is crossed over the abdomen, obscuring some of the underlying structures. The humeral head is also visible, contributing to the image's complexity. Based on these cues, the closest landmarks are the right hemidiaphragm and the right humeral head.
    </visual_reasoning>
    <landmarks>[12,2]</landmarks>
</response>
```",17.95,9
/gpfs1/home/j/j/jjung2/scratch/vlm_finetuning/regenerated_new/6/H/case-111819_JAY_ANNOTATION.png,"```xml
<response>
    <visual_reasoning>
        The image is a right lateral view, with the right forearm and elbow prominently displayed. The humeral head is also visible, curving towards the right of the frame. No vertebral bodies or lung fields are clearly visible, indicating a peripheral view. The patient is supine with arms crossed, but the torso is mostly out of view. Based on these cues, the closest landmarks are the right humeral head and right elbow.
    </visual_reasoning>
    <landmarks>[2,7]</landmarks>
</response>
```",15.81,6
/gpfs1/home/j/j/jjung2/scratch/vlm_finetuning/regenerated_new/8/H/case-111819_JAY_ANNOTATION.png,"```xml
<response>
    <visual_reasoning>
        The image is centered on the right upper arm and chest wall. We can clearly see the right scapular inferior angle and the humeral head, with the ribs overlaying the scapula. The patient's arms are crossed over the abdomen, obscuring the lower abdominal region. The right hemidiaphragm is partially visible inferiorly, curving upwards towards the ribs. Based on these visual cues, the image is best centered on the right scapula and humeral head.
    </visual_reasoning>
    <landmarks>[4,2]</landmarks>
</response>
```",17.33,8
/gpfs1/home/j/j/jjung2/scratch/vlm_finetuning/regenerated_new/9/H/case-111819_JAY_ANNOTATION.png,"```xml
<response>
    <visual_reasoning>
        The image is centered on the thoracic region, with the wrists and lower ribs prominently displayed. We can see the overlapping arms and hands in the center, with the T12 vertebral body directly below. The carina is visible running vertically through the chest, and the rib cage is largely symmetrical. The patient is supine with arms crossed, obscuring the lower abdominal region. Based on these features, the closest landmarks are the wrists and T12.
    </visual_reasoning>
    <landmarks>[8,14]</landmarks>
</response>
```",16.95,9
/gpfs1/home/j/j/jjung2/scratch/vlm_finetuning/regenerated_new/4/H/case-111830_JAY_ANNOTATION.png,"```xml
<response>
    <visual_reasoning>
        The image is a right lateral view, primarily showing the upper chest and arm. The T1 vertebral body is clearly visible and centrally located, with the humeral head partially overlapping it. Ribs are also prominent, radiating outwards from the vertebral body. The patient's arms are crossed over the abdomen, obscuring some of the lower abdominal structures. Based on these cues, the image center is best defined by the T1 vertebral body and the right humeral head.
    </visual_reasoning>
    <landmarks>[10,2]</landmarks>
</response>
```",17.2,4
/gpfs1/home/j/j/jjung2/scratch/vlm_finetuning/regenerated_new/5/H/case-111830_JAY_ANNOTATION.png,"```xml
<response>
    <visual_reasoning>
        The image is centered on the left forearm and wrist. We can clearly see the distal portion of the left forearm with the wrist joint and the bony structures of the hand. The left scapular inferior angle is also visible in the lower right quadrant of the image. The patient is supine with arms crossed over the abdomen, and the field of view includes the left arm and part of the torso. Based on these visual cues, the closest landmarks are the left wrist and the left scapular inferior angle.
    </visual_reasoning>
    <landmarks>[9,5]</landmarks>
</response>
```",18.08,5
/gpfs1/home/j/j/jjung2/scratch/vlm_finetuning/regenerated_new/6/H/case-111830_JAY_ANNOTATION.png,"```xml
<response>
    <visual_reasoning>
        The image is heavily cropped, showing primarily the right upper arm and a portion of the torso. The right humeral head is clearly visible, rounded and adjacent to the rib cage. The patient is supine with arms crossed, and the field of view is limited to the right side of the body. No vertebral bodies or other central torso structures are visible, making it difficult to precisely localize landmarks. Based on the visible anatomy, the closest landmarks are the right humeral head and the right elbow.
    </visual_reasoning>
    <landmarks>[2,6]</landmarks>
</response>
```",17.7,6
/gpfs1/home/j/j/jjung2/scratch/vlm_finetuning/regenerated_new/8/H/case-111830_JAY_ANNOTATION.png,"```xml
<response>
    <visual_reasoning>
        The image is centered on the lower arm and forearm, with the wrist and elbow clearly visible. The patient is supine with arms crossed over the abdomen. We can see the distal portion of the right forearm and the humeral head overlaying the right side of the abdomen. The inferior angle of the left scapula is also visible in the lower right corner of the image, indicating the patient is lying on their left side. Based on these visual cues, the closest landmarks are the left wrist and the left humeral head.
    </visual_reasoning>
    <landmarks>[8,3]</landmarks>
</response>
```",18.49,8
/gpfs1/home/j/j/jjung2/scratch/vlm_finetuning/regenerated_new/9/H/case-111830_JAY_ANNOTATION.png,"```xml
<response>
    <visual_reasoning>
        The image is centered on the right upper abdomen and thorax. We can clearly see the right hemidiaphragm dome and the inferior tip of the right scapula, indicating a supine patient with arms crossed. Ribs are visible, overlapping the hemidiaphragm, and the right humeral head is also present. The patient is lying supine, and the field of view includes the right side of the torso. Based on these visual cues, the closest landmarks are the right hemidiaphragm and the right scapular inferior angle.
    </visual_reasoning>
    <landmarks>[12,4]</landmarks>
</response>
```",19.5,9
/gpfs1/home/j/j/jjung2/scratch/vlm_finetuning/regenerated_new/14/H/case-111830_JAY_ANNOTATION.png,"```xml
<response>
    <visual_reasoning>
        The image is centered on the lower thoracic region, with T12 vertebral body clearly visible. The carina is also present, curving upwards and to the right. The patient is supine with arms crossed, obscuring the abdominal region. No humeral heads or scapular tips are visible in the field of view, indicating the arms are likely behind the torso. Based on these cues, the closest landmarks are T12 and the carina.
    </visual_reasoning>
    <landmarks>[12,14]</landmarks>
</response>
```",16.71,14
/gpfs1/home/j/j/jjung2/scratch/vlm_finetuning/regenerated_new/9/H/case-111863_JAY_ANNOTATION.png,"```xml
<response>
    <visual_reasoning>
        The image is centered on the upper abdomen and thoracic region, with the patient supine and arms crossed. We can clearly see the ribs and intercostal spaces, as well as the vertebral bodies of the thoracic spine. The right hemidiaphragm is partially visible, curving upwards. The carina is also prominent, dividing the right and left main bronchi. Based on these features, the closest landmarks are T12 and 4.
    </visual_reasoning>
    <landmarks>[14,4]</landmarks>
</response>
```",16.7,9
/gpfs1/home/j/j/jjung2/scratch/vlm_finetuning/regenerated_new/6/H/case-111923_JAY_ANNOTATION.png,"```xml
<response>
    <visual_reasoning>
        The image is heavily cropped, showing primarily the right lower arm and thigh. The right humeral head (2) is clearly visible, overlapping the right iliac wing. The right knee joint is also prominent, with the distal femur and tibia visible. Due to the limited field of view, it's difficult to identify more distant landmarks, but the patient appears supine with arms crossed. We are revising the previous response as it did not accurately reflect the image center.
    </visual_reasoning>
    <landmarks>[2,14]</landmarks>
</response>
```",17.32,6
/gpfs1/home/j/j/jjung2/scratch/vlm_finetuning/regenerated_new/7/H/case-111923_JAY_ANNOTATION.png,"```xml
<response>
    <visual_reasoning>
        The image is centered on the left upper arm and shoulder region. We can clearly see the left scapular inferior angle (5) and the humeral head (3) overlapping. The patient is supine with arms crossed, and the field of view is limited to the left side of the torso. Ribs are visible, curving around the left scapula, further confirming the location. Based on these cues, the closest landmarks are the left scapular inferior angle and the left humeral head.
    </visual_reasoning>
    <landmarks>[3,5]</landmarks>
</response>
```",17.69,7
/gpfs1/home/j/j/jjung2/scratch/vlm_finetuning/regenerated_new/8/H/case-111923_JAY_ANNOTATION.png,"```xml
<response>
    <visual_reasoning>
        The image is centered on the left upper arm and chest wall. We can clearly see the left scapular inferior angle (5) and the humeral head (3) with its rounded contour. Ribs are visible crossing the image, indicating the thoracic region. The patient is supine with arms crossed, and the field of view includes the left side of the torso. Based on these cues, the closest landmarks are the left scapular inferior angle and the left humeral head.
    </visual_reasoning>
    <landmarks>[5,3]</landmarks>
</response>
```",17.33,8
/gpfs1/home/j/j/jjung2/scratch/vlm_finetuning/regenerated_new/6/H/case-112038_JAY_ANNOTATION.png,"```xml
<response>
    <visual_reasoning>
        The image is a right lateral view, showing the patient supine with arms crossed. The distal portion of the right arm and shoulder are prominently displayed, with the humeral head and scapular inferior angle visible. Ribs are also seen crossing the image. The patient is lying on their side, with the field of view cut off on the left. Based on these cues, the closest landmarks are the right scapular inferior angle and the right humeral head.
    </visual_reasoning>
    <landmarks>[4,2]</landmarks>
</response>
```",16.83,6
/gpfs1/home/j/j/jjung2/scratch/vlm_finetuning/regenerated_new/9/H/case-112038_JAY_ANNOTATION.png,"```xml
<response>
    <visual_reasoning>
        The image is centered on the right upper abdomen and thorax. We can clearly see the right hemidiaphragm dome and several ribs, indicating the lower chest and upper abdominal region. The right humeral head is also visible, partially obscured by the patient's crossed arms. The patient is supine, with arms crossed over the abdomen, and the field of view includes the right side of the torso. Based on these visual cues, the closest landmarks are the right hemidiaphragm and the right humeral head.
    </visual_reasoning>
    <landmarks>[12,2]</landmarks>
</response>
```",18.73,9
/gpfs1/home/j/j/jjung2/scratch/vlm_finetuning/regenerated_new/9/H/case-112071_JAY_ANNOTATION.png,"```xml
<response>
    <visual_reasoning>
        The image is centered on the upper abdomen and chest, with the right arm crossed over the torso. We can see the right humeral head (2) and the right wrist (8) are prominent, along with the ribs underlying them. The carina (11) is also visible, indicating the tracheal bifurcation. The patient is supine, and the arms are crossed, obscuring the lower abdominal region.
    </visual_reasoning>
    <landmarks>[2,8]</landmarks>
</response>
```",15.7,9
/gpfs1/home/j/j/jjung2/scratch/vlm_finetuning/regenerated_new/9/H/case-112092_JAY_ANNOTATION.png,"```xml
<response>
    <visual_reasoning>
        The image is centered on the lower thoracic region and upper abdomen, with T12 vertebral body clearly visible. The patient's arms are crossed, obscuring the lower chest and abdomen. Ribs are prominent, radiating from the vertebral column, and the left wrist (9) is close to the image center. The left hemidiaphragm dome (13) is also visible inferiorly, further confirming the lower chest location.
    </visual_reasoning>
    <landmarks>[13,9]</landmarks>
</response>
```",16.71,9
/gpfs1/home/j/j/jjung2/scratch/vlm_finetuning/regenerated_new/9/H/case-112092_JAY_ANNOTATION.png,"```xml
<response>
    <visual_reasoning>
        The image is centered on the lower thoracic region and upper abdomen, with T12 vertebral body clearly visible. The patient's arms are crossed, obscuring the lower chest and abdomen. Ribs are prominent, radiating from the vertebral column, and the left wrist (9) is close to the image center. The left hemidiaphragm dome (13) is also visible inferiorly, further confirming the lower chest location.
    </visual_reasoning>
    <landmarks>[13,9]</landmarks>
</response>
```",16.7,9
/gpfs1/home/j/j/jjung2/scratch/vlm_finetuning/regenerated_new/9/H/case-112132_JAY_ANNOTATION.png,"```xml
<response>
    <visual_reasoning>
        The image is centered on the lower abdomen and right lower rib cage, with the patient supine and arms crossed. We can clearly see the right hemidiaphragm dome and multiple vertebral bodies, indicating the patient is lying flat. The right wrist (index 9) is also prominently visible, overlapping the hemidiaphragm. T12 is identifiable by its vertebral body shape and position, and the right lower limb is also present. Therefore, the closest landmarks are the right wrist and T12.
    </visual_reasoning>
    <landmarks>[9,14]</landmarks>
</response>
```",18.72,9
/gpfs1/home/j/j/jjung2/scratch/vlm_finetuning/regenerated_new/14/H/case-112132_JAY_ANNOTATION.png,"```xml
<response>
    <visual_reasoning>
        The image is centered on the lower thoracic and upper abdominal region. T12 is clearly visible and centrally located, with the carina slightly above it. Ribs are crossing the image, and the patient's arms are crossed over the abdomen. The inferior angles of the scapulae are also visible on either side of the vertebral column. Based on these landmarks, the image center is best characterized by T12 and the carina.
    </visual_reasoning>
    <landmarks>[11,14]</landmarks>
</response>
```",16.58,14
/gpfs1/home/j/j/jjung2/scratch/vlm_finetuning/regenerated_new/6/H/case-112180_JAY_ANNOTATION.png,"```xml
<response>
    <visual_reasoning>
        The image is a right lateral view, with the patient supine and arms crossed. The right hemidiaphragm dome is clearly visible, curving upwards and outwards. The T12 vertebral body is also prominent, situated inferiorly. The right scapular inferior angle is partially visible on the left edge of the image. Based on these landmarks, the image center is closest to the lower abdomen and right thorax.
    </visual_reasoning>
    <landmarks>[12,14]</landmarks>
</response>
```",16.21,6
/gpfs1/home/j/j/jjung2/scratch/vlm_finetuning/regenerated_new/7/H/case-112180_JAY_ANNOTATION.png,"```xml
<response>
    <visual_reasoning>
        The image is heavily weighted towards the right side, showing the distal portion of the right arm and ribs. We can clearly see the right humeral head and the right scapular inferior angle, with the distal radius and carpal bones also visible. The patient is supine with arms crossed, and the field of view is limited to the lower torso and right arm. Ribs are overlapping, making precise counting difficult, but the overall anatomy is consistent with a right arm X-ray. The previous response was incorrect as it focused on the wrist and scapula; the humeral head is more central.
    </visual_reasoning>
    <landmarks>[2,7]</landmarks>
</response>
```",20.36,7
/gpfs1/home/j/j/jjung2/scratch/vlm_finetuning/regenerated_new/9/H/case-112180_JAY_ANNOTATION.png,"```xml
<response>
    <visual_reasoning>
        The image is centered on the upper abdomen and mid-thoracic region, with the patient supine and arms crossed. We can clearly see the right hemidiaphragm dome and the ribs overlying it, indicating the lower chest. The T12 vertebral body is also prominent, with the vertebral bodies stacked caudally. The right scapular inferior angle is partially visible on the left side of the image, further confirming the patient's supine position with arms crossed.
    </visual_reasoning>
    <landmarks>[12,14]</landmarks>
</response>
```",17.73,9
/gpfs1/home/j/j/jjung2/scratch/vlm_finetuning/regenerated_new/8/H/case-112208_JAY_ANNOTATION.png,"```xml
<response>
    <visual_reasoning>
        The image is centered on the right upper chest and abdomen, with the right hemidiaphragm and right scapular inferior angle prominently displayed. Ribs are clearly visible crossing the image, and the right humeral head is also present. The patient is supine with arms crossed, obscuring the lower abdomen. Based on these features, the image center is best characterized by the right hemidiaphragm and the right scapular inferior angle.
    </visual_reasoning>
    <landmarks>[12,5]</landmarks>
</response>
```",16.83,8
/gpfs1/home/j/j/jjung2/scratch/vlm_finetuning/regenerated_new/9/H/case-112208_JAY_ANNOTATION.png,"```xml
<response>
    <visual_reasoning>
        The image is centered on the lower abdomen and pelvis, with the T12 vertebral body and right hip joint clearly visible. Ribs are crossing the image, and the right wrist is also present. The T12 vertebral body is identifiable by its distinct vertebral endplates and adjacent ribs. The patient is supine with arms crossed, obscuring the lower abdominal region. Based on these visual cues, the closest landmarks are T12 and the right hip joint.
    </visual_reasoning>
    <landmarks>[14,12]</landmarks>
</response>
```",17.48,9
/gpfs1/home/j/j/jjung2/scratch/vlm_finetuning/regenerated_new/6/H/case-112234_JAY_ANNOTATION.png,"```xml
<response>
    <visual_reasoning>
        The image is a right lateral view, showing the lower abdomen and right leg. The T12 vertebral body is clearly visible and centrally located, with the iliac crest partially overlapping it. The right knee joint is also prominent, with the distal femur and tibia visible. There are no other major anatomical structures visible in this field of view. The patient is supine with arms crossed.
    </visual_reasoning>
    <landmarks>[14,7]</landmarks>
</response>
```",15.32,6
/gpfs1/home/j/j/jjung2/scratch/vlm_finetuning/regenerated_new/9/H/case-112234_JAY_ANNOTATION.png,"```xml
<response>
    <visual_reasoning>
        The image is a right anterior thorax with the patient supine and arms crossed. The right hemidiaphragm is prominent, curving upwards and filling much of the upper image. Ribs are clearly visible, overlapping the hemidiaphragm. The humeral head is also visible in the left upper quadrant, slightly obscured by the crossed arms. Based on these cues, the image center is best characterized by the right hemidiaphragm and the right humeral head.
    </visual_reasoning>
    <landmarks>[12,2]</landmarks>
</response>
```",17.47,9
/gpfs1/home/j/j/jjung2/scratch/vlm_finetuning/regenerated_new/7/H/case-112249_JAY_ANNOTATION.png,"```xml
<response>
    <visual_reasoning>
        The image is a right lateral view, primarily showing the right arm and torso. The humeral head (2) is clearly visible, with its rounded contour and articulation at the glenohumeral joint. The right scapular inferior angle (4) is also prominent, casting a shadow over the lower ribs. Ribs are visible, curving around the right side of the chest, and the distal end of the right forearm is also seen. Based on these landmarks, the image center is towards the right upper abdomen and thorax.
    </visual_reasoning>
    <landmarks>[2,4]</landmarks>
</response>
```",18.59,7
/gpfs1/home/j/j/jjung2/scratch/vlm_finetuning/regenerated_new/8/H/case-112249_JAY_ANNOTATION.png,"```xml
<response>
    <visual_reasoning>
        The image is centered on the patient's right arm and torso, with the right hemidiaphragm visible inferiorly. Ribs are clearly visible crossing the image, and the right scapular inferior angle is prominent. The patient's arms are crossed over the abdomen, obscuring the lower abdominal region. Based on these features, the image center is best characterized by the right arm and the lower ribs.
    </visual_reasoning>
    <landmarks>[8,12]</landmarks>
</response>
```",16.08,8
/gpfs1/home/j/j/jjung2/scratch/vlm_finetuning/regenerated_new/9/H/case-112249_JAY_ANNOTATION.png,"```xml
<response>
    <visual_reasoning>
        The image is centered on the right upper arm and chest wall. We can clearly see the ribs and the right scapular inferior angle, with the humeral head partially visible. The patient's arms are crossed over the abdomen, obscuring the lower abdominal region. The wrist is also visible, indicating the hand is flexed. Based on these cues, the image center is best characterized by the right arm and scapula.
    </visual_reasoning>
    <landmarks>[2,5]</landmarks>
</response>
```",16.55,9
/gpfs1/home/j/j/jjung2/scratch/vlm_finetuning/regenerated_new/13/H/case-112249_JAY_ANNOTATION.png,"```xml
<response>
    <visual_reasoning>
        The image is centered on the right forearm and wrist, with the distal portion of the right arm and hand visible. We can clearly see the bony structures of the wrist and hand, along with the overlying soft tissues. The right scapular inferior angle is also prominent in the upper portion of the image. Ribs are visible crossing the wrist, indicating proximity to the thoracic cage. Based on these visual cues, the closest landmarks are the right wrist and the right scapular inferior angle.
    </visual_reasoning>
    <landmarks>[8,5]</landmarks>
</response>
```",17.54,13
/gpfs1/home/j/j/jjung2/scratch/vlm_finetuning/regenerated_new/6/H/case-112292_JAY_ANNOTATION.png,"```xml
<response>
    <visual_reasoning>
        The image is heavily clipped on the left, showing primarily the right arm and upper abdomen. The right humeral head is clearly visible, curving over the right hemidiaphragm. The patient is supine with arms crossed, and the field of view is limited to the right side of the body. No vertebral bodies or ribs are prominently displayed, making precise localization difficult. Based on the visible anatomy, the closest landmarks are the right humeral head and the right elbow.
    </visual_reasoning>
    <landmarks>[2,6]</landmarks>
</response>
```",17.17,6
/gpfs1/home/j/j/jjung2/scratch/vlm_finetuning/regenerated_new/9/H/case-112292_JAY_ANNOTATION.png,"```xml
<response>
    <visual_reasoning>
        The image is centered on the thoracic region, with the carina and ribs prominently displayed. T12 is visible centrally, and the left hemidiaphragm is partially seen inferiorly. The left wrist (9) is also close to the image center, overlapping with the lower ribs. The patient is supine with arms crossed, and the field of view includes the mid-thoracic and upper abdominal regions.
    </visual_reasoning>
    <landmarks>[11,9]</landmarks>
</response>
```",16.04,9
/gpfs1/home/j/j/jjung2/scratch/vlm_finetuning/regenerated_new/9/H/case-112297_JAY_ANNOTATION.png,"```xml
<response>
    <visual_reasoning>
        The image is centered on the wrists and hands, with the T12 vertebral body visible inferiorly. The patient's arms are crossed over the abdomen, obscuring the lower chest and abdominal wall. Ribs are clearly visible crossing the image, and the carpal bones are well-defined. The T12 vertebral body is centrally located, and the wrists are just below it. Based on these features, the closest landmarks are the wrists and T12.
    </visual_reasoning>
    <landmarks>[8,14]</landmarks>
</response>
```",17.43,9
/gpfs1/home/j/j/jjung2/scratch/vlm_finetuning/regenerated_new/9/H/case-112348_JAY_ANNOTATION.png,"```xml
<response>
    <visual_reasoning>
        The image is centered on the right knee and lower thigh, with the right hemidiaphragm visible inferiorly. The right humeral head is also prominent, overlapping the right upper quadrant. Ribs are clearly visible crossing the knee joint, and the distal femur articulates with the tibia. The patient is supine with arms crossed, and the field of view includes the lower abdomen and proximal right leg. Based on these cues, the closest landmarks are the right knee (8) and the right humeral head (2).
    </visual_reasoning>
    <landmarks>[2,8]</landmarks>
</response>
```",18.59,9
/gpfs1/home/j/j/jjung2/scratch/vlm_finetuning/regenerated_new/7/H/case-112364_JAY_ANNOTATION.png,"```xml
<response>
    <visual_reasoning>
        The image is heavily weighted towards the right side of the patient, with the left side mostly obscured by the folded arms. We can clearly see the right humeral head and scapular inferior angle, indicating the patient is supine with arms crossed. The right wrist is also visible, partially obscured by the humeral head. The vertebral bodies are not well visualized, but the overall positioning suggests the patient is lying flat. Therefore, the closest landmarks are the right humeral head and the right scapular inferior angle.
    </visual_reasoning>
    <landmarks>[2,4]</landmarks>
</response>
```",17.95,7
/gpfs1/home/j/j/jjung2/scratch/vlm_finetuning/regenerated_new/8/H/case-112364_JAY_ANNOTATION.png,"```xml
<response>
    <visual_reasoning>
        The image is centered on the right upper abdomen and thorax, with significant overlap from the right arm. We can clearly see the right humeral head and the right hemidiaphragm dome. Ribs are visible crossing the abdomen, and the right scapular inferior angle is partially obscured by the patient's crossed arms. The patient is supine, and the field of view includes the distal portion of the right arm and a portion of the right side of the chest.
    </visual_reasoning>
    <landmarks>[2,12]</landmarks>
</response>
```",17.46,8
/gpfs1/home/j/j/jjung2/scratch/vlm_finetuning/regenerated_new/9/H/case-112364_JAY_ANNOTATION.png,"```xml
<response>
    <visual_reasoning>
        The image is centered on the forearm and wrist, with the distal portion of the left arm prominently displayed. The left wrist (9) is directly in the center, and the right wrist (8) is partially visible on the right side of the image. Ribs are visible crossing the image, and the humeral head (2) is also present, slightly obscured by the forearm. The patient is supine with arms crossed, and the field of view includes the distal lower arm and wrist.
    </visual_reasoning>
    <landmarks>[2,9]</landmarks>
</response>
```",17.86,9
/gpfs1/home/j/j/jjung2/scratch/vlm_finetuning/regenerated_new/9/H/case-112387_JAY_ANNOTATION.png,"```xml
<response>
    <visual_reasoning>
        The image is centered on the right forearm and elbow joint. We can clearly see the distal radius and ulna, with bony structures overlapping. The right humeral head is also visible, partially obscured by the forearm. Ribs are crossing the image, indicating proximity to the thoracic cage. Based on these visual cues, the closest landmarks are the right humeral head and right wrist.
    </visual_reasoning>
    <landmarks>[2,8]</landmarks>
</response>
```",14.82,9
/gpfs1/home/j/j/jjung2/scratch/vlm_finetuning/regenerated_new/7/H/case-112425_JAY_ANNOTATION.png,"```xml
<response>
    <visual_reasoning>
        The image is a right lateral view, primarily showing the right arm and torso. The right humeral head and right elbow are prominent, with the distal radius also visible. Ribs are crossing the image, indicating the thoracic region. The patient is supine with arms crossed over the abdomen, and the field of view is limited to the right side of the body. Based on these cues, the closest landmarks are the right humeral head and right elbow.
    </visual_reasoning>
    <landmarks>[2,7]</landmarks>
</response>
```",16.72,7
/gpfs1/home/j/j/jjung2/scratch/vlm_finetuning/regenerated_new/8/H/case-112425_JAY_ANNOTATION.png,"```xml
<response>
    <visual_reasoning>
        The image is centered on the right upper arm and shoulder, with the humeral head and right scapular inferior angle prominently displayed. Ribs are visible crossing the image, and the right wrist is also partially seen. The patient is supine with arms crossed, obscuring the lower abdomen. Based on these visual cues, the image center is closest to the right humeral head and the right scapular inferior angle.
    </visual_reasoning>
    <landmarks>[2,5]</landmarks>
</response>
```",15.7,8
/gpfs1/home/j/j/jjung2/scratch/vlm_finetuning/regenerated_new/9/H/case-112425_JAY_ANNOTATION.png,"```xml
<response>
    <visual_reasoning>
        The image is centered on the patient's abdomen and lower chest, with the arms crossed. We can clearly see the T12 vertebral body and the right hemidiaphragm dome, indicating a supine position. The patient's right arm is flexed across the abdomen, obscuring some of the lower abdominal structures. Ribs are visible throughout the image, and the vertebral column runs vertically through the center. Based on these cues, the closest landmarks are T12 and the right hemidiaphragm.
    </visual_reasoning>
    <landmarks>[14,12]</landmarks>
</response>
```",19.12,9
/gpfs1/home/j/j/jjung2/scratch/vlm_finetuning/regenerated_new/8/H/case-112437_JAY_ANNOTATION.png,"```xml
<response>
    <visual_reasoning>
        The image is centered on the right upper arm and chest wall. We can clearly see the right scapular inferior angle (4) and the right humeral head (2) overlapping the rib cage. The patient is supine with arms crossed, and the field of view includes the distal portion of the right arm and several ribs. The left wrist (9) is also visible distally, indicating the patient is likely positioned centrally. Based on these visual cues, the image center is best characterized by the right scapula and humeral head.
    </visual_reasoning>
    <landmarks>[2,4]</landmarks>
</response>
```",18.85,8
/gpfs1/home/j/j/jjung2/scratch/vlm_finetuning/regenerated_new/9/H/case-112437_JAY_ANNOTATION.png,"```xml
<response>
    <visual_reasoning>
        The image is centered on the lower thoracic and upper abdominal region. T12 is clearly visible and centrally located, with the carina slightly above it. Ribs are crossing the image, and the patient's arms are crossed over the abdomen. The hemidiaphragms are not well visualized, but the lower portion of the right hemidiaphragm is faintly seen. Based on these cues, the closest landmarks are T12 and the carina.
    </visual_reasoning>
    <landmarks>[11,14]</landmarks>
</response>
```",17.47,9
/gpfs1/home/j/j/jjung2/scratch/vlm_finetuning/regenerated_new/6/H/case-112453_JAY_ANNOTATION.png,"```xml
<response>
    <visual_reasoning>
        The image is heavily weighted towards the right side of the patient, with the left side mostly obscured by the image border. The central anatomical structures are the ribs and right humeral head. We can clearly see the rounded contour of the right humeral head and the overlapping bony structures of the ribs. The patient is supine with arms crossed over the abdomen, making it difficult to precisely identify other landmarks. Based on these visual cues, the closest landmarks are the right humeral head and the right scapular inferior angle.
    </visual_reasoning>
    <landmarks>[2,4]</landmarks>
</response>
```",18.09,6
/gpfs1/home/j/j/jjung2/scratch/vlm_finetuning/regenerated_new/9/H/case-112453_JAY_ANNOTATION.png,"```xml
<response>
    <visual_reasoning>
        The image is a close-up of the lower arm and wrist, with the patient supine. We can clearly see the bony structures of the forearm and hand, with multiple carpal and metacarpal bones visible. The distal end of the right humerus is also present, indicating the elbow joint. Ribs are crossing the image, further suggesting the lower chest and upper abdominal region. Based on these visual cues, the closest landmarks are the right wrist and the distal humeral head.
    </visual_reasoning>
    <landmarks>[2,8]</landmarks>
</response>
```",17.71,9
/gpfs1/home/j/j/jjung2/scratch/vlm_finetuning/regenerated_new/7/H/case-112536_JAY_ANNOTATION.png,"```xml
<response>
    <visual_reasoning>
        The image is heavily weighted towards the right side of the patient, with the left side mostly out of frame. The right humeral head is prominent and centrally located, along with the right scapular inferior angle. Ribs are visible crossing the image, indicating the thoracic region. The patient is supine with arms crossed, and the field of view is limited to the right upper abdomen and thorax. Based on these cues, the closest landmarks are the right humeral head and the right scapular inferior angle.
    </visual_reasoning>
    <landmarks>[2,5]</landmarks>
</response>
```",17.97,7
/gpfs1/home/j/j/jjung2/scratch/vlm_finetuning/regenerated_new/9/H/case-112536_JAY_ANNOTATION.png,"```xml
<response>
    <visual_reasoning>
        The image is heavily cropped, showing primarily the lower leg and distal forearm. The patient is supine with arms crossed. We can clearly see the distal end of the right forearm and the right wrist, with bony structures overlapping. The T12 vertebral body is also faintly visible inferior to the wrist. Based on these cues, the image center is in the lower leg/wrist region.
    </visual_reasoning>
    <landmarks>[8,14]</landmarks>
</response>
```",15.31,9
/gpfs1/home/j/j/jjung2/scratch/vlm_finetuning/regenerated_new/9/H/case-112545_JAY_ANNOTATION.png,"```xml
<response>
    <visual_reasoning>
        The image is centered on the upper abdomen and thoracic region, with the patient supine and arms crossed. We can clearly see the T12 vertebral body and the carina, indicating the carina is close to the image center. The right humeral head is also prominent, curving towards the right of the image. Ribs are visible crossing the abdomen, and the left wrist is partially visible in the lower left corner. Based on these landmarks, the image center is best characterized by T12 and the right humeral head.
    </visual_reasoning>
    <landmarks>[14,2]</landmarks>
</response>
```",18.61,9
/gpfs1/home/j/j/jjung2/scratch/vlm_finetuning/regenerated_new/6/H/case-112559_JAY_ANNOTATION.png,"```xml
<response>
    <visual_reasoning>
        The image is a lateral view, showing the right side of the patient's body and skull. The skull and right humeral head are prominent, with the humeral head overlapping the edge of the skull. Ribs are visible extending from the thoracic cage, curving around the right side of the body. The patient is supine with arms crossed over the abdomen, but only the right side is clearly visible. Based on these cues, the closest landmarks are the skull and the right humeral head.
    </visual_reasoning>
    <landmarks>[1,2]</landmarks>
</response>
```",17.72,6
/gpfs1/home/j/j/jjung2/scratch/vlm_finetuning/regenerated_new/9/H/case-112559_JAY_ANNOTATION.png,"```xml
<response>
    <visual_reasoning>
        The image is centered on the lower thoracic and upper abdominal region. We can clearly see the T12 vertebral body and the ribs extending downwards. The left hemidiaphragm is partially visible, curving upwards towards the patient's left side. The patient's arms are crossed over the abdomen, obscuring the lower limbs. Based on these cues, the image center is best characterized by the lower thoracic cage and the T12 vertebral body.
    </visual_reasoning>
    <landmarks>[12,14]</landmarks>
</response>
```",17.22,9
